2026-03-19 13:36:22,897 [INFO] Logging initialized. Output writing to C:\Dev\GannTesting\gann-visualizer\backend\logs\simulation_run.log
2026-03-19 13:36:22,897 [INFO] Starting simulation run for ^NSEI at 4m resolution
2026-03-19 13:36:22,897 [INFO] Fetching 4m data for ^NSEI using yfinance with 5000 lookback bars...
2026-03-19 13:36:22,898 [INFO] [YFinance] Client initialized
2026-03-19 13:36:22,898 [INFO] Calculated date range: 2026-01-18 to 2026-03-19 (lookback: 60 days)
2026-03-19 13:36:22,898 [INFO] Cache MISS: ^NSEI:4:2026-01-18:2026-03-19
2026-03-19 13:36:22,898 [INFO] [YFinance] Fetching ^NSEI | interval=4 -> 1m | 2026-01-18 to 2026-03-19
2026-03-19 13:36:22,898 [INFO] [YFinance] Requested data (4m) starts 60 days ago, but YFinance limit is 7 days.
2026-03-19 13:36:22,899 [INFO] [YFinance] STRICT CLAMPING: Auto-adjusting start date from 2026-01-18 to 2026-03-13 to preserve 1m base resolution.
2026-03-19 13:36:22,899 [INFO] [YFinance] Requesting dates: start=2026-03-13, end=2026-03-20 for ^NSEI
2026-03-19 13:36:23,915 [INFO] [YFinance] Received 1762 bars
2026-03-19 13:36:23,919 [INFO] [YFinance] Aggregating 1762 1m bars into 4m candles...
2026-03-19 13:36:23,994 [INFO] [YFinance] Aggregated to 442 4m candles
2026-03-19 13:36:23,994 [INFO] [YFinance] Returning 442 bars, range: 2026-03-13 09:15:00 to 2026-03-19 13:35:00
2026-03-19 13:36:23,994 [INFO] Cache PUT: ^NSEI:4:2026-01-18:2026-03-19 (TTL: 300.0s, 442 rows)
2026-03-19 13:36:23,996 [INFO] Loaded 442 candles from yfinance.
2026-03-19 13:36:23,996 [INFO] No from_date provided. Starting simulation from earliest available candle: 2026-03-13 09:15:00
2026-03-19 13:36:23,996 [INFO] Dynamically resolved scale_ratio for NIFTY 50 at 4m: 3.6603
2026-03-19 13:36:23,997 [INFO] Initialized AngularPriceCoverageStudy v4.0. Config: {'left_bars': 5, 'right_bars': 5, 'line_extension_bars': 100, 'fraction_colors': {0.125: '#FF5252', 0.25: '#FF5252', 0.375: '#FF5252', 0.5: '#2196F3', 0.625: '#4CAF50', 0.75: '#4CAF50', 0.875: '#4CAF50', 1.0: '#FFFFFF'}, 'main_color': '#FFFFFF', 'main_line_width': 1, 'fraction_line_width': 2, 'scale_ratio': 3.6603, 'breach_mode': 'wick', 'show_intersection_labels': False, 'max_historical_fans': 3, 'symbol': '^NSEI', 'resolution': '4', 'successive_closes_required': 2}
2026-03-19 13:36:23,997 [INFO] Starting simulation...
2026-03-19 13:36:23,997 [INFO] [Study] First process_bar at index 0. Running initialize_history.
2026-03-19 13:36:23,999 [INFO] [Study] initialize_history called with 0 candles
2026-03-19 13:36:23,999 [INFO] [Study] Not enough candles for pivot detection
2026-03-19 13:36:23,999 [INFO] [IntDet] Bar 0 | 2026-03-13 09:15 | H=23485.05 L=23421.55 C=23455.70 | Fans=0 Lines=0
2026-03-19 13:36:24,000 [INFO] [IntDet] Bar 1 | 2026-03-13 09:19 | H=23461.95 L=23418.05 C=23428.95 | Fans=0 Lines=0
2026-03-19 13:36:24,000 [INFO] [IntDet] Bar 2 | 2026-03-13 09:23 | H=23443.05 L=23416.05 C=23443.05 | Fans=0 Lines=0
2026-03-19 13:36:24,000 [INFO] [IntDet] Bar 3 | 2026-03-13 09:27 | H=23475.55 L=23443.15 C=23472.70 | Fans=0 Lines=0
2026-03-19 13:36:24,000 [INFO] [IntDet] Bar 4 | 2026-03-13 09:31 | H=23491.90 L=23452.60 C=23453.90 | Fans=0 Lines=0
2026-03-19 13:36:24,000 [INFO] [IntDet] Bar 5 | 2026-03-13 09:35 | H=23474.45 L=23433.60 C=23459.85 | Fans=0 Lines=0
2026-03-19 13:36:24,000 [INFO] [IntDet] Bar 6 | 2026-03-13 09:39 | H=23463.55 L=23442.55 C=23442.55 | Fans=0 Lines=0
2026-03-19 13:36:24,000 [INFO] [IntDet] Bar 7 | 2026-03-13 09:43 | H=23443.80 L=23403.85 C=23404.20 | Fans=0 Lines=0
2026-03-19 13:36:24,000 [INFO] [IntDet] Bar 8 | 2026-03-13 09:47 | H=23411.10 L=23388.85 C=23395.85 | Fans=0 Lines=0
2026-03-19 13:36:24,001 [INFO] [IntDet] Bar 9 | 2026-03-13 09:51 | H=23399.60 L=23363.10 C=23363.10 | Fans=0 Lines=0
2026-03-19 13:36:24,001 [INFO] [IntDet] Bar 10 | 2026-03-13 09:55 | H=23372.55 L=23347.35 C=23347.80 | Fans=0 Lines=0
2026-03-19 13:36:24,001 [INFO] [IntDet] Bar 11 | 2026-03-13 09:59 | H=23367.55 L=23333.50 C=23367.55 | Fans=0 Lines=0
2026-03-19 13:36:24,001 [INFO] [IntDet] Bar 12 | 2026-03-13 10:03 | H=23369.95 L=23326.95 C=23327.50 | Fans=0 Lines=0
2026-03-19 13:36:24,001 [INFO] [IntDet] Bar 13 | 2026-03-13 10:07 | H=23343.60 L=23328.70 C=23339.70 | Fans=0 Lines=0
2026-03-19 13:36:24,001 [INFO] [IntDet] Bar 14 | 2026-03-13 10:11 | H=23344.10 L=23311.85 C=23329.80 | Fans=0 Lines=0
2026-03-19 13:36:24,001 [INFO] [IntDet] Bar 15 | 2026-03-13 10:15 | H=23340.70 L=23318.95 C=23329.90 | Fans=0 Lines=0
2026-03-19 13:36:24,001 [INFO] [IntDet] Bar 16 | 2026-03-13 10:19 | H=23334.85 L=23313.85 C=23321.20 | Fans=0 Lines=0
2026-03-19 13:36:24,002 [INFO] [IntDet] Bar 17 | 2026-03-13 10:23 | H=23325.40 L=23306.50 C=23318.25 | Fans=0 Lines=0
2026-03-19 13:36:24,002 [INFO] [IntDet] Bar 18 | 2026-03-13 10:27 | H=23360.00 L=23318.25 C=23347.95 | Fans=0 Lines=0
2026-03-19 13:36:24,002 [INFO] [IntDet] Bar 19 | 2026-03-13 10:31 | H=23357.55 L=23325.70 C=23326.75 | Fans=0 Lines=0
2026-03-19 13:36:24,002 [INFO] [IntDet] Bar 20 | 2026-03-13 10:35 | H=23333.20 L=23320.30 C=23331.55 | Fans=0 Lines=0
2026-03-19 13:36:24,002 [INFO] [IntDet] Bar 21 | 2026-03-13 10:39 | H=23342.00 L=23324.95 C=23329.45 | Fans=0 Lines=0
2026-03-19 13:36:24,002 [INFO] [IntDet] Bar 22 | 2026-03-13 10:43 | H=23329.45 L=23313.05 C=23322.00 | Fans=0 Lines=0
2026-03-19 13:36:24,002 [INFO] [Study] Creating new fan: Fan_H1_L1 (P1 (H1-L1))
2026-03-19 13:36:24,002 [INFO] [AngleEngine] scale_ratio=3.6603, slope_per_bar=53.5000, visual_slope=14.6163, theta=86.09 deg
2026-03-19 13:36:24,003 [INFO] --- [AngleEngine] Fan Created: Fan_H1_L1 ---
2026-03-19 13:36:24,003 [INFO]   Origin: Bar 17, Time 1773377580, Price 23306.5
2026-03-19 13:36:24,003 [INFO]   Target: Bar 18, Time 1773377820, Price 23360.0
2026-03-19 13:36:24,003 [INFO]   Delta: db=1, dp_origin=53.50
2026-03-19 13:36:24,003 [INFO]   Scale Params: Ratio=3.6603, Radius=14.65 bars, Slope/Bar=53.5000
2026-03-19 13:36:24,003 [INFO]   Line 0.875: EndBar=1773377820 (approx), EndPrice=23320.48
2026-03-19 13:36:24,003 [INFO]   Line 0.75: EndBar=1773377820 (approx), EndPrice=23314.20
2026-03-19 13:36:24,003 [INFO]   Line 0.5: EndBar=1773377820 (approx), EndPrice=23309.92
2026-03-19 13:36:24,003 [INFO]   Line 0.25: EndBar=1773377820 (approx), EndPrice=23307.94
2026-03-19 13:36:24,003 [INFO]   Line 0.125: EndBar=1773377820 (approx), EndPrice=23307.20
2026-03-19 13:36:24,003 [INFO] [IntDet] Bar 23 | 2026-03-13 10:47 | H=23343.20 L=23309.30 C=23343.20 | Fans=1 Lines=7
2026-03-19 13:36:24,004 [INFO]   [P1 (H1-L1)] main: lineP=23627.50 | bars_from_origin=6.0 slope=53.5000 | ABOVE gap=284.30
2026-03-19 13:36:24,004 [INFO]   [P1 (H1-L1)] 0.875: lineP=23390.36 | bars_from_origin=6.0 slope=13.9774 | ABOVE gap=47.17
2026-03-19 13:36:24,004 [INFO]   [P1 (H1-L1)] 0.75: lineP=23352.68 | bars_from_origin=6.0 slope=7.6963 | ABOVE gap=9.48
2026-03-19 13:36:24,004 [INFO]   [P1 (H1-L1)] 0.5: lineP=23327.01 | bars_from_origin=6.0 slope=3.4184 | HIT gap=0.00
2026-03-19 13:36:24,004 [INFO]     >>> HIT RECORDED: P1 (H1-L1) frac=0.5 @ 23327.01
2026-03-19 13:36:24,004 [INFO]   [P1 (H1-L1)] 0.25: lineP=23315.16 | bars_from_origin=6.0 slope=1.4434 | HIT gap=0.00
2026-03-19 13:36:24,004 [INFO]     >>> HIT RECORDED: P1 (H1-L1) frac=0.25 @ 23315.16
2026-03-19 13:36:24,004 [INFO]   [P1 (H1-L1)] 0.125: lineP=23310.67 | bars_from_origin=6.0 slope=0.6956 | HIT gap=0.00
2026-03-19 13:36:24,005 [INFO]     >>> HIT RECORDED: P1 (H1-L1) frac=0.125 @ 23310.67
2026-03-19 13:36:24,005 [INFO]   [P1 (H1-L1)] main: lineP=23309.92 | bars_from_origin=5.0 slope=0.0000 | HIT gap=0.00
2026-03-19 13:36:24,005 [INFO]     >>> HIT RECORDED: P1 (H1-L1) frac=main @ 23309.92
2026-03-19 13:36:24,005 [INFO]   [IntDet] Total hits this bar: 4
2026-03-19 13:36:24,005 [INFO] [Study] Emitting intersection event (DIRECT): {'time': 1773379020, 'fan': 'P1 (H1-L1)', 'fanIdentity': 'H1-L1', 'fraction': '1/2', 'price': 23327.010583493407, 'type': 'CROSS_UP', 'details': 'Breakout Attempt'}
2026-03-19 13:36:24,008 [INFO] [Study] Emitting intersection event (DIRECT): {'time': 1773379020, 'fan': 'P1 (H1-L1)', 'fanIdentity': 'H1-L1', 'fraction': '1/4', 'price': 23315.160515812517, 'type': 'SUPPORT_TEST', 'details': 'Resting / Throwback'}
2026-03-19 13:36:24,009 [INFO] [Study] Emitting intersection event (DIRECT): {'time': 1773379020, 'fan': 'P1 (H1-L1)', 'fanIdentity': 'H1-L1', 'fraction': '1/8', 'price': 23310.673852388398, 'type': 'SUPPORT_TEST', 'details': 'Resting / Throwback'}
2026-03-19 13:36:24,012 [INFO] [Study] Emitting intersection event (DIRECT): {'time': 1773379020, 'fan': 'P1 (H1-L1)', 'fanIdentity': 'H1-L1', 'fraction': 'Horizontal', 'price': 23309.918430582235, 'type': 'SUPPORT_TEST', 'details': 'Resting / Throwback'}
2026-03-19 13:36:24,014 [INFO] [Study] Removing invalidated/excess fan: Fan_H1_L1
2026-03-19 13:36:24,014 [INFO] [IntDet] Bar 24 | 2026-03-13 10:51 | H=23379.55 L=23342.75 C=23359.20 | Fans=0 Lines=0
2026-03-19 13:36:24,014 [INFO] [IntDet] Bar 25 | 2026-03-13 10:55 | H=23363.95 L=23348.90 C=23361.35 | Fans=0 Lines=0
2026-03-19 13:36:24,015 [INFO] [IntDet] Bar 26 | 2026-03-13 10:59 | H=23374.70 L=23355.20 C=23355.20 | Fans=0 Lines=0
2026-03-19 13:36:24,015 [INFO] [IntDet] Bar 27 | 2026-03-13 11:03 | H=23368.20 L=23350.30 C=23355.90 | Fans=0 Lines=0
2026-03-19 13:36:24,015 [INFO] [IntDet] Bar 28 | 2026-03-13 11:07 | H=23358.25 L=23329.70 C=23333.15 | Fans=0 Lines=0
2026-03-19 13:36:24,015 [INFO] [Study] Creating new fan: Fan_H2_L1 (P2 (H2-L1))
2026-03-19 13:36:24,015 [INFO] [AngleEngine] scale_ratio=3.6603, slope_per_bar=10.4358, visual_slope=2.8511, theta=70.67 deg
2026-03-19 13:36:24,016 [INFO] --- [AngleEngine] Fan Created: Fan_H2_L1 ---
2026-03-19 13:36:24,016 [INFO]   Origin: Bar 17, Time 1773377580, Price 23306.5
2026-03-19 13:36:24,016 [INFO]   Target: Bar 24, Time 1773379260, Price 23379.55078125
2026-03-19 13:36:24,016 [INFO]   Delta: db=7, dp_origin=73.05
2026-03-19 13:36:24,016 [INFO]   Scale Params: Ratio=3.6603, Radius=21.15 bars, Slope/Bar=10.4358
2026-03-19 13:36:24,016 [INFO]   Line 0.875: EndBar=1773379260 (approx), EndPrice=23354.36
2026-03-19 13:36:24,016 [INFO]   Line 0.75: EndBar=1773379260 (approx), EndPrice=23340.51
2026-03-19 13:36:24,016 [INFO]   Line 0.5: EndBar=1773379260 (approx), EndPrice=23324.67
2026-03-19 13:36:24,016 [INFO]   Line 0.25: EndBar=1773379260 (approx), EndPrice=23314.66
2026-03-19 13:36:24,016 [INFO]   Line 0.125: EndBar=1773379260 (approx), EndPrice=23310.48
2026-03-19 13:36:24,017 [INFO] [Study] Creating new fan: Fan_H2_L2 (P1 (H2-L2))
2026-03-19 13:36:24,017 [INFO] [AngleEngine] scale_ratio=3.6603, slope_per_bar=70.2500, visual_slope=19.1924, theta=87.02 deg
2026-03-19 13:36:24,017 [INFO] --- [AngleEngine] Fan Created: Fan_H2_L2 ---
2026-03-19 13:36:24,017 [INFO]   Origin: Bar 23, Time 1773379020, Price 23309.30078125
2026-03-19 13:36:24,017 [INFO]   Target: Bar 24, Time 1773379260, Price 23379.55078125
2026-03-19 13:36:24,018 [INFO]   Delta: db=1, dp_origin=70.25
2026-03-19 13:36:24,018 [INFO]   Scale Params: Ratio=3.6603, Radius=19.22 bars, Slope/Bar=70.2500
2026-03-19 13:36:24,018 [INFO]   Line 0.875: EndBar=1773379260 (approx), EndPrice=23324.14
2026-03-19 13:36:24,018 [INFO]   Line 0.75: EndBar=1773379260 (approx), EndPrice=23317.25
2026-03-19 13:36:24,018 [INFO]   Line 0.5: EndBar=1773379260 (approx), EndPrice=23312.78
2026-03-19 13:36:24,018 [INFO]   Line 0.25: EndBar=1773379260 (approx), EndPrice=23310.76
2026-03-19 13:36:24,018 [INFO]   Line 0.125: EndBar=1773379260 (approx), EndPrice=23310.00
2026-03-19 13:36:24,018 [INFO] [IntDet] Bar 29 | 2026-03-13 11:11 | H=23339.55 L=23317.45 C=23321.65 | Fans=2 Lines=14
2026-03-19 13:36:24,019 [INFO]   [P2 (H2-L1)] main: lineP=23431.73 | bars_from_origin=12.0 slope=10.4358 | ABOVE gap=92.18
2026-03-19 13:36:24,019 [INFO]   [P2 (H2-L1)] 0.875: lineP=23388.55 | bars_from_origin=12.0 slope=6.8373 | ABOVE gap=49.00
2026-03-19 13:36:24,019 [INFO]   [P2 (H2-L1)] 0.75: lineP=23364.80 | bars_from_origin=12.0 slope=4.8581 | ABOVE gap=25.25
2026-03-19 13:36:24,019 [INFO]   [P2 (H2-L1)] 0.5: lineP=23337.64 | bars_from_origin=12.0 slope=2.5951 | HIT gap=0.00
2026-03-19 13:36:24,019 [INFO]     >>> HIT RECORDED: P2 (H2-L1) frac=0.5 @ 23337.64
2026-03-19 13:36:24,019 [INFO]   [P2 (H2-L1)] 0.25: lineP=23320.49 | bars_from_origin=12.0 slope=1.1659 | HIT gap=0.00
2026-03-19 13:36:24,019 [INFO]     >>> HIT RECORDED: P2 (H2-L1) frac=0.25 @ 23320.49
2026-03-19 13:36:24,019 [INFO]   [P2 (H2-L1)] 0.125: lineP=23313.33 | bars_from_origin=12.0 slope=0.5689 | BELOW gap=4.12
2026-03-19 13:36:24,019 [INFO]   [P2 (H2-L1)] main: lineP=23324.67 | bars_from_origin=5.0 slope=0.0000 | HIT gap=0.00
2026-03-19 13:36:24,019 [INFO]     >>> HIT RECORDED: P2 (H2-L1) frac=main @ 23324.67
2026-03-19 13:36:24,019 [INFO]   [P1 (H2-L2)] main: lineP=23730.80 | bars_from_origin=6.0 slope=70.2500 | ABOVE gap=391.25
2026-03-19 13:36:24,020 [INFO]   [P1 (H2-L2)] 0.875: lineP=23398.31 | bars_from_origin=6.0 slope=14.8352 | ABOVE gap=58.76
2026-03-19 13:36:24,020 [INFO]   [P1 (H2-L2)] 0.75: lineP=23356.97 | bars_from_origin=6.0 slope=7.9446 | ABOVE gap=17.42
2026-03-19 13:36:24,020 [INFO]   [P1 (H2-L2)] 0.5: lineP=23330.15 | bars_from_origin=6.0 slope=3.4745 | HIT gap=0.00
2026-03-19 13:36:24,020 [INFO]     >>> HIT RECORDED: P1 (H2-L2) frac=0.5 @ 23330.15
2026-03-19 13:36:24,020 [INFO]   [P1 (H2-L2)] 0.25: lineP=23318.06 | bars_from_origin=6.0 slope=1.4606 | HIT gap=0.00
2026-03-19 13:36:24,020 [INFO]     >>> HIT RECORDED: P1 (H2-L2) frac=0.25 @ 23318.06
2026-03-19 13:36:24,020 [INFO]   [P1 (H2-L2)] 0.125: lineP=23313.52 | bars_from_origin=6.0 slope=0.7034 | BELOW gap=3.93
2026-03-19 13:36:24,020 [INFO]   [P1 (H2-L2)] main: lineP=23312.78 | bars_from_origin=5.0 slope=0.0000 | BELOW gap=4.67
2026-03-19 13:36:24,020 [INFO]   [IntDet] Total hits this bar: 5
2026-03-19 13:36:24,020 [INFO] [Study] Emitting intersection event (DIRECT): {'time': 1773380460, 'fan': 'P2 (H2-L1)', 'fanIdentity': 'H2-L1', 'fraction': '1/2', 'price': 23337.641095847328, 'type': 'RESISTANCE_TEST', 'details': 'Rejection / Pullback'}
2026-03-19 13:36:24,022 [INFO] [Study] Emitting intersection event (DIRECT): {'time': 1773380460, 'fan': 'P2 (H2-L1)', 'fanIdentity': 'H2-L1', 'fraction': '1/4', 'price': 23320.490784144462, 'type': 'SUPPORT_TEST', 'details': 'Resting / Throwback'}
2026-03-19 13:36:24,024 [INFO] [Study] Emitting intersection event (DIRECT): {'time': 1773380460, 'fan': 'P2 (H2-L1)', 'fanIdentity': 'H2-L1', 'fraction': 'Horizontal', 'price': 23324.665639244275, 'type': 'CROSS_DOWN', 'details': 'Breakdown Attempt'}
2026-03-19 13:36:24,026 [INFO] [Study] Emitting intersection event (DIRECT): {'time': 1773380460, 'fan': 'P1 (H2-L2)', 'fanIdentity': 'H2-L2', 'fraction': '1/2', 'price': 23330.148076437057, 'type': 'CROSS_DOWN', 'details': 'Breakdown Attempt'}
2026-03-19 13:36:24,028 [INFO] [Study] Emitting intersection event (DIRECT): {'time': 1773380460, 'fan': 'P1 (H2-L2)', 'fanIdentity': 'H2-L2', 'fraction': '1/4', 'price': 23318.064579702223, 'type': 'SUPPORT_TEST', 'details': 'Resting / Throwback'}
2026-03-19 13:36:24,029 [INFO] [IntDet] Bar 30 | 2026-03-13 11:15 | H=23329.25 L=23309.65 C=23324.85 | Fans=2 Lines=14
2026-03-19 13:36:24,030 [INFO]   [P2 (H2-L1)] main: lineP=23442.17 | bars_from_origin=13.0 slope=10.4358 | ABOVE gap=112.92
2026-03-19 13:36:24,030 [INFO]   [P2 (H2-L1)] 0.875: lineP=23395.39 | bars_from_origin=13.0 slope=6.8373 | ABOVE gap=66.14
2026-03-19 13:36:24,030 [INFO]   [P2 (H2-L1)] 0.75: lineP=23369.66 | bars_from_origin=13.0 slope=4.8581 | ABOVE gap=40.41
2026-03-19 13:36:24,030 [INFO]   [P2 (H2-L1)] 0.5: lineP=23340.24 | bars_from_origin=13.0 slope=2.5951 | ABOVE gap=10.99
2026-03-19 13:36:24,030 [INFO]   [P2 (H2-L1)] 0.25: lineP=23321.66 | bars_from_origin=13.0 slope=1.1659 | HIT gap=0.00
2026-03-19 13:36:24,030 [INFO]     >>> HIT RECORDED: P2 (H2-L1) frac=0.25 @ 23321.66
2026-03-19 13:36:24,030 [INFO]   [P2 (H2-L1)] 0.125: lineP=23313.90 | bars_from_origin=13.0 slope=0.5689 | HIT gap=0.00
2026-03-19 13:36:24,031 [INFO]     >>> HIT RECORDED: P2 (H2-L1) frac=0.125 @ 23313.90
2026-03-19 13:36:24,031 [INFO]   [P2 (H2-L1)] main: lineP=23324.67 | bars_from_origin=6.0 slope=0.0000 | HIT gap=0.00
2026-03-19 13:36:24,031 [INFO]     >>> HIT RECORDED: P2 (H2-L1) frac=main @ 23324.67
2026-03-19 13:36:24,031 [INFO]   [P1 (H2-L2)] main: lineP=23801.05 | bars_from_origin=7.0 slope=70.2500 | ABOVE gap=471.80
2026-03-19 13:36:24,031 [INFO]   [P1 (H2-L2)] 0.875: lineP=23413.15 | bars_from_origin=7.0 slope=14.8352 | ABOVE gap=83.90
2026-03-19 13:36:24,031 [INFO]   [P1 (H2-L2)] 0.75: lineP=23364.91 | bars_from_origin=7.0 slope=7.9446 | ABOVE gap=35.66
2026-03-19 13:36:24,031 [INFO]   [P1 (H2-L2)] 0.5: lineP=23333.62 | bars_from_origin=7.0 slope=3.4745 | ABOVE gap=4.37
2026-03-19 13:36:24,031 [INFO]   [P1 (H2-L2)] 0.25: lineP=23319.53 | bars_from_origin=7.0 slope=1.4606 | HIT gap=0.00
2026-03-19 13:36:24,031 [INFO]     >>> HIT RECORDED: P1 (H2-L2) frac=0.25 @ 23319.53
2026-03-19 13:36:24,031 [INFO]   [P1 (H2-L2)] 0.125: lineP=23314.22 | bars_from_origin=7.0 slope=0.7034 | HIT gap=0.00
2026-03-19 13:36:24,031 [INFO]     >>> HIT RECORDED: P1 (H2-L2) frac=0.125 @ 23314.22
2026-03-19 13:36:24,032 [INFO]   [P1 (H2-L2)] main: lineP=23312.78 | bars_from_origin=6.0 slope=0.0000 | HIT gap=0.00
2026-03-19 13:36:24,032 [INFO]     >>> HIT RECORDED: P1 (H2-L2) frac=main @ 23312.78
2026-03-19 13:36:24,032 [INFO]   [IntDet] Total hits this bar: 6
2026-03-19 13:36:24,032 [INFO] [Study] Emitting intersection event (DIRECT): {'time': 1773380700, 'fan': 'P2 (H2-L1)', 'fanIdentity': 'H2-L1', 'fraction': '1/4', 'price': 23321.65668282317, 'type': 'TOUCH', 'details': 'Angle Test'}
2026-03-19 13:36:24,033 [INFO] [Study] Emitting intersection event (DIRECT): {'time': 1773380700, 'fan': 'P2 (H2-L1)', 'fanIdentity': 'H2-L1', 'fraction': '1/8', 'price': 23313.89529343995, 'type': 'SUPPORT_TEST', 'details': 'Resting / Throwback'}
2026-03-19 13:36:24,035 [INFO] [Study] Emitting intersection event (DIRECT): {'time': 1773380700, 'fan': 'P2 (H2-L1)', 'fanIdentity': 'H2-L1', 'fraction': 'Horizontal', 'price': 23324.665639244275, 'type': 'CROSS_UP', 'details': 'Breakout Attempt'}
2026-03-19 13:36:24,037 [INFO] [Study] Emitting intersection event (DIRECT): {'time': 1773380700, 'fan': 'P1 (H2-L2)', 'fanIdentity': 'H2-L2', 'fraction': '1/4', 'price': 23319.525212777593, 'type': 'SUPPORT_TEST', 'details': 'Resting / Throwback'}
2026-03-19 13:36:24,039 [INFO] [Study] Emitting intersection event (DIRECT): {'time': 1773380700, 'fan': 'P1 (H2-L2)', 'fanIdentity': 'H2-L2', 'fraction': '1/8', 'price': 23314.224233040222, 'type': 'SUPPORT_TEST', 'details': 'Resting / Throwback'}
2026-03-19 13:36:24,040 [INFO] [Study] Emitting intersection event (DIRECT): {'time': 1773380700, 'fan': 'P1 (H2-L2)', 'fanIdentity': 'H2-L2', 'fraction': 'Horizontal', 'price': 23312.775330447843, 'type': 'SUPPORT_TEST', 'details': 'Resting / Throwback'}
2026-03-19 13:36:24,042 [INFO] [Tracking] FAKE OUT: Fan_H2_L1 Horizontal (T+1 bars)
2026-03-19 13:36:24,042 [INFO] [IntDet] Bar 31 | 2026-03-13 11:19 | H=23342.85 L=23319.60 C=23326.70 | Fans=2 Lines=14
2026-03-19 13:36:24,042 [INFO]   [P2 (H2-L1)] main: lineP=23452.60 | bars_from_origin=14.0 slope=10.4358 | ABOVE gap=109.75
2026-03-19 13:36:24,043 [INFO]   [P2 (H2-L1)] 0.875: lineP=23402.22 | bars_from_origin=14.0 slope=6.8373 | ABOVE gap=59.37
2026-03-19 13:36:24,043 [INFO]   [P2 (H2-L1)] 0.75: lineP=23374.51 | bars_from_origin=14.0 slope=4.8581 | ABOVE gap=31.66
2026-03-19 13:36:24,043 [INFO]   [P2 (H2-L1)] 0.5: lineP=23342.83 | bars_from_origin=14.0 slope=2.5951 | HIT gap=0.00
2026-03-19 13:36:24,043 [INFO]     >>> HIT RECORDED: P2 (H2-L1) frac=0.5 @ 23342.83
2026-03-19 13:36:24,043 [INFO]   [P2 (H2-L1)] 0.25: lineP=23322.82 | bars_from_origin=14.0 slope=1.1659 | HIT gap=0.00
2026-03-19 13:36:24,043 [INFO]     >>> HIT RECORDED: P2 (H2-L1) frac=0.25 @ 23322.82
2026-03-19 13:36:24,043 [INFO]   [P2 (H2-L1)] 0.125: lineP=23314.46 | bars_from_origin=14.0 slope=0.5689 | BELOW gap=5.14
2026-03-19 13:36:24,043 [INFO]   [P2 (H2-L1)] main: lineP=23324.67 | bars_from_origin=7.0 slope=0.0000 | HIT gap=0.00
2026-03-19 13:36:24,044 [INFO]     >>> HIT RECORDED: P2 (H2-L1) frac=main @ 23324.67
2026-03-19 13:36:24,044 [INFO]   [P1 (H2-L2)] main: lineP=23871.30 | bars_from_origin=8.0 slope=70.2500 | ABOVE gap=528.45
2026-03-19 13:36:24,044 [INFO]   [P1 (H2-L2)] 0.875: lineP=23427.98 | bars_from_origin=8.0 slope=14.8352 | ABOVE gap=85.13
2026-03-19 13:36:24,044 [INFO]   [P1 (H2-L2)] 0.75: lineP=23372.86 | bars_from_origin=8.0 slope=7.9446 | ABOVE gap=30.01
2026-03-19 13:36:24,044 [INFO]   [P1 (H2-L2)] 0.5: lineP=23337.10 | bars_from_origin=8.0 slope=3.4745 | HIT gap=0.00
2026-03-19 13:36:24,044 [INFO]     >>> HIT RECORDED: P1 (H2-L2) frac=0.5 @ 23337.10
2026-03-19 13:36:24,044 [INFO]   [P1 (H2-L2)] 0.25: lineP=23320.99 | bars_from_origin=8.0 slope=1.4606 | HIT gap=0.00
2026-03-19 13:36:24,044 [INFO]     >>> HIT RECORDED: P1 (H2-L2) frac=0.25 @ 23320.99
2026-03-19 13:36:24,044 [INFO]   [P1 (H2-L2)] 0.125: lineP=23314.93 | bars_from_origin=8.0 slope=0.7034 | BELOW gap=4.67
2026-03-19 13:36:24,044 [INFO]   [P1 (H2-L2)] main: lineP=23312.78 | bars_from_origin=7.0 slope=0.0000 | BELOW gap=6.82
2026-03-19 13:36:24,045 [INFO]   [IntDet] Total hits this bar: 5
2026-03-19 13:36:24,045 [INFO] [Study] Emitting intersection event (DIRECT): {'time': 1773380940, 'fan': 'P2 (H2-L1)', 'fanIdentity': 'H2-L1', 'fraction': '1/2', 'price': 23342.83127848855, 'type': 'RESISTANCE_TEST', 'details': 'Rejection / Pullback'}
2026-03-19 13:36:24,047 [INFO] [Study] Emitting intersection event (DIRECT): {'time': 1773380940, 'fan': 'P2 (H2-L1)', 'fanIdentity': 'H2-L1', 'fraction': '1/4', 'price': 23322.822581501874, 'type': 'SUPPORT_TEST', 'details': 'Resting / Throwback'}
2026-03-19 13:36:24,048 [INFO] [Study] Emitting intersection event (DIRECT): {'time': 1773380940, 'fan': 'P2 (H2-L1)', 'fanIdentity': 'H2-L1', 'fraction': 'Horizontal', 'price': 23324.665639244275, 'type': 'SUPPORT_TEST', 'details': 'Resting / Throwback'}
2026-03-19 13:36:24,050 [INFO] [Study] Emitting intersection event (DIRECT): {'time': 1773380940, 'fan': 'P1 (H2-L2)', 'fanIdentity': 'H2-L2', 'fraction': '1/2', 'price': 23337.097174832743, 'type': 'RESISTANCE_TEST', 'details': 'Rejection / Pullback'}
2026-03-19 13:36:24,052 [INFO] [Study] Emitting intersection event (DIRECT): {'time': 1773380940, 'fan': 'P1 (H2-L2)', 'fanIdentity': 'H2-L2', 'fraction': '1/4', 'price': 23320.985845852963, 'type': 'SUPPORT_TEST', 'details': 'Resting / Throwback'}
2026-03-19 13:36:24,053 [INFO] [IntDet] Bar 32 | 2026-03-13 11:23 | H=23349.20 L=23324.15 C=23347.50 | Fans=2 Lines=14
2026-03-19 13:36:24,053 [INFO]   [P2 (H2-L1)] main: lineP=23463.04 | bars_from_origin=15.0 slope=10.4358 | ABOVE gap=113.84
2026-03-19 13:36:24,054 [INFO]   [P2 (H2-L1)] 0.875: lineP=23409.06 | bars_from_origin=15.0 slope=6.8373 | ABOVE gap=59.86
2026-03-19 13:36:24,054 [INFO]   [P2 (H2-L1)] 0.75: lineP=23379.37 | bars_from_origin=15.0 slope=4.8581 | ABOVE gap=30.17
2026-03-19 13:36:24,054 [INFO]   [P2 (H2-L1)] 0.5: lineP=23345.43 | bars_from_origin=15.0 slope=2.5951 | HIT gap=0.00
2026-03-19 13:36:24,054 [INFO]     >>> HIT RECORDED: P2 (H2-L1) frac=0.5 @ 23345.43
2026-03-19 13:36:24,054 [INFO]   [P2 (H2-L1)] 0.25: lineP=23323.99 | bars_from_origin=15.0 slope=1.1659 | BELOW gap=0.16
2026-03-19 13:36:24,054 [INFO]   [P2 (H2-L1)] 0.125: lineP=23315.03 | bars_from_origin=15.0 slope=0.5689 | BELOW gap=9.12
2026-03-19 13:36:24,054 [INFO]   [P2 (H2-L1)] main: lineP=23324.67 | bars_from_origin=8.0 slope=0.0000 | HIT gap=0.00
2026-03-19 13:36:24,054 [INFO]     >>> HIT RECORDED: P2 (H2-L1) frac=main @ 23324.67
2026-03-19 13:36:24,055 [INFO]   [P1 (H2-L2)] main: lineP=23941.55 | bars_from_origin=9.0 slope=70.2500 | ABOVE gap=592.35
2026-03-19 13:36:24,055 [INFO]   [P1 (H2-L2)] 0.875: lineP=23442.82 | bars_from_origin=9.0 slope=14.8352 | ABOVE gap=93.62
2026-03-19 13:36:24,055 [INFO]   [P1 (H2-L2)] 0.75: lineP=23380.80 | bars_from_origin=9.0 slope=7.9446 | ABOVE gap=31.60
2026-03-19 13:36:24,055 [INFO]   [P1 (H2-L2)] 0.5: lineP=23340.57 | bars_from_origin=9.0 slope=3.4745 | HIT gap=0.00
2026-03-19 13:36:24,055 [INFO]     >>> HIT RECORDED: P1 (H2-L2) frac=0.5 @ 23340.57
2026-03-19 13:36:24,055 [INFO]   [P1 (H2-L2)] 0.25: lineP=23322.45 | bars_from_origin=9.0 slope=1.4606 | BELOW gap=1.70
2026-03-19 13:36:24,055 [INFO]   [P1 (H2-L2)] 0.125: lineP=23315.63 | bars_from_origin=9.0 slope=0.7034 | BELOW gap=8.52
2026-03-19 13:36:24,055 [INFO]   [P1 (H2-L2)] main: lineP=23312.78 | bars_from_origin=8.0 slope=0.0000 | BELOW gap=11.38
2026-03-19 13:36:24,055 [INFO]   [IntDet] Total hits this bar: 3
2026-03-19 13:36:24,055 [INFO] [Study] Emitting intersection event (DIRECT): {'time': 1773381180, 'fan': 'P2 (H2-L1)', 'fanIdentity': 'H2-L1', 'fraction': '1/2', 'price': 23345.42636980916, 'type': 'CROSS_UP', 'details': 'Breakout Attempt'}
2026-03-19 13:36:24,059 [INFO] [Study] Emitting intersection event (DIRECT): {'time': 1773381180, 'fan': 'P2 (H2-L1)', 'fanIdentity': 'H2-L1', 'fraction': 'Horizontal', 'price': 23324.665639244275, 'type': 'SUPPORT_TEST', 'details': 'Resting / Throwback'}
2026-03-19 13:36:24,062 [INFO] [Study] Emitting intersection event (DIRECT): {'time': 1773381180, 'fan': 'P1 (H2-L2)', 'fanIdentity': 'H2-L2', 'fraction': '1/2', 'price': 23340.571724030586, 'type': 'CROSS_UP', 'details': 'Breakout Attempt'}
2026-03-19 13:36:24,063 [INFO] [Tracking] FAKE OUT: Fan_H2_L2 0.5 (T+3 bars)
2026-03-19 13:36:24,064 [INFO] [IntDet] Bar 33 | 2026-03-13 11:27 | H=23379.20 L=23343.55 C=23373.55 | Fans=2 Lines=14
2026-03-19 13:36:24,064 [INFO]   [P2 (H2-L1)] main: lineP=23473.47 | bars_from_origin=16.0 slope=10.4358 | ABOVE gap=94.27
2026-03-19 13:36:24,064 [INFO]   [P2 (H2-L1)] 0.875: lineP=23415.90 | bars_from_origin=16.0 slope=6.8373 | ABOVE gap=36.70
2026-03-19 13:36:24,064 [INFO]   [P2 (H2-L1)] 0.75: lineP=23384.23 | bars_from_origin=16.0 slope=4.8581 | ABOVE gap=5.03
2026-03-19 13:36:24,064 [INFO]   [P2 (H2-L1)] 0.5: lineP=23348.02 | bars_from_origin=16.0 slope=2.5951 | HIT gap=0.00
2026-03-19 13:36:24,065 [INFO]     >>> HIT RECORDED: P2 (H2-L1) frac=0.5 @ 23348.02
2026-03-19 13:36:24,065 [INFO]   [P2 (H2-L1)] 0.25: lineP=23325.15 | bars_from_origin=16.0 slope=1.1659 | BELOW gap=18.40
2026-03-19 13:36:24,065 [INFO]   [P2 (H2-L1)] 0.125: lineP=23315.60 | bars_from_origin=16.0 slope=0.5689 | BELOW gap=27.95
2026-03-19 13:36:24,065 [INFO]   [P2 (H2-L1)] main: lineP=23324.67 | bars_from_origin=9.0 slope=0.0000 | BELOW gap=18.89
2026-03-19 13:36:24,065 [INFO]   [P1 (H2-L2)] main: lineP=24011.80 | bars_from_origin=10.0 slope=70.2500 | ABOVE gap=632.60
2026-03-19 13:36:24,065 [INFO]   [P1 (H2-L2)] 0.875: lineP=23457.65 | bars_from_origin=10.0 slope=14.8352 | ABOVE gap=78.45
2026-03-19 13:36:24,065 [INFO]   [P1 (H2-L2)] 0.75: lineP=23388.75 | bars_from_origin=10.0 slope=7.9446 | ABOVE gap=9.55
2026-03-19 13:36:24,065 [INFO]   [P1 (H2-L2)] 0.5: lineP=23344.05 | bars_from_origin=10.0 slope=3.4745 | HIT gap=0.00
2026-03-19 13:36:24,065 [INFO]     >>> HIT RECORDED: P1 (H2-L2) frac=0.5 @ 23344.05
2026-03-19 13:36:24,065 [INFO]   [P1 (H2-L2)] 0.25: lineP=23323.91 | bars_from_origin=10.0 slope=1.4606 | BELOW gap=19.64
2026-03-19 13:36:24,066 [INFO]   [P1 (H2-L2)] 0.125: lineP=23316.33 | bars_from_origin=10.0 slope=0.7034 | BELOW gap=27.22
2026-03-19 13:36:24,066 [INFO]   [P1 (H2-L2)] main: lineP=23312.78 | bars_from_origin=9.0 slope=0.0000 | BELOW gap=30.78
2026-03-19 13:36:24,066 [INFO]   [IntDet] Total hits this bar: 2
2026-03-19 13:36:24,066 [INFO] [Study] Emitting intersection event (DIRECT): {'time': 1773381420, 'fan': 'P2 (H2-L1)', 'fanIdentity': 'H2-L1', 'fraction': '1/2', 'price': 23348.02146112977, 'type': 'TOUCH', 'details': 'Angle Test'}
2026-03-19 13:36:24,070 [INFO] [Study] Emitting intersection event (DIRECT): {'time': 1773381420, 'fan': 'P1 (H2-L2)', 'fanIdentity': 'H2-L2', 'fraction': '1/2', 'price': 23344.04627322843, 'type': 'SUPPORT_TEST', 'details': 'Resting / Throwback'}
2026-03-19 13:36:24,073 [INFO] [Tracking] Breach CONFIRMED: Fan_H2_L1 0.5 up (T+1 bars)
2026-03-19 13:36:24,073 [INFO] [Study] Removing invalidated/excess fan: Fan_H2_L2
2026-03-19 13:36:24,073 [INFO] [Study] Removing invalidated/excess fan: Fan_H2_L1
2026-03-19 13:36:24,074 [INFO] [IntDet] Bar 34 | 2026-03-13 11:31 | H=23400.30 L=23365.35 C=23391.30 | Fans=0 Lines=0
2026-03-19 13:36:24,074 [INFO] [IntDet] Bar 35 | 2026-03-13 11:35 | H=23408.05 L=23380.50 C=23405.90 | Fans=0 Lines=0
2026-03-19 13:36:24,074 [INFO] [IntDet] Bar 36 | 2026-03-13 11:39 | H=23410.70 L=23395.25 C=23406.95 | Fans=0 Lines=0
2026-03-19 13:36:24,074 [INFO] [IntDet] Bar 37 | 2026-03-13 11:43 | H=23414.90 L=23392.40 C=23402.20 | Fans=0 Lines=0
2026-03-19 13:36:24,074 [INFO] [IntDet] Bar 38 | 2026-03-13 11:47 | H=23409.10 L=23390.40 C=23407.25 | Fans=0 Lines=0
2026-03-19 13:36:24,075 [INFO] [IntDet] Bar 39 | 2026-03-13 11:51 | H=23409.40 L=23388.70 C=23389.25 | Fans=0 Lines=0
2026-03-19 13:36:24,075 [INFO] [IntDet] Bar 40 | 2026-03-13 11:55 | H=23389.70 L=23363.00 C=23367.05 | Fans=0 Lines=0
2026-03-19 13:36:24,075 [INFO] [IntDet] Bar 41 | 2026-03-13 11:59 | H=23368.90 L=23335.75 C=23339.10 | Fans=0 Lines=0
2026-03-19 13:36:24,075 [INFO] [Study] Creating new fan: Fan_H3_L1 (P3 (H3-L1))
2026-03-19 13:36:24,075 [INFO] [AngleEngine] scale_ratio=3.6603, slope_per_bar=5.4200, visual_slope=1.4808, theta=55.97 deg
2026-03-19 13:36:24,075 [INFO] --- [AngleEngine] Fan Created: Fan_H3_L1 ---
2026-03-19 13:36:24,076 [INFO]   Origin: Bar 17, Time 1773377580, Price 23306.5
2026-03-19 13:36:24,076 [INFO]   Target: Bar 37, Time 1773382380, Price 23414.900390625
2026-03-19 13:36:24,076 [INFO]   Delta: db=20, dp_origin=108.40
2026-03-19 13:36:24,076 [INFO]   Scale Params: Ratio=3.6603, Radius=35.74 bars, Slope/Bar=5.4200
2026-03-19 13:36:24,076 [INFO]   Line 0.875: EndBar=1773382380 (approx), EndPrice=23390.63
2026-03-19 13:36:24,076 [INFO]   Line 0.75: EndBar=1773382380 (approx), EndPrice=23372.36
2026-03-19 13:36:24,076 [INFO]   Line 0.5: EndBar=1773382380 (approx), EndPrice=23345.40
2026-03-19 13:36:24,076 [INFO]   Line 0.25: EndBar=1773382380 (approx), EndPrice=23324.74
2026-03-19 13:36:24,077 [INFO]   Line 0.125: EndBar=1773382380 (approx), EndPrice=23315.48
2026-03-19 13:36:24,077 [INFO] [Study] Creating new fan: Fan_H3_L3 (P1 (H3-L3))
2026-03-19 13:36:24,077 [INFO] [AngleEngine] scale_ratio=3.6603, slope_per_bar=15.0357, visual_slope=4.1078, theta=76.32 deg
2026-03-19 13:36:24,077 [INFO] --- [AngleEngine] Fan Created: Fan_H3_L3 ---
2026-03-19 13:36:24,077 [INFO]   Origin: Bar 30, Time 1773380700, Price 23309.650390625
2026-03-19 13:36:24,077 [INFO]   Target: Bar 37, Time 1773382380, Price 23414.900390625
2026-03-19 13:36:24,077 [INFO]   Delta: db=7, dp_origin=105.25
2026-03-19 13:36:24,077 [INFO]   Scale Params: Ratio=3.6603, Radius=29.59 bars, Slope/Bar=15.0357
2026-03-19 13:36:24,077 [INFO]   Line 0.875: EndBar=1773382380 (approx), EndPrice=23369.37
2026-03-19 13:36:24,078 [INFO]   Line 0.75: EndBar=1773382380 (approx), EndPrice=23349.47
2026-03-19 13:36:24,078 [INFO]   Line 0.5: EndBar=1773382380 (approx), EndPrice=23329.78
2026-03-19 13:36:24,078 [INFO]   Line 0.25: EndBar=1773382380 (approx), EndPrice=23318.51
2026-03-19 13:36:24,078 [INFO]   Line 0.125: EndBar=1773382380 (approx), EndPrice=23313.96
2026-03-19 13:36:24,078 [INFO] [Study] Creating new fan: Fan_H3_L2 (P2 (H3-L2))
2026-03-19 13:36:24,078 [INFO] [AngleEngine] scale_ratio=3.6603, slope_per_bar=7.5428, visual_slope=2.0607, theta=64.11 deg
2026-03-19 13:36:24,078 [INFO] --- [AngleEngine] Fan Created: Fan_H3_L2 ---
2026-03-19 13:36:24,078 [INFO]   Origin: Bar 23, Time 1773379020, Price 23309.30078125
2026-03-19 13:36:24,078 [INFO]   Target: Bar 37, Time 1773382380, Price 23414.900390625
2026-03-19 13:36:24,079 [INFO]   Delta: db=14, dp_origin=105.60
2026-03-19 13:36:24,079 [INFO]   Scale Params: Ratio=3.6603, Radius=32.07 bars, Slope/Bar=7.5428
2026-03-19 13:36:24,079 [INFO]   Line 0.875: EndBar=1773382380 (approx), EndPrice=23385.56
2026-03-19 13:36:24,079 [INFO]   Line 0.75: EndBar=1773382380 (approx), EndPrice=23366.38
2026-03-19 13:36:24,079 [INFO]   Line 0.5: EndBar=1773382380 (approx), EndPrice=23341.39
2026-03-19 13:36:24,079 [INFO]   Line 0.25: EndBar=1773382380 (approx), EndPrice=23324.02
2026-03-19 13:36:24,079 [INFO]   Line 0.125: EndBar=1773382380 (approx), EndPrice=23316.52
2026-03-19 13:36:24,080 [INFO] [IntDet] Bar 42 | 2026-03-13 12:03 | H=23349.45 L=23338.55 C=23343.05 | Fans=3 Lines=21
2026-03-19 13:36:24,080 [INFO]   [P3 (H3-L1)] main: lineP=23442.00 | bars_from_origin=25.0 slope=5.4200 | ABOVE gap=92.55
2026-03-19 13:36:24,080 [INFO]   [P3 (H3-L1)] 0.875: lineP=23411.66 | bars_from_origin=25.0 slope=4.2065 | ABOVE gap=62.21
2026-03-19 13:36:24,080 [INFO]   [P3 (H3-L1)] 0.75: lineP=23388.82 | bars_from_origin=25.0 slope=3.2929 | ABOVE gap=39.37
2026-03-19 13:36:24,080 [INFO]   [P3 (H3-L1)] 0.5: lineP=23355.12 | bars_from_origin=25.0 slope=1.9449 | ABOVE gap=5.67
2026-03-19 13:36:24,080 [INFO]   [P3 (H3-L1)] 0.25: lineP=23329.30 | bars_from_origin=25.0 slope=0.9121 | BELOW gap=9.25
2026-03-19 13:36:24,080 [INFO]   [P3 (H3-L1)] 0.125: lineP=23317.73 | bars_from_origin=25.0 slope=0.4492 | BELOW gap=20.82
2026-03-19 13:36:24,080 [INFO]   [P3 (H3-L1)] main: lineP=23345.40 | bars_from_origin=5.0 slope=0.0000 | HIT gap=0.00
2026-03-19 13:36:24,080 [INFO]     >>> HIT RECORDED: P3 (H3-L1) frac=main @ 23345.40
2026-03-19 13:36:24,080 [INFO]   [P1 (H3-L3)] main: lineP=23490.08 | bars_from_origin=12.0 slope=15.0357 | ABOVE gap=140.63
2026-03-19 13:36:24,081 [INFO]   [P1 (H3-L3)] 0.875: lineP=23412.02 | bars_from_origin=12.0 slope=8.5312 | ABOVE gap=62.58
2026-03-19 13:36:24,081 [INFO]   [P1 (H3-L3)] 0.75: lineP=23377.91 | bars_from_origin=12.0 slope=5.6881 | ABOVE gap=28.46
2026-03-19 13:36:24,081 [INFO]   [P1 (H3-L3)] 0.5: lineP=23344.16 | bars_from_origin=12.0 slope=2.8761 | HIT gap=0.00
2026-03-19 13:36:24,081 [INFO]     >>> HIT RECORDED: P1 (H3-L3) frac=0.5 @ 23344.16
2026-03-19 13:36:24,081 [INFO]   [P1 (H3-L3)] 0.25: lineP=23324.84 | bars_from_origin=12.0 slope=1.2660 | BELOW gap=13.71
2026-03-19 13:36:24,081 [INFO]   [P1 (H3-L3)] 0.125: lineP=23317.03 | bars_from_origin=12.0 slope=0.6151 | BELOW gap=21.52
2026-03-19 13:36:24,082 [INFO]   [P1 (H3-L3)] main: lineP=23329.78 | bars_from_origin=5.0 slope=0.0000 | BELOW gap=8.77
2026-03-19 13:36:24,082 [INFO]   [P2 (H3-L2)] main: lineP=23452.61 | bars_from_origin=19.0 slope=7.5428 | ABOVE gap=103.17
2026-03-19 13:36:24,082 [INFO]   [P2 (H3-L2)] 0.875: lineP=23412.80 | bars_from_origin=19.0 slope=5.4471 | ABOVE gap=63.35
2026-03-19 13:36:24,082 [INFO]   [P2 (H3-L2)] 0.75: lineP=23386.77 | bars_from_origin=19.0 slope=4.0774 | ABOVE gap=37.32
2026-03-19 13:36:24,082 [INFO]   [P2 (H3-L2)] 0.5: lineP=23352.85 | bars_from_origin=19.0 slope=2.2923 | ABOVE gap=3.40
2026-03-19 13:36:24,082 [INFO]   [P2 (H3-L2)] 0.25: lineP=23329.28 | bars_from_origin=19.0 slope=1.0515 | BELOW gap=9.27
2026-03-19 13:36:24,082 [INFO]   [P2 (H3-L2)] 0.125: lineP=23319.09 | bars_from_origin=19.0 slope=0.5154 | BELOW gap=19.46
2026-03-19 13:36:24,082 [INFO]   [P2 (H3-L2)] main: lineP=23341.39 | bars_from_origin=5.0 slope=0.0000 | HIT gap=0.00
2026-03-19 13:36:24,082 [INFO]     >>> HIT RECORDED: P2 (H3-L2) frac=main @ 23341.39
2026-03-19 13:36:24,083 [INFO]   [IntDet] Total hits this bar: 3
2026-03-19 13:36:24,083 [INFO] [Study] Emitting intersection event (DIRECT): {'time': 1773383580, 'fan': 'P3 (H3-L1)', 'fanIdentity': 'H3-L1', 'fraction': 'Horizontal', 'price': 23345.397836334683, 'type': 'RESISTANCE_TEST', 'details': 'Rejection / Pullback'}
2026-03-19 13:36:24,085 [INFO] [Study] Emitting intersection event (DIRECT): {'time': 1773383580, 'fan': 'P1 (H3-L3)', 'fanIdentity': 'H3-L3', 'fraction': '1/2', 'price': 23344.16400760186, 'type': 'RESISTANCE_TEST', 'details': 'Rejection / Pullback'}
2026-03-19 13:36:24,087 [INFO] [Study] Emitting intersection event (DIRECT): {'time': 1773383580, 'fan': 'P2 (H3-L2)', 'fanIdentity': 'H3-L2', 'fraction': 'Horizontal', 'price': 23341.392731541295, 'type': 'CROSS_UP', 'details': 'Breakout Attempt'}
2026-03-19 13:36:24,089 [INFO] [IntDet] Bar 43 | 2026-03-13 12:07 | H=23347.50 L=23322.35 C=23326.55 | Fans=3 Lines=21
2026-03-19 13:36:24,090 [INFO]   [P3 (H3-L1)] main: lineP=23447.42 | bars_from_origin=26.0 slope=5.4200 | ABOVE gap=99.92
2026-03-19 13:36:24,090 [INFO]   [P3 (H3-L1)] 0.875: lineP=23415.87 | bars_from_origin=26.0 slope=4.2065 | ABOVE gap=68.37
2026-03-19 13:36:24,090 [INFO]   [P3 (H3-L1)] 0.75: lineP=23392.12 | bars_from_origin=26.0 slope=3.2929 | ABOVE gap=44.62
2026-03-19 13:36:24,090 [INFO]   [P3 (H3-L1)] 0.5: lineP=23357.07 | bars_from_origin=26.0 slope=1.9449 | ABOVE gap=9.57
2026-03-19 13:36:24,090 [INFO]   [P3 (H3-L1)] 0.25: lineP=23330.21 | bars_from_origin=26.0 slope=0.9121 | HIT gap=0.00
2026-03-19 13:36:24,090 [INFO]     >>> HIT RECORDED: P3 (H3-L1) frac=0.25 @ 23330.21
2026-03-19 13:36:24,090 [INFO]   [P3 (H3-L1)] 0.125: lineP=23318.18 | bars_from_origin=26.0 slope=0.4492 | BELOW gap=4.17
2026-03-19 13:36:24,091 [INFO]   [P3 (H3-L1)] main: lineP=23345.40 | bars_from_origin=6.0 slope=0.0000 | HIT gap=0.00
2026-03-19 13:36:24,091 [INFO]     >>> HIT RECORDED: P3 (H3-L1) frac=main @ 23345.40
2026-03-19 13:36:24,091 [INFO]   [P1 (H3-L3)] main: lineP=23505.11 | bars_from_origin=13.0 slope=15.0357 | ABOVE gap=157.61
2026-03-19 13:36:24,091 [INFO]   [P1 (H3-L3)] 0.875: lineP=23420.56 | bars_from_origin=13.0 slope=8.5312 | ABOVE gap=73.06
2026-03-19 13:36:24,091 [INFO]   [P1 (H3-L3)] 0.75: lineP=23383.60 | bars_from_origin=13.0 slope=5.6881 | ABOVE gap=36.10
2026-03-19 13:36:24,091 [INFO]   [P1 (H3-L3)] 0.5: lineP=23347.04 | bars_from_origin=13.0 slope=2.8761 | HIT gap=0.00
2026-03-19 13:36:24,091 [INFO]     >>> HIT RECORDED: P1 (H3-L3) frac=0.5 @ 23347.04
2026-03-19 13:36:24,091 [INFO]   [P1 (H3-L3)] 0.25: lineP=23326.11 | bars_from_origin=13.0 slope=1.2660 | HIT gap=0.00
2026-03-19 13:36:24,091 [INFO]     >>> HIT RECORDED: P1 (H3-L3) frac=0.25 @ 23326.11
2026-03-19 13:36:24,092 [INFO]   [P1 (H3-L3)] 0.125: lineP=23317.65 | bars_from_origin=13.0 slope=0.6151 | BELOW gap=4.70
2026-03-19 13:36:24,092 [INFO]   [P1 (H3-L3)] main: lineP=23329.78 | bars_from_origin=6.0 slope=0.0000 | HIT gap=0.00
2026-03-19 13:36:24,092 [INFO]     >>> HIT RECORDED: P1 (H3-L3) frac=main @ 23329.78
2026-03-19 13:36:24,092 [INFO]   [P2 (H3-L2)] main: lineP=23460.16 | bars_from_origin=20.0 slope=7.5428 | ABOVE gap=112.66
2026-03-19 13:36:24,092 [INFO]   [P2 (H3-L2)] 0.875: lineP=23418.24 | bars_from_origin=20.0 slope=5.4471 | ABOVE gap=70.74
2026-03-19 13:36:24,092 [INFO]   [P2 (H3-L2)] 0.75: lineP=23390.85 | bars_from_origin=20.0 slope=4.0774 | ABOVE gap=43.35
2026-03-19 13:36:24,093 [INFO]   [P2 (H3-L2)] 0.5: lineP=23355.15 | bars_from_origin=20.0 slope=2.2923 | ABOVE gap=7.65
2026-03-19 13:36:24,093 [INFO]   [P2 (H3-L2)] 0.25: lineP=23330.33 | bars_from_origin=20.0 slope=1.0515 | HIT gap=0.00
2026-03-19 13:36:24,093 [INFO]     >>> HIT RECORDED: P2 (H3-L2) frac=0.25 @ 23330.33
2026-03-19 13:36:24,093 [INFO]   [P2 (H3-L2)] 0.125: lineP=23319.61 | bars_from_origin=20.0 slope=0.5154 | BELOW gap=2.74
2026-03-19 13:36:24,093 [INFO]   [P2 (H3-L2)] main: lineP=23341.39 | bars_from_origin=6.0 slope=0.0000 | HIT gap=0.00
2026-03-19 13:36:24,093 [INFO]     >>> HIT RECORDED: P2 (H3-L2) frac=main @ 23341.39
2026-03-19 13:36:24,093 [INFO]   [IntDet] Total hits this bar: 7
2026-03-19 13:36:24,094 [INFO] [Study] Emitting intersection event (DIRECT): {'time': 1773383820, 'fan': 'P3 (H3-L1)', 'fanIdentity': 'H3-L1', 'fraction': '1/4', 'price': 23330.213740985124, 'type': 'CROSS_DOWN', 'details': 'Breakdown Attempt'}
2026-03-19 13:36:24,096 [INFO] [Study] Emitting intersection event (DIRECT): {'time': 1773383820, 'fan': 'P3 (H3-L1)', 'fanIdentity': 'H3-L1', 'fraction': 'Horizontal', 'price': 23345.397836334683, 'type': 'RESISTANCE_TEST', 'details': 'Rejection / Pullback'}
2026-03-19 13:36:24,098 [INFO] [Study] Emitting intersection event (DIRECT): {'time': 1773383820, 'fan': 'P1 (H3-L3)', 'fanIdentity': 'H3-L3', 'fraction': '1/2', 'price': 23347.04014234993, 'type': 'RESISTANCE_TEST', 'details': 'Rejection / Pullback'}
2026-03-19 13:36:24,100 [INFO] [Study] Emitting intersection event (DIRECT): {'time': 1773383820, 'fan': 'P1 (H3-L3)', 'fanIdentity': 'H3-L3', 'fraction': '1/4', 'price': 23326.1087358459, 'type': 'SUPPORT_TEST', 'details': 'Resting / Throwback'}
2026-03-19 13:36:24,101 [INFO] [Study] Emitting intersection event (DIRECT): {'time': 1773383820, 'fan': 'P1 (H3-L3)', 'fanIdentity': 'H3-L3', 'fraction': 'Horizontal', 'price': 23329.783333861502, 'type': 'CROSS_DOWN', 'details': 'Breakdown Attempt'}
2026-03-19 13:36:24,103 [INFO] [Study] Emitting intersection event (DIRECT): {'time': 1773383820, 'fan': 'P2 (H3-L2)', 'fanIdentity': 'H3-L2', 'fraction': '1/4', 'price': 23330.331728164747, 'type': 'CROSS_DOWN', 'details': 'Breakdown Attempt'}
2026-03-19 13:36:24,105 [INFO] [Study] Emitting intersection event (DIRECT): {'time': 1773383820, 'fan': 'P2 (H3-L2)', 'fanIdentity': 'H3-L2', 'fraction': 'Horizontal', 'price': 23341.392731541295, 'type': 'CROSS_DOWN', 'details': 'Breakdown Attempt'}
2026-03-19 13:36:24,108 [INFO] [Tracking] FAKE OUT: Fan_H3_L2 Horizontal (T+1 bars)
2026-03-19 13:36:24,108 [INFO] [IntDet] Bar 44 | 2026-03-13 12:11 | H=23342.55 L=23317.45 C=23336.15 | Fans=3 Lines=21
2026-03-19 13:36:24,109 [INFO]   [P3 (H3-L1)] main: lineP=23452.84 | bars_from_origin=27.0 slope=5.4200 | ABOVE gap=110.29
2026-03-19 13:36:24,109 [INFO]   [P3 (H3-L1)] 0.875: lineP=23420.08 | bars_from_origin=27.0 slope=4.2065 | ABOVE gap=77.52
2026-03-19 13:36:24,109 [INFO]   [P3 (H3-L1)] 0.75: lineP=23395.41 | bars_from_origin=27.0 slope=3.2929 | ABOVE gap=52.86
2026-03-19 13:36:24,109 [INFO]   [P3 (H3-L1)] 0.5: lineP=23359.01 | bars_from_origin=27.0 slope=1.9449 | ABOVE gap=16.46
2026-03-19 13:36:24,109 [INFO]   [P3 (H3-L1)] 0.25: lineP=23331.13 | bars_from_origin=27.0 slope=0.9121 | HIT gap=0.00
2026-03-19 13:36:24,109 [INFO]     >>> HIT RECORDED: P3 (H3-L1) frac=0.25 @ 23331.13
2026-03-19 13:36:24,110 [INFO]   [P3 (H3-L1)] 0.125: lineP=23318.63 | bars_from_origin=27.0 slope=0.4492 | HIT gap=0.00
2026-03-19 13:36:24,110 [INFO]     >>> HIT RECORDED: P3 (H3-L1) frac=0.125 @ 23318.63
2026-03-19 13:36:24,110 [INFO]   [P3 (H3-L1)] main: lineP=23345.40 | bars_from_origin=7.0 slope=0.0000 | ABOVE gap=2.85
2026-03-19 13:36:24,110 [INFO]   [P1 (H3-L3)] main: lineP=23520.15 | bars_from_origin=14.0 slope=15.0357 | ABOVE gap=177.60
2026-03-19 13:36:24,110 [INFO]   [P1 (H3-L3)] 0.875: lineP=23429.09 | bars_from_origin=14.0 slope=8.5312 | ABOVE gap=86.54
2026-03-19 13:36:24,110 [INFO]   [P1 (H3-L3)] 0.75: lineP=23389.28 | bars_from_origin=14.0 slope=5.6881 | ABOVE gap=46.73
2026-03-19 13:36:24,110 [INFO]   [P1 (H3-L3)] 0.5: lineP=23349.92 | bars_from_origin=14.0 slope=2.8761 | ABOVE gap=7.37
2026-03-19 13:36:24,110 [INFO]   [P1 (H3-L3)] 0.25: lineP=23327.37 | bars_from_origin=14.0 slope=1.2660 | HIT gap=0.00
2026-03-19 13:36:24,111 [INFO]     >>> HIT RECORDED: P1 (H3-L3) frac=0.25 @ 23327.37
2026-03-19 13:36:24,111 [INFO]   [P1 (H3-L3)] 0.125: lineP=23318.26 | bars_from_origin=14.0 slope=0.6151 | HIT gap=0.00
2026-03-19 13:36:24,111 [INFO]     >>> HIT RECORDED: P1 (H3-L3) frac=0.125 @ 23318.26
2026-03-19 13:36:24,111 [INFO]   [P1 (H3-L3)] main: lineP=23329.78 | bars_from_origin=7.0 slope=0.0000 | HIT gap=0.00
2026-03-19 13:36:24,111 [INFO]     >>> HIT RECORDED: P1 (H3-L3) frac=main @ 23329.78
2026-03-19 13:36:24,111 [INFO]   [P2 (H3-L2)] main: lineP=23467.70 | bars_from_origin=21.0 slope=7.5428 | ABOVE gap=125.15
2026-03-19 13:36:24,111 [INFO]   [P2 (H3-L2)] 0.875: lineP=23423.69 | bars_from_origin=21.0 slope=5.4471 | ABOVE gap=81.14
2026-03-19 13:36:24,111 [INFO]   [P2 (H3-L2)] 0.75: lineP=23394.93 | bars_from_origin=21.0 slope=4.0774 | ABOVE gap=52.38
2026-03-19 13:36:24,111 [INFO]   [P2 (H3-L2)] 0.5: lineP=23357.44 | bars_from_origin=21.0 slope=2.2923 | ABOVE gap=14.89
2026-03-19 13:36:24,111 [INFO]   [P2 (H3-L2)] 0.25: lineP=23331.38 | bars_from_origin=21.0 slope=1.0515 | HIT gap=0.00
2026-03-19 13:36:24,111 [INFO]     >>> HIT RECORDED: P2 (H3-L2) frac=0.25 @ 23331.38
2026-03-19 13:36:24,112 [INFO]   [P2 (H3-L2)] 0.125: lineP=23320.12 | bars_from_origin=21.0 slope=0.5154 | HIT gap=0.00
2026-03-19 13:36:24,112 [INFO]     >>> HIT RECORDED: P2 (H3-L2) frac=0.125 @ 23320.12
2026-03-19 13:36:24,112 [INFO]   [P2 (H3-L2)] main: lineP=23341.39 | bars_from_origin=7.0 slope=0.0000 | HIT gap=0.00
2026-03-19 13:36:24,112 [INFO]     >>> HIT RECORDED: P2 (H3-L2) frac=main @ 23341.39
2026-03-19 13:36:24,112 [INFO]   [IntDet] Total hits this bar: 8
2026-03-19 13:36:24,112 [INFO] [Study] Emitting intersection event (DIRECT): {'time': 1773384060, 'fan': 'P3 (H3-L1)', 'fanIdentity': 'H3-L1', 'fraction': '1/4', 'price': 23331.12580794609, 'type': 'CROSS_UP', 'details': 'Breakout Attempt'}
2026-03-19 13:36:24,114 [INFO] [Study] Emitting intersection event (DIRECT): {'time': 1773384060, 'fan': 'P3 (H3-L1)', 'fanIdentity': 'H3-L1', 'fraction': '1/8', 'price': 23318.62749041808, 'type': 'SUPPORT_TEST', 'details': 'Resting / Throwback'}
2026-03-19 13:36:24,117 [INFO] [Study] Emitting intersection event (DIRECT): {'time': 1773384060, 'fan': 'P1 (H3-L3)', 'fanIdentity': 'H3-L3', 'fraction': '1/4', 'price': 23327.374762401356, 'type': 'TOUCH', 'details': 'Angle Test'}
2026-03-19 13:36:24,119 [INFO] [Study] Emitting intersection event (DIRECT): {'time': 1773384060, 'fan': 'P1 (H3-L3)', 'fanIdentity': 'H3-L3', 'fraction': '1/8', 'price': 23318.262283537333, 'type': 'SUPPORT_TEST', 'details': 'Resting / Throwback'}
2026-03-19 13:36:24,121 [INFO] [Study] Emitting intersection event (DIRECT): {'time': 1773384060, 'fan': 'P1 (H3-L3)', 'fanIdentity': 'H3-L3', 'fraction': 'Horizontal', 'price': 23329.783333861502, 'type': 'CROSS_UP', 'details': 'Breakout Attempt'}
2026-03-19 13:36:24,123 [INFO] [Study] Emitting intersection event (DIRECT): {'time': 1773384060, 'fan': 'P2 (H3-L2)', 'fanIdentity': 'H3-L2', 'fraction': '1/4', 'price': 23331.38327551048, 'type': 'CROSS_UP', 'details': 'Breakout Attempt'}
2026-03-19 13:36:24,124 [INFO] [Study] Emitting intersection event (DIRECT): {'time': 1773384060, 'fan': 'P2 (H3-L2)', 'fanIdentity': 'H3-L2', 'fraction': '1/8', 'price': 23320.123155828944, 'type': 'SUPPORT_TEST', 'details': 'Resting / Throwback'}
2026-03-19 13:36:24,126 [INFO] [Study] Emitting intersection event (DIRECT): {'time': 1773384060, 'fan': 'P2 (H3-L2)', 'fanIdentity': 'H3-L2', 'fraction': 'Horizontal', 'price': 23341.392731541295, 'type': 'RESISTANCE_TEST', 'details': 'Rejection / Pullback'}
2026-03-19 13:36:24,128 [INFO] [Tracking] FAKE OUT: Fan_H3_L1 0.25 (T+1 bars)
2026-03-19 13:36:24,128 [INFO] [Tracking] FAKE OUT: Fan_H3_L3 Horizontal (T+1 bars)
2026-03-19 13:36:24,128 [INFO] [Tracking] FAKE OUT: Fan_H3_L2 0.25 (T+1 bars)
2026-03-19 13:36:24,129 [INFO] [IntDet] Bar 45 | 2026-03-13 12:15 | H=23338.90 L=23326.50 C=23333.30 | Fans=3 Lines=21
2026-03-19 13:36:24,129 [INFO]   [P3 (H3-L1)] main: lineP=23458.26 | bars_from_origin=28.0 slope=5.4200 | ABOVE gap=119.36
2026-03-19 13:36:24,129 [INFO]   [P3 (H3-L1)] 0.875: lineP=23424.28 | bars_from_origin=28.0 slope=4.2065 | ABOVE gap=85.38
2026-03-19 13:36:24,129 [INFO]   [P3 (H3-L1)] 0.75: lineP=23398.70 | bars_from_origin=28.0 slope=3.2929 | ABOVE gap=59.80
2026-03-19 13:36:24,129 [INFO]   [P3 (H3-L1)] 0.5: lineP=23360.96 | bars_from_origin=28.0 slope=1.9449 | ABOVE gap=22.06
2026-03-19 13:36:24,129 [INFO]   [P3 (H3-L1)] 0.25: lineP=23332.04 | bars_from_origin=28.0 slope=0.9121 | HIT gap=0.00
2026-03-19 13:36:24,129 [INFO]     >>> HIT RECORDED: P3 (H3-L1) frac=0.25 @ 23332.04
2026-03-19 13:36:24,130 [INFO]   [P3 (H3-L1)] 0.125: lineP=23319.08 | bars_from_origin=28.0 slope=0.4492 | BELOW gap=7.42
2026-03-19 13:36:24,130 [INFO]   [P3 (H3-L1)] main: lineP=23345.40 | bars_from_origin=8.0 slope=0.0000 | ABOVE gap=6.50
2026-03-19 13:36:24,130 [INFO]   [P1 (H3-L3)] main: lineP=23535.19 | bars_from_origin=15.0 slope=15.0357 | ABOVE gap=196.29
2026-03-19 13:36:24,130 [INFO]   [P1 (H3-L3)] 0.875: lineP=23437.62 | bars_from_origin=15.0 slope=8.5312 | ABOVE gap=98.72
2026-03-19 13:36:24,130 [INFO]   [P1 (H3-L3)] 0.75: lineP=23394.97 | bars_from_origin=15.0 slope=5.6881 | ABOVE gap=56.07
2026-03-19 13:36:24,130 [INFO]   [P1 (H3-L3)] 0.5: lineP=23352.79 | bars_from_origin=15.0 slope=2.8761 | ABOVE gap=13.89
2026-03-19 13:36:24,130 [INFO]   [P1 (H3-L3)] 0.25: lineP=23328.64 | bars_from_origin=15.0 slope=1.2660 | HIT gap=0.00
2026-03-19 13:36:24,130 [INFO]     >>> HIT RECORDED: P1 (H3-L3) frac=0.25 @ 23328.64
2026-03-19 13:36:24,130 [INFO]   [P1 (H3-L3)] 0.125: lineP=23318.88 | bars_from_origin=15.0 slope=0.6151 | BELOW gap=7.62
2026-03-19 13:36:24,131 [INFO]   [P1 (H3-L3)] main: lineP=23329.78 | bars_from_origin=8.0 slope=0.0000 | HIT gap=0.00
2026-03-19 13:36:24,131 [INFO]     >>> HIT RECORDED: P1 (H3-L3) frac=main @ 23329.78
2026-03-19 13:36:24,131 [INFO]   [P2 (H3-L2)] main: lineP=23475.24 | bars_from_origin=22.0 slope=7.5428 | ABOVE gap=136.34
2026-03-19 13:36:24,131 [INFO]   [P2 (H3-L2)] 0.875: lineP=23429.14 | bars_from_origin=22.0 slope=5.4471 | ABOVE gap=90.24
2026-03-19 13:36:24,131 [INFO]   [P2 (H3-L2)] 0.75: lineP=23399.00 | bars_from_origin=22.0 slope=4.0774 | ABOVE gap=60.10
2026-03-19 13:36:24,131 [INFO]   [P2 (H3-L2)] 0.5: lineP=23359.73 | bars_from_origin=22.0 slope=2.2923 | ABOVE gap=20.83
2026-03-19 13:36:24,131 [INFO]   [P2 (H3-L2)] 0.25: lineP=23332.43 | bars_from_origin=22.0 slope=1.0515 | HIT gap=0.00
2026-03-19 13:36:24,131 [INFO]     >>> HIT RECORDED: P2 (H3-L2) frac=0.25 @ 23332.43
2026-03-19 13:36:24,131 [INFO]   [P2 (H3-L2)] 0.125: lineP=23320.64 | bars_from_origin=22.0 slope=0.5154 | BELOW gap=5.86
2026-03-19 13:36:24,131 [INFO]   [P2 (H3-L2)] main: lineP=23341.39 | bars_from_origin=8.0 slope=0.0000 | ABOVE gap=2.49
2026-03-19 13:36:24,132 [INFO]   [IntDet] Total hits this bar: 4
2026-03-19 13:36:24,132 [INFO] [Study] Emitting intersection event (DIRECT): {'time': 1773384300, 'fan': 'P3 (H3-L1)', 'fanIdentity': 'H3-L1', 'fraction': '1/4', 'price': 23332.03787490706, 'type': 'SUPPORT_TEST', 'details': 'Resting / Throwback'}
2026-03-19 13:36:24,133 [INFO] [Study] Emitting intersection event (DIRECT): {'time': 1773384300, 'fan': 'P1 (H3-L3)', 'fanIdentity': 'H3-L3', 'fraction': '1/4', 'price': 23328.64078895681, 'type': 'SUPPORT_TEST', 'details': 'Resting / Throwback'}
2026-03-19 13:36:24,135 [INFO] [Study] Emitting intersection event (DIRECT): {'time': 1773384300, 'fan': 'P1 (H3-L3)', 'fanIdentity': 'H3-L3', 'fraction': 'Horizontal', 'price': 23329.783333861502, 'type': 'SUPPORT_TEST', 'details': 'Resting / Throwback'}
2026-03-19 13:36:24,137 [INFO] [Study] Emitting intersection event (DIRECT): {'time': 1773384300, 'fan': 'P2 (H3-L2)', 'fanIdentity': 'H3-L2', 'fraction': '1/4', 'price': 23332.43482285622, 'type': 'SUPPORT_TEST', 'details': 'Resting / Throwback'}
2026-03-19 13:36:24,139 [INFO] [Study] Removing invalidated/excess fan: Fan_H3_L3
2026-03-19 13:36:24,140 [INFO] [Study] Removing invalidated/excess fan: Fan_H3_L2
2026-03-19 13:36:24,140 [INFO] [Study] Removing invalidated/excess fan: Fan_H3_L1
2026-03-19 13:36:24,140 [INFO] [IntDet] Bar 46 | 2026-03-13 12:19 | H=23334.90 L=23291.45 C=23291.45 | Fans=0 Lines=0
2026-03-19 13:36:24,140 [INFO] [IntDet] Bar 47 | 2026-03-13 12:23 | H=23293.60 L=23266.50 C=23282.80 | Fans=0 Lines=0
2026-03-19 13:36:24,140 [INFO] [IntDet] Bar 48 | 2026-03-13 12:27 | H=23291.25 L=23270.45 C=23270.95 | Fans=0 Lines=0
2026-03-19 13:36:24,141 [INFO] [IntDet] Bar 49 | 2026-03-13 12:31 | H=23272.10 L=23228.80 C=23239.20 | Fans=0 Lines=0
2026-03-19 13:36:24,141 [INFO] [IntDet] Bar 50 | 2026-03-13 12:35 | H=23241.80 L=23211.50 C=23211.55 | Fans=0 Lines=0
2026-03-19 13:36:24,141 [INFO] [IntDet] Bar 51 | 2026-03-13 12:39 | H=23219.40 L=23193.90 C=23215.15 | Fans=0 Lines=0
2026-03-19 13:36:24,141 [INFO] [IntDet] Bar 52 | 2026-03-13 12:43 | H=23241.30 L=23210.20 C=23240.55 | Fans=0 Lines=0
2026-03-19 13:36:24,142 [INFO] [IntDet] Bar 53 | 2026-03-13 12:47 | H=23247.35 L=23230.75 C=23247.35 | Fans=0 Lines=0
2026-03-19 13:36:24,142 [INFO] [IntDet] Bar 54 | 2026-03-13 12:51 | H=23250.20 L=23213.55 C=23229.60 | Fans=0 Lines=0
2026-03-19 13:36:24,143 [INFO] [IntDet] Bar 55 | 2026-03-13 12:55 | H=23233.50 L=23213.30 C=23230.60 | Fans=0 Lines=0
2026-03-19 13:36:24,143 [INFO] [Study] Creating new fan: Fan_L4_H3 (P1 (L4-H3))
2026-03-19 13:36:24,143 [INFO] [AngleEngine] scale_ratio=3.6603, slope_per_bar=-15.7857, visual_slope=-4.3127, theta=-76.95 deg
2026-03-19 13:36:24,143 [INFO] --- [AngleEngine] Fan Created: Fan_L4_H3 ---
2026-03-19 13:36:24,143 [INFO]   Origin: Bar 37, Time 1773382380, Price 23414.900390625
2026-03-19 13:36:24,144 [INFO]   Target: Bar 51, Time 1773385740, Price 23193.900390625
2026-03-19 13:36:24,144 [INFO]   Delta: db=14, dp_origin=-221.00
2026-03-19 13:36:24,144 [INFO]   Scale Params: Ratio=3.6603, Radius=61.98 bars, Slope/Bar=-15.7857
2026-03-19 13:36:24,144 [INFO]   Line 0.875: EndBar=1773385740 (approx), EndPrice=23292.23
2026-03-19 13:36:24,144 [INFO]   Line 0.75: EndBar=1773385740 (approx), EndPrice=23333.81
2026-03-19 13:36:24,144 [INFO]   Line 0.5: EndBar=1773385740 (approx), EndPrice=23374.18
2026-03-19 13:36:24,144 [INFO]   Line 0.25: EndBar=1773385740 (approx), EndPrice=23397.02
2026-03-19 13:36:24,144 [INFO]   Line 0.125: EndBar=1773385740 (approx), EndPrice=23406.22
2026-03-19 13:36:24,145 [INFO] [IntDet] Bar 56 | 2026-03-13 12:59 | H=23242.80 L=23223.15 C=23236.55 | Fans=1 Lines=7
2026-03-19 13:36:24,145 [INFO]   [P1 (L4-H3)] main: lineP=23114.97 | bars_from_origin=19.0 slope=-15.7857 | BELOW gap=108.18
2026-03-19 13:36:24,145 [INFO]   [P1 (L4-H3)] 0.875: lineP=23248.42 | bars_from_origin=19.0 slope=-8.7619 | ABOVE gap=5.62
2026-03-19 13:36:24,145 [INFO]   [P1 (L4-H3)] 0.75: lineP=23304.85 | bars_from_origin=19.0 slope=-5.7920 | ABOVE gap=62.05
2026-03-19 13:36:24,145 [INFO]   [P1 (L4-H3)] 0.5: lineP=23359.64 | bars_from_origin=19.0 slope=-2.9087 | ABOVE gap=116.83
2026-03-19 13:36:24,145 [INFO]   [P1 (L4-H3)] 0.25: lineP=23390.63 | bars_from_origin=19.0 slope=-1.2773 | ABOVE gap=147.83
2026-03-19 13:36:24,145 [INFO]   [P1 (L4-H3)] 0.125: lineP=23403.11 | bars_from_origin=19.0 slope=-0.6203 | ABOVE gap=160.31
2026-03-19 13:36:24,145 [INFO]   [P1 (L4-H3)] main: lineP=23374.18 | bars_from_origin=5.0 slope=0.0000 | ABOVE gap=131.38
2026-03-19 13:36:24,146 [INFO] [IntDet] Bar 57 | 2026-03-13 13:03 | H=23238.30 L=23214.75 C=23222.50 | Fans=1 Lines=7
2026-03-19 13:36:24,146 [INFO]   [P1 (L4-H3)] main: lineP=23099.19 | bars_from_origin=20.0 slope=-15.7857 | BELOW gap=115.56
2026-03-19 13:36:24,146 [INFO]   [P1 (L4-H3)] 0.875: lineP=23239.66 | bars_from_origin=20.0 slope=-8.7619 | ABOVE gap=1.36
2026-03-19 13:36:24,146 [INFO]   [P1 (L4-H3)] 0.75: lineP=23299.06 | bars_from_origin=20.0 slope=-5.7920 | ABOVE gap=60.76
2026-03-19 13:36:24,146 [INFO]   [P1 (L4-H3)] 0.5: lineP=23356.73 | bars_from_origin=20.0 slope=-2.9087 | ABOVE gap=118.43
2026-03-19 13:36:24,146 [INFO]   [P1 (L4-H3)] 0.25: lineP=23389.36 | bars_from_origin=20.0 slope=-1.2773 | ABOVE gap=151.05
2026-03-19 13:36:24,146 [INFO]   [P1 (L4-H3)] 0.125: lineP=23402.49 | bars_from_origin=20.0 slope=-0.6203 | ABOVE gap=164.19
2026-03-19 13:36:24,146 [INFO]   [P1 (L4-H3)] main: lineP=23374.18 | bars_from_origin=6.0 slope=0.0000 | ABOVE gap=135.88
2026-03-19 13:36:24,147 [INFO] [Study] Removing invalidated/excess fan: Fan_L4_H3
2026-03-19 13:36:24,147 [INFO] [IntDet] Bar 58 | 2026-03-13 13:07 | H=23224.85 L=23183.25 C=23184.25 | Fans=0 Lines=0
2026-03-19 13:36:24,147 [INFO] [IntDet] Bar 59 | 2026-03-13 13:11 | H=23210.20 L=23175.05 C=23175.70 | Fans=0 Lines=0
2026-03-19 13:36:24,147 [INFO] [IntDet] Bar 60 | 2026-03-13 13:15 | H=23192.75 L=23171.85 C=23177.80 | Fans=0 Lines=0
2026-03-19 13:36:24,148 [INFO] [IntDet] Bar 61 | 2026-03-13 13:19 | H=23187.65 L=23169.35 C=23178.05 | Fans=0 Lines=0
2026-03-19 13:36:24,148 [INFO] [IntDet] Bar 62 | 2026-03-13 13:23 | H=23179.35 L=23138.15 C=23162.30 | Fans=0 Lines=0
2026-03-19 13:36:24,148 [INFO] [IntDet] Bar 63 | 2026-03-13 13:27 | H=23194.25 L=23159.15 C=23193.30 | Fans=0 Lines=0
2026-03-19 13:36:24,148 [INFO] [IntDet] Bar 64 | 2026-03-13 13:31 | H=23202.65 L=23166.40 C=23167.95 | Fans=0 Lines=0
2026-03-19 13:36:24,149 [INFO] [IntDet] Bar 65 | 2026-03-13 13:35 | H=23171.10 L=23144.85 C=23146.10 | Fans=0 Lines=0
2026-03-19 13:36:24,149 [INFO] [IntDet] Bar 66 | 2026-03-13 13:39 | H=23165.20 L=23133.00 C=23160.25 | Fans=0 Lines=0
2026-03-19 13:36:24,149 [INFO] [IntDet] Bar 67 | 2026-03-13 13:43 | H=23162.45 L=23148.85 C=23155.30 | Fans=0 Lines=0
2026-03-19 13:36:24,149 [INFO] [IntDet] Bar 68 | 2026-03-13 13:47 | H=23168.40 L=23150.40 C=23150.80 | Fans=0 Lines=0
2026-03-19 13:36:24,150 [INFO] [IntDet] Bar 69 | 2026-03-13 13:51 | H=23155.30 L=23120.45 C=23138.25 | Fans=0 Lines=0
2026-03-19 13:36:24,150 [INFO] [IntDet] Bar 70 | 2026-03-13 13:55 | H=23150.30 L=23125.20 C=23126.90 | Fans=0 Lines=0
2026-03-19 13:36:24,150 [INFO] [IntDet] Bar 71 | 2026-03-13 13:59 | H=23154.75 L=23113.30 C=23152.35 | Fans=0 Lines=0
2026-03-19 13:36:24,151 [INFO] [IntDet] Bar 72 | 2026-03-13 14:03 | H=23172.60 L=23142.25 C=23168.40 | Fans=0 Lines=0
2026-03-19 13:36:24,151 [INFO] [IntDet] Bar 73 | 2026-03-13 14:07 | H=23183.10 L=23165.75 C=23176.40 | Fans=0 Lines=0
2026-03-19 13:36:24,151 [INFO] [IntDet] Bar 74 | 2026-03-13 14:11 | H=23205.50 L=23167.50 C=23201.85 | Fans=0 Lines=0
2026-03-19 13:36:24,152 [INFO] [IntDet] Bar 75 | 2026-03-13 14:15 | H=23208.05 L=23182.75 C=23187.40 | Fans=0 Lines=0
2026-03-19 13:36:24,152 [INFO] [Study] Creating new fan: Fan_L4_H3 (P1 (L4-H3))
2026-03-19 13:36:24,152 [INFO] [AngleEngine] scale_ratio=3.6603, slope_per_bar=-8.8706, visual_slope=-2.4235, theta=-67.58 deg
2026-03-19 13:36:24,152 [INFO] --- [AngleEngine] Fan Created: Fan_L4_H3 ---
2026-03-19 13:36:24,152 [INFO]   Origin: Bar 37, Time 1773382380, Price 23414.900390625
2026-03-19 13:36:24,152 [INFO]   Target: Bar 71, Time 1773390540, Price 23113.30078125
2026-03-19 13:36:24,153 [INFO]   Delta: db=34, dp_origin=-301.60
2026-03-19 13:36:24,153 [INFO]   Scale Params: Ratio=3.6603, Radius=89.14 bars, Slope/Bar=-8.8706
2026-03-19 13:36:24,153 [INFO]   Line 0.875: EndBar=1773390540 (approx), EndPrice=23206.71
2026-03-19 13:36:24,153 [INFO]   Line 0.75: EndBar=1773390540 (approx), EndPrice=23262.94
2026-03-19 13:36:24,153 [INFO]   Line 0.5: EndBar=1773390540 (approx), EndPrice=23331.62
2026-03-19 13:36:24,153 [INFO]   Line 0.25: EndBar=1773390540 (approx), EndPrice=23377.10
2026-03-19 13:36:24,153 [INFO]   Line 0.125: EndBar=1773390540 (approx), EndPrice=23396.42
2026-03-19 13:36:24,153 [INFO] [IntDet] Bar 76 | 2026-03-13 14:19 | H=23233.50 L=23187.30 C=23211.85 | Fans=1 Lines=7
2026-03-19 13:36:24,153 [INFO]   [P1 (L4-H3)] main: lineP=23068.95 | bars_from_origin=39.0 slope=-8.8706 | BELOW gap=118.35
2026-03-19 13:36:24,154 [INFO]   [P1 (L4-H3)] 0.875: lineP=23176.09 | bars_from_origin=39.0 slope=-6.1232 | BELOW gap=11.21
2026-03-19 13:36:24,154 [INFO]   [P1 (L4-H3)] 0.75: lineP=23240.60 | bars_from_origin=39.0 slope=-4.4693 | ABOVE gap=7.10
2026-03-19 13:36:24,154 [INFO]   [P1 (L4-H3)] 0.5: lineP=23319.38 | bars_from_origin=39.0 slope=-2.4493 | ABOVE gap=85.88
2026-03-19 13:36:24,154 [INFO]   [P1 (L4-H3)] 0.25: lineP=23371.54 | bars_from_origin=39.0 slope=-1.1117 | ABOVE gap=138.04
2026-03-19 13:36:24,154 [INFO]   [P1 (L4-H3)] 0.125: lineP=23393.70 | bars_from_origin=39.0 slope=-0.5436 | ABOVE gap=160.20
2026-03-19 13:36:24,154 [INFO]   [P1 (L4-H3)] main: lineP=23331.62 | bars_from_origin=5.0 slope=0.0000 | ABOVE gap=98.12
2026-03-19 13:36:24,154 [INFO] [IntDet] Bar 77 | 2026-03-13 14:23 | H=23218.85 L=23199.75 C=23203.85 | Fans=1 Lines=7
2026-03-19 13:36:24,154 [INFO]   [P1 (L4-H3)] main: lineP=23060.08 | bars_from_origin=40.0 slope=-8.8706 | BELOW gap=139.67
2026-03-19 13:36:24,155 [INFO]   [P1 (L4-H3)] 0.875: lineP=23169.97 | bars_from_origin=40.0 slope=-6.1232 | BELOW gap=29.78
2026-03-19 13:36:24,155 [INFO]   [P1 (L4-H3)] 0.75: lineP=23236.13 | bars_from_origin=40.0 slope=-4.4693 | ABOVE gap=17.28
2026-03-19 13:36:24,155 [INFO]   [P1 (L4-H3)] 0.5: lineP=23316.93 | bars_from_origin=40.0 slope=-2.4493 | ABOVE gap=98.08
2026-03-19 13:36:24,155 [INFO]   [P1 (L4-H3)] 0.25: lineP=23370.43 | bars_from_origin=40.0 slope=-1.1117 | ABOVE gap=151.58
2026-03-19 13:36:24,155 [INFO]   [P1 (L4-H3)] 0.125: lineP=23393.16 | bars_from_origin=40.0 slope=-0.5436 | ABOVE gap=174.31
2026-03-19 13:36:24,155 [INFO]   [P1 (L4-H3)] main: lineP=23331.62 | bars_from_origin=6.0 slope=0.0000 | ABOVE gap=112.77
2026-03-19 13:36:24,155 [INFO] [IntDet] Bar 78 | 2026-03-13 14:27 | H=23227.45 L=23202.50 C=23222.80 | Fans=1 Lines=7
2026-03-19 13:36:24,156 [INFO]   [P1 (L4-H3)] main: lineP=23051.21 | bars_from_origin=41.0 slope=-8.8706 | BELOW gap=151.29
2026-03-19 13:36:24,156 [INFO]   [P1 (L4-H3)] 0.875: lineP=23163.85 | bars_from_origin=41.0 slope=-6.1232 | BELOW gap=38.65
2026-03-19 13:36:24,156 [INFO]   [P1 (L4-H3)] 0.75: lineP=23231.66 | bars_from_origin=41.0 slope=-4.4693 | ABOVE gap=4.21
2026-03-19 13:36:24,156 [INFO]   [P1 (L4-H3)] 0.5: lineP=23314.48 | bars_from_origin=41.0 slope=-2.4493 | ABOVE gap=87.03
2026-03-19 13:36:24,156 [INFO]   [P1 (L4-H3)] 0.25: lineP=23369.32 | bars_from_origin=41.0 slope=-1.1117 | ABOVE gap=141.87
2026-03-19 13:36:24,156 [INFO]   [P1 (L4-H3)] 0.125: lineP=23392.61 | bars_from_origin=41.0 slope=-0.5436 | ABOVE gap=165.16
2026-03-19 13:36:24,156 [INFO]   [P1 (L4-H3)] main: lineP=23331.62 | bars_from_origin=7.0 slope=0.0000 | ABOVE gap=104.17
2026-03-19 13:36:24,157 [INFO] [IntDet] Bar 79 | 2026-03-13 14:31 | H=23258.60 L=23212.05 C=23235.50 | Fans=1 Lines=7
2026-03-19 13:36:24,157 [INFO]   [P1 (L4-H3)] main: lineP=23042.34 | bars_from_origin=42.0 slope=-8.8706 | BELOW gap=169.71
2026-03-19 13:36:24,157 [INFO]   [P1 (L4-H3)] 0.875: lineP=23157.73 | bars_from_origin=42.0 slope=-6.1232 | BELOW gap=54.33
2026-03-19 13:36:24,157 [INFO]   [P1 (L4-H3)] 0.75: lineP=23227.19 | bars_from_origin=42.0 slope=-4.4693 | HIT gap=0.00
2026-03-19 13:36:24,157 [INFO]     >>> HIT RECORDED: P1 (L4-H3) frac=0.75 @ 23227.19
2026-03-19 13:36:24,157 [INFO]   [P1 (L4-H3)] 0.5: lineP=23312.03 | bars_from_origin=42.0 slope=-2.4493 | ABOVE gap=53.43
2026-03-19 13:36:24,157 [INFO]   [P1 (L4-H3)] 0.25: lineP=23368.21 | bars_from_origin=42.0 slope=-1.1117 | ABOVE gap=109.61
2026-03-19 13:36:24,157 [INFO]   [P1 (L4-H3)] 0.125: lineP=23392.07 | bars_from_origin=42.0 slope=-0.5436 | ABOVE gap=133.47
2026-03-19 13:36:24,157 [INFO]   [P1 (L4-H3)] main: lineP=23331.62 | bars_from_origin=8.0 slope=0.0000 | ABOVE gap=73.02
2026-03-19 13:36:24,157 [INFO]   [IntDet] Total hits this bar: 1
2026-03-19 13:36:24,158 [INFO] [Study] Emitting intersection event (DIRECT): {'time': 1773392460, 'fan': 'P1 (L4-H3)', 'fanIdentity': 'L4-H3', 'fraction': '3/4', 'price': 23227.189681400723, 'type': 'CROSS_UP', 'details': 'Breakout Attempt'}
2026-03-19 13:36:24,162 [INFO] [IntDet] Bar 80 | 2026-03-13 14:35 | H=23249.05 L=23217.00 C=23228.30 | Fans=1 Lines=7
2026-03-19 13:36:24,162 [INFO]   [P1 (L4-H3)] main: lineP=23033.47 | bars_from_origin=43.0 slope=-8.8706 | BELOW gap=183.53
2026-03-19 13:36:24,162 [INFO]   [P1 (L4-H3)] 0.875: lineP=23151.60 | bars_from_origin=43.0 slope=-6.1232 | BELOW gap=65.40
2026-03-19 13:36:24,162 [INFO]   [P1 (L4-H3)] 0.75: lineP=23222.72 | bars_from_origin=43.0 slope=-4.4693 | HIT gap=0.00
2026-03-19 13:36:24,162 [INFO]     >>> HIT RECORDED: P1 (L4-H3) frac=0.75 @ 23222.72
2026-03-19 13:36:24,162 [INFO]   [P1 (L4-H3)] 0.5: lineP=23309.58 | bars_from_origin=43.0 slope=-2.4493 | ABOVE gap=60.53
2026-03-19 13:36:24,162 [INFO]   [P1 (L4-H3)] 0.25: lineP=23367.10 | bars_from_origin=43.0 slope=-1.1117 | ABOVE gap=118.05
2026-03-19 13:36:24,163 [INFO]   [P1 (L4-H3)] 0.125: lineP=23391.53 | bars_from_origin=43.0 slope=-0.5436 | ABOVE gap=142.48
2026-03-19 13:36:24,163 [INFO]   [P1 (L4-H3)] main: lineP=23331.62 | bars_from_origin=9.0 slope=0.0000 | ABOVE gap=82.57
2026-03-19 13:36:24,163 [INFO]   [IntDet] Total hits this bar: 1
2026-03-19 13:36:24,163 [INFO] [Study] Emitting intersection event (DIRECT): {'time': 1773392700, 'fan': 'P1 (L4-H3)', 'fanIdentity': 'L4-H3', 'fraction': '3/4', 'price': 23222.720378800146, 'type': 'SUPPORT_TEST', 'details': 'Resting / Throwback'}
2026-03-19 13:36:24,166 [INFO] [IntDet] Bar 81 | 2026-03-13 14:39 | H=23232.20 L=23205.65 C=23208.95 | Fans=1 Lines=7
2026-03-19 13:36:24,166 [INFO]   [P1 (L4-H3)] main: lineP=23024.60 | bars_from_origin=44.0 slope=-8.8706 | BELOW gap=181.06
2026-03-19 13:36:24,166 [INFO]   [P1 (L4-H3)] 0.875: lineP=23145.48 | bars_from_origin=44.0 slope=-6.1232 | BELOW gap=60.17
2026-03-19 13:36:24,166 [INFO]   [P1 (L4-H3)] 0.75: lineP=23218.25 | bars_from_origin=44.0 slope=-4.4693 | HIT gap=0.00
2026-03-19 13:36:24,166 [INFO]     >>> HIT RECORDED: P1 (L4-H3) frac=0.75 @ 23218.25
2026-03-19 13:36:24,166 [INFO]   [P1 (L4-H3)] 0.5: lineP=23307.13 | bars_from_origin=44.0 slope=-2.4493 | ABOVE gap=74.93
2026-03-19 13:36:24,166 [INFO]   [P1 (L4-H3)] 0.25: lineP=23365.99 | bars_from_origin=44.0 slope=-1.1117 | ABOVE gap=133.79
2026-03-19 13:36:24,167 [INFO]   [P1 (L4-H3)] 0.125: lineP=23390.98 | bars_from_origin=44.0 slope=-0.5436 | ABOVE gap=158.78
2026-03-19 13:36:24,167 [INFO]   [P1 (L4-H3)] main: lineP=23331.62 | bars_from_origin=10.0 slope=0.0000 | ABOVE gap=99.42
2026-03-19 13:36:24,167 [INFO]   [IntDet] Total hits this bar: 1
2026-03-19 13:36:24,167 [INFO] [Study] Emitting intersection event (DIRECT): {'time': 1773392940, 'fan': 'P1 (L4-H3)', 'fanIdentity': 'L4-H3', 'fraction': '3/4', 'price': 23218.251076199565, 'type': 'CROSS_DOWN', 'details': 'Breakdown Attempt'}
2026-03-19 13:36:24,169 [INFO] [Tracking] FAKE OUT: Fan_L4_H3 0.75 (T+2 bars)
2026-03-19 13:36:24,170 [INFO] [IntDet] Bar 82 | 2026-03-13 14:43 | H=23231.55 L=23188.70 C=23189.60 | Fans=1 Lines=7
2026-03-19 13:36:24,170 [INFO]   [P1 (L4-H3)] main: lineP=23015.72 | bars_from_origin=45.0 slope=-8.8706 | BELOW gap=172.97
2026-03-19 13:36:24,170 [INFO]   [P1 (L4-H3)] 0.875: lineP=23139.36 | bars_from_origin=45.0 slope=-6.1232 | BELOW gap=49.34
2026-03-19 13:36:24,170 [INFO]   [P1 (L4-H3)] 0.75: lineP=23213.78 | bars_from_origin=45.0 slope=-4.4693 | HIT gap=0.00
2026-03-19 13:36:24,170 [INFO]     >>> HIT RECORDED: P1 (L4-H3) frac=0.75 @ 23213.78
2026-03-19 13:36:24,170 [INFO]   [P1 (L4-H3)] 0.5: lineP=23304.68 | bars_from_origin=45.0 slope=-2.4493 | ABOVE gap=73.13
2026-03-19 13:36:24,171 [INFO]   [P1 (L4-H3)] 0.25: lineP=23364.87 | bars_from_origin=45.0 slope=-1.1117 | ABOVE gap=133.32
2026-03-19 13:36:24,171 [INFO]   [P1 (L4-H3)] 0.125: lineP=23390.44 | bars_from_origin=45.0 slope=-0.5436 | ABOVE gap=158.89
2026-03-19 13:36:24,171 [INFO]   [P1 (L4-H3)] main: lineP=23331.62 | bars_from_origin=11.0 slope=0.0000 | ABOVE gap=100.07
2026-03-19 13:36:24,171 [INFO]   [IntDet] Total hits this bar: 1
2026-03-19 13:36:24,171 [INFO] [Study] Emitting intersection event (DIRECT): {'time': 1773393180, 'fan': 'P1 (L4-H3)', 'fanIdentity': 'L4-H3', 'fraction': '3/4', 'price': 23213.78177359899, 'type': 'RESISTANCE_TEST', 'details': 'Rejection / Pullback'}
2026-03-19 13:36:24,173 [INFO] [IntDet] Bar 83 | 2026-03-13 14:47 | H=23212.20 L=23177.55 C=23208.65 | Fans=1 Lines=7
2026-03-19 13:36:24,173 [INFO]   [P1 (L4-H3)] main: lineP=23006.85 | bars_from_origin=46.0 slope=-8.8706 | BELOW gap=170.70
2026-03-19 13:36:24,174 [INFO]   [P1 (L4-H3)] 0.875: lineP=23133.23 | bars_from_origin=46.0 slope=-6.1232 | BELOW gap=44.32
2026-03-19 13:36:24,174 [INFO]   [P1 (L4-H3)] 0.75: lineP=23209.31 | bars_from_origin=46.0 slope=-4.4693 | HIT gap=0.00
2026-03-19 13:36:24,174 [INFO]     >>> HIT RECORDED: P1 (L4-H3) frac=0.75 @ 23209.31
2026-03-19 13:36:24,174 [INFO]   [P1 (L4-H3)] 0.5: lineP=23302.23 | bars_from_origin=46.0 slope=-2.4493 | ABOVE gap=90.03
2026-03-19 13:36:24,174 [INFO]   [P1 (L4-H3)] 0.25: lineP=23363.76 | bars_from_origin=46.0 slope=-1.1117 | ABOVE gap=151.56
2026-03-19 13:36:24,174 [INFO]   [P1 (L4-H3)] 0.125: lineP=23389.90 | bars_from_origin=46.0 slope=-0.5436 | ABOVE gap=177.70
2026-03-19 13:36:24,174 [INFO]   [P1 (L4-H3)] main: lineP=23331.62 | bars_from_origin=12.0 slope=0.0000 | ABOVE gap=119.42
2026-03-19 13:36:24,175 [INFO]   [IntDet] Total hits this bar: 1
2026-03-19 13:36:24,175 [INFO] [Study] Emitting intersection event (DIRECT): {'time': 1773393420, 'fan': 'P1 (L4-H3)', 'fanIdentity': 'L4-H3', 'fraction': '3/4', 'price': 23209.31247099841, 'type': 'RESISTANCE_TEST', 'details': 'Rejection / Pullback'}
2026-03-19 13:36:24,177 [INFO] [Study] Updating fan priority: Fan_L4_H3 -> P2 (L4-H3)
2026-03-19 13:36:24,177 [INFO] [Study] Creating new fan: Fan_H4_L4 (P1 (H4-L4))
2026-03-19 13:36:24,178 [INFO] [AngleEngine] scale_ratio=3.6603, slope_per_bar=18.1624, visual_slope=4.9620, theta=78.61 deg
2026-03-19 13:36:24,178 [INFO] --- [AngleEngine] Fan Created: Fan_H4_L4 ---
2026-03-19 13:36:24,179 [INFO]   Origin: Bar 71, Time 1773390540, Price 23113.30078125
2026-03-19 13:36:24,179 [INFO]   Target: Bar 79, Time 1773392460, Price 23258.599609375
2026-03-19 13:36:24,179 [INFO]   Delta: db=8, dp_origin=145.30
2026-03-19 13:36:24,179 [INFO]   Scale Params: Ratio=3.6603, Radius=40.49 bars, Slope/Bar=18.1624
2026-03-19 13:36:24,179 [INFO]   Line 0.875: EndBar=1773392460 (approx), EndPrice=23188.72
2026-03-19 13:36:24,179 [INFO]   Line 0.75: EndBar=1773392460 (approx), EndPrice=23161.95
2026-03-19 13:36:24,179 [INFO]   Line 0.5: EndBar=1773392460 (approx), EndPrice=23137.27
2026-03-19 13:36:24,179 [INFO]   Line 0.25: EndBar=1773392460 (approx), EndPrice=23123.76
2026-03-19 13:36:24,179 [INFO]   Line 0.125: EndBar=1773392460 (approx), EndPrice=23118.37
2026-03-19 13:36:24,180 [INFO] [IntDet] Bar 84 | 2026-03-13 14:51 | H=23212.50 L=23166.60 C=23167.35 | Fans=2 Lines=14
2026-03-19 13:36:24,180 [INFO]   [P2 (L4-H3)] main: lineP=22997.98 | bars_from_origin=47.0 slope=-8.8706 | BELOW gap=168.62
2026-03-19 13:36:24,180 [INFO]   [P2 (L4-H3)] 0.875: lineP=23127.11 | bars_from_origin=47.0 slope=-6.1232 | BELOW gap=39.49
2026-03-19 13:36:24,180 [INFO]   [P2 (L4-H3)] 0.75: lineP=23204.84 | bars_from_origin=47.0 slope=-4.4693 | HIT gap=0.00
2026-03-19 13:36:24,180 [INFO]     >>> HIT RECORDED: P2 (L4-H3) frac=0.75 @ 23204.84
2026-03-19 13:36:24,180 [INFO]   [P2 (L4-H3)] 0.5: lineP=23299.78 | bars_from_origin=47.0 slope=-2.4493 | ABOVE gap=87.28
2026-03-19 13:36:24,180 [INFO]   [P2 (L4-H3)] 0.25: lineP=23362.65 | bars_from_origin=47.0 slope=-1.1117 | ABOVE gap=150.15
2026-03-19 13:36:24,180 [INFO]   [P2 (L4-H3)] 0.125: lineP=23389.35 | bars_from_origin=47.0 slope=-0.5436 | ABOVE gap=176.85
2026-03-19 13:36:24,180 [INFO]   [P2 (L4-H3)] main: lineP=23331.62 | bars_from_origin=13.0 slope=0.0000 | ABOVE gap=119.12
2026-03-19 13:36:24,180 [INFO]   [P1 (H4-L4)] main: lineP=23349.41 | bars_from_origin=13.0 slope=18.1624 | ABOVE gap=136.91
2026-03-19 13:36:24,181 [INFO]   [P1 (H4-L4)] 0.875: lineP=23235.85 | bars_from_origin=13.0 slope=9.4270 | ABOVE gap=23.35
2026-03-19 13:36:24,181 [INFO]   [P1 (H4-L4)] 0.75: lineP=23192.35 | bars_from_origin=13.0 slope=6.0808 | HIT gap=0.00
2026-03-19 13:36:24,181 [INFO]     >>> HIT RECORDED: P1 (H4-L4) frac=0.75 @ 23192.35
2026-03-19 13:36:24,181 [INFO]   [P1 (H4-L4)] 0.5: lineP=23152.25 | bars_from_origin=13.0 slope=2.9962 | BELOW gap=14.35
2026-03-19 13:36:24,181 [INFO]   [P1 (H4-L4)] 0.25: lineP=23130.29 | bars_from_origin=13.0 slope=1.3071 | BELOW gap=36.31
2026-03-19 13:36:24,181 [INFO]   [P1 (H4-L4)] 0.125: lineP=23121.54 | bars_from_origin=13.0 slope=0.6339 | BELOW gap=45.06
2026-03-19 13:36:24,181 [INFO]   [P1 (H4-L4)] main: lineP=23137.27 | bars_from_origin=5.0 slope=0.0000 | BELOW gap=29.33
2026-03-19 13:36:24,181 [INFO]   [IntDet] Total hits this bar: 2
2026-03-19 13:36:24,181 [INFO] [Study] Emitting intersection event (DIRECT): {'time': 1773393660, 'fan': 'P2 (L4-H3)', 'fanIdentity': 'L4-H3', 'fraction': '3/4', 'price': 23204.843168397834, 'type': 'CROSS_DOWN', 'details': 'Breakdown Attempt'}
2026-03-19 13:36:24,185 [INFO] [Study] Emitting intersection event (DIRECT): {'time': 1773393660, 'fan': 'P1 (H4-L4)', 'fanIdentity': 'H4-L4', 'fraction': '3/4', 'price': 23192.350669914154, 'type': 'CROSS_DOWN', 'details': 'Breakdown Attempt'}
2026-03-19 13:36:24,191 [INFO] [IntDet] Bar 85 | 2026-03-13 14:55 | H=23175.15 L=23144.55 C=23165.65 | Fans=2 Lines=14
2026-03-19 13:36:24,191 [INFO]   [P2 (L4-H3)] main: lineP=22989.11 | bars_from_origin=48.0 slope=-8.8706 | BELOW gap=155.44
2026-03-19 13:36:24,191 [INFO]   [P2 (L4-H3)] 0.875: lineP=23120.99 | bars_from_origin=48.0 slope=-6.1232 | BELOW gap=23.57
2026-03-19 13:36:24,191 [INFO]   [P2 (L4-H3)] 0.75: lineP=23200.37 | bars_from_origin=48.0 slope=-4.4693 | ABOVE gap=25.22
2026-03-19 13:36:24,191 [INFO]   [P2 (L4-H3)] 0.5: lineP=23297.33 | bars_from_origin=48.0 slope=-2.4493 | ABOVE gap=122.18
2026-03-19 13:36:24,191 [INFO]   [P2 (L4-H3)] 0.25: lineP=23361.54 | bars_from_origin=48.0 slope=-1.1117 | ABOVE gap=186.39
2026-03-19 13:36:24,191 [INFO]   [P2 (L4-H3)] 0.125: lineP=23388.81 | bars_from_origin=48.0 slope=-0.5436 | ABOVE gap=213.66
2026-03-19 13:36:24,191 [INFO]   [P2 (L4-H3)] main: lineP=23331.62 | bars_from_origin=14.0 slope=0.0000 | ABOVE gap=156.47
2026-03-19 13:36:24,192 [INFO]   [P1 (H4-L4)] main: lineP=23367.57 | bars_from_origin=14.0 slope=18.1624 | ABOVE gap=192.42
2026-03-19 13:36:24,192 [INFO]   [P1 (H4-L4)] 0.875: lineP=23245.28 | bars_from_origin=14.0 slope=9.4270 | ABOVE gap=70.13
2026-03-19 13:36:24,192 [INFO]   [P1 (H4-L4)] 0.75: lineP=23198.43 | bars_from_origin=14.0 slope=6.0808 | ABOVE gap=23.28
2026-03-19 13:36:24,192 [INFO]   [P1 (H4-L4)] 0.5: lineP=23155.25 | bars_from_origin=14.0 slope=2.9962 | HIT gap=0.00
2026-03-19 13:36:24,192 [INFO]     >>> HIT RECORDED: P1 (H4-L4) frac=0.5 @ 23155.25
2026-03-19 13:36:24,192 [INFO]   [P1 (H4-L4)] 0.25: lineP=23131.60 | bars_from_origin=14.0 slope=1.3071 | BELOW gap=12.95
2026-03-19 13:36:24,192 [INFO]   [P1 (H4-L4)] 0.125: lineP=23122.18 | bars_from_origin=14.0 slope=0.6339 | BELOW gap=22.37
2026-03-19 13:36:24,192 [INFO]   [P1 (H4-L4)] main: lineP=23137.27 | bars_from_origin=6.0 slope=0.0000 | BELOW gap=7.28
2026-03-19 13:36:24,193 [INFO]   [IntDet] Total hits this bar: 1
2026-03-19 13:36:24,193 [INFO] [Study] Emitting intersection event (DIRECT): {'time': 1773393900, 'fan': 'P1 (H4-L4)', 'fanIdentity': 'H4-L4', 'fraction': '1/2', 'price': 23155.24791293659, 'type': 'SUPPORT_TEST', 'details': 'Resting / Throwback'}
2026-03-19 13:36:24,196 [INFO] [Tracking] Breach CONFIRMED: Fan_L4_H3 0.75 down (T+1 bars)
2026-03-19 13:36:24,196 [INFO] [Tracking] Breach CONFIRMED: Fan_H4_L4 0.75 down (T+1 bars)
2026-03-19 13:36:24,197 [INFO] [IntDet] Bar 86 | 2026-03-13 14:59 | H=23190.55 L=23162.10 C=23168.80 | Fans=2 Lines=14
2026-03-19 13:36:24,197 [INFO]   [P2 (L4-H3)] main: lineP=22980.24 | bars_from_origin=49.0 slope=-8.8706 | BELOW gap=181.86
2026-03-19 13:36:24,197 [INFO]   [P2 (L4-H3)] 0.875: lineP=23114.86 | bars_from_origin=49.0 slope=-6.1232 | BELOW gap=47.24
2026-03-19 13:36:24,197 [INFO]   [P2 (L4-H3)] 0.75: lineP=23195.90 | bars_from_origin=49.0 slope=-4.4693 | ABOVE gap=5.35
2026-03-19 13:36:24,197 [INFO]   [P2 (L4-H3)] 0.5: lineP=23294.88 | bars_from_origin=49.0 slope=-2.4493 | ABOVE gap=104.33
2026-03-19 13:36:24,197 [INFO]   [P2 (L4-H3)] 0.25: lineP=23360.43 | bars_from_origin=49.0 slope=-1.1117 | ABOVE gap=169.88
2026-03-19 13:36:24,197 [INFO]   [P2 (L4-H3)] 0.125: lineP=23388.26 | bars_from_origin=49.0 slope=-0.5436 | ABOVE gap=197.71
2026-03-19 13:36:24,198 [INFO]   [P2 (L4-H3)] main: lineP=23331.62 | bars_from_origin=15.0 slope=0.0000 | ABOVE gap=141.07
2026-03-19 13:36:24,198 [INFO]   [P1 (H4-L4)] main: lineP=23385.74 | bars_from_origin=15.0 slope=18.1624 | ABOVE gap=195.19
2026-03-19 13:36:24,198 [INFO]   [P1 (H4-L4)] 0.875: lineP=23254.71 | bars_from_origin=15.0 slope=9.4270 | ABOVE gap=64.16
2026-03-19 13:36:24,198 [INFO]   [P1 (H4-L4)] 0.75: lineP=23204.51 | bars_from_origin=15.0 slope=6.0808 | ABOVE gap=13.96
2026-03-19 13:36:24,198 [INFO]   [P1 (H4-L4)] 0.5: lineP=23158.24 | bars_from_origin=15.0 slope=2.9962 | BELOW gap=3.86
2026-03-19 13:36:24,198 [INFO]   [P1 (H4-L4)] 0.25: lineP=23132.91 | bars_from_origin=15.0 slope=1.3071 | BELOW gap=29.19
2026-03-19 13:36:24,198 [INFO]   [P1 (H4-L4)] 0.125: lineP=23122.81 | bars_from_origin=15.0 slope=0.6339 | BELOW gap=39.29
2026-03-19 13:36:24,198 [INFO]   [P1 (H4-L4)] main: lineP=23137.27 | bars_from_origin=7.0 slope=0.0000 | BELOW gap=24.83
2026-03-19 13:36:24,199 [INFO] [IntDet] Bar 87 | 2026-03-13 15:03 | H=23168.85 L=23133.10 C=23135.35 | Fans=2 Lines=14
2026-03-19 13:36:24,199 [INFO]   [P2 (L4-H3)] main: lineP=22971.37 | bars_from_origin=50.0 slope=-8.8706 | BELOW gap=161.73
2026-03-19 13:36:24,199 [INFO]   [P2 (L4-H3)] 0.875: lineP=23108.74 | bars_from_origin=50.0 slope=-6.1232 | BELOW gap=24.36
2026-03-19 13:36:24,199 [INFO]   [P2 (L4-H3)] 0.75: lineP=23191.44 | bars_from_origin=50.0 slope=-4.4693 | ABOVE gap=22.59
2026-03-19 13:36:24,199 [INFO]   [P2 (L4-H3)] 0.5: lineP=23292.44 | bars_from_origin=50.0 slope=-2.4493 | ABOVE gap=123.59
2026-03-19 13:36:24,199 [INFO]   [P2 (L4-H3)] 0.25: lineP=23359.32 | bars_from_origin=50.0 slope=-1.1117 | ABOVE gap=190.47
2026-03-19 13:36:24,199 [INFO]   [P2 (L4-H3)] 0.125: lineP=23387.72 | bars_from_origin=50.0 slope=-0.5436 | ABOVE gap=218.87
2026-03-19 13:36:24,200 [INFO]   [P2 (L4-H3)] main: lineP=23331.62 | bars_from_origin=16.0 slope=0.0000 | ABOVE gap=162.77
2026-03-19 13:36:24,200 [INFO]   [P1 (H4-L4)] main: lineP=23403.90 | bars_from_origin=16.0 slope=18.1624 | ABOVE gap=235.05
2026-03-19 13:36:24,200 [INFO]   [P1 (H4-L4)] 0.875: lineP=23264.13 | bars_from_origin=16.0 slope=9.4270 | ABOVE gap=95.28
2026-03-19 13:36:24,200 [INFO]   [P1 (H4-L4)] 0.75: lineP=23210.59 | bars_from_origin=16.0 slope=6.0808 | ABOVE gap=41.74
2026-03-19 13:36:24,200 [INFO]   [P1 (H4-L4)] 0.5: lineP=23161.24 | bars_from_origin=16.0 slope=2.9962 | HIT gap=0.00
2026-03-19 13:36:24,200 [INFO]     >>> HIT RECORDED: P1 (H4-L4) frac=0.5 @ 23161.24
2026-03-19 13:36:24,200 [INFO]   [P1 (H4-L4)] 0.25: lineP=23134.21 | bars_from_origin=16.0 slope=1.3071 | HIT gap=0.00
2026-03-19 13:36:24,200 [INFO]     >>> HIT RECORDED: P1 (H4-L4) frac=0.25 @ 23134.21
2026-03-19 13:36:24,200 [INFO]   [P1 (H4-L4)] 0.125: lineP=23123.44 | bars_from_origin=16.0 slope=0.6339 | BELOW gap=9.66
2026-03-19 13:36:24,201 [INFO]   [P1 (H4-L4)] main: lineP=23137.27 | bars_from_origin=8.0 slope=0.0000 | HIT gap=0.00
2026-03-19 13:36:24,201 [INFO]     >>> HIT RECORDED: P1 (H4-L4) frac=main @ 23137.27
2026-03-19 13:36:24,201 [INFO]   [IntDet] Total hits this bar: 3
2026-03-19 13:36:24,201 [INFO] [Study] Emitting intersection event (DIRECT): {'time': 1773394380, 'fan': 'P1 (H4-L4)', 'fanIdentity': 'H4-L4', 'fraction': '1/2', 'price': 23161.240360320386, 'type': 'CROSS_DOWN', 'details': 'Breakdown Attempt'}
2026-03-19 13:36:24,204 [INFO] [Study] Emitting intersection event (DIRECT): {'time': 1773394380, 'fan': 'P1 (H4-L4)', 'fanIdentity': 'H4-L4', 'fraction': '1/4', 'price': 23134.214009834097, 'type': 'SUPPORT_TEST', 'details': 'Resting / Throwback'}
2026-03-19 13:36:24,206 [INFO] [Study] Emitting intersection event (DIRECT): {'time': 1773394380, 'fan': 'P1 (H4-L4)', 'fanIdentity': 'H4-L4', 'fraction': 'Horizontal', 'price': 23137.270570785193, 'type': 'CROSS_DOWN', 'details': 'Breakdown Attempt'}
2026-03-19 13:36:24,208 [INFO] [IntDet] Bar 88 | 2026-03-13 15:07 | H=23147.95 L=23125.10 C=23136.05 | Fans=2 Lines=14
2026-03-19 13:36:24,208 [INFO]   [P2 (L4-H3)] main: lineP=22962.50 | bars_from_origin=51.0 slope=-8.8706 | BELOW gap=162.60
2026-03-19 13:36:24,208 [INFO]   [P2 (L4-H3)] 0.875: lineP=23102.62 | bars_from_origin=51.0 slope=-6.1232 | BELOW gap=22.48
2026-03-19 13:36:24,209 [INFO]   [P2 (L4-H3)] 0.75: lineP=23186.97 | bars_from_origin=51.0 slope=-4.4693 | ABOVE gap=39.02
2026-03-19 13:36:24,209 [INFO]   [P2 (L4-H3)] 0.5: lineP=23289.99 | bars_from_origin=51.0 slope=-2.4493 | ABOVE gap=142.04
2026-03-19 13:36:24,209 [INFO]   [P2 (L4-H3)] 0.25: lineP=23358.20 | bars_from_origin=51.0 slope=-1.1117 | ABOVE gap=210.26
2026-03-19 13:36:24,209 [INFO]   [P2 (L4-H3)] 0.125: lineP=23387.18 | bars_from_origin=51.0 slope=-0.5436 | ABOVE gap=239.23
2026-03-19 13:36:24,209 [INFO]   [P2 (L4-H3)] main: lineP=23331.62 | bars_from_origin=17.0 slope=0.0000 | ABOVE gap=183.67
2026-03-19 13:36:24,209 [INFO]   [P1 (H4-L4)] main: lineP=23422.06 | bars_from_origin=17.0 slope=18.1624 | ABOVE gap=274.11
2026-03-19 13:36:24,209 [INFO]   [P1 (H4-L4)] 0.875: lineP=23273.56 | bars_from_origin=17.0 slope=9.4270 | ABOVE gap=125.61
2026-03-19 13:36:24,210 [INFO]   [P1 (H4-L4)] 0.75: lineP=23216.67 | bars_from_origin=17.0 slope=6.0808 | ABOVE gap=68.72
2026-03-19 13:36:24,210 [INFO]   [P1 (H4-L4)] 0.5: lineP=23164.24 | bars_from_origin=17.0 slope=2.9962 | ABOVE gap=16.29
2026-03-19 13:36:24,210 [INFO]   [P1 (H4-L4)] 0.25: lineP=23135.52 | bars_from_origin=17.0 slope=1.3071 | HIT gap=0.00
2026-03-19 13:36:24,210 [INFO]     >>> HIT RECORDED: P1 (H4-L4) frac=0.25 @ 23135.52
2026-03-19 13:36:24,210 [INFO]   [P1 (H4-L4)] 0.125: lineP=23124.08 | bars_from_origin=17.0 slope=0.6339 | BELOW gap=1.02
2026-03-19 13:36:24,210 [INFO]   [P1 (H4-L4)] main: lineP=23137.27 | bars_from_origin=9.0 slope=0.0000 | HIT gap=0.00
2026-03-19 13:36:24,210 [INFO]     >>> HIT RECORDED: P1 (H4-L4) frac=main @ 23137.27
2026-03-19 13:36:24,210 [INFO]   [IntDet] Total hits this bar: 2
2026-03-19 13:36:24,211 [INFO] [Study] Emitting intersection event (DIRECT): {'time': 1773394620, 'fan': 'P1 (H4-L4)', 'fanIdentity': 'H4-L4', 'fraction': '1/4', 'price': 23135.521086620603, 'type': 'CROSS_UP', 'details': 'Breakout Attempt'}
2026-03-19 13:36:24,214 [INFO] [Study] Emitting intersection event (DIRECT): {'time': 1773394620, 'fan': 'P1 (H4-L4)', 'fanIdentity': 'H4-L4', 'fraction': 'Horizontal', 'price': 23137.270570785193, 'type': 'RESISTANCE_TEST', 'details': 'Rejection / Pullback'}
2026-03-19 13:36:24,217 [INFO] [IntDet] Bar 89 | 2026-03-13 15:11 | H=23167.05 L=23133.95 C=23162.55 | Fans=2 Lines=14
2026-03-19 13:36:24,217 [INFO]   [P2 (L4-H3)] main: lineP=22953.63 | bars_from_origin=52.0 slope=-8.8706 | BELOW gap=180.32
2026-03-19 13:36:24,217 [INFO]   [P2 (L4-H3)] 0.875: lineP=23096.49 | bars_from_origin=52.0 slope=-6.1232 | BELOW gap=37.46
2026-03-19 13:36:24,217 [INFO]   [P2 (L4-H3)] 0.75: lineP=23182.50 | bars_from_origin=52.0 slope=-4.4693 | ABOVE gap=15.45
2026-03-19 13:36:24,217 [INFO]   [P2 (L4-H3)] 0.5: lineP=23287.54 | bars_from_origin=52.0 slope=-2.4493 | ABOVE gap=120.49
2026-03-19 13:36:24,217 [INFO]   [P2 (L4-H3)] 0.25: lineP=23357.09 | bars_from_origin=52.0 slope=-1.1117 | ABOVE gap=190.04
2026-03-19 13:36:24,217 [INFO]   [P2 (L4-H3)] 0.125: lineP=23386.63 | bars_from_origin=52.0 slope=-0.5436 | ABOVE gap=219.58
2026-03-19 13:36:24,217 [INFO]   [P2 (L4-H3)] main: lineP=23331.62 | bars_from_origin=18.0 slope=0.0000 | ABOVE gap=164.57
2026-03-19 13:36:24,218 [INFO]   [P1 (H4-L4)] main: lineP=23440.22 | bars_from_origin=18.0 slope=18.1624 | ABOVE gap=273.17
2026-03-19 13:36:24,218 [INFO]   [P1 (H4-L4)] 0.875: lineP=23282.99 | bars_from_origin=18.0 slope=9.4270 | ABOVE gap=115.94
2026-03-19 13:36:24,218 [INFO]   [P1 (H4-L4)] 0.75: lineP=23222.75 | bars_from_origin=18.0 slope=6.0808 | ABOVE gap=55.70
2026-03-19 13:36:24,218 [INFO]   [P1 (H4-L4)] 0.5: lineP=23167.23 | bars_from_origin=18.0 slope=2.9962 | ABOVE gap=0.18
2026-03-19 13:36:24,218 [INFO]   [P1 (H4-L4)] 0.25: lineP=23136.83 | bars_from_origin=18.0 slope=1.3071 | HIT gap=0.00
2026-03-19 13:36:24,218 [INFO]     >>> HIT RECORDED: P1 (H4-L4) frac=0.25 @ 23136.83
2026-03-19 13:36:24,218 [INFO]   [P1 (H4-L4)] 0.125: lineP=23124.71 | bars_from_origin=18.0 slope=0.6339 | BELOW gap=9.24
2026-03-19 13:36:24,218 [INFO]   [P1 (H4-L4)] main: lineP=23137.27 | bars_from_origin=10.0 slope=0.0000 | HIT gap=0.00
2026-03-19 13:36:24,218 [INFO]     >>> HIT RECORDED: P1 (H4-L4) frac=main @ 23137.27
2026-03-19 13:36:24,218 [INFO]   [IntDet] Total hits this bar: 2
2026-03-19 13:36:24,219 [INFO] [Study] Emitting intersection event (DIRECT): {'time': 1773394860, 'fan': 'P1 (H4-L4)', 'fanIdentity': 'H4-L4', 'fraction': '1/4', 'price': 23136.82816340711, 'type': 'CROSS_UP', 'details': 'Breakout Attempt'}
2026-03-19 13:36:24,220 [INFO] [Study] Emitting intersection event (DIRECT): {'time': 1773394860, 'fan': 'P1 (H4-L4)', 'fanIdentity': 'H4-L4', 'fraction': 'Horizontal', 'price': 23137.270570785193, 'type': 'CROSS_UP', 'details': 'Breakout Attempt'}
2026-03-19 13:36:24,222 [INFO] [Tracking] Breach CONFIRMED: Fan_H4_L4 0.25 up (T+1 bars)
2026-03-19 13:36:24,222 [INFO] [Tracking] FAKE OUT: Fan_H4_L4 0.5 (T+2 bars)
2026-03-19 13:36:24,223 [INFO] [Tracking] FAKE OUT: Fan_H4_L4 Horizontal (T+2 bars)
2026-03-19 13:36:24,223 [INFO] [IntDet] Bar 90 | 2026-03-13 15:15 | H=23165.15 L=23145.65 C=23151.15 | Fans=2 Lines=14
2026-03-19 13:36:24,223 [INFO]   [P2 (L4-H3)] main: lineP=22944.76 | bars_from_origin=53.0 slope=-8.8706 | BELOW gap=200.89
2026-03-19 13:36:24,224 [INFO]   [P2 (L4-H3)] 0.875: lineP=23090.37 | bars_from_origin=53.0 slope=-6.1232 | BELOW gap=55.28
2026-03-19 13:36:24,224 [INFO]   [P2 (L4-H3)] 0.75: lineP=23178.03 | bars_from_origin=53.0 slope=-4.4693 | ABOVE gap=12.88
2026-03-19 13:36:24,224 [INFO]   [P2 (L4-H3)] 0.5: lineP=23285.09 | bars_from_origin=53.0 slope=-2.4493 | ABOVE gap=119.94
2026-03-19 13:36:24,224 [INFO]   [P2 (L4-H3)] 0.25: lineP=23355.98 | bars_from_origin=53.0 slope=-1.1117 | ABOVE gap=190.83
2026-03-19 13:36:24,224 [INFO]   [P2 (L4-H3)] 0.125: lineP=23386.09 | bars_from_origin=53.0 slope=-0.5436 | ABOVE gap=220.94
2026-03-19 13:36:24,224 [INFO]   [P2 (L4-H3)] main: lineP=23331.62 | bars_from_origin=19.0 slope=0.0000 | ABOVE gap=166.47
2026-03-19 13:36:24,224 [INFO]   [P1 (H4-L4)] main: lineP=23458.39 | bars_from_origin=19.0 slope=18.1624 | ABOVE gap=293.24
2026-03-19 13:36:24,224 [INFO]   [P1 (H4-L4)] 0.875: lineP=23292.41 | bars_from_origin=19.0 slope=9.4270 | ABOVE gap=127.26
2026-03-19 13:36:24,224 [INFO]   [P1 (H4-L4)] 0.75: lineP=23228.84 | bars_from_origin=19.0 slope=6.0808 | ABOVE gap=63.68
2026-03-19 13:36:24,225 [INFO]   [P1 (H4-L4)] 0.5: lineP=23170.23 | bars_from_origin=19.0 slope=2.9962 | ABOVE gap=5.08
2026-03-19 13:36:24,225 [INFO]   [P1 (H4-L4)] 0.25: lineP=23138.14 | bars_from_origin=19.0 slope=1.3071 | BELOW gap=7.52
2026-03-19 13:36:24,225 [INFO]   [P1 (H4-L4)] 0.125: lineP=23125.35 | bars_from_origin=19.0 slope=0.6339 | BELOW gap=20.30
2026-03-19 13:36:24,225 [INFO]   [P1 (H4-L4)] main: lineP=23137.27 | bars_from_origin=11.0 slope=0.0000 | BELOW gap=8.38
2026-03-19 13:36:24,225 [INFO] [IntDet] Bar 91 | 2026-03-13 15:19 | H=23157.35 L=23143.20 C=23150.70 | Fans=2 Lines=14
2026-03-19 13:36:24,225 [INFO]   [P2 (L4-H3)] main: lineP=22935.89 | bars_from_origin=54.0 slope=-8.8706 | BELOW gap=207.31
2026-03-19 13:36:24,226 [INFO]   [P2 (L4-H3)] 0.875: lineP=23084.25 | bars_from_origin=54.0 slope=-6.1232 | BELOW gap=58.95
2026-03-19 13:36:24,226 [INFO]   [P2 (L4-H3)] 0.75: lineP=23173.56 | bars_from_origin=54.0 slope=-4.4693 | ABOVE gap=16.21
2026-03-19 13:36:24,226 [INFO]   [P2 (L4-H3)] 0.5: lineP=23282.64 | bars_from_origin=54.0 slope=-2.4493 | ABOVE gap=125.29
2026-03-19 13:36:24,226 [INFO]   [P2 (L4-H3)] 0.25: lineP=23354.87 | bars_from_origin=54.0 slope=-1.1117 | ABOVE gap=197.52
2026-03-19 13:36:24,226 [INFO]   [P2 (L4-H3)] 0.125: lineP=23385.55 | bars_from_origin=54.0 slope=-0.5436 | ABOVE gap=228.20
2026-03-19 13:36:24,226 [INFO]   [P2 (L4-H3)] main: lineP=23331.62 | bars_from_origin=20.0 slope=0.0000 | ABOVE gap=174.27
2026-03-19 13:36:24,226 [INFO]   [P1 (H4-L4)] main: lineP=23476.55 | bars_from_origin=20.0 slope=18.1624 | ABOVE gap=319.20
2026-03-19 13:36:24,227 [INFO]   [P1 (H4-L4)] 0.875: lineP=23301.84 | bars_from_origin=20.0 slope=9.4270 | ABOVE gap=144.49
2026-03-19 13:36:24,227 [INFO]   [P1 (H4-L4)] 0.75: lineP=23234.92 | bars_from_origin=20.0 slope=6.0808 | ABOVE gap=77.57
2026-03-19 13:36:24,227 [INFO]   [P1 (H4-L4)] 0.5: lineP=23173.23 | bars_from_origin=20.0 slope=2.9962 | ABOVE gap=15.88
2026-03-19 13:36:24,227 [INFO]   [P1 (H4-L4)] 0.25: lineP=23139.44 | bars_from_origin=20.0 slope=1.3071 | BELOW gap=3.76
2026-03-19 13:36:24,227 [INFO]   [P1 (H4-L4)] 0.125: lineP=23125.98 | bars_from_origin=20.0 slope=0.6339 | BELOW gap=17.22
2026-03-19 13:36:24,227 [INFO]   [P1 (H4-L4)] main: lineP=23137.27 | bars_from_origin=12.0 slope=0.0000 | BELOW gap=5.93
2026-03-19 13:36:24,227 [INFO] [IntDet] Bar 92 | 2026-03-13 15:23 | H=23164.50 L=23138.50 C=23161.50 | Fans=2 Lines=14
2026-03-19 13:36:24,228 [INFO]   [P2 (L4-H3)] main: lineP=22927.02 | bars_from_origin=55.0 slope=-8.8706 | BELOW gap=211.48
2026-03-19 13:36:24,228 [INFO]   [P2 (L4-H3)] 0.875: lineP=23078.12 | bars_from_origin=55.0 slope=-6.1232 | BELOW gap=60.38
2026-03-19 13:36:24,228 [INFO]   [P2 (L4-H3)] 0.75: lineP=23169.09 | bars_from_origin=55.0 slope=-4.4693 | ABOVE gap=4.59
2026-03-19 13:36:24,228 [INFO]   [P2 (L4-H3)] 0.5: lineP=23280.19 | bars_from_origin=55.0 slope=-2.4493 | ABOVE gap=115.69
2026-03-19 13:36:24,228 [INFO]   [P2 (L4-H3)] 0.25: lineP=23353.76 | bars_from_origin=55.0 slope=-1.1117 | ABOVE gap=189.26
2026-03-19 13:36:24,228 [INFO]   [P2 (L4-H3)] 0.125: lineP=23385.00 | bars_from_origin=55.0 slope=-0.5436 | ABOVE gap=220.50
2026-03-19 13:36:24,228 [INFO]   [P2 (L4-H3)] main: lineP=23331.62 | bars_from_origin=21.0 slope=0.0000 | ABOVE gap=167.12
2026-03-19 13:36:24,229 [INFO]   [P1 (H4-L4)] main: lineP=23494.71 | bars_from_origin=21.0 slope=18.1624 | ABOVE gap=330.21
2026-03-19 13:36:24,229 [INFO]   [P1 (H4-L4)] 0.875: lineP=23311.27 | bars_from_origin=21.0 slope=9.4270 | ABOVE gap=146.77
2026-03-19 13:36:24,229 [INFO]   [P1 (H4-L4)] 0.75: lineP=23241.00 | bars_from_origin=21.0 slope=6.0808 | ABOVE gap=76.50
2026-03-19 13:36:24,229 [INFO]   [P1 (H4-L4)] 0.5: lineP=23176.22 | bars_from_origin=21.0 slope=2.9962 | ABOVE gap=11.72
2026-03-19 13:36:24,229 [INFO]   [P1 (H4-L4)] 0.25: lineP=23140.75 | bars_from_origin=21.0 slope=1.3071 | HIT gap=0.00
2026-03-19 13:36:24,229 [INFO]     >>> HIT RECORDED: P1 (H4-L4) frac=0.25 @ 23140.75
2026-03-19 13:36:24,229 [INFO]   [P1 (H4-L4)] 0.125: lineP=23126.61 | bars_from_origin=21.0 slope=0.6339 | BELOW gap=11.89
2026-03-19 13:36:24,229 [INFO]   [P1 (H4-L4)] main: lineP=23137.27 | bars_from_origin=13.0 slope=0.0000 | BELOW gap=1.23
2026-03-19 13:36:24,229 [INFO]   [IntDet] Total hits this bar: 1
2026-03-19 13:36:24,229 [INFO] [Study] Emitting intersection event (DIRECT): {'time': 1773395580, 'fan': 'P1 (H4-L4)', 'fanIdentity': 'H4-L4', 'fraction': '1/4', 'price': 23140.749393766626, 'type': 'SUPPORT_TEST', 'details': 'Resting / Throwback'}
2026-03-19 13:36:24,232 [INFO] [Study] Updating fan priority: Fan_L4_H3 -> P3 (L4-H3)
2026-03-19 13:36:24,232 [INFO] [Study] Creating new fan: Fan_L5_H4 (P1 (L5-H4))
2026-03-19 13:36:24,232 [INFO] [AngleEngine] scale_ratio=3.6603, slope_per_bar=-14.8333, visual_slope=-4.0525, theta=-76.14 deg
2026-03-19 13:36:24,233 [INFO] --- [AngleEngine] Fan Created: Fan_L5_H4 ---
2026-03-19 13:36:24,233 [INFO]   Origin: Bar 79, Time 1773392460, Price 23258.599609375
2026-03-19 13:36:24,233 [INFO]   Target: Bar 88, Time 1773394620, Price 23125.099609375
2026-03-19 13:36:24,233 [INFO]   Delta: db=9, dp_origin=-133.50
2026-03-19 13:36:24,233 [INFO]   Scale Params: Ratio=3.6603, Radius=37.57 bars, Slope/Bar=-14.8333
2026-03-19 13:36:24,233 [INFO]   Line 0.875: EndBar=1773394620 (approx), EndPrice=23182.40
2026-03-19 13:36:24,234 [INFO]   Line 0.75: EndBar=1773394620 (approx), EndPrice=23207.67
2026-03-19 13:36:24,234 [INFO]   Line 0.5: EndBar=1773394620 (approx), EndPrice=23232.80
2026-03-19 13:36:24,234 [INFO]   Line 0.25: EndBar=1773394620 (approx), EndPrice=23247.23
2026-03-19 13:36:24,234 [INFO]   Line 0.125: EndBar=1773394620 (approx), EndPrice=23253.08
2026-03-19 13:36:24,234 [INFO] [Study] Updating fan priority: Fan_H4_L4 -> P2 (H4-L4)
2026-03-19 13:36:24,234 [INFO] [IntDet] Bar 93 | 2026-03-13 15:27 | H=23173.85 L=23155.70 C=23170.90 | Fans=3 Lines=21
2026-03-19 13:36:24,234 [INFO]   [P3 (L4-H3)] main: lineP=22918.15 | bars_from_origin=56.0 slope=-8.8706 | BELOW gap=237.55
2026-03-19 13:36:24,234 [INFO]   [P3 (L4-H3)] 0.875: lineP=23072.00 | bars_from_origin=56.0 slope=-6.1232 | BELOW gap=83.70
2026-03-19 13:36:24,234 [INFO]   [P3 (L4-H3)] 0.75: lineP=23164.62 | bars_from_origin=56.0 slope=-4.4693 | HIT gap=0.00
2026-03-19 13:36:24,235 [INFO]     >>> HIT RECORDED: P3 (L4-H3) frac=0.75 @ 23164.62
2026-03-19 13:36:24,235 [INFO]   [P3 (L4-H3)] 0.5: lineP=23277.74 | bars_from_origin=56.0 slope=-2.4493 | ABOVE gap=103.89
2026-03-19 13:36:24,235 [INFO]   [P3 (L4-H3)] 0.25: lineP=23352.65 | bars_from_origin=56.0 slope=-1.1117 | ABOVE gap=178.80
2026-03-19 13:36:24,235 [INFO]   [P3 (L4-H3)] 0.125: lineP=23384.46 | bars_from_origin=56.0 slope=-0.5436 | ABOVE gap=210.61
2026-03-19 13:36:24,235 [INFO]   [P3 (L4-H3)] main: lineP=23331.62 | bars_from_origin=22.0 slope=0.0000 | ABOVE gap=157.77
2026-03-19 13:36:24,235 [INFO]   [P2 (H4-L4)] main: lineP=23512.87 | bars_from_origin=22.0 slope=18.1624 | ABOVE gap=339.02
2026-03-19 13:36:24,235 [INFO]   [P2 (H4-L4)] 0.875: lineP=23320.70 | bars_from_origin=22.0 slope=9.4270 | ABOVE gap=146.85
2026-03-19 13:36:24,235 [INFO]   [P2 (H4-L4)] 0.75: lineP=23247.08 | bars_from_origin=22.0 slope=6.0808 | ABOVE gap=73.23
2026-03-19 13:36:24,235 [INFO]   [P2 (H4-L4)] 0.5: lineP=23179.22 | bars_from_origin=22.0 slope=2.9962 | ABOVE gap=5.37
2026-03-19 13:36:24,235 [INFO]   [P2 (H4-L4)] 0.25: lineP=23142.06 | bars_from_origin=22.0 slope=1.3071 | BELOW gap=13.64
2026-03-19 13:36:24,235 [INFO]   [P2 (H4-L4)] 0.125: lineP=23127.25 | bars_from_origin=22.0 slope=0.6339 | BELOW gap=28.45
2026-03-19 13:36:24,235 [INFO]   [P2 (H4-L4)] main: lineP=23137.27 | bars_from_origin=14.0 slope=0.0000 | BELOW gap=18.43
2026-03-19 13:36:24,236 [INFO]   [P1 (L5-H4)] main: lineP=23050.93 | bars_from_origin=14.0 slope=-14.8333 | BELOW gap=104.77
2026-03-19 13:36:24,236 [INFO]   [P1 (L5-H4)] 0.875: lineP=23140.06 | bars_from_origin=14.0 slope=-8.4670 | BELOW gap=15.64
2026-03-19 13:36:24,236 [INFO]   [P1 (L5-H4)] 0.75: lineP=23179.38 | bars_from_origin=14.0 slope=-5.6588 | ABOVE gap=5.53
2026-03-19 13:36:24,236 [INFO]   [P1 (L5-H4)] 0.5: lineP=23218.46 | bars_from_origin=14.0 slope=-2.8669 | ABOVE gap=44.61
2026-03-19 13:36:24,236 [INFO]   [P1 (L5-H4)] 0.25: lineP=23240.92 | bars_from_origin=14.0 slope=-1.2628 | ABOVE gap=67.07
2026-03-19 13:36:24,236 [INFO]   [P1 (L5-H4)] 0.125: lineP=23250.01 | bars_from_origin=14.0 slope=-0.6137 | ABOVE gap=76.16
2026-03-19 13:36:24,236 [INFO]   [P1 (L5-H4)] main: lineP=23232.80 | bars_from_origin=5.0 slope=0.0000 | ABOVE gap=58.95
2026-03-19 13:36:24,236 [INFO]   [IntDet] Total hits this bar: 1
2026-03-19 13:36:24,236 [INFO] [Study] Emitting intersection event (DIRECT): {'time': 1773395820, 'fan': 'P3 (L4-H3)', 'fanIdentity': 'L4-H3', 'fraction': '3/4', 'price': 23164.61944499263, 'type': 'CROSS_UP', 'details': 'Breakout Attempt'}
2026-03-19 13:36:24,239 [INFO] [Study] Removing invalidated/excess fan: Fan_L4_H3
2026-03-19 13:36:24,239 [INFO] [Study] Removing invalidated/excess fan: Fan_H4_L4
2026-03-19 13:36:24,239 [INFO] [Study] Removing invalidated/excess fan: Fan_L5_H4
2026-03-19 13:36:24,239 [INFO] [IntDet] Bar 94 | 2026-03-16 09:15 | H=23240.85 L=23106.45 C=23169.45 | Fans=0 Lines=0
2026-03-19 13:36:24,239 [INFO] [IntDet] Bar 95 | 2026-03-16 09:19 | H=23190.95 L=23142.90 C=23166.30 | Fans=0 Lines=0
2026-03-19 13:36:24,240 [INFO] [IntDet] Bar 96 | 2026-03-16 09:23 | H=23182.00 L=23111.30 C=23119.15 | Fans=0 Lines=0
2026-03-19 13:36:24,240 [INFO] [IntDet] Bar 97 | 2026-03-16 09:27 | H=23187.50 L=23118.35 C=23183.80 | Fans=0 Lines=0
2026-03-19 13:36:24,241 [INFO] [IntDet] Bar 98 | 2026-03-16 09:31 | H=23224.30 L=23176.80 C=23219.65 | Fans=0 Lines=0
2026-03-19 13:36:24,241 [INFO] [Study] Creating new fan: Fan_L5_H3 (P1 (L5-H3))
2026-03-19 13:36:24,241 [INFO] [AngleEngine] scale_ratio=3.6603, slope_per_bar=-5.4114, visual_slope=-1.4784, theta=-55.93 deg
2026-03-19 13:36:24,242 [INFO] --- [AngleEngine] Fan Created: Fan_L5_H3 ---
2026-03-19 13:36:24,242 [INFO]   Origin: Bar 37, Time 1773382380, Price 23414.900390625
2026-03-19 13:36:24,242 [INFO]   Target: Bar 94, Time 1773632700, Price 23106.44921875
2026-03-19 13:36:24,242 [INFO]   Delta: db=57, dp_origin=-308.45
2026-03-19 13:36:24,242 [INFO]   Scale Params: Ratio=3.6603, Radius=101.74 bars, Slope/Bar=-5.4114
2026-03-19 13:36:24,242 [INFO]   Line 0.875: EndBar=1773632700 (approx), EndPrice=23175.44
2026-03-19 13:36:24,242 [INFO]   Line 0.75: EndBar=1773632700 (approx), EndPrice=23227.41
2026-03-19 13:36:24,242 [INFO]   Line 0.5: EndBar=1773632700 (approx), EndPrice=23304.14
2026-03-19 13:36:24,242 [INFO]   Line 0.25: EndBar=1773632700 (approx), EndPrice=23362.95
2026-03-19 13:36:24,242 [INFO]   Line 0.125: EndBar=1773632700 (approx), EndPrice=23389.32
2026-03-19 13:36:24,243 [INFO] [IntDet] Bar 99 | 2026-03-16 09:35 | H=23269.80 L=23217.05 C=23263.35 | Fans=1 Lines=7
2026-03-19 13:36:24,243 [INFO]   [P1 (L5-H3)] main: lineP=23079.39 | bars_from_origin=62.0 slope=-5.4114 | BELOW gap=137.66
2026-03-19 13:36:24,243 [INFO]   [P1 (L5-H3)] 0.875: lineP=23154.44 | bars_from_origin=62.0 slope=-4.2010 | BELOW gap=62.61
2026-03-19 13:36:24,243 [INFO]   [P1 (L5-H3)] 0.75: lineP=23210.96 | bars_from_origin=62.0 slope=-3.2893 | BELOW gap=6.09
2026-03-19 13:36:24,243 [INFO]   [P1 (L5-H3)] 0.5: lineP=23294.42 | bars_from_origin=62.0 slope=-1.9432 | ABOVE gap=24.62
2026-03-19 13:36:24,244 [INFO]   [P1 (L5-H3)] 0.25: lineP=23358.40 | bars_from_origin=62.0 slope=-0.9114 | ABOVE gap=88.60
2026-03-19 13:36:24,244 [INFO]   [P1 (L5-H3)] 0.125: lineP=23387.07 | bars_from_origin=62.0 slope=-0.4488 | ABOVE gap=117.27
2026-03-19 13:36:24,244 [INFO]   [P1 (L5-H3)] main: lineP=23304.14 | bars_from_origin=5.0 slope=0.0000 | ABOVE gap=34.34
2026-03-19 13:36:24,245 [INFO] [IntDet] Bar 100 | 2026-03-16 09:39 | H=23284.35 L=23238.10 C=23265.10 | Fans=1 Lines=7
2026-03-19 13:36:24,245 [INFO]   [P1 (L5-H3)] main: lineP=23073.98 | bars_from_origin=63.0 slope=-5.4114 | BELOW gap=164.12
2026-03-19 13:36:24,245 [INFO]   [P1 (L5-H3)] 0.875: lineP=23150.24 | bars_from_origin=63.0 slope=-4.2010 | BELOW gap=87.86
2026-03-19 13:36:24,245 [INFO]   [P1 (L5-H3)] 0.75: lineP=23207.68 | bars_from_origin=63.0 slope=-3.2893 | BELOW gap=30.42
2026-03-19 13:36:24,245 [INFO]   [P1 (L5-H3)] 0.5: lineP=23292.48 | bars_from_origin=63.0 slope=-1.9432 | ABOVE gap=8.13
2026-03-19 13:36:24,245 [INFO]   [P1 (L5-H3)] 0.25: lineP=23357.49 | bars_from_origin=63.0 slope=-0.9114 | ABOVE gap=73.14
2026-03-19 13:36:24,245 [INFO]   [P1 (L5-H3)] 0.125: lineP=23386.62 | bars_from_origin=63.0 slope=-0.4488 | ABOVE gap=102.27
2026-03-19 13:36:24,245 [INFO]   [P1 (L5-H3)] main: lineP=23304.14 | bars_from_origin=6.0 slope=0.0000 | ABOVE gap=19.79
2026-03-19 13:36:24,246 [INFO] [IntDet] Bar 101 | 2026-03-16 09:43 | H=23276.95 L=23237.40 C=23261.70 | Fans=1 Lines=7
2026-03-19 13:36:24,246 [INFO]   [P1 (L5-H3)] main: lineP=23068.57 | bars_from_origin=64.0 slope=-5.4114 | BELOW gap=168.83
2026-03-19 13:36:24,246 [INFO]   [P1 (L5-H3)] 0.875: lineP=23146.03 | bars_from_origin=64.0 slope=-4.2010 | BELOW gap=91.37
2026-03-19 13:36:24,246 [INFO]   [P1 (L5-H3)] 0.75: lineP=23204.39 | bars_from_origin=64.0 slope=-3.2893 | BELOW gap=33.01
2026-03-19 13:36:24,246 [INFO]   [P1 (L5-H3)] 0.5: lineP=23290.54 | bars_from_origin=64.0 slope=-1.9432 | ABOVE gap=13.59
2026-03-19 13:36:24,246 [INFO]   [P1 (L5-H3)] 0.25: lineP=23356.57 | bars_from_origin=64.0 slope=-0.9114 | ABOVE gap=79.62
2026-03-19 13:36:24,247 [INFO]   [P1 (L5-H3)] 0.125: lineP=23386.18 | bars_from_origin=64.0 slope=-0.4488 | ABOVE gap=109.23
2026-03-19 13:36:24,247 [INFO]   [P1 (L5-H3)] main: lineP=23304.14 | bars_from_origin=7.0 slope=0.0000 | ABOVE gap=27.19
2026-03-19 13:36:24,247 [INFO] [IntDet] Bar 102 | 2026-03-16 09:47 | H=23262.10 L=23231.45 C=23235.85 | Fans=1 Lines=7
2026-03-19 13:36:24,247 [INFO]   [P1 (L5-H3)] main: lineP=23063.16 | bars_from_origin=65.0 slope=-5.4114 | BELOW gap=168.29
2026-03-19 13:36:24,247 [INFO]   [P1 (L5-H3)] 0.875: lineP=23141.83 | bars_from_origin=65.0 slope=-4.2010 | BELOW gap=89.62
2026-03-19 13:36:24,247 [INFO]   [P1 (L5-H3)] 0.75: lineP=23201.10 | bars_from_origin=65.0 slope=-3.2893 | BELOW gap=30.35
2026-03-19 13:36:24,248 [INFO]   [P1 (L5-H3)] 0.5: lineP=23288.59 | bars_from_origin=65.0 slope=-1.9432 | ABOVE gap=26.50
2026-03-19 13:36:24,248 [INFO]   [P1 (L5-H3)] 0.25: lineP=23355.66 | bars_from_origin=65.0 slope=-0.9114 | ABOVE gap=93.56
2026-03-19 13:36:24,248 [INFO]   [P1 (L5-H3)] 0.125: lineP=23385.73 | bars_from_origin=65.0 slope=-0.4488 | ABOVE gap=123.63
2026-03-19 13:36:24,248 [INFO]   [P1 (L5-H3)] main: lineP=23304.14 | bars_from_origin=8.0 slope=0.0000 | ABOVE gap=42.04
2026-03-19 13:36:24,248 [INFO] [IntDet] Bar 103 | 2026-03-16 09:51 | H=23261.00 L=23221.00 C=23226.50 | Fans=1 Lines=7
2026-03-19 13:36:24,248 [INFO]   [P1 (L5-H3)] main: lineP=23057.75 | bars_from_origin=66.0 slope=-5.4114 | BELOW gap=163.25
2026-03-19 13:36:24,249 [INFO]   [P1 (L5-H3)] 0.875: lineP=23137.63 | bars_from_origin=66.0 slope=-4.2010 | BELOW gap=83.37
2026-03-19 13:36:24,249 [INFO]   [P1 (L5-H3)] 0.75: lineP=23197.81 | bars_from_origin=66.0 slope=-3.2893 | BELOW gap=23.19
2026-03-19 13:36:24,249 [INFO]   [P1 (L5-H3)] 0.5: lineP=23286.65 | bars_from_origin=66.0 slope=-1.9432 | ABOVE gap=25.65
2026-03-19 13:36:24,249 [INFO]   [P1 (L5-H3)] 0.25: lineP=23354.75 | bars_from_origin=66.0 slope=-0.9114 | ABOVE gap=93.75
2026-03-19 13:36:24,249 [INFO]   [P1 (L5-H3)] 0.125: lineP=23385.28 | bars_from_origin=66.0 slope=-0.4488 | ABOVE gap=124.28
2026-03-19 13:36:24,249 [INFO]   [P1 (L5-H3)] main: lineP=23304.14 | bars_from_origin=9.0 slope=0.0000 | ABOVE gap=43.14
2026-03-19 13:36:24,250 [INFO] [IntDet] Bar 104 | 2026-03-16 09:55 | H=23232.75 L=23199.95 C=23199.95 | Fans=1 Lines=7
2026-03-19 13:36:24,250 [INFO]   [P1 (L5-H3)] main: lineP=23052.33 | bars_from_origin=67.0 slope=-5.4114 | BELOW gap=147.61
2026-03-19 13:36:24,250 [INFO]   [P1 (L5-H3)] 0.875: lineP=23133.43 | bars_from_origin=67.0 slope=-4.2010 | BELOW gap=66.52
2026-03-19 13:36:24,250 [INFO]   [P1 (L5-H3)] 0.75: lineP=23194.52 | bars_from_origin=67.0 slope=-3.2893 | BELOW gap=5.43
2026-03-19 13:36:24,250 [INFO]   [P1 (L5-H3)] 0.5: lineP=23284.71 | bars_from_origin=67.0 slope=-1.9432 | ABOVE gap=51.96
2026-03-19 13:36:24,250 [INFO]   [P1 (L5-H3)] 0.25: lineP=23353.84 | bars_from_origin=67.0 slope=-0.9114 | ABOVE gap=121.09
2026-03-19 13:36:24,250 [INFO]   [P1 (L5-H3)] 0.125: lineP=23384.83 | bars_from_origin=67.0 slope=-0.4488 | ABOVE gap=152.08
2026-03-19 13:36:24,250 [INFO]   [P1 (L5-H3)] main: lineP=23304.14 | bars_from_origin=10.0 slope=0.0000 | ABOVE gap=71.39
2026-03-19 13:36:24,251 [INFO] [Study] Creating new fan: Fan_H5_L5 (P1 (H5-L5))
2026-03-19 13:36:24,251 [INFO] [AngleEngine] scale_ratio=3.6603, slope_per_bar=29.6501, visual_slope=8.1004, theta=82.96 deg
2026-03-19 13:36:24,251 [INFO] --- [AngleEngine] Fan Created: Fan_H5_L5 ---
2026-03-19 13:36:24,251 [INFO]   Origin: Bar 94, Time 1773632700, Price 23106.44921875
2026-03-19 13:36:24,251 [INFO]   Target: Bar 100, Time 1773634140, Price 23284.349609375
2026-03-19 13:36:24,251 [INFO]   Delta: db=6, dp_origin=177.90
2026-03-19 13:36:24,251 [INFO]   Scale Params: Ratio=3.6603, Radius=48.97 bars, Slope/Bar=29.6501
2026-03-19 13:36:24,252 [INFO]   Line 0.875: EndBar=1773634140 (approx), EndPrice=23176.50
2026-03-19 13:36:24,252 [INFO]   Line 0.75: EndBar=1773634140 (approx), EndPrice=23148.14
2026-03-19 13:36:24,252 [INFO]   Line 0.5: EndBar=1773634140 (approx), EndPrice=23125.87
2026-03-19 13:36:24,252 [INFO]   Line 0.25: EndBar=1773634140 (approx), EndPrice=23114.77
2026-03-19 13:36:24,252 [INFO]   Line 0.125: EndBar=1773634140 (approx), EndPrice=23110.47
2026-03-19 13:36:24,252 [INFO] [Study] Updating fan priority: Fan_L5_H3 -> P2 (L5-H3)
2026-03-19 13:36:24,252 [INFO] [IntDet] Bar 105 | 2026-03-16 09:59 | H=23198.65 L=23164.70 C=23172.45 | Fans=2 Lines=14
2026-03-19 13:36:24,252 [INFO]   [P2 (L5-H3)] main: lineP=23046.92 | bars_from_origin=68.0 slope=-5.4114 | BELOW gap=117.78
2026-03-19 13:36:24,252 [INFO]   [P2 (L5-H3)] 0.875: lineP=23129.23 | bars_from_origin=68.0 slope=-4.2010 | BELOW gap=35.47
2026-03-19 13:36:24,252 [INFO]   [P2 (L5-H3)] 0.75: lineP=23191.23 | bars_from_origin=68.0 slope=-3.2893 | HIT gap=0.00
2026-03-19 13:36:24,252 [INFO]     >>> HIT RECORDED: P2 (L5-H3) frac=0.75 @ 23191.23
2026-03-19 13:36:24,253 [INFO]   [P2 (L5-H3)] 0.5: lineP=23282.77 | bars_from_origin=68.0 slope=-1.9432 | ABOVE gap=84.11
2026-03-19 13:36:24,253 [INFO]   [P2 (L5-H3)] 0.25: lineP=23352.93 | bars_from_origin=68.0 slope=-0.9114 | ABOVE gap=154.28
2026-03-19 13:36:24,253 [INFO]   [P2 (L5-H3)] 0.125: lineP=23384.38 | bars_from_origin=68.0 slope=-0.4488 | ABOVE gap=185.73
2026-03-19 13:36:24,253 [INFO]   [P2 (L5-H3)] main: lineP=23304.14 | bars_from_origin=11.0 slope=0.0000 | ABOVE gap=105.49
2026-03-19 13:36:24,253 [INFO]   [P1 (H5-L5)] main: lineP=23432.60 | bars_from_origin=11.0 slope=29.6501 | ABOVE gap=233.95
2026-03-19 13:36:24,253 [INFO]   [P1 (H5-L5)] 0.875: lineP=23234.87 | bars_from_origin=11.0 slope=11.6744 | ABOVE gap=36.22
2026-03-19 13:36:24,253 [INFO]   [P1 (H5-L5)] 0.75: lineP=23182.89 | bars_from_origin=11.0 slope=6.9488 | HIT gap=0.00
2026-03-19 13:36:24,253 [INFO]     >>> HIT RECORDED: P1 (H5-L5) frac=0.75 @ 23182.89
2026-03-19 13:36:24,253 [INFO]   [P1 (H5-L5)] 0.5: lineP=23142.05 | bars_from_origin=11.0 slope=3.2362 | BELOW gap=22.65
2026-03-19 13:36:24,253 [INFO]   [P1 (H5-L5)] 0.25: lineP=23121.70 | bars_from_origin=11.0 slope=1.3861 | BELOW gap=43.00
2026-03-19 13:36:24,253 [INFO]   [P1 (H5-L5)] 0.125: lineP=23113.82 | bars_from_origin=11.0 slope=0.6698 | BELOW gap=50.88
2026-03-19 13:36:24,253 [INFO]   [P1 (H5-L5)] main: lineP=23125.87 | bars_from_origin=5.0 slope=0.0000 | BELOW gap=38.83
2026-03-19 13:36:24,254 [INFO]   [IntDet] Total hits this bar: 2
2026-03-19 13:36:24,254 [INFO] [Study] Emitting intersection event (DIRECT): {'time': 1773635340, 'fan': 'P2 (L5-H3)', 'fanIdentity': 'L5-H3', 'fraction': '3/4', 'price': 23191.228671036493, 'type': 'CROSS_DOWN', 'details': 'Breakdown Attempt'}
2026-03-19 13:36:24,256 [INFO] [Study] Emitting intersection event (DIRECT): {'time': 1773635340, 'fan': 'P1 (H5-L5)', 'fanIdentity': 'H5-L5', 'fraction': '3/4', 'price': 23182.885947665563, 'type': 'CROSS_DOWN', 'details': 'Breakdown Attempt'}
2026-03-19 13:36:24,260 [INFO] [IntDet] Bar 106 | 2026-03-16 10:03 | H=23210.50 L=23167.45 C=23205.45 | Fans=2 Lines=14
2026-03-19 13:36:24,260 [INFO]   [P2 (L5-H3)] main: lineP=23041.51 | bars_from_origin=69.0 slope=-5.4114 | BELOW gap=125.94
2026-03-19 13:36:24,260 [INFO]   [P2 (L5-H3)] 0.875: lineP=23125.03 | bars_from_origin=69.0 slope=-4.2010 | BELOW gap=42.42
2026-03-19 13:36:24,260 [INFO]   [P2 (L5-H3)] 0.75: lineP=23187.94 | bars_from_origin=69.0 slope=-3.2893 | HIT gap=0.00
2026-03-19 13:36:24,260 [INFO]     >>> HIT RECORDED: P2 (L5-H3) frac=0.75 @ 23187.94
2026-03-19 13:36:24,260 [INFO]   [P2 (L5-H3)] 0.5: lineP=23280.82 | bars_from_origin=69.0 slope=-1.9432 | ABOVE gap=70.32
2026-03-19 13:36:24,260 [INFO]   [P2 (L5-H3)] 0.25: lineP=23352.02 | bars_from_origin=69.0 slope=-0.9114 | ABOVE gap=141.52
2026-03-19 13:36:24,260 [INFO]   [P2 (L5-H3)] 0.125: lineP=23383.93 | bars_from_origin=69.0 slope=-0.4488 | ABOVE gap=173.43
2026-03-19 13:36:24,260 [INFO]   [P2 (L5-H3)] main: lineP=23304.14 | bars_from_origin=12.0 slope=0.0000 | ABOVE gap=93.64
2026-03-19 13:36:24,261 [INFO]   [P1 (H5-L5)] main: lineP=23462.25 | bars_from_origin=12.0 slope=29.6501 | ABOVE gap=251.75
2026-03-19 13:36:24,261 [INFO]   [P1 (H5-L5)] 0.875: lineP=23246.54 | bars_from_origin=12.0 slope=11.6744 | ABOVE gap=36.04
2026-03-19 13:36:24,261 [INFO]   [P1 (H5-L5)] 0.75: lineP=23189.83 | bars_from_origin=12.0 slope=6.9488 | HIT gap=0.00
2026-03-19 13:36:24,261 [INFO]     >>> HIT RECORDED: P1 (H5-L5) frac=0.75 @ 23189.83
2026-03-19 13:36:24,261 [INFO]   [P1 (H5-L5)] 0.5: lineP=23145.28 | bars_from_origin=12.0 slope=3.2362 | BELOW gap=22.17
2026-03-19 13:36:24,261 [INFO]   [P1 (H5-L5)] 0.25: lineP=23123.08 | bars_from_origin=12.0 slope=1.3861 | BELOW gap=44.37
2026-03-19 13:36:24,261 [INFO]   [P1 (H5-L5)] 0.125: lineP=23114.49 | bars_from_origin=12.0 slope=0.6698 | BELOW gap=52.96
2026-03-19 13:36:24,261 [INFO]   [P1 (H5-L5)] main: lineP=23125.87 | bars_from_origin=6.0 slope=0.0000 | BELOW gap=41.58
2026-03-19 13:36:24,261 [INFO]   [IntDet] Total hits this bar: 2
2026-03-19 13:36:24,262 [INFO] [Study] Emitting intersection event (DIRECT): {'time': 1773635580, 'fan': 'P2 (L5-H3)', 'fanIdentity': 'L5-H3', 'fraction': '3/4', 'price': 23187.939381042546, 'type': 'CROSS_UP', 'details': 'Breakout Attempt'}
2026-03-19 13:36:24,264 [INFO] [Study] Emitting intersection event (DIRECT): {'time': 1773635580, 'fan': 'P1 (H5-L5)', 'fanIdentity': 'H5-L5', 'fraction': '3/4', 'price': 23189.83474120334, 'type': 'CROSS_UP', 'details': 'Breakout Attempt'}
2026-03-19 13:36:24,266 [INFO] [Tracking] FAKE OUT: Fan_L5_H3 0.75 (T+1 bars)
2026-03-19 13:36:24,266 [INFO] [Tracking] FAKE OUT: Fan_H5_L5 0.75 (T+1 bars)
2026-03-19 13:36:24,267 [INFO] [IntDet] Bar 107 | 2026-03-16 10:07 | H=23207.20 L=23176.35 C=23178.70 | Fans=2 Lines=14
2026-03-19 13:36:24,267 [INFO]   [P2 (L5-H3)] main: lineP=23036.10 | bars_from_origin=70.0 slope=-5.4114 | BELOW gap=140.25
2026-03-19 13:36:24,268 [INFO]   [P2 (L5-H3)] 0.875: lineP=23120.83 | bars_from_origin=70.0 slope=-4.2010 | BELOW gap=55.52
2026-03-19 13:36:24,268 [INFO]   [P2 (L5-H3)] 0.75: lineP=23184.65 | bars_from_origin=70.0 slope=-3.2893 | HIT gap=0.00
2026-03-19 13:36:24,268 [INFO]     >>> HIT RECORDED: P2 (L5-H3) frac=0.75 @ 23184.65
2026-03-19 13:36:24,268 [INFO]   [P2 (L5-H3)] 0.5: lineP=23278.88 | bars_from_origin=70.0 slope=-1.9432 | ABOVE gap=71.68
2026-03-19 13:36:24,268 [INFO]   [P2 (L5-H3)] 0.25: lineP=23351.11 | bars_from_origin=70.0 slope=-0.9114 | ABOVE gap=143.91
2026-03-19 13:36:24,268 [INFO]   [P2 (L5-H3)] 0.125: lineP=23383.48 | bars_from_origin=70.0 slope=-0.4488 | ABOVE gap=176.28
2026-03-19 13:36:24,268 [INFO]   [P2 (L5-H3)] main: lineP=23304.14 | bars_from_origin=13.0 slope=0.0000 | ABOVE gap=96.94
2026-03-19 13:36:24,268 [INFO]   [P1 (H5-L5)] main: lineP=23491.90 | bars_from_origin=13.0 slope=29.6501 | ABOVE gap=284.70
2026-03-19 13:36:24,268 [INFO]   [P1 (H5-L5)] 0.875: lineP=23258.22 | bars_from_origin=13.0 slope=11.6744 | ABOVE gap=51.02
2026-03-19 13:36:24,269 [INFO]   [P1 (H5-L5)] 0.75: lineP=23196.78 | bars_from_origin=13.0 slope=6.9488 | HIT gap=0.00
2026-03-19 13:36:24,269 [INFO]     >>> HIT RECORDED: P1 (H5-L5) frac=0.75 @ 23196.78
2026-03-19 13:36:24,269 [INFO]   [P1 (H5-L5)] 0.5: lineP=23148.52 | bars_from_origin=13.0 slope=3.2362 | BELOW gap=27.83
2026-03-19 13:36:24,269 [INFO]   [P1 (H5-L5)] 0.25: lineP=23124.47 | bars_from_origin=13.0 slope=1.3861 | BELOW gap=51.88
2026-03-19 13:36:24,269 [INFO]   [P1 (H5-L5)] 0.125: lineP=23115.16 | bars_from_origin=13.0 slope=0.6698 | BELOW gap=61.19
2026-03-19 13:36:24,269 [INFO]   [P1 (H5-L5)] main: lineP=23125.87 | bars_from_origin=7.0 slope=0.0000 | BELOW gap=50.48
2026-03-19 13:36:24,269 [INFO]   [IntDet] Total hits this bar: 2
2026-03-19 13:36:24,269 [INFO] [Study] Emitting intersection event (DIRECT): {'time': 1773635820, 'fan': 'P2 (L5-H3)', 'fanIdentity': 'L5-H3', 'fraction': '3/4', 'price': 23184.650091048596, 'type': 'CROSS_DOWN', 'details': 'Breakdown Attempt'}
2026-03-19 13:36:24,271 [INFO] [Study] Emitting intersection event (DIRECT): {'time': 1773635820, 'fan': 'P1 (H5-L5)', 'fanIdentity': 'H5-L5', 'fraction': '3/4', 'price': 23196.783534741116, 'type': 'CROSS_DOWN', 'details': 'Breakdown Attempt'}
2026-03-19 13:36:24,274 [INFO] [IntDet] Bar 108 | 2026-03-16 10:11 | H=23181.75 L=23143.25 C=23155.20 | Fans=2 Lines=14
2026-03-19 13:36:24,274 [INFO]   [P2 (L5-H3)] main: lineP=23030.69 | bars_from_origin=71.0 slope=-5.4114 | BELOW gap=112.56
2026-03-19 13:36:24,274 [INFO]   [P2 (L5-H3)] 0.875: lineP=23116.63 | bars_from_origin=71.0 slope=-4.2010 | BELOW gap=26.62
2026-03-19 13:36:24,274 [INFO]   [P2 (L5-H3)] 0.75: lineP=23181.36 | bars_from_origin=71.0 slope=-3.2893 | HIT gap=0.00
2026-03-19 13:36:24,274 [INFO]     >>> HIT RECORDED: P2 (L5-H3) frac=0.75 @ 23181.36
2026-03-19 13:36:24,275 [INFO]   [P2 (L5-H3)] 0.5: lineP=23276.94 | bars_from_origin=71.0 slope=-1.9432 | ABOVE gap=95.19
2026-03-19 13:36:24,275 [INFO]   [P2 (L5-H3)] 0.25: lineP=23350.19 | bars_from_origin=71.0 slope=-0.9114 | ABOVE gap=168.44
2026-03-19 13:36:24,275 [INFO]   [P2 (L5-H3)] 0.125: lineP=23383.03 | bars_from_origin=71.0 slope=-0.4488 | ABOVE gap=201.28
2026-03-19 13:36:24,275 [INFO]   [P2 (L5-H3)] main: lineP=23304.14 | bars_from_origin=14.0 slope=0.0000 | ABOVE gap=122.39
2026-03-19 13:36:24,275 [INFO]   [P1 (H5-L5)] main: lineP=23521.55 | bars_from_origin=14.0 slope=29.6501 | ABOVE gap=339.80
2026-03-19 13:36:24,275 [INFO]   [P1 (H5-L5)] 0.875: lineP=23269.89 | bars_from_origin=14.0 slope=11.6744 | ABOVE gap=88.14
2026-03-19 13:36:24,275 [INFO]   [P1 (H5-L5)] 0.75: lineP=23203.73 | bars_from_origin=14.0 slope=6.9488 | ABOVE gap=21.98
2026-03-19 13:36:24,275 [INFO]   [P1 (H5-L5)] 0.5: lineP=23151.76 | bars_from_origin=14.0 slope=3.2362 | HIT gap=0.00
2026-03-19 13:36:24,275 [INFO]     >>> HIT RECORDED: P1 (H5-L5) frac=0.5 @ 23151.76
2026-03-19 13:36:24,276 [INFO]   [P1 (H5-L5)] 0.25: lineP=23125.85 | bars_from_origin=14.0 slope=1.3861 | BELOW gap=17.40
2026-03-19 13:36:24,276 [INFO]   [P1 (H5-L5)] 0.125: lineP=23115.83 | bars_from_origin=14.0 slope=0.6698 | BELOW gap=27.42
2026-03-19 13:36:24,276 [INFO]   [P1 (H5-L5)] main: lineP=23125.87 | bars_from_origin=8.0 slope=0.0000 | BELOW gap=17.38
2026-03-19 13:36:24,276 [INFO]   [IntDet] Total hits this bar: 2
2026-03-19 13:36:24,276 [INFO] [Study] Emitting intersection event (DIRECT): {'time': 1773636060, 'fan': 'P2 (L5-H3)', 'fanIdentity': 'L5-H3', 'fraction': '3/4', 'price': 23181.36080105465, 'type': 'RESISTANCE_TEST', 'details': 'Rejection / Pullback'}
2026-03-19 13:36:24,279 [INFO] [Study] Emitting intersection event (DIRECT): {'time': 1773636060, 'fan': 'P1 (H5-L5)', 'fanIdentity': 'H5-L5', 'fraction': '1/2', 'price': 23151.75632489703, 'type': 'SUPPORT_TEST', 'details': 'Resting / Throwback'}
2026-03-19 13:36:24,281 [INFO] [Tracking] Breach CONFIRMED: Fan_L5_H3 0.75 down (T+1 bars)
2026-03-19 13:36:24,281 [INFO] [Tracking] Breach CONFIRMED: Fan_H5_L5 0.75 down (T+1 bars)
2026-03-19 13:36:24,282 [INFO] [IntDet] Bar 109 | 2026-03-16 10:15 | H=23154.35 L=23106.75 C=23117.40 | Fans=2 Lines=14
2026-03-19 13:36:24,282 [INFO]   [P2 (L5-H3)] main: lineP=23025.28 | bars_from_origin=72.0 slope=-5.4114 | BELOW gap=81.47
2026-03-19 13:36:24,282 [INFO]   [P2 (L5-H3)] 0.875: lineP=23112.43 | bars_from_origin=72.0 slope=-4.2010 | HIT gap=0.00
2026-03-19 13:36:24,282 [INFO]     >>> HIT RECORDED: P2 (L5-H3) frac=0.875 @ 23112.43
2026-03-19 13:36:24,282 [INFO]   [P2 (L5-H3)] 0.75: lineP=23178.07 | bars_from_origin=72.0 slope=-3.2893 | ABOVE gap=23.72
2026-03-19 13:36:24,282 [INFO]   [P2 (L5-H3)] 0.5: lineP=23274.99 | bars_from_origin=72.0 slope=-1.9432 | ABOVE gap=120.64
2026-03-19 13:36:24,282 [INFO]   [P2 (L5-H3)] 0.25: lineP=23349.28 | bars_from_origin=72.0 slope=-0.9114 | ABOVE gap=194.93
2026-03-19 13:36:24,282 [INFO]   [P2 (L5-H3)] 0.125: lineP=23382.59 | bars_from_origin=72.0 slope=-0.4488 | ABOVE gap=228.24
2026-03-19 13:36:24,283 [INFO]   [P2 (L5-H3)] main: lineP=23304.14 | bars_from_origin=15.0 slope=0.0000 | ABOVE gap=149.79
2026-03-19 13:36:24,283 [INFO]   [P1 (H5-L5)] main: lineP=23551.20 | bars_from_origin=15.0 slope=29.6501 | ABOVE gap=396.85
2026-03-19 13:36:24,283 [INFO]   [P1 (H5-L5)] 0.875: lineP=23281.57 | bars_from_origin=15.0 slope=11.6744 | ABOVE gap=127.22
2026-03-19 13:36:24,283 [INFO]   [P1 (H5-L5)] 0.75: lineP=23210.68 | bars_from_origin=15.0 slope=6.9488 | ABOVE gap=56.33
2026-03-19 13:36:24,283 [INFO]   [P1 (H5-L5)] 0.5: lineP=23154.99 | bars_from_origin=15.0 slope=3.2362 | ABOVE gap=0.64
2026-03-19 13:36:24,283 [INFO]   [P1 (H5-L5)] 0.25: lineP=23127.24 | bars_from_origin=15.0 slope=1.3861 | HIT gap=0.00
2026-03-19 13:36:24,283 [INFO]     >>> HIT RECORDED: P1 (H5-L5) frac=0.25 @ 23127.24
2026-03-19 13:36:24,283 [INFO]   [P1 (H5-L5)] 0.125: lineP=23116.50 | bars_from_origin=15.0 slope=0.6698 | HIT gap=0.00
2026-03-19 13:36:24,283 [INFO]     >>> HIT RECORDED: P1 (H5-L5) frac=0.125 @ 23116.50
2026-03-19 13:36:24,284 [INFO]   [P1 (H5-L5)] main: lineP=23125.87 | bars_from_origin=9.0 slope=0.0000 | HIT gap=0.00
2026-03-19 13:36:24,284 [INFO]     >>> HIT RECORDED: P1 (H5-L5) frac=main @ 23125.87
2026-03-19 13:36:24,284 [INFO]   [IntDet] Total hits this bar: 4
2026-03-19 13:36:24,284 [INFO] [Study] Emitting intersection event (DIRECT): {'time': 1773636300, 'fan': 'P2 (L5-H3)', 'fanIdentity': 'L5-H3', 'fraction': '7/8', 'price': 23112.426307476526, 'type': 'SUPPORT_TEST', 'details': 'Resting / Throwback'}
2026-03-19 13:36:24,286 [INFO] [Study] Emitting intersection event (DIRECT): {'time': 1773636300, 'fan': 'P1 (H5-L5)', 'fanIdentity': 'H5-L5', 'fraction': '1/4', 'price': 23127.24038491749, 'type': 'CROSS_DOWN', 'details': 'Breakdown Attempt'}
2026-03-19 13:36:24,288 [INFO] [Study] Emitting intersection event (DIRECT): {'time': 1773636300, 'fan': 'P1 (H5-L5)', 'fanIdentity': 'H5-L5', 'fraction': '1/8', 'price': 23116.496669213164, 'type': 'SUPPORT_TEST', 'details': 'Resting / Throwback'}
2026-03-19 13:36:24,290 [INFO] [Study] Emitting intersection event (DIRECT): {'time': 1773636300, 'fan': 'P1 (H5-L5)', 'fanIdentity': 'H5-L5', 'fraction': 'Horizontal', 'price': 23125.86654995587, 'type': 'CROSS_DOWN', 'details': 'Breakdown Attempt'}
2026-03-19 13:36:24,293 [INFO] [Tracking] Fan validated: Fan_L5_H3 via touch at bar 109
2026-03-19 13:36:24,294 [INFO] [Study] Removing invalidated/excess fan: Fan_L5_H3
2026-03-19 13:36:24,294 [INFO] [Study] Removing invalidated/excess fan: Fan_H5_L5
2026-03-19 13:36:24,294 [INFO] [IntDet] Bar 110 | 2026-03-16 10:19 | H=23118.10 L=23055.75 C=23073.65 | Fans=0 Lines=0
2026-03-19 13:36:24,294 [INFO] [IntDet] Bar 111 | 2026-03-16 10:23 | H=23077.85 L=23044.90 C=23053.00 | Fans=0 Lines=0
2026-03-19 13:36:24,295 [INFO] [IntDet] Bar 112 | 2026-03-16 10:27 | H=23063.90 L=23024.95 C=23057.35 | Fans=0 Lines=0
2026-03-19 13:36:24,295 [INFO] [IntDet] Bar 113 | 2026-03-16 10:31 | H=23074.50 L=23040.15 C=23045.10 | Fans=0 Lines=0
2026-03-19 13:36:24,296 [INFO] [IntDet] Bar 114 | 2026-03-16 10:35 | H=23076.75 L=23038.80 C=23069.85 | Fans=0 Lines=0
2026-03-19 13:36:24,296 [INFO] [IntDet] Bar 115 | 2026-03-16 10:39 | H=23072.25 L=23047.75 C=23054.30 | Fans=0 Lines=0
2026-03-19 13:36:24,297 [INFO] [IntDet] Bar 116 | 2026-03-16 10:43 | H=23060.00 L=23039.60 C=23052.45 | Fans=0 Lines=0
2026-03-19 13:36:24,297 [INFO] [IntDet] Bar 117 | 2026-03-16 10:47 | H=23064.25 L=23024.10 C=23024.20 | Fans=0 Lines=0
2026-03-19 13:36:24,298 [INFO] [IntDet] Bar 118 | 2026-03-16 10:51 | H=23035.70 L=22985.35 C=22986.25 | Fans=0 Lines=0
2026-03-19 13:36:24,298 [INFO] [IntDet] Bar 119 | 2026-03-16 10:55 | H=23010.85 L=22955.55 C=23007.70 | Fans=0 Lines=0
2026-03-19 13:36:24,299 [INFO] [IntDet] Bar 120 | 2026-03-16 10:59 | H=23041.40 L=23008.05 C=23034.60 | Fans=0 Lines=0
2026-03-19 13:36:24,299 [INFO] [IntDet] Bar 121 | 2026-03-16 11:03 | H=23056.70 L=23030.40 C=23056.30 | Fans=0 Lines=0
2026-03-19 13:36:24,299 [INFO] [IntDet] Bar 122 | 2026-03-16 11:07 | H=23096.35 L=23057.85 C=23078.95 | Fans=0 Lines=0
2026-03-19 13:36:24,300 [INFO] [IntDet] Bar 123 | 2026-03-16 11:11 | H=23097.45 L=23060.65 C=23092.35 | Fans=0 Lines=0
2026-03-19 13:36:24,300 [INFO] [Study] Creating new fan: Fan_L6_H5 (P1 (L6-H5))
2026-03-19 13:36:24,301 [INFO] [AngleEngine] scale_ratio=3.6603, slope_per_bar=-17.3052, visual_slope=-4.7278, theta=-78.06 deg
2026-03-19 13:36:24,301 [INFO] --- [AngleEngine] Fan Created: Fan_L6_H5 ---
2026-03-19 13:36:24,301 [INFO]   Origin: Bar 100, Time 1773634140, Price 23284.349609375
2026-03-19 13:36:24,301 [INFO]   Target: Bar 119, Time 1773638700, Price 22955.55078125
2026-03-19 13:36:24,301 [INFO]   Delta: db=19, dp_origin=-328.80
2026-03-19 13:36:24,301 [INFO]   Scale Params: Ratio=3.6603, Radius=91.82 bars, Slope/Bar=-17.3052
2026-03-19 13:36:24,301 [INFO]   Line 0.875: EndBar=1773638700 (approx), EndPrice=23109.59
2026-03-19 13:36:24,302 [INFO]   Line 0.75: EndBar=1773638700 (approx), EndPrice=23170.67
2026-03-19 13:36:24,302 [INFO]   Line 0.5: EndBar=1773638700 (approx), EndPrice=23227.98
2026-03-19 13:36:24,302 [INFO]   Line 0.25: EndBar=1773638700 (approx), EndPrice=23259.70
2026-03-19 13:36:24,302 [INFO]   Line 0.125: EndBar=1773638700 (approx), EndPrice=23272.39
2026-03-19 13:36:24,302 [INFO] [Study] Creating new fan: Fan_L6_H3 (P2 (L6-H3))
2026-03-19 13:36:24,302 [INFO] [AngleEngine] scale_ratio=3.6603, slope_per_bar=-5.6018, visual_slope=-1.5304, theta=-56.84 deg
2026-03-19 13:36:24,302 [INFO] --- [AngleEngine] Fan Created: Fan_L6_H3 ---
2026-03-19 13:36:24,302 [INFO]   Origin: Bar 37, Time 1773382380, Price 23414.900390625
2026-03-19 13:36:24,302 [INFO]   Target: Bar 119, Time 1773638700, Price 22955.55078125
2026-03-19 13:36:24,303 [INFO]   Delta: db=82, dp_origin=-459.35
2026-03-19 13:36:24,303 [INFO]   Scale Params: Ratio=3.6603, Radius=149.91 bars, Slope/Bar=-5.6018
2026-03-19 13:36:24,303 [INFO]   Line 0.875: EndBar=1773638700 (approx), EndPrice=23060.56
2026-03-19 13:36:24,303 [INFO]   Line 0.75: EndBar=1773638700 (approx), EndPrice=23138.62
2026-03-19 13:36:24,303 [INFO]   Line 0.5: EndBar=1773638700 (approx), EndPrice=23252.48
2026-03-19 13:36:24,303 [INFO]   Line 0.25: EndBar=1773638700 (approx), EndPrice=23338.90
2026-03-19 13:36:24,303 [INFO]   Line 0.125: EndBar=1773638700 (approx), EndPrice=23377.49
2026-03-19 13:36:24,303 [INFO] [IntDet] Bar 124 | 2026-03-16 11:15 | H=23152.80 L=23090.70 C=23152.80 | Fans=2 Lines=14
2026-03-19 13:36:24,303 [INFO]   [P1 (L6-H5)] main: lineP=22869.02 | bars_from_origin=24.0 slope=-17.3052 | BELOW gap=221.67
2026-03-19 13:36:24,303 [INFO]   [P1 (L6-H5)] 0.875: lineP=23063.60 | bars_from_origin=24.0 slope=-9.1979 | BELOW gap=27.10
2026-03-19 13:36:24,303 [INFO]   [P1 (L6-H5)] 0.75: lineP=23140.76 | bars_from_origin=24.0 slope=-5.9831 | HIT gap=0.00
2026-03-19 13:36:24,303 [INFO]     >>> HIT RECORDED: P1 (L6-H5) frac=0.75 @ 23140.76
2026-03-19 13:36:24,304 [INFO]   [P1 (L6-H5)] 0.5: lineP=23213.14 | bars_from_origin=24.0 slope=-2.9671 | ABOVE gap=60.34
2026-03-19 13:36:24,304 [INFO]   [P1 (L6-H5)] 0.25: lineP=23253.22 | bars_from_origin=24.0 slope=-1.2972 | ABOVE gap=100.42
2026-03-19 13:36:24,304 [INFO]   [P1 (L6-H5)] 0.125: lineP=23269.24 | bars_from_origin=24.0 slope=-0.6294 | ABOVE gap=116.44
2026-03-19 13:36:24,304 [INFO]   [P1 (L6-H5)] main: lineP=23227.98 | bars_from_origin=5.0 slope=0.0000 | ABOVE gap=75.17
2026-03-19 13:36:24,304 [INFO]   [P2 (L6-H3)] main: lineP=22927.54 | bars_from_origin=87.0 slope=-5.6018 | BELOW gap=163.16
2026-03-19 13:36:24,304 [INFO]   [P2 (L6-H3)] 0.875: lineP=23038.95 | bars_from_origin=87.0 slope=-4.3213 | BELOW gap=51.75
2026-03-19 13:36:24,304 [INFO]   [P2 (L6-H3)] 0.75: lineP=23121.77 | bars_from_origin=87.0 slope=-3.3693 | HIT gap=0.00
2026-03-19 13:36:24,304 [INFO]     >>> HIT RECORDED: P2 (L6-H3) frac=0.75 @ 23121.77
2026-03-19 13:36:24,304 [INFO]   [P2 (L6-H3)] 0.5: lineP=23242.58 | bars_from_origin=87.0 slope=-1.9807 | ABOVE gap=89.78
2026-03-19 13:36:24,304 [INFO]   [P2 (L6-H3)] 0.25: lineP=23334.26 | bars_from_origin=87.0 slope=-0.9269 | ABOVE gap=181.46
2026-03-19 13:36:24,305 [INFO]   [P2 (L6-H3)] 0.125: lineP=23375.21 | bars_from_origin=87.0 slope=-0.4562 | ABOVE gap=222.41
2026-03-19 13:36:24,305 [INFO]   [P2 (L6-H3)] main: lineP=23252.48 | bars_from_origin=5.0 slope=0.0000 | ABOVE gap=99.68
2026-03-19 13:36:24,305 [INFO]   [IntDet] Total hits this bar: 2
2026-03-19 13:36:24,305 [INFO] [Study] Emitting intersection event (DIRECT): {'time': 1773639900, 'fan': 'P1 (L6-H5)', 'fanIdentity': 'L6-H5', 'fraction': '3/4', 'price': 23140.75503472583, 'type': 'CROSS_UP', 'details': 'Breakout Attempt'}
2026-03-19 13:36:24,308 [INFO] [Study] Emitting intersection event (DIRECT): {'time': 1773639900, 'fan': 'P2 (L6-H3)', 'fanIdentity': 'L6-H3', 'fraction': '3/4', 'price': 23121.77468923499, 'type': 'CROSS_UP', 'details': 'Breakout Attempt'}
2026-03-19 13:36:24,311 [INFO] [IntDet] Bar 125 | 2026-03-16 11:19 | H=23196.60 L=23154.95 C=23181.60 | Fans=2 Lines=14
2026-03-19 13:36:24,311 [INFO]   [P1 (L6-H5)] main: lineP=22851.72 | bars_from_origin=25.0 slope=-17.3052 | BELOW gap=303.23
2026-03-19 13:36:24,311 [INFO]   [P1 (L6-H5)] 0.875: lineP=23054.40 | bars_from_origin=25.0 slope=-9.1979 | BELOW gap=100.55
2026-03-19 13:36:24,311 [INFO]   [P1 (L6-H5)] 0.75: lineP=23134.77 | bars_from_origin=25.0 slope=-5.9831 | BELOW gap=20.18
2026-03-19 13:36:24,311 [INFO]   [P1 (L6-H5)] 0.5: lineP=23210.17 | bars_from_origin=25.0 slope=-2.9671 | ABOVE gap=13.57
2026-03-19 13:36:24,311 [INFO]   [P1 (L6-H5)] 0.25: lineP=23251.92 | bars_from_origin=25.0 slope=-1.2972 | ABOVE gap=55.32
2026-03-19 13:36:24,312 [INFO]   [P1 (L6-H5)] 0.125: lineP=23268.61 | bars_from_origin=25.0 slope=-0.6294 | ABOVE gap=72.01
2026-03-19 13:36:24,312 [INFO]   [P1 (L6-H5)] main: lineP=23227.98 | bars_from_origin=6.0 slope=0.0000 | ABOVE gap=31.38
2026-03-19 13:36:24,312 [INFO]   [P2 (L6-H3)] main: lineP=22921.94 | bars_from_origin=88.0 slope=-5.6018 | BELOW gap=233.01
2026-03-19 13:36:24,312 [INFO]   [P2 (L6-H3)] 0.875: lineP=23034.63 | bars_from_origin=88.0 slope=-4.3213 | BELOW gap=120.32
2026-03-19 13:36:24,312 [INFO]   [P2 (L6-H3)] 0.75: lineP=23118.41 | bars_from_origin=88.0 slope=-3.3693 | BELOW gap=36.54
2026-03-19 13:36:24,312 [INFO]   [P2 (L6-H3)] 0.5: lineP=23240.60 | bars_from_origin=88.0 slope=-1.9807 | ABOVE gap=44.00
2026-03-19 13:36:24,312 [INFO]   [P2 (L6-H3)] 0.25: lineP=23333.34 | bars_from_origin=88.0 slope=-0.9269 | ABOVE gap=136.74
2026-03-19 13:36:24,312 [INFO]   [P2 (L6-H3)] 0.125: lineP=23374.75 | bars_from_origin=88.0 slope=-0.4562 | ABOVE gap=178.15
2026-03-19 13:36:24,312 [INFO]   [P2 (L6-H3)] main: lineP=23252.48 | bars_from_origin=6.0 slope=0.0000 | ABOVE gap=55.88
2026-03-19 13:36:24,313 [INFO] [Tracking] Breach CONFIRMED: Fan_L6_H5 0.75 up (T+1 bars)
2026-03-19 13:36:24,313 [INFO] [Tracking] Breach CONFIRMED: Fan_L6_H3 0.75 up (T+1 bars)
2026-03-19 13:36:24,313 [INFO] [IntDet] Bar 126 | 2026-03-16 11:23 | H=23199.45 L=23162.50 C=23173.30 | Fans=2 Lines=14
2026-03-19 13:36:24,313 [INFO]   [P1 (L6-H5)] main: lineP=22834.41 | bars_from_origin=26.0 slope=-17.3052 | BELOW gap=328.09
2026-03-19 13:36:24,314 [INFO]   [P1 (L6-H5)] 0.875: lineP=23045.20 | bars_from_origin=26.0 slope=-9.1979 | BELOW gap=117.30
2026-03-19 13:36:24,314 [INFO]   [P1 (L6-H5)] 0.75: lineP=23128.79 | bars_from_origin=26.0 slope=-5.9831 | BELOW gap=33.71
2026-03-19 13:36:24,314 [INFO]   [P1 (L6-H5)] 0.5: lineP=23207.21 | bars_from_origin=26.0 slope=-2.9671 | ABOVE gap=7.76
2026-03-19 13:36:24,314 [INFO]   [P1 (L6-H5)] 0.25: lineP=23250.62 | bars_from_origin=26.0 slope=-1.2972 | ABOVE gap=51.17
2026-03-19 13:36:24,314 [INFO]   [P1 (L6-H5)] 0.125: lineP=23267.98 | bars_from_origin=26.0 slope=-0.6294 | ABOVE gap=68.54
2026-03-19 13:36:24,314 [INFO]   [P1 (L6-H5)] main: lineP=23227.98 | bars_from_origin=7.0 slope=0.0000 | ABOVE gap=28.53
2026-03-19 13:36:24,315 [INFO]   [P2 (L6-H3)] main: lineP=22916.34 | bars_from_origin=89.0 slope=-5.6018 | BELOW gap=246.16
2026-03-19 13:36:24,315 [INFO]   [P2 (L6-H3)] 0.875: lineP=23030.31 | bars_from_origin=89.0 slope=-4.3213 | BELOW gap=132.19
2026-03-19 13:36:24,315 [INFO]   [P2 (L6-H3)] 0.75: lineP=23115.04 | bars_from_origin=89.0 slope=-3.3693 | BELOW gap=47.46
2026-03-19 13:36:24,315 [INFO]   [P2 (L6-H3)] 0.5: lineP=23238.62 | bars_from_origin=89.0 slope=-1.9807 | ABOVE gap=39.17
2026-03-19 13:36:24,315 [INFO]   [P2 (L6-H3)] 0.25: lineP=23332.41 | bars_from_origin=89.0 slope=-0.9269 | ABOVE gap=132.96
2026-03-19 13:36:24,315 [INFO]   [P2 (L6-H3)] 0.125: lineP=23374.30 | bars_from_origin=89.0 slope=-0.4562 | ABOVE gap=174.85
2026-03-19 13:36:24,315 [INFO]   [P2 (L6-H3)] main: lineP=23252.48 | bars_from_origin=7.0 slope=0.0000 | ABOVE gap=53.03
2026-03-19 13:36:24,316 [INFO] [IntDet] Bar 127 | 2026-03-16 11:27 | H=23183.25 L=23160.55 C=23173.00 | Fans=2 Lines=14
2026-03-19 13:36:24,316 [INFO]   [P1 (L6-H5)] main: lineP=22817.11 | bars_from_origin=27.0 slope=-17.3052 | BELOW gap=343.44
2026-03-19 13:36:24,316 [INFO]   [P1 (L6-H5)] 0.875: lineP=23036.01 | bars_from_origin=27.0 slope=-9.1979 | BELOW gap=124.55
2026-03-19 13:36:24,316 [INFO]   [P1 (L6-H5)] 0.75: lineP=23122.81 | bars_from_origin=27.0 slope=-5.9831 | BELOW gap=37.75
2026-03-19 13:36:24,316 [INFO]   [P1 (L6-H5)] 0.5: lineP=23204.24 | bars_from_origin=27.0 slope=-2.9671 | ABOVE gap=20.99
2026-03-19 13:36:24,317 [INFO]   [P1 (L6-H5)] 0.25: lineP=23249.33 | bars_from_origin=27.0 slope=-1.2972 | ABOVE gap=66.08
2026-03-19 13:36:24,317 [INFO]   [P1 (L6-H5)] 0.125: lineP=23267.36 | bars_from_origin=27.0 slope=-0.6294 | ABOVE gap=84.11
2026-03-19 13:36:24,317 [INFO]   [P1 (L6-H5)] main: lineP=23227.98 | bars_from_origin=8.0 slope=0.0000 | ABOVE gap=44.73
2026-03-19 13:36:24,317 [INFO]   [P2 (L6-H3)] main: lineP=22910.74 | bars_from_origin=90.0 slope=-5.6018 | BELOW gap=249.81
2026-03-19 13:36:24,317 [INFO]   [P2 (L6-H3)] 0.875: lineP=23025.99 | bars_from_origin=90.0 slope=-4.3213 | BELOW gap=134.57
2026-03-19 13:36:24,317 [INFO]   [P2 (L6-H3)] 0.75: lineP=23111.67 | bars_from_origin=90.0 slope=-3.3693 | BELOW gap=48.88
2026-03-19 13:36:24,317 [INFO]   [P2 (L6-H3)] 0.5: lineP=23236.64 | bars_from_origin=90.0 slope=-1.9807 | ABOVE gap=53.39
2026-03-19 13:36:24,318 [INFO]   [P2 (L6-H3)] 0.25: lineP=23331.48 | bars_from_origin=90.0 slope=-0.9269 | ABOVE gap=148.23
2026-03-19 13:36:24,318 [INFO]   [P2 (L6-H3)] 0.125: lineP=23373.84 | bars_from_origin=90.0 slope=-0.4562 | ABOVE gap=190.59
2026-03-19 13:36:24,318 [INFO]   [P2 (L6-H3)] main: lineP=23252.48 | bars_from_origin=8.0 slope=0.0000 | ABOVE gap=69.23
2026-03-19 13:36:24,318 [INFO] [IntDet] Bar 128 | 2026-03-16 11:31 | H=23218.15 L=23173.05 C=23196.85 | Fans=2 Lines=14
2026-03-19 13:36:24,319 [INFO]   [P1 (L6-H5)] main: lineP=22799.80 | bars_from_origin=28.0 slope=-17.3052 | BELOW gap=373.25
2026-03-19 13:36:24,319 [INFO]   [P1 (L6-H5)] 0.875: lineP=23026.81 | bars_from_origin=28.0 slope=-9.1979 | BELOW gap=146.24
2026-03-19 13:36:24,319 [INFO]   [P1 (L6-H5)] 0.75: lineP=23116.82 | bars_from_origin=28.0 slope=-5.9831 | BELOW gap=56.23
2026-03-19 13:36:24,319 [INFO]   [P1 (L6-H5)] 0.5: lineP=23201.27 | bars_from_origin=28.0 slope=-2.9671 | HIT gap=0.00
2026-03-19 13:36:24,319 [INFO]     >>> HIT RECORDED: P1 (L6-H5) frac=0.5 @ 23201.27
2026-03-19 13:36:24,319 [INFO]   [P1 (L6-H5)] 0.25: lineP=23248.03 | bars_from_origin=28.0 slope=-1.2972 | ABOVE gap=29.88
2026-03-19 13:36:24,319 [INFO]   [P1 (L6-H5)] 0.125: lineP=23266.73 | bars_from_origin=28.0 slope=-0.6294 | ABOVE gap=48.58
2026-03-19 13:36:24,319 [INFO]   [P1 (L6-H5)] main: lineP=23227.98 | bars_from_origin=9.0 slope=0.0000 | ABOVE gap=9.82
2026-03-19 13:36:24,319 [INFO]   [P2 (L6-H3)] main: lineP=22905.13 | bars_from_origin=91.0 slope=-5.6018 | BELOW gap=267.92
2026-03-19 13:36:24,319 [INFO]   [P2 (L6-H3)] 0.875: lineP=23021.66 | bars_from_origin=91.0 slope=-4.3213 | BELOW gap=151.39
2026-03-19 13:36:24,319 [INFO]   [P2 (L6-H3)] 0.75: lineP=23108.30 | bars_from_origin=91.0 slope=-3.3693 | BELOW gap=64.75
2026-03-19 13:36:24,320 [INFO]   [P2 (L6-H3)] 0.5: lineP=23234.65 | bars_from_origin=91.0 slope=-1.9807 | ABOVE gap=16.50
2026-03-19 13:36:24,320 [INFO]   [P2 (L6-H3)] 0.25: lineP=23330.56 | bars_from_origin=91.0 slope=-0.9269 | ABOVE gap=112.41
2026-03-19 13:36:24,320 [INFO]   [P2 (L6-H3)] 0.125: lineP=23373.38 | bars_from_origin=91.0 slope=-0.4562 | ABOVE gap=155.23
2026-03-19 13:36:24,320 [INFO]   [P2 (L6-H3)] main: lineP=23252.48 | bars_from_origin=9.0 slope=0.0000 | ABOVE gap=34.33
2026-03-19 13:36:24,320 [INFO]   [IntDet] Total hits this bar: 1
2026-03-19 13:36:24,320 [INFO] [Study] Emitting intersection event (DIRECT): {'time': 1773640860, 'fan': 'P1 (L6-H5)', 'fanIdentity': 'L6-H5', 'fraction': '1/2', 'price': 23201.27148807766, 'type': 'RESISTANCE_TEST', 'details': 'Rejection / Pullback'}
2026-03-19 13:36:24,324 [INFO] [IntDet] Bar 129 | 2026-03-16 11:35 | H=23209.05 L=23174.15 C=23177.70 | Fans=2 Lines=14
2026-03-19 13:36:24,324 [INFO]   [P1 (L6-H5)] main: lineP=22782.50 | bars_from_origin=29.0 slope=-17.3052 | BELOW gap=391.65
2026-03-19 13:36:24,324 [INFO]   [P1 (L6-H5)] 0.875: lineP=23017.61 | bars_from_origin=29.0 slope=-9.1979 | BELOW gap=156.54
2026-03-19 13:36:24,325 [INFO]   [P1 (L6-H5)] 0.75: lineP=23110.84 | bars_from_origin=29.0 slope=-5.9831 | BELOW gap=63.31
2026-03-19 13:36:24,325 [INFO]   [P1 (L6-H5)] 0.5: lineP=23198.30 | bars_from_origin=29.0 slope=-2.9671 | HIT gap=0.00
2026-03-19 13:36:24,325 [INFO]     >>> HIT RECORDED: P1 (L6-H5) frac=0.5 @ 23198.30
2026-03-19 13:36:24,325 [INFO]   [P1 (L6-H5)] 0.25: lineP=23246.73 | bars_from_origin=29.0 slope=-1.2972 | ABOVE gap=37.68
2026-03-19 13:36:24,325 [INFO]   [P1 (L6-H5)] 0.125: lineP=23266.10 | bars_from_origin=29.0 slope=-0.6294 | ABOVE gap=57.05
2026-03-19 13:36:24,325 [INFO]   [P1 (L6-H5)] main: lineP=23227.98 | bars_from_origin=10.0 slope=0.0000 | ABOVE gap=18.92
2026-03-19 13:36:24,325 [INFO]   [P2 (L6-H3)] main: lineP=22899.53 | bars_from_origin=92.0 slope=-5.6018 | BELOW gap=274.62
2026-03-19 13:36:24,325 [INFO]   [P2 (L6-H3)] 0.875: lineP=23017.34 | bars_from_origin=92.0 slope=-4.3213 | BELOW gap=156.81
2026-03-19 13:36:24,325 [INFO]   [P2 (L6-H3)] 0.75: lineP=23104.93 | bars_from_origin=92.0 slope=-3.3693 | BELOW gap=69.22
2026-03-19 13:36:24,326 [INFO]   [P2 (L6-H3)] 0.5: lineP=23232.67 | bars_from_origin=92.0 slope=-1.9807 | ABOVE gap=23.62
2026-03-19 13:36:24,326 [INFO]   [P2 (L6-H3)] 0.25: lineP=23329.63 | bars_from_origin=92.0 slope=-0.9269 | ABOVE gap=120.58
2026-03-19 13:36:24,326 [INFO]   [P2 (L6-H3)] 0.125: lineP=23372.93 | bars_from_origin=92.0 slope=-0.4562 | ABOVE gap=163.88
2026-03-19 13:36:24,326 [INFO]   [P2 (L6-H3)] main: lineP=23252.48 | bars_from_origin=10.0 slope=0.0000 | ABOVE gap=43.43
2026-03-19 13:36:24,326 [INFO]   [IntDet] Total hits this bar: 1
2026-03-19 13:36:24,326 [INFO] [Study] Emitting intersection event (DIRECT): {'time': 1773641100, 'fan': 'P1 (L6-H5)', 'fanIdentity': 'L6-H5', 'fraction': '1/2', 'price': 23198.30441231704, 'type': 'RESISTANCE_TEST', 'details': 'Rejection / Pullback'}
2026-03-19 13:36:24,329 [INFO] [IntDet] Bar 130 | 2026-03-16 11:39 | H=23184.05 L=23161.35 C=23183.15 | Fans=2 Lines=14
2026-03-19 13:36:24,329 [INFO]   [P1 (L6-H5)] main: lineP=22765.19 | bars_from_origin=30.0 slope=-17.3052 | BELOW gap=396.16
2026-03-19 13:36:24,329 [INFO]   [P1 (L6-H5)] 0.875: lineP=23008.41 | bars_from_origin=30.0 slope=-9.1979 | BELOW gap=152.94
2026-03-19 13:36:24,330 [INFO]   [P1 (L6-H5)] 0.75: lineP=23104.86 | bars_from_origin=30.0 slope=-5.9831 | BELOW gap=56.49
2026-03-19 13:36:24,330 [INFO]   [P1 (L6-H5)] 0.5: lineP=23195.34 | bars_from_origin=30.0 slope=-2.9671 | ABOVE gap=11.29
2026-03-19 13:36:24,330 [INFO]   [P1 (L6-H5)] 0.25: lineP=23245.43 | bars_from_origin=30.0 slope=-1.2972 | ABOVE gap=61.38
2026-03-19 13:36:24,330 [INFO]   [P1 (L6-H5)] 0.125: lineP=23265.47 | bars_from_origin=30.0 slope=-0.6294 | ABOVE gap=81.42
2026-03-19 13:36:24,330 [INFO]   [P1 (L6-H5)] main: lineP=23227.98 | bars_from_origin=11.0 slope=0.0000 | ABOVE gap=43.92
2026-03-19 13:36:24,330 [INFO]   [P2 (L6-H3)] main: lineP=22893.93 | bars_from_origin=93.0 slope=-5.6018 | BELOW gap=267.42
2026-03-19 13:36:24,330 [INFO]   [P2 (L6-H3)] 0.875: lineP=23013.02 | bars_from_origin=93.0 slope=-4.3213 | BELOW gap=148.33
2026-03-19 13:36:24,331 [INFO]   [P2 (L6-H3)] 0.75: lineP=23101.56 | bars_from_origin=93.0 slope=-3.3693 | BELOW gap=59.79
2026-03-19 13:36:24,331 [INFO]   [P2 (L6-H3)] 0.5: lineP=23230.69 | bars_from_origin=93.0 slope=-1.9807 | ABOVE gap=46.64
2026-03-19 13:36:24,331 [INFO]   [P2 (L6-H3)] 0.25: lineP=23328.70 | bars_from_origin=93.0 slope=-0.9269 | ABOVE gap=144.65
2026-03-19 13:36:24,331 [INFO]   [P2 (L6-H3)] 0.125: lineP=23372.47 | bars_from_origin=93.0 slope=-0.4562 | ABOVE gap=188.42
2026-03-19 13:36:24,331 [INFO]   [P2 (L6-H3)] main: lineP=23252.48 | bars_from_origin=11.0 slope=0.0000 | ABOVE gap=68.43
2026-03-19 13:36:24,332 [INFO] [IntDet] Bar 131 | 2026-03-16 11:43 | H=23184.00 L=23148.35 C=23151.15 | Fans=2 Lines=14
2026-03-19 13:36:24,332 [INFO]   [P1 (L6-H5)] main: lineP=22747.89 | bars_from_origin=31.0 slope=-17.3052 | BELOW gap=400.46
2026-03-19 13:36:24,332 [INFO]   [P1 (L6-H5)] 0.875: lineP=22999.21 | bars_from_origin=31.0 slope=-9.1979 | BELOW gap=149.14
2026-03-19 13:36:24,332 [INFO]   [P1 (L6-H5)] 0.75: lineP=23098.87 | bars_from_origin=31.0 slope=-5.9831 | BELOW gap=49.48
2026-03-19 13:36:24,332 [INFO]   [P1 (L6-H5)] 0.5: lineP=23192.37 | bars_from_origin=31.0 slope=-2.9671 | ABOVE gap=8.37
2026-03-19 13:36:24,332 [INFO]   [P1 (L6-H5)] 0.25: lineP=23244.14 | bars_from_origin=31.0 slope=-1.2972 | ABOVE gap=60.14
2026-03-19 13:36:24,332 [INFO]   [P1 (L6-H5)] 0.125: lineP=23264.84 | bars_from_origin=31.0 slope=-0.6294 | ABOVE gap=80.84
2026-03-19 13:36:24,333 [INFO]   [P1 (L6-H5)] main: lineP=23227.98 | bars_from_origin=12.0 slope=0.0000 | ABOVE gap=43.98
2026-03-19 13:36:24,333 [INFO]   [P2 (L6-H3)] main: lineP=22888.33 | bars_from_origin=94.0 slope=-5.6018 | BELOW gap=260.02
2026-03-19 13:36:24,333 [INFO]   [P2 (L6-H3)] 0.875: lineP=23008.70 | bars_from_origin=94.0 slope=-4.3213 | BELOW gap=139.65
2026-03-19 13:36:24,333 [INFO]   [P2 (L6-H3)] 0.75: lineP=23098.19 | bars_from_origin=94.0 slope=-3.3693 | BELOW gap=50.16
2026-03-19 13:36:24,333 [INFO]   [P2 (L6-H3)] 0.5: lineP=23228.71 | bars_from_origin=94.0 slope=-1.9807 | ABOVE gap=44.71
2026-03-19 13:36:24,333 [INFO]   [P2 (L6-H3)] 0.25: lineP=23327.78 | bars_from_origin=94.0 slope=-0.9269 | ABOVE gap=143.78
2026-03-19 13:36:24,333 [INFO]   [P2 (L6-H3)] 0.125: lineP=23372.01 | bars_from_origin=94.0 slope=-0.4562 | ABOVE gap=188.01
2026-03-19 13:36:24,333 [INFO]   [P2 (L6-H3)] main: lineP=23252.48 | bars_from_origin=12.0 slope=0.0000 | ABOVE gap=68.48
2026-03-19 13:36:24,334 [INFO] [IntDet] Bar 132 | 2026-03-16 11:47 | H=23166.90 L=23144.80 C=23165.90 | Fans=2 Lines=14
2026-03-19 13:36:24,334 [INFO]   [P1 (L6-H5)] main: lineP=22730.58 | bars_from_origin=32.0 slope=-17.3052 | BELOW gap=414.22
2026-03-19 13:36:24,334 [INFO]   [P1 (L6-H5)] 0.875: lineP=22990.02 | bars_from_origin=32.0 slope=-9.1979 | BELOW gap=154.78
2026-03-19 13:36:24,334 [INFO]   [P1 (L6-H5)] 0.75: lineP=23092.89 | bars_from_origin=32.0 slope=-5.9831 | BELOW gap=51.91
2026-03-19 13:36:24,334 [INFO]   [P1 (L6-H5)] 0.5: lineP=23189.40 | bars_from_origin=32.0 slope=-2.9671 | ABOVE gap=22.50
2026-03-19 13:36:24,334 [INFO]   [P1 (L6-H5)] 0.25: lineP=23242.84 | bars_from_origin=32.0 slope=-1.2972 | ABOVE gap=75.94
2026-03-19 13:36:24,335 [INFO]   [P1 (L6-H5)] 0.125: lineP=23264.21 | bars_from_origin=32.0 slope=-0.6294 | ABOVE gap=97.31
2026-03-19 13:36:24,335 [INFO]   [P1 (L6-H5)] main: lineP=23227.98 | bars_from_origin=13.0 slope=0.0000 | ABOVE gap=61.07
2026-03-19 13:36:24,335 [INFO]   [P2 (L6-H3)] main: lineP=22882.73 | bars_from_origin=95.0 slope=-5.6018 | BELOW gap=262.07
2026-03-19 13:36:24,335 [INFO]   [P2 (L6-H3)] 0.875: lineP=23004.38 | bars_from_origin=95.0 slope=-4.3213 | BELOW gap=140.42
2026-03-19 13:36:24,335 [INFO]   [P2 (L6-H3)] 0.75: lineP=23094.82 | bars_from_origin=95.0 slope=-3.3693 | BELOW gap=49.98
2026-03-19 13:36:24,335 [INFO]   [P2 (L6-H3)] 0.5: lineP=23226.73 | bars_from_origin=95.0 slope=-1.9807 | ABOVE gap=59.83
2026-03-19 13:36:24,335 [INFO]   [P2 (L6-H3)] 0.25: lineP=23326.85 | bars_from_origin=95.0 slope=-0.9269 | ABOVE gap=159.95
2026-03-19 13:36:24,335 [INFO]   [P2 (L6-H3)] 0.125: lineP=23371.56 | bars_from_origin=95.0 slope=-0.4562 | ABOVE gap=204.66
2026-03-19 13:36:24,335 [INFO]   [P2 (L6-H3)] main: lineP=23252.48 | bars_from_origin=13.0 slope=0.0000 | ABOVE gap=85.58
2026-03-19 13:36:24,336 [INFO] [Study] Creating new fan: Fan_H6_L6 (P1 (H6-L6))
2026-03-19 13:36:24,336 [INFO] [AngleEngine] scale_ratio=3.6603, slope_per_bar=29.1777, visual_slope=7.9714, theta=82.85 deg
2026-03-19 13:36:24,337 [INFO] --- [AngleEngine] Fan Created: Fan_H6_L6 ---
2026-03-19 13:36:24,337 [INFO]   Origin: Bar 119, Time 1773638700, Price 22955.55078125
2026-03-19 13:36:24,337 [INFO]   Target: Bar 128, Time 1773640860, Price 23218.150390625
2026-03-19 13:36:24,337 [INFO]   Delta: db=9, dp_origin=262.60
2026-03-19 13:36:24,337 [INFO]   Scale Params: Ratio=3.6603, Radius=72.30 bars, Slope/Bar=29.1777
2026-03-19 13:36:24,337 [INFO]   Line 0.875: EndBar=1773640860 (approx), EndPrice=23059.99
2026-03-19 13:36:24,337 [INFO]   Line 0.75: EndBar=1773640860 (approx), EndPrice=23017.87
2026-03-19 13:36:24,337 [INFO]   Line 0.5: EndBar=1773640860 (approx), EndPrice=22984.62
2026-03-19 13:36:24,337 [INFO]   Line 0.25: EndBar=1773640860 (approx), EndPrice=22968.01
2026-03-19 13:36:24,338 [INFO]   Line 0.125: EndBar=1773640860 (approx), EndPrice=22961.57
2026-03-19 13:36:24,338 [INFO] [Study] Updating fan priority: Fan_L6_H5 -> P2 (L6-H5)
2026-03-19 13:36:24,338 [INFO] [Study] Updating fan priority: Fan_L6_H3 -> P3 (L6-H3)
2026-03-19 13:36:24,338 [INFO] [IntDet] Bar 133 | 2026-03-16 11:51 | H=23170.55 L=23144.95 C=23154.20 | Fans=3 Lines=21
2026-03-19 13:36:24,338 [INFO]   [P2 (L6-H5)] main: lineP=22713.28 | bars_from_origin=33.0 slope=-17.3052 | BELOW gap=431.67
2026-03-19 13:36:24,338 [INFO]   [P2 (L6-H5)] 0.875: lineP=22980.82 | bars_from_origin=33.0 slope=-9.1979 | BELOW gap=164.13
2026-03-19 13:36:24,338 [INFO]   [P2 (L6-H5)] 0.75: lineP=23086.91 | bars_from_origin=33.0 slope=-5.9831 | BELOW gap=58.04
2026-03-19 13:36:24,338 [INFO]   [P2 (L6-H5)] 0.5: lineP=23186.44 | bars_from_origin=33.0 slope=-2.9671 | ABOVE gap=15.89
2026-03-19 13:36:24,338 [INFO]   [P2 (L6-H5)] 0.25: lineP=23241.54 | bars_from_origin=33.0 slope=-1.2972 | ABOVE gap=70.99
2026-03-19 13:36:24,338 [INFO]   [P2 (L6-H5)] 0.125: lineP=23263.58 | bars_from_origin=33.0 slope=-0.6294 | ABOVE gap=93.03
2026-03-19 13:36:24,339 [INFO]   [P2 (L6-H5)] main: lineP=23227.98 | bars_from_origin=14.0 slope=0.0000 | ABOVE gap=57.42
2026-03-19 13:36:24,339 [INFO]   [P3 (L6-H3)] main: lineP=22877.13 | bars_from_origin=96.0 slope=-5.6018 | BELOW gap=267.82
2026-03-19 13:36:24,339 [INFO]   [P3 (L6-H3)] 0.875: lineP=23000.06 | bars_from_origin=96.0 slope=-4.3213 | BELOW gap=144.89
2026-03-19 13:36:24,339 [INFO]   [P3 (L6-H3)] 0.75: lineP=23091.45 | bars_from_origin=96.0 slope=-3.3693 | BELOW gap=53.50
2026-03-19 13:36:24,339 [INFO]   [P3 (L6-H3)] 0.5: lineP=23224.75 | bars_from_origin=96.0 slope=-1.9807 | ABOVE gap=54.20
2026-03-19 13:36:24,339 [INFO]   [P3 (L6-H3)] 0.25: lineP=23325.92 | bars_from_origin=96.0 slope=-0.9269 | ABOVE gap=155.37
2026-03-19 13:36:24,339 [INFO]   [P3 (L6-H3)] 0.125: lineP=23371.10 | bars_from_origin=96.0 slope=-0.4562 | ABOVE gap=200.55
2026-03-19 13:36:24,339 [INFO]   [P3 (L6-H3)] main: lineP=23252.48 | bars_from_origin=14.0 slope=0.0000 | ABOVE gap=81.93
2026-03-19 13:36:24,339 [INFO]   [P1 (H6-L6)] main: lineP=23364.04 | bars_from_origin=14.0 slope=29.1777 | ABOVE gap=193.49
2026-03-19 13:36:24,339 [INFO]   [P1 (H6-L6)] 0.875: lineP=23118.01 | bars_from_origin=14.0 slope=11.6044 | BELOW gap=26.94
2026-03-19 13:36:24,339 [INFO]   [P1 (H6-L6)] 0.75: lineP=23052.49 | bars_from_origin=14.0 slope=6.9240 | BELOW gap=92.46
2026-03-19 13:36:24,340 [INFO]   [P1 (H6-L6)] 0.5: lineP=23000.77 | bars_from_origin=14.0 slope=3.2298 | BELOW gap=144.18
2026-03-19 13:36:24,340 [INFO]   [P1 (H6-L6)] 0.25: lineP=22974.93 | bars_from_origin=14.0 slope=1.3840 | BELOW gap=170.02
2026-03-19 13:36:24,340 [INFO]   [P1 (H6-L6)] 0.125: lineP=22964.92 | bars_from_origin=14.0 slope=0.6689 | BELOW gap=180.03
2026-03-19 13:36:24,340 [INFO]   [P1 (H6-L6)] main: lineP=22984.62 | bars_from_origin=5.0 slope=0.0000 | BELOW gap=160.33
2026-03-19 13:36:24,341 [INFO] [IntDet] Bar 134 | 2026-03-16 11:55 | H=23172.00 L=23138.10 C=23149.55 | Fans=3 Lines=21
2026-03-19 13:36:24,341 [INFO]   [P2 (L6-H5)] main: lineP=22695.97 | bars_from_origin=34.0 slope=-17.3052 | BELOW gap=442.13
2026-03-19 13:36:24,341 [INFO]   [P2 (L6-H5)] 0.875: lineP=22971.62 | bars_from_origin=34.0 slope=-9.1979 | BELOW gap=166.48
2026-03-19 13:36:24,341 [INFO]   [P2 (L6-H5)] 0.75: lineP=23080.92 | bars_from_origin=34.0 slope=-5.9831 | BELOW gap=57.18
2026-03-19 13:36:24,341 [INFO]   [P2 (L6-H5)] 0.5: lineP=23183.47 | bars_from_origin=34.0 slope=-2.9671 | ABOVE gap=11.47
2026-03-19 13:36:24,341 [INFO]   [P2 (L6-H5)] 0.25: lineP=23240.24 | bars_from_origin=34.0 slope=-1.2972 | ABOVE gap=68.24
2026-03-19 13:36:24,341 [INFO]   [P2 (L6-H5)] 0.125: lineP=23262.95 | bars_from_origin=34.0 slope=-0.6294 | ABOVE gap=90.95
2026-03-19 13:36:24,341 [INFO]   [P2 (L6-H5)] main: lineP=23227.98 | bars_from_origin=15.0 slope=0.0000 | ABOVE gap=55.98
2026-03-19 13:36:24,341 [INFO]   [P3 (L6-H3)] main: lineP=22871.52 | bars_from_origin=97.0 slope=-5.6018 | BELOW gap=266.58
2026-03-19 13:36:24,342 [INFO]   [P3 (L6-H3)] 0.875: lineP=22995.74 | bars_from_origin=97.0 slope=-4.3213 | BELOW gap=142.36
2026-03-19 13:36:24,342 [INFO]   [P3 (L6-H3)] 0.75: lineP=23088.08 | bars_from_origin=97.0 slope=-3.3693 | BELOW gap=50.02
2026-03-19 13:36:24,342 [INFO]   [P3 (L6-H3)] 0.5: lineP=23222.77 | bars_from_origin=97.0 slope=-1.9807 | ABOVE gap=50.77
2026-03-19 13:36:24,342 [INFO]   [P3 (L6-H3)] 0.25: lineP=23325.00 | bars_from_origin=97.0 slope=-0.9269 | ABOVE gap=153.00
2026-03-19 13:36:24,342 [INFO]   [P3 (L6-H3)] 0.125: lineP=23370.65 | bars_from_origin=97.0 slope=-0.4562 | ABOVE gap=198.65
2026-03-19 13:36:24,342 [INFO]   [P3 (L6-H3)] main: lineP=23252.48 | bars_from_origin=15.0 slope=0.0000 | ABOVE gap=80.48
2026-03-19 13:36:24,342 [INFO]   [P1 (H6-L6)] main: lineP=23393.22 | bars_from_origin=15.0 slope=29.1777 | ABOVE gap=221.22
2026-03-19 13:36:24,342 [INFO]   [P1 (H6-L6)] 0.875: lineP=23129.62 | bars_from_origin=15.0 slope=11.6044 | BELOW gap=8.48
2026-03-19 13:36:24,342 [INFO]   [P1 (H6-L6)] 0.75: lineP=23059.41 | bars_from_origin=15.0 slope=6.9240 | BELOW gap=78.69
2026-03-19 13:36:24,343 [INFO]   [P1 (H6-L6)] 0.5: lineP=23004.00 | bars_from_origin=15.0 slope=3.2298 | BELOW gap=134.10
2026-03-19 13:36:24,343 [INFO]   [P1 (H6-L6)] 0.25: lineP=22976.31 | bars_from_origin=15.0 slope=1.3840 | BELOW gap=161.79
2026-03-19 13:36:24,343 [INFO]   [P1 (H6-L6)] 0.125: lineP=22965.58 | bars_from_origin=15.0 slope=0.6689 | BELOW gap=172.52
2026-03-19 13:36:24,343 [INFO]   [P1 (H6-L6)] main: lineP=22984.62 | bars_from_origin=6.0 slope=0.0000 | BELOW gap=153.48
2026-03-19 13:36:24,344 [INFO] [IntDet] Bar 135 | 2026-03-16 11:59 | H=23180.10 L=23142.50 C=23178.55 | Fans=3 Lines=21
2026-03-19 13:36:24,344 [INFO]   [P2 (L6-H5)] main: lineP=22678.67 | bars_from_origin=35.0 slope=-17.3052 | BELOW gap=463.83
2026-03-19 13:36:24,344 [INFO]   [P2 (L6-H5)] 0.875: lineP=22962.42 | bars_from_origin=35.0 slope=-9.1979 | BELOW gap=180.08
2026-03-19 13:36:24,344 [INFO]   [P2 (L6-H5)] 0.75: lineP=23074.94 | bars_from_origin=35.0 slope=-5.9831 | BELOW gap=67.56
2026-03-19 13:36:24,344 [INFO]   [P2 (L6-H5)] 0.5: lineP=23180.50 | bars_from_origin=35.0 slope=-2.9671 | ABOVE gap=0.40
2026-03-19 13:36:24,344 [INFO]   [P2 (L6-H5)] 0.25: lineP=23238.95 | bars_from_origin=35.0 slope=-1.2972 | ABOVE gap=58.85
2026-03-19 13:36:24,344 [INFO]   [P2 (L6-H5)] 0.125: lineP=23262.32 | bars_from_origin=35.0 slope=-0.6294 | ABOVE gap=82.22
2026-03-19 13:36:24,345 [INFO]   [P2 (L6-H5)] main: lineP=23227.98 | bars_from_origin=16.0 slope=0.0000 | ABOVE gap=47.88
2026-03-19 13:36:24,345 [INFO]   [P3 (L6-H3)] main: lineP=22865.92 | bars_from_origin=98.0 slope=-5.6018 | BELOW gap=276.58
2026-03-19 13:36:24,345 [INFO]   [P3 (L6-H3)] 0.875: lineP=22991.41 | bars_from_origin=98.0 slope=-4.3213 | BELOW gap=151.09
2026-03-19 13:36:24,345 [INFO]   [P3 (L6-H3)] 0.75: lineP=23084.71 | bars_from_origin=98.0 slope=-3.3693 | BELOW gap=57.79
2026-03-19 13:36:24,345 [INFO]   [P3 (L6-H3)] 0.5: lineP=23220.79 | bars_from_origin=98.0 slope=-1.9807 | ABOVE gap=40.69
2026-03-19 13:36:24,345 [INFO]   [P3 (L6-H3)] 0.25: lineP=23324.07 | bars_from_origin=98.0 slope=-0.9269 | ABOVE gap=143.97
2026-03-19 13:36:24,345 [INFO]   [P3 (L6-H3)] 0.125: lineP=23370.19 | bars_from_origin=98.0 slope=-0.4562 | ABOVE gap=190.09
2026-03-19 13:36:24,345 [INFO]   [P3 (L6-H3)] main: lineP=23252.48 | bars_from_origin=16.0 slope=0.0000 | ABOVE gap=72.38
2026-03-19 13:36:24,345 [INFO]   [P1 (H6-L6)] main: lineP=23422.39 | bars_from_origin=16.0 slope=29.1777 | ABOVE gap=242.29
2026-03-19 13:36:24,345 [INFO]   [P1 (H6-L6)] 0.875: lineP=23141.22 | bars_from_origin=16.0 slope=11.6044 | BELOW gap=1.28
2026-03-19 13:36:24,345 [INFO]   [P1 (H6-L6)] 0.75: lineP=23066.33 | bars_from_origin=16.0 slope=6.9240 | BELOW gap=76.17
2026-03-19 13:36:24,346 [INFO]   [P1 (H6-L6)] 0.5: lineP=23007.23 | bars_from_origin=16.0 slope=3.2298 | BELOW gap=135.27
2026-03-19 13:36:24,346 [INFO]   [P1 (H6-L6)] 0.25: lineP=22977.70 | bars_from_origin=16.0 slope=1.3840 | BELOW gap=164.80
2026-03-19 13:36:24,346 [INFO]   [P1 (H6-L6)] 0.125: lineP=22966.25 | bars_from_origin=16.0 slope=0.6689 | BELOW gap=176.25
2026-03-19 13:36:24,346 [INFO]   [P1 (H6-L6)] main: lineP=22984.62 | bars_from_origin=7.0 slope=0.0000 | BELOW gap=157.88
2026-03-19 13:36:24,347 [INFO] [IntDet] Bar 136 | 2026-03-16 12:03 | H=23188.95 L=23150.80 C=23160.30 | Fans=3 Lines=21
2026-03-19 13:36:24,347 [INFO]   [P2 (L6-H5)] main: lineP=22661.36 | bars_from_origin=36.0 slope=-17.3052 | BELOW gap=489.44
2026-03-19 13:36:24,347 [INFO]   [P2 (L6-H5)] 0.875: lineP=22953.22 | bars_from_origin=36.0 slope=-9.1979 | BELOW gap=197.58
2026-03-19 13:36:24,347 [INFO]   [P2 (L6-H5)] 0.75: lineP=23068.96 | bars_from_origin=36.0 slope=-5.9831 | BELOW gap=81.84
2026-03-19 13:36:24,347 [INFO]   [P2 (L6-H5)] 0.5: lineP=23177.53 | bars_from_origin=36.0 slope=-2.9671 | HIT gap=0.00
2026-03-19 13:36:24,347 [INFO]     >>> HIT RECORDED: P2 (L6-H5) frac=0.5 @ 23177.53
2026-03-19 13:36:24,347 [INFO]   [P2 (L6-H5)] 0.25: lineP=23237.65 | bars_from_origin=36.0 slope=-1.2972 | ABOVE gap=48.70
2026-03-19 13:36:24,347 [INFO]   [P2 (L6-H5)] 0.125: lineP=23261.69 | bars_from_origin=36.0 slope=-0.6294 | ABOVE gap=72.74
2026-03-19 13:36:24,347 [INFO]   [P2 (L6-H5)] main: lineP=23227.98 | bars_from_origin=17.0 slope=0.0000 | ABOVE gap=39.03
2026-03-19 13:36:24,347 [INFO]   [P3 (L6-H3)] main: lineP=22860.32 | bars_from_origin=99.0 slope=-5.6018 | BELOW gap=290.48
2026-03-19 13:36:24,348 [INFO]   [P3 (L6-H3)] 0.875: lineP=22987.09 | bars_from_origin=99.0 slope=-4.3213 | BELOW gap=163.71
2026-03-19 13:36:24,348 [INFO]   [P3 (L6-H3)] 0.75: lineP=23081.34 | bars_from_origin=99.0 slope=-3.3693 | BELOW gap=69.46
2026-03-19 13:36:24,348 [INFO]   [P3 (L6-H3)] 0.5: lineP=23218.81 | bars_from_origin=99.0 slope=-1.9807 | ABOVE gap=29.86
2026-03-19 13:36:24,348 [INFO]   [P3 (L6-H3)] 0.25: lineP=23323.14 | bars_from_origin=99.0 slope=-0.9269 | ABOVE gap=134.19
2026-03-19 13:36:24,348 [INFO]   [P3 (L6-H3)] 0.125: lineP=23369.73 | bars_from_origin=99.0 slope=-0.4562 | ABOVE gap=180.78
2026-03-19 13:36:24,348 [INFO]   [P3 (L6-H3)] main: lineP=23252.48 | bars_from_origin=17.0 slope=0.0000 | ABOVE gap=63.53
2026-03-19 13:36:24,348 [INFO]   [P1 (H6-L6)] main: lineP=23451.57 | bars_from_origin=17.0 slope=29.1777 | ABOVE gap=262.62
2026-03-19 13:36:24,348 [INFO]   [P1 (H6-L6)] 0.875: lineP=23152.83 | bars_from_origin=17.0 slope=11.6044 | HIT gap=0.00
2026-03-19 13:36:24,348 [INFO]     >>> HIT RECORDED: P1 (H6-L6) frac=0.875 @ 23152.83
2026-03-19 13:36:24,348 [INFO]   [P1 (H6-L6)] 0.75: lineP=23073.26 | bars_from_origin=17.0 slope=6.9240 | BELOW gap=77.54
2026-03-19 13:36:24,348 [INFO]   [P1 (H6-L6)] 0.5: lineP=23010.46 | bars_from_origin=17.0 slope=3.2298 | BELOW gap=140.34
2026-03-19 13:36:24,349 [INFO]   [P1 (H6-L6)] 0.25: lineP=22979.08 | bars_from_origin=17.0 slope=1.3840 | BELOW gap=171.72
2026-03-19 13:36:24,349 [INFO]   [P1 (H6-L6)] 0.125: lineP=22966.92 | bars_from_origin=17.0 slope=0.6689 | BELOW gap=183.88
2026-03-19 13:36:24,349 [INFO]   [P1 (H6-L6)] main: lineP=22984.62 | bars_from_origin=8.0 slope=0.0000 | BELOW gap=166.18
2026-03-19 13:36:24,349 [INFO]   [IntDet] Total hits this bar: 2
2026-03-19 13:36:24,349 [INFO] [Study] Emitting intersection event (DIRECT): {'time': 1773642780, 'fan': 'P2 (L6-H5)', 'fanIdentity': 'L6-H5', 'fraction': '1/2', 'price': 23177.534881992706, 'type': 'CROSS_DOWN', 'details': 'Breakdown Attempt'}
2026-03-19 13:36:24,352 [INFO] [Study] Emitting intersection event (DIRECT): {'time': 1773642780, 'fan': 'P1 (H6-L6)', 'fanIdentity': 'H6-L6', 'fraction': '7/8', 'price': 23152.825280148892, 'type': 'SUPPORT_TEST', 'details': 'Resting / Throwback'}
2026-03-19 13:36:24,355 [INFO] [Tracking] Fan validated: Fan_H6_L6 via reversal at bar 136
2026-03-19 13:36:24,356 [INFO] [IntDet] Bar 137 | 2026-03-16 12:07 | H=23168.15 L=23147.60 C=23148.80 | Fans=3 Lines=21
2026-03-19 13:36:24,356 [INFO]   [P2 (L6-H5)] main: lineP=22644.06 | bars_from_origin=37.0 slope=-17.3052 | BELOW gap=503.54
2026-03-19 13:36:24,356 [INFO]   [P2 (L6-H5)] 0.875: lineP=22944.03 | bars_from_origin=37.0 slope=-9.1979 | BELOW gap=203.57
2026-03-19 13:36:24,356 [INFO]   [P2 (L6-H5)] 0.75: lineP=23062.97 | bars_from_origin=37.0 slope=-5.9831 | BELOW gap=84.62
2026-03-19 13:36:24,356 [INFO]   [P2 (L6-H5)] 0.5: lineP=23174.57 | bars_from_origin=37.0 slope=-2.9671 | ABOVE gap=6.42
2026-03-19 13:36:24,356 [INFO]   [P2 (L6-H5)] 0.25: lineP=23236.35 | bars_from_origin=37.0 slope=-1.2972 | ABOVE gap=68.20
2026-03-19 13:36:24,356 [INFO]   [P2 (L6-H5)] 0.125: lineP=23261.06 | bars_from_origin=37.0 slope=-0.6294 | ABOVE gap=92.91
2026-03-19 13:36:24,356 [INFO]   [P2 (L6-H5)] main: lineP=23227.98 | bars_from_origin=18.0 slope=0.0000 | ABOVE gap=59.82
2026-03-19 13:36:24,356 [INFO]   [P3 (L6-H3)] main: lineP=22854.72 | bars_from_origin=100.0 slope=-5.6018 | BELOW gap=292.88
2026-03-19 13:36:24,356 [INFO]   [P3 (L6-H3)] 0.875: lineP=22982.77 | bars_from_origin=100.0 slope=-4.3213 | BELOW gap=164.83
2026-03-19 13:36:24,356 [INFO]   [P3 (L6-H3)] 0.75: lineP=23077.97 | bars_from_origin=100.0 slope=-3.3693 | BELOW gap=69.63
2026-03-19 13:36:24,357 [INFO]   [P3 (L6-H3)] 0.5: lineP=23216.83 | bars_from_origin=100.0 slope=-1.9807 | ABOVE gap=48.68
2026-03-19 13:36:24,357 [INFO]   [P3 (L6-H3)] 0.25: lineP=23322.21 | bars_from_origin=100.0 slope=-0.9269 | ABOVE gap=154.06
2026-03-19 13:36:24,357 [INFO]   [P3 (L6-H3)] 0.125: lineP=23369.28 | bars_from_origin=100.0 slope=-0.4562 | ABOVE gap=201.13
2026-03-19 13:36:24,357 [INFO]   [P3 (L6-H3)] main: lineP=23252.48 | bars_from_origin=18.0 slope=0.0000 | ABOVE gap=84.33
2026-03-19 13:36:24,357 [INFO]   [P1 (H6-L6)] main: lineP=23480.75 | bars_from_origin=18.0 slope=29.1777 | ABOVE gap=312.60
2026-03-19 13:36:24,357 [INFO]   [P1 (H6-L6)] 0.875: lineP=23164.43 | bars_from_origin=18.0 slope=11.6044 | HIT gap=0.00
2026-03-19 13:36:24,357 [INFO]     >>> HIT RECORDED: P1 (H6-L6) frac=0.875 @ 23164.43
2026-03-19 13:36:24,357 [INFO]   [P1 (H6-L6)] 0.75: lineP=23080.18 | bars_from_origin=18.0 slope=6.9240 | BELOW gap=67.42
2026-03-19 13:36:24,357 [INFO]   [P1 (H6-L6)] 0.5: lineP=23013.69 | bars_from_origin=18.0 slope=3.2298 | BELOW gap=133.91
2026-03-19 13:36:24,357 [INFO]   [P1 (H6-L6)] 0.25: lineP=22980.46 | bars_from_origin=18.0 slope=1.3840 | BELOW gap=167.14
2026-03-19 13:36:24,357 [INFO]   [P1 (H6-L6)] 0.125: lineP=22967.59 | bars_from_origin=18.0 slope=0.6689 | BELOW gap=180.01
2026-03-19 13:36:24,357 [INFO]   [P1 (H6-L6)] main: lineP=22984.62 | bars_from_origin=9.0 slope=0.0000 | BELOW gap=162.98
2026-03-19 13:36:24,358 [INFO]   [IntDet] Total hits this bar: 1
2026-03-19 13:36:24,358 [INFO] [Study] Emitting intersection event (DIRECT): {'time': 1773643020, 'fan': 'P1 (H6-L6)', 'fanIdentity': 'H6-L6', 'fraction': '7/8', 'price': 23164.42966243706, 'type': 'RESISTANCE_TEST', 'details': 'Rejection / Pullback'}
2026-03-19 13:36:24,360 [INFO] [Tracking] Breach CONFIRMED: Fan_L6_H5 0.5 down (T+1 bars)
2026-03-19 13:36:24,361 [INFO] [IntDet] Bar 138 | 2026-03-16 12:11 | H=23185.85 L=23147.30 C=23162.85 | Fans=3 Lines=21
2026-03-19 13:36:24,361 [INFO]   [P2 (L6-H5)] main: lineP=22626.75 | bars_from_origin=38.0 slope=-17.3052 | BELOW gap=520.55
2026-03-19 13:36:24,361 [INFO]   [P2 (L6-H5)] 0.875: lineP=22934.83 | bars_from_origin=38.0 slope=-9.1979 | BELOW gap=212.47
2026-03-19 13:36:24,361 [INFO]   [P2 (L6-H5)] 0.75: lineP=23056.99 | bars_from_origin=38.0 slope=-5.9831 | BELOW gap=90.31
2026-03-19 13:36:24,361 [INFO]   [P2 (L6-H5)] 0.5: lineP=23171.60 | bars_from_origin=38.0 slope=-2.9671 | HIT gap=0.00
2026-03-19 13:36:24,362 [INFO]     >>> HIT RECORDED: P2 (L6-H5) frac=0.5 @ 23171.60
2026-03-19 13:36:24,362 [INFO]   [P2 (L6-H5)] 0.25: lineP=23235.06 | bars_from_origin=38.0 slope=-1.2972 | ABOVE gap=49.21
2026-03-19 13:36:24,362 [INFO]   [P2 (L6-H5)] 0.125: lineP=23260.43 | bars_from_origin=38.0 slope=-0.6294 | ABOVE gap=74.58
2026-03-19 13:36:24,362 [INFO]   [P2 (L6-H5)] main: lineP=23227.98 | bars_from_origin=19.0 slope=0.0000 | ABOVE gap=42.13
2026-03-19 13:36:24,362 [INFO]   [P3 (L6-H3)] main: lineP=22849.12 | bars_from_origin=101.0 slope=-5.6018 | BELOW gap=298.18
2026-03-19 13:36:24,362 [INFO]   [P3 (L6-H3)] 0.875: lineP=22978.45 | bars_from_origin=101.0 slope=-4.3213 | BELOW gap=168.85
2026-03-19 13:36:24,362 [INFO]   [P3 (L6-H3)] 0.75: lineP=23074.61 | bars_from_origin=101.0 slope=-3.3693 | BELOW gap=72.70
2026-03-19 13:36:24,362 [INFO]   [P3 (L6-H3)] 0.5: lineP=23214.85 | bars_from_origin=101.0 slope=-1.9807 | ABOVE gap=29.00
2026-03-19 13:36:24,362 [INFO]   [P3 (L6-H3)] 0.25: lineP=23321.29 | bars_from_origin=101.0 slope=-0.9269 | ABOVE gap=135.44
2026-03-19 13:36:24,362 [INFO]   [P3 (L6-H3)] 0.125: lineP=23368.82 | bars_from_origin=101.0 slope=-0.4562 | ABOVE gap=182.97
2026-03-19 13:36:24,362 [INFO]   [P3 (L6-H3)] main: lineP=23252.48 | bars_from_origin=19.0 slope=0.0000 | ABOVE gap=66.63
2026-03-19 13:36:24,363 [INFO]   [P1 (H6-L6)] main: lineP=23509.93 | bars_from_origin=19.0 slope=29.1777 | ABOVE gap=324.08
2026-03-19 13:36:24,363 [INFO]   [P1 (H6-L6)] 0.875: lineP=23176.03 | bars_from_origin=19.0 slope=11.6044 | HIT gap=0.00
2026-03-19 13:36:24,363 [INFO]     >>> HIT RECORDED: P1 (H6-L6) frac=0.875 @ 23176.03
2026-03-19 13:36:24,363 [INFO]   [P1 (H6-L6)] 0.75: lineP=23087.11 | bars_from_origin=19.0 slope=6.9240 | BELOW gap=60.19
2026-03-19 13:36:24,363 [INFO]   [P1 (H6-L6)] 0.5: lineP=23016.92 | bars_from_origin=19.0 slope=3.2298 | BELOW gap=130.38
2026-03-19 13:36:24,363 [INFO]   [P1 (H6-L6)] 0.25: lineP=22981.85 | bars_from_origin=19.0 slope=1.3840 | BELOW gap=165.45
2026-03-19 13:36:24,363 [INFO]   [P1 (H6-L6)] 0.125: lineP=22968.26 | bars_from_origin=19.0 slope=0.6689 | BELOW gap=179.04
2026-03-19 13:36:24,363 [INFO]   [P1 (H6-L6)] main: lineP=22984.62 | bars_from_origin=10.0 slope=0.0000 | BELOW gap=162.68
2026-03-19 13:36:24,363 [INFO]   [IntDet] Total hits this bar: 2
2026-03-19 13:36:24,363 [INFO] [Study] Emitting intersection event (DIRECT): {'time': 1773643260, 'fan': 'P2 (L6-H5)', 'fanIdentity': 'L6-H5', 'fraction': '1/2', 'price': 23171.600730471466, 'type': 'RESISTANCE_TEST', 'details': 'Rejection / Pullback'}
2026-03-19 13:36:24,366 [INFO] [Study] Emitting intersection event (DIRECT): {'time': 1773643260, 'fan': 'P1 (H6-L6)', 'fanIdentity': 'H6-L6', 'fraction': '7/8', 'price': 23176.03404472523, 'type': 'RESISTANCE_TEST', 'details': 'Rejection / Pullback'}
2026-03-19 13:36:24,370 [INFO] [Study] Removing invalidated/excess fan: Fan_L6_H3
2026-03-19 13:36:24,370 [INFO] [Study] Updating fan priority: Fan_H6_L6 -> P2 (H6-L6)
2026-03-19 13:36:24,370 [INFO] [Study] Creating new fan: Fan_L7_H6 (P1 (L7-H6))
2026-03-19 13:36:24,370 [INFO] [AngleEngine] scale_ratio=3.6603, slope_per_bar=-13.3418, visual_slope=-3.6450, theta=-74.66 deg
2026-03-19 13:36:24,370 [INFO] --- [AngleEngine] Fan Created: Fan_L7_H6 ---
2026-03-19 13:36:24,371 [INFO]   Origin: Bar 128, Time 1773640860, Price 23218.150390625
2026-03-19 13:36:24,371 [INFO]   Target: Bar 134, Time 1773642300, Price 23138.099609375
2026-03-19 13:36:24,371 [INFO]   Delta: db=6, dp_origin=-80.05
2026-03-19 13:36:24,371 [INFO]   Scale Params: Ratio=3.6603, Radius=22.68 bars, Slope/Bar=-13.3418
2026-03-19 13:36:24,371 [INFO]   Line 0.875: EndBar=1773642300 (approx), EndPrice=23170.34
2026-03-19 13:36:24,371 [INFO]   Line 0.75: EndBar=1773642300 (approx), EndPrice=23185.60
2026-03-19 13:36:24,371 [INFO]   Line 0.5: EndBar=1773642300 (approx), EndPrice=23201.40
2026-03-19 13:36:24,371 [INFO]   Line 0.25: EndBar=1773642300 (approx), EndPrice=23210.73
2026-03-19 13:36:24,371 [INFO]   Line 0.125: EndBar=1773642300 (approx), EndPrice=23214.54
2026-03-19 13:36:24,371 [INFO] [Study] Updating fan priority: Fan_L6_H5 -> P3 (L6-H5)
2026-03-19 13:36:24,372 [INFO] [IntDet] Bar 139 | 2026-03-16 12:15 | H=23169.15 L=23154.35 C=23157.95 | Fans=3 Lines=21
2026-03-19 13:36:24,372 [INFO]   [P3 (L6-H5)] main: lineP=22609.45 | bars_from_origin=39.0 slope=-17.3052 | BELOW gap=544.90
2026-03-19 13:36:24,372 [INFO]   [P3 (L6-H5)] 0.875: lineP=22925.63 | bars_from_origin=39.0 slope=-9.1979 | BELOW gap=228.72
2026-03-19 13:36:24,372 [INFO]   [P3 (L6-H5)] 0.75: lineP=23051.01 | bars_from_origin=39.0 slope=-5.9831 | BELOW gap=103.34
2026-03-19 13:36:24,372 [INFO]   [P3 (L6-H5)] 0.5: lineP=23168.63 | bars_from_origin=39.0 slope=-2.9671 | HIT gap=0.00
2026-03-19 13:36:24,372 [INFO]     >>> HIT RECORDED: P3 (L6-H5) frac=0.5 @ 23168.63
2026-03-19 13:36:24,372 [INFO]   [P3 (L6-H5)] 0.25: lineP=23233.76 | bars_from_origin=39.0 slope=-1.2972 | ABOVE gap=64.61
2026-03-19 13:36:24,372 [INFO]   [P3 (L6-H5)] 0.125: lineP=23259.80 | bars_from_origin=39.0 slope=-0.6294 | ABOVE gap=90.65
2026-03-19 13:36:24,372 [INFO]   [P3 (L6-H5)] main: lineP=23227.98 | bars_from_origin=20.0 slope=0.0000 | ABOVE gap=58.82
2026-03-19 13:36:24,372 [INFO]   [P2 (H6-L6)] main: lineP=23539.11 | bars_from_origin=20.0 slope=29.1777 | ABOVE gap=369.96
2026-03-19 13:36:24,372 [INFO]   [P2 (H6-L6)] 0.875: lineP=23187.64 | bars_from_origin=20.0 slope=11.6044 | ABOVE gap=18.49
2026-03-19 13:36:24,372 [INFO]   [P2 (H6-L6)] 0.75: lineP=23094.03 | bars_from_origin=20.0 slope=6.9240 | BELOW gap=60.32
2026-03-19 13:36:24,372 [INFO]   [P2 (H6-L6)] 0.5: lineP=23020.15 | bars_from_origin=20.0 slope=3.2298 | BELOW gap=134.20
2026-03-19 13:36:24,373 [INFO]   [P2 (H6-L6)] 0.25: lineP=22983.23 | bars_from_origin=20.0 slope=1.3840 | BELOW gap=171.12
2026-03-19 13:36:24,373 [INFO]   [P2 (H6-L6)] 0.125: lineP=22968.93 | bars_from_origin=20.0 slope=0.6689 | BELOW gap=185.42
2026-03-19 13:36:24,373 [INFO]   [P2 (H6-L6)] main: lineP=22984.62 | bars_from_origin=11.0 slope=0.0000 | BELOW gap=169.73
2026-03-19 13:36:24,373 [INFO]   [P1 (L7-H6)] main: lineP=23071.39 | bars_from_origin=11.0 slope=-13.3418 | BELOW gap=82.96
2026-03-19 13:36:24,373 [INFO]   [P1 (L7-H6)] 0.875: lineP=23130.51 | bars_from_origin=11.0 slope=-7.9676 | BELOW gap=23.84
2026-03-19 13:36:24,373 [INFO]   [P1 (L7-H6)] 0.75: lineP=23158.47 | bars_from_origin=11.0 slope=-5.4254 | HIT gap=0.00
2026-03-19 13:36:24,373 [INFO]     >>> HIT RECORDED: P1 (L7-H6) frac=0.75 @ 23158.47
2026-03-19 13:36:24,373 [INFO]   [P1 (L7-H6)] 0.5: lineP=23187.45 | bars_from_origin=11.0 slope=-2.7914 | ABOVE gap=18.30
2026-03-19 13:36:24,373 [INFO]   [P1 (L7-H6)] 0.25: lineP=23204.55 | bars_from_origin=11.0 slope=-1.2364 | ABOVE gap=35.40
2026-03-19 13:36:24,373 [INFO]   [P1 (L7-H6)] 0.125: lineP=23211.53 | bars_from_origin=11.0 slope=-0.6015 | ABOVE gap=42.38
2026-03-19 13:36:24,373 [INFO]   [P1 (L7-H6)] main: lineP=23201.40 | bars_from_origin=5.0 slope=0.0000 | ABOVE gap=32.25
2026-03-19 13:36:24,374 [INFO]   [IntDet] Total hits this bar: 2
2026-03-19 13:36:24,374 [INFO] [Study] Emitting intersection event (DIRECT): {'time': 1773643500, 'fan': 'P3 (L6-H5)', 'fanIdentity': 'L6-H5', 'fraction': '1/2', 'price': 23168.633654710848, 'type': 'RESISTANCE_TEST', 'details': 'Rejection / Pullback'}
2026-03-19 13:36:24,376 [INFO] [Study] Emitting intersection event (DIRECT): {'time': 1773643500, 'fan': 'P1 (L7-H6)', 'fanIdentity': 'L7-H6', 'fraction': '3/4', 'price': 23158.471413330175, 'type': 'CROSS_DOWN', 'details': 'Breakdown Attempt'}
2026-03-19 13:36:24,379 [INFO] [IntDet] Bar 140 | 2026-03-16 12:19 | H=23174.90 L=23158.00 C=23169.70 | Fans=3 Lines=21
2026-03-19 13:36:24,379 [INFO]   [P3 (L6-H5)] main: lineP=22592.14 | bars_from_origin=40.0 slope=-17.3052 | BELOW gap=565.86
2026-03-19 13:36:24,379 [INFO]   [P3 (L6-H5)] 0.875: lineP=22916.43 | bars_from_origin=40.0 slope=-9.1979 | BELOW gap=241.57
2026-03-19 13:36:24,379 [INFO]   [P3 (L6-H5)] 0.75: lineP=23045.03 | bars_from_origin=40.0 slope=-5.9831 | BELOW gap=112.97
2026-03-19 13:36:24,379 [INFO]   [P3 (L6-H5)] 0.5: lineP=23165.67 | bars_from_origin=40.0 slope=-2.9671 | HIT gap=0.00
2026-03-19 13:36:24,380 [INFO]     >>> HIT RECORDED: P3 (L6-H5) frac=0.5 @ 23165.67
2026-03-19 13:36:24,380 [INFO]   [P3 (L6-H5)] 0.25: lineP=23232.46 | bars_from_origin=40.0 slope=-1.2972 | ABOVE gap=57.56
2026-03-19 13:36:24,380 [INFO]   [P3 (L6-H5)] 0.125: lineP=23259.17 | bars_from_origin=40.0 slope=-0.6294 | ABOVE gap=84.27
2026-03-19 13:36:24,380 [INFO]   [P3 (L6-H5)] main: lineP=23227.98 | bars_from_origin=21.0 slope=0.0000 | ABOVE gap=53.07
2026-03-19 13:36:24,380 [INFO]   [P2 (H6-L6)] main: lineP=23568.28 | bars_from_origin=21.0 slope=29.1777 | ABOVE gap=393.38
2026-03-19 13:36:24,380 [INFO]   [P2 (H6-L6)] 0.875: lineP=23199.24 | bars_from_origin=21.0 slope=11.6044 | ABOVE gap=24.34
2026-03-19 13:36:24,380 [INFO]   [P2 (H6-L6)] 0.75: lineP=23100.95 | bars_from_origin=21.0 slope=6.9240 | BELOW gap=57.05
2026-03-19 13:36:24,380 [INFO]   [P2 (H6-L6)] 0.5: lineP=23023.38 | bars_from_origin=21.0 slope=3.2298 | BELOW gap=134.62
2026-03-19 13:36:24,380 [INFO]   [P2 (H6-L6)] 0.25: lineP=22984.62 | bars_from_origin=21.0 slope=1.3840 | BELOW gap=173.38
2026-03-19 13:36:24,380 [INFO]   [P2 (H6-L6)] 0.125: lineP=22969.60 | bars_from_origin=21.0 slope=0.6689 | BELOW gap=188.40
2026-03-19 13:36:24,380 [INFO]   [P2 (H6-L6)] main: lineP=22984.62 | bars_from_origin=12.0 slope=0.0000 | BELOW gap=173.38
2026-03-19 13:36:24,381 [INFO]   [P1 (L7-H6)] main: lineP=23058.05 | bars_from_origin=12.0 slope=-13.3418 | BELOW gap=99.95
2026-03-19 13:36:24,381 [INFO]   [P1 (L7-H6)] 0.875: lineP=23122.54 | bars_from_origin=12.0 slope=-7.9676 | BELOW gap=35.46
2026-03-19 13:36:24,381 [INFO]   [P1 (L7-H6)] 0.75: lineP=23153.05 | bars_from_origin=12.0 slope=-5.4254 | BELOW gap=4.95
2026-03-19 13:36:24,381 [INFO]   [P1 (L7-H6)] 0.5: lineP=23184.65 | bars_from_origin=12.0 slope=-2.7914 | ABOVE gap=9.75
2026-03-19 13:36:24,381 [INFO]   [P1 (L7-H6)] 0.25: lineP=23203.31 | bars_from_origin=12.0 slope=-1.2364 | ABOVE gap=28.41
2026-03-19 13:36:24,381 [INFO]   [P1 (L7-H6)] 0.125: lineP=23210.93 | bars_from_origin=12.0 slope=-0.6015 | ABOVE gap=36.03
2026-03-19 13:36:24,381 [INFO]   [P1 (L7-H6)] main: lineP=23201.40 | bars_from_origin=6.0 slope=0.0000 | ABOVE gap=26.50
2026-03-19 13:36:24,381 [INFO]   [IntDet] Total hits this bar: 1
2026-03-19 13:36:24,381 [INFO] [Study] Emitting intersection event (DIRECT): {'time': 1773643740, 'fan': 'P3 (L6-H5)', 'fanIdentity': 'L6-H5', 'fraction': '1/2', 'price': 23165.666578950226, 'type': 'CROSS_UP', 'details': 'Breakout Attempt'}
2026-03-19 13:36:24,384 [INFO] [Tracking] FAKE OUT: Fan_L7_H6 0.75 (T+1 bars)
2026-03-19 13:36:24,385 [INFO] [IntDet] Bar 141 | 2026-03-16 12:23 | H=23196.45 L=23170.25 C=23190.15 | Fans=3 Lines=21
2026-03-19 13:36:24,386 [INFO]   [P3 (L6-H5)] main: lineP=22574.84 | bars_from_origin=41.0 slope=-17.3052 | BELOW gap=595.41
2026-03-19 13:36:24,386 [INFO]   [P3 (L6-H5)] 0.875: lineP=22907.23 | bars_from_origin=41.0 slope=-9.1979 | BELOW gap=263.02
2026-03-19 13:36:24,386 [INFO]   [P3 (L6-H5)] 0.75: lineP=23039.04 | bars_from_origin=41.0 slope=-5.9831 | BELOW gap=131.21
2026-03-19 13:36:24,386 [INFO]   [P3 (L6-H5)] 0.5: lineP=23162.70 | bars_from_origin=41.0 slope=-2.9671 | BELOW gap=7.55
2026-03-19 13:36:24,386 [INFO]   [P3 (L6-H5)] 0.25: lineP=23231.16 | bars_from_origin=41.0 slope=-1.2972 | ABOVE gap=34.71
2026-03-19 13:36:24,386 [INFO]   [P3 (L6-H5)] 0.125: lineP=23258.54 | bars_from_origin=41.0 slope=-0.6294 | ABOVE gap=62.09
2026-03-19 13:36:24,387 [INFO]   [P3 (L6-H5)] main: lineP=23227.98 | bars_from_origin=22.0 slope=0.0000 | ABOVE gap=31.53
2026-03-19 13:36:24,387 [INFO]   [P2 (H6-L6)] main: lineP=23597.46 | bars_from_origin=22.0 slope=29.1777 | ABOVE gap=401.01
2026-03-19 13:36:24,387 [INFO]   [P2 (H6-L6)] 0.875: lineP=23210.85 | bars_from_origin=22.0 slope=11.6044 | ABOVE gap=14.40
2026-03-19 13:36:24,387 [INFO]   [P2 (H6-L6)] 0.75: lineP=23107.88 | bars_from_origin=22.0 slope=6.9240 | BELOW gap=62.37
2026-03-19 13:36:24,387 [INFO]   [P2 (H6-L6)] 0.5: lineP=23026.61 | bars_from_origin=22.0 slope=3.2298 | BELOW gap=143.64
2026-03-19 13:36:24,387 [INFO]   [P2 (H6-L6)] 0.25: lineP=22986.00 | bars_from_origin=22.0 slope=1.3840 | BELOW gap=184.25
2026-03-19 13:36:24,387 [INFO]   [P2 (H6-L6)] 0.125: lineP=22970.27 | bars_from_origin=22.0 slope=0.6689 | BELOW gap=199.98
2026-03-19 13:36:24,387 [INFO]   [P2 (H6-L6)] main: lineP=22984.62 | bars_from_origin=13.0 slope=0.0000 | BELOW gap=185.63
2026-03-19 13:36:24,387 [INFO]   [P1 (L7-H6)] main: lineP=23044.71 | bars_from_origin=13.0 slope=-13.3418 | BELOW gap=125.54
2026-03-19 13:36:24,387 [INFO]   [P1 (L7-H6)] 0.875: lineP=23114.57 | bars_from_origin=13.0 slope=-7.9676 | BELOW gap=55.68
2026-03-19 13:36:24,388 [INFO]   [P1 (L7-H6)] 0.75: lineP=23147.62 | bars_from_origin=13.0 slope=-5.4254 | BELOW gap=22.63
2026-03-19 13:36:24,388 [INFO]   [P1 (L7-H6)] 0.5: lineP=23181.86 | bars_from_origin=13.0 slope=-2.7914 | HIT gap=0.00
2026-03-19 13:36:24,388 [INFO]     >>> HIT RECORDED: P1 (L7-H6) frac=0.5 @ 23181.86
2026-03-19 13:36:24,388 [INFO]   [P1 (L7-H6)] 0.25: lineP=23202.08 | bars_from_origin=13.0 slope=-1.2364 | ABOVE gap=5.63
2026-03-19 13:36:24,388 [INFO]   [P1 (L7-H6)] 0.125: lineP=23210.33 | bars_from_origin=13.0 slope=-0.6015 | ABOVE gap=13.88
2026-03-19 13:36:24,388 [INFO]   [P1 (L7-H6)] main: lineP=23201.40 | bars_from_origin=7.0 slope=0.0000 | ABOVE gap=4.95
2026-03-19 13:36:24,388 [INFO]   [IntDet] Total hits this bar: 1
2026-03-19 13:36:24,388 [INFO] [Study] Emitting intersection event (DIRECT): {'time': 1773643980, 'fan': 'P1 (L7-H6)', 'fanIdentity': 'L7-H6', 'fraction': '1/2', 'price': 23181.862790738774, 'type': 'CROSS_UP', 'details': 'Breakout Attempt'}
2026-03-19 13:36:24,390 [INFO] [Tracking] Breach CONFIRMED: Fan_L6_H5 0.5 up (T+1 bars)
2026-03-19 13:36:24,391 [INFO] [IntDet] Bar 142 | 2026-03-16 12:27 | H=23191.85 L=23163.85 C=23172.75 | Fans=3 Lines=21
2026-03-19 13:36:24,392 [INFO]   [P3 (L6-H5)] main: lineP=22557.53 | bars_from_origin=42.0 slope=-17.3052 | BELOW gap=606.32
2026-03-19 13:36:24,392 [INFO]   [P3 (L6-H5)] 0.875: lineP=22898.04 | bars_from_origin=42.0 slope=-9.1979 | BELOW gap=265.81
2026-03-19 13:36:24,392 [INFO]   [P3 (L6-H5)] 0.75: lineP=23033.06 | bars_from_origin=42.0 slope=-5.9831 | BELOW gap=130.79
2026-03-19 13:36:24,392 [INFO]   [P3 (L6-H5)] 0.5: lineP=23159.73 | bars_from_origin=42.0 slope=-2.9671 | BELOW gap=4.12
2026-03-19 13:36:24,392 [INFO]   [P3 (L6-H5)] 0.25: lineP=23229.87 | bars_from_origin=42.0 slope=-1.2972 | ABOVE gap=38.02
2026-03-19 13:36:24,392 [INFO]   [P3 (L6-H5)] 0.125: lineP=23257.91 | bars_from_origin=42.0 slope=-0.6294 | ABOVE gap=66.06
2026-03-19 13:36:24,392 [INFO]   [P3 (L6-H5)] main: lineP=23227.98 | bars_from_origin=23.0 slope=0.0000 | ABOVE gap=36.13
2026-03-19 13:36:24,392 [INFO]   [P2 (H6-L6)] main: lineP=23626.64 | bars_from_origin=23.0 slope=29.1777 | ABOVE gap=434.79
2026-03-19 13:36:24,392 [INFO]   [P2 (H6-L6)] 0.875: lineP=23222.45 | bars_from_origin=23.0 slope=11.6044 | ABOVE gap=30.60
2026-03-19 13:36:24,393 [INFO]   [P2 (H6-L6)] 0.75: lineP=23114.80 | bars_from_origin=23.0 slope=6.9240 | BELOW gap=49.05
2026-03-19 13:36:24,393 [INFO]   [P2 (H6-L6)] 0.5: lineP=23029.84 | bars_from_origin=23.0 slope=3.2298 | BELOW gap=134.01
2026-03-19 13:36:24,393 [INFO]   [P2 (H6-L6)] 0.25: lineP=22987.38 | bars_from_origin=23.0 slope=1.3840 | BELOW gap=176.47
2026-03-19 13:36:24,393 [INFO]   [P2 (H6-L6)] 0.125: lineP=22970.94 | bars_from_origin=23.0 slope=0.6689 | BELOW gap=192.91
2026-03-19 13:36:24,393 [INFO]   [P2 (H6-L6)] main: lineP=22984.62 | bars_from_origin=14.0 slope=0.0000 | BELOW gap=179.23
2026-03-19 13:36:24,393 [INFO]   [P1 (L7-H6)] main: lineP=23031.37 | bars_from_origin=14.0 slope=-13.3418 | BELOW gap=132.48
2026-03-19 13:36:24,393 [INFO]   [P1 (L7-H6)] 0.875: lineP=23106.60 | bars_from_origin=14.0 slope=-7.9676 | BELOW gap=57.25
2026-03-19 13:36:24,393 [INFO]   [P1 (L7-H6)] 0.75: lineP=23142.20 | bars_from_origin=14.0 slope=-5.4254 | BELOW gap=21.65
2026-03-19 13:36:24,394 [INFO]   [P1 (L7-H6)] 0.5: lineP=23179.07 | bars_from_origin=14.0 slope=-2.7914 | HIT gap=0.00
2026-03-19 13:36:24,394 [INFO]     >>> HIT RECORDED: P1 (L7-H6) frac=0.5 @ 23179.07
2026-03-19 13:36:24,394 [INFO]   [P1 (L7-H6)] 0.25: lineP=23200.84 | bars_from_origin=14.0 slope=-1.2364 | ABOVE gap=8.99
2026-03-19 13:36:24,394 [INFO]   [P1 (L7-H6)] 0.125: lineP=23209.73 | bars_from_origin=14.0 slope=-0.6015 | ABOVE gap=17.88
2026-03-19 13:36:24,394 [INFO]   [P1 (L7-H6)] main: lineP=23201.40 | bars_from_origin=8.0 slope=0.0000 | ABOVE gap=9.55
2026-03-19 13:36:24,394 [INFO]   [IntDet] Total hits this bar: 1
2026-03-19 13:36:24,394 [INFO] [Study] Emitting intersection event (DIRECT): {'time': 1773644220, 'fan': 'P1 (L7-H6)', 'fanIdentity': 'L7-H6', 'fraction': '1/2', 'price': 23179.071436901373, 'type': 'CROSS_DOWN', 'details': 'Breakdown Attempt'}
2026-03-19 13:36:24,398 [INFO] [Tracking] FAKE OUT: Fan_L7_H6 0.5 (T+1 bars)
2026-03-19 13:36:24,399 [INFO] [IntDet] Bar 143 | 2026-03-16 12:31 | H=23182.55 L=23138.85 C=23144.65 | Fans=3 Lines=21
2026-03-19 13:36:24,399 [INFO]   [P3 (L6-H5)] main: lineP=22540.23 | bars_from_origin=43.0 slope=-17.3052 | BELOW gap=598.62
2026-03-19 13:36:24,400 [INFO]   [P3 (L6-H5)] 0.875: lineP=22888.84 | bars_from_origin=43.0 slope=-9.1979 | BELOW gap=250.01
2026-03-19 13:36:24,400 [INFO]   [P3 (L6-H5)] 0.75: lineP=23027.08 | bars_from_origin=43.0 slope=-5.9831 | BELOW gap=111.77
2026-03-19 13:36:24,400 [INFO]   [P3 (L6-H5)] 0.5: lineP=23156.77 | bars_from_origin=43.0 slope=-2.9671 | HIT gap=0.00
2026-03-19 13:36:24,400 [INFO]     >>> HIT RECORDED: P3 (L6-H5) frac=0.5 @ 23156.77
2026-03-19 13:36:24,400 [INFO]   [P3 (L6-H5)] 0.25: lineP=23228.57 | bars_from_origin=43.0 slope=-1.2972 | ABOVE gap=46.02
2026-03-19 13:36:24,400 [INFO]   [P3 (L6-H5)] 0.125: lineP=23257.28 | bars_from_origin=43.0 slope=-0.6294 | ABOVE gap=74.73
2026-03-19 13:36:24,401 [INFO]   [P3 (L6-H5)] main: lineP=23227.98 | bars_from_origin=24.0 slope=0.0000 | ABOVE gap=45.42
2026-03-19 13:36:24,401 [INFO]   [P2 (H6-L6)] main: lineP=23655.82 | bars_from_origin=24.0 slope=29.1777 | ABOVE gap=473.27
2026-03-19 13:36:24,401 [INFO]   [P2 (H6-L6)] 0.875: lineP=23234.06 | bars_from_origin=24.0 slope=11.6044 | ABOVE gap=51.51
2026-03-19 13:36:24,401 [INFO]   [P2 (H6-L6)] 0.75: lineP=23121.73 | bars_from_origin=24.0 slope=6.9240 | BELOW gap=17.12
2026-03-19 13:36:24,401 [INFO]   [P2 (H6-L6)] 0.5: lineP=23033.07 | bars_from_origin=24.0 slope=3.2298 | BELOW gap=105.78
2026-03-19 13:36:24,401 [INFO]   [P2 (H6-L6)] 0.25: lineP=22988.77 | bars_from_origin=24.0 slope=1.3840 | BELOW gap=150.08
2026-03-19 13:36:24,401 [INFO]   [P2 (H6-L6)] 0.125: lineP=22971.60 | bars_from_origin=24.0 slope=0.6689 | BELOW gap=167.25
2026-03-19 13:36:24,401 [INFO]   [P2 (H6-L6)] main: lineP=22984.62 | bars_from_origin=15.0 slope=0.0000 | BELOW gap=154.23
2026-03-19 13:36:24,402 [INFO]   [P1 (L7-H6)] main: lineP=23018.02 | bars_from_origin=15.0 slope=-13.3418 | BELOW gap=120.83
2026-03-19 13:36:24,402 [INFO]   [P1 (L7-H6)] 0.875: lineP=23098.64 | bars_from_origin=15.0 slope=-7.9676 | BELOW gap=40.21
2026-03-19 13:36:24,402 [INFO]   [P1 (L7-H6)] 0.75: lineP=23136.77 | bars_from_origin=15.0 slope=-5.4254 | BELOW gap=2.08
2026-03-19 13:36:24,402 [INFO]   [P1 (L7-H6)] 0.5: lineP=23176.28 | bars_from_origin=15.0 slope=-2.7914 | HIT gap=0.00
2026-03-19 13:36:24,402 [INFO]     >>> HIT RECORDED: P1 (L7-H6) frac=0.5 @ 23176.28
2026-03-19 13:36:24,402 [INFO]   [P1 (L7-H6)] 0.25: lineP=23199.60 | bars_from_origin=15.0 slope=-1.2364 | ABOVE gap=17.05
2026-03-19 13:36:24,402 [INFO]   [P1 (L7-H6)] 0.125: lineP=23209.13 | bars_from_origin=15.0 slope=-0.6015 | ABOVE gap=26.58
2026-03-19 13:36:24,402 [INFO]   [P1 (L7-H6)] main: lineP=23201.40 | bars_from_origin=9.0 slope=0.0000 | ABOVE gap=18.85
2026-03-19 13:36:24,402 [INFO]   [IntDet] Total hits this bar: 2
2026-03-19 13:36:24,402 [INFO] [Study] Emitting intersection event (DIRECT): {'time': 1773644460, 'fan': 'P3 (L6-H5)', 'fanIdentity': 'L6-H5', 'fraction': '1/2', 'price': 23156.765351668368, 'type': 'CROSS_DOWN', 'details': 'Breakdown Attempt'}
2026-03-19 13:36:24,405 [INFO] [Study] Emitting intersection event (DIRECT): {'time': 1773644460, 'fan': 'P1 (L7-H6)', 'fanIdentity': 'L7-H6', 'fraction': '1/2', 'price': 23176.280083063968, 'type': 'RESISTANCE_TEST', 'details': 'Rejection / Pullback'}
2026-03-19 13:36:24,407 [INFO] [Study] Removing invalidated/excess fan: Fan_L7_H6
2026-03-19 13:36:24,408 [INFO] [Study] Updating fan priority: Fan_H6_L6 -> P1 (H6-L6)
2026-03-19 13:36:24,408 [INFO] [Study] Updating fan priority: Fan_L6_H5 -> P2 (L6-H5)
2026-03-19 13:36:24,408 [INFO] [Study] Creating new fan: Fan_L6_H3 (P3 (L6-H3))
2026-03-19 13:36:24,408 [INFO] [AngleEngine] scale_ratio=3.6603, slope_per_bar=-5.6018, visual_slope=-1.5304, theta=-56.84 deg
2026-03-19 13:36:24,409 [INFO] --- [AngleEngine] Fan Created: Fan_L6_H3 ---
2026-03-19 13:36:24,409 [INFO]   Origin: Bar 37, Time 1773382380, Price 23414.900390625
2026-03-19 13:36:24,409 [INFO]   Target: Bar 119, Time 1773638700, Price 22955.55078125
2026-03-19 13:36:24,409 [INFO]   Delta: db=82, dp_origin=-459.35
2026-03-19 13:36:24,409 [INFO]   Scale Params: Ratio=3.6603, Radius=149.91 bars, Slope/Bar=-5.6018
2026-03-19 13:36:24,409 [INFO]   Line 0.875: EndBar=1773638700 (approx), EndPrice=23060.56
2026-03-19 13:36:24,409 [INFO]   Line 0.75: EndBar=1773638700 (approx), EndPrice=23138.62
2026-03-19 13:36:24,409 [INFO]   Line 0.5: EndBar=1773638700 (approx), EndPrice=23252.48
2026-03-19 13:36:24,409 [INFO]   Line 0.25: EndBar=1773638700 (approx), EndPrice=23338.90
2026-03-19 13:36:24,410 [INFO]   Line 0.125: EndBar=1773638700 (approx), EndPrice=23377.49
2026-03-19 13:36:24,410 [INFO] [IntDet] Bar 144 | 2026-03-16 12:35 | H=23158.45 L=23114.50 C=23151.30 | Fans=3 Lines=21
2026-03-19 13:36:24,410 [INFO]   [P2 (L6-H5)] main: lineP=22522.92 | bars_from_origin=44.0 slope=-17.3052 | BELOW gap=591.58
2026-03-19 13:36:24,410 [INFO]   [P2 (L6-H5)] 0.875: lineP=22879.64 | bars_from_origin=44.0 slope=-9.1979 | BELOW gap=234.86
2026-03-19 13:36:24,410 [INFO]   [P2 (L6-H5)] 0.75: lineP=23021.09 | bars_from_origin=44.0 slope=-5.9831 | BELOW gap=93.41
2026-03-19 13:36:24,410 [INFO]   [P2 (L6-H5)] 0.5: lineP=23153.80 | bars_from_origin=44.0 slope=-2.9671 | HIT gap=0.00
2026-03-19 13:36:24,410 [INFO]     >>> HIT RECORDED: P2 (L6-H5) frac=0.5 @ 23153.80
2026-03-19 13:36:24,410 [INFO]   [P2 (L6-H5)] 0.25: lineP=23227.27 | bars_from_origin=44.0 slope=-1.2972 | ABOVE gap=68.82
2026-03-19 13:36:24,410 [INFO]   [P2 (L6-H5)] 0.125: lineP=23256.65 | bars_from_origin=44.0 slope=-0.6294 | ABOVE gap=98.21
2026-03-19 13:36:24,410 [INFO]   [P2 (L6-H5)] main: lineP=23227.98 | bars_from_origin=25.0 slope=0.0000 | ABOVE gap=69.53
2026-03-19 13:36:24,410 [INFO]   [P1 (H6-L6)] main: lineP=23684.99 | bars_from_origin=25.0 slope=29.1777 | ABOVE gap=526.54
2026-03-19 13:36:24,411 [INFO]   [P1 (H6-L6)] 0.875: lineP=23245.66 | bars_from_origin=25.0 slope=11.6044 | ABOVE gap=87.21
2026-03-19 13:36:24,411 [INFO]   [P1 (H6-L6)] 0.75: lineP=23128.65 | bars_from_origin=25.0 slope=6.9240 | HIT gap=0.00
2026-03-19 13:36:24,411 [INFO]     >>> HIT RECORDED: P1 (H6-L6) frac=0.75 @ 23128.65
2026-03-19 13:36:24,411 [INFO]   [P1 (H6-L6)] 0.5: lineP=23036.30 | bars_from_origin=25.0 slope=3.2298 | BELOW gap=78.20
2026-03-19 13:36:24,411 [INFO]   [P1 (H6-L6)] 0.25: lineP=22990.15 | bars_from_origin=25.0 slope=1.3840 | BELOW gap=124.35
2026-03-19 13:36:24,411 [INFO]   [P1 (H6-L6)] 0.125: lineP=22972.27 | bars_from_origin=25.0 slope=0.6689 | BELOW gap=142.23
2026-03-19 13:36:24,411 [INFO]   [P1 (H6-L6)] main: lineP=22984.62 | bars_from_origin=16.0 slope=0.0000 | BELOW gap=129.88
2026-03-19 13:36:24,411 [INFO]   [P3 (L6-H3)] main: lineP=22815.51 | bars_from_origin=107.0 slope=-5.6018 | BELOW gap=298.99
2026-03-19 13:36:24,412 [INFO]   [P3 (L6-H3)] 0.875: lineP=22952.52 | bars_from_origin=107.0 slope=-4.3213 | BELOW gap=161.98
2026-03-19 13:36:24,412 [INFO]   [P3 (L6-H3)] 0.75: lineP=23054.39 | bars_from_origin=107.0 slope=-3.3693 | BELOW gap=60.11
2026-03-19 13:36:24,412 [INFO]   [P3 (L6-H3)] 0.5: lineP=23202.96 | bars_from_origin=107.0 slope=-1.9807 | ABOVE gap=44.51
2026-03-19 13:36:24,412 [INFO]   [P3 (L6-H3)] 0.25: lineP=23315.73 | bars_from_origin=107.0 slope=-0.9269 | ABOVE gap=157.28
2026-03-19 13:36:24,412 [INFO]   [P3 (L6-H3)] 0.125: lineP=23366.08 | bars_from_origin=107.0 slope=-0.4562 | ABOVE gap=207.63
2026-03-19 13:36:24,412 [INFO]   [P3 (L6-H3)] main: lineP=23252.48 | bars_from_origin=25.0 slope=0.0000 | ABOVE gap=94.03
2026-03-19 13:36:24,412 [INFO]   [IntDet] Total hits this bar: 2
2026-03-19 13:36:24,412 [INFO] [Study] Emitting intersection event (DIRECT): {'time': 1773644700, 'fan': 'P2 (L6-H5)', 'fanIdentity': 'L6-H5', 'fraction': '1/2', 'price': 23153.79827590775, 'type': 'RESISTANCE_TEST', 'details': 'Rejection / Pullback'}
2026-03-19 13:36:24,415 [INFO] [Study] Emitting intersection event (DIRECT): {'time': 1773644700, 'fan': 'P1 (H6-L6)', 'fanIdentity': 'H6-L6', 'fraction': '3/4', 'price': 23128.65053668402, 'type': 'SUPPORT_TEST', 'details': 'Resting / Throwback'}
2026-03-19 13:36:24,418 [INFO] [IntDet] Bar 145 | 2026-03-16 12:39 | H=23167.90 L=23150.90 C=23161.10 | Fans=3 Lines=21
2026-03-19 13:36:24,419 [INFO]   [P2 (L6-H5)] main: lineP=22505.62 | bars_from_origin=45.0 slope=-17.3052 | BELOW gap=645.28
2026-03-19 13:36:24,419 [INFO]   [P2 (L6-H5)] 0.875: lineP=22870.44 | bars_from_origin=45.0 slope=-9.1979 | BELOW gap=280.46
2026-03-19 13:36:24,419 [INFO]   [P2 (L6-H5)] 0.75: lineP=23015.11 | bars_from_origin=45.0 slope=-5.9831 | BELOW gap=135.79
2026-03-19 13:36:24,419 [INFO]   [P2 (L6-H5)] 0.5: lineP=23150.83 | bars_from_origin=45.0 slope=-2.9671 | BELOW gap=0.07
2026-03-19 13:36:24,419 [INFO]   [P2 (L6-H5)] 0.25: lineP=23225.98 | bars_from_origin=45.0 slope=-1.2972 | ABOVE gap=58.07
2026-03-19 13:36:24,419 [INFO]   [P2 (L6-H5)] 0.125: lineP=23256.03 | bars_from_origin=45.0 slope=-0.6294 | ABOVE gap=88.13
2026-03-19 13:36:24,419 [INFO]   [P2 (L6-H5)] main: lineP=23227.98 | bars_from_origin=26.0 slope=0.0000 | ABOVE gap=60.07
2026-03-19 13:36:24,419 [INFO]   [P1 (H6-L6)] main: lineP=23714.17 | bars_from_origin=26.0 slope=29.1777 | ABOVE gap=546.27
2026-03-19 13:36:24,419 [INFO]   [P1 (H6-L6)] 0.875: lineP=23257.26 | bars_from_origin=26.0 slope=11.6044 | ABOVE gap=89.36
2026-03-19 13:36:24,420 [INFO]   [P1 (H6-L6)] 0.75: lineP=23135.57 | bars_from_origin=26.0 slope=6.9240 | BELOW gap=15.33
2026-03-19 13:36:24,420 [INFO]   [P1 (H6-L6)] 0.5: lineP=23039.53 | bars_from_origin=26.0 slope=3.2298 | BELOW gap=111.37
2026-03-19 13:36:24,420 [INFO]   [P1 (H6-L6)] 0.25: lineP=22991.54 | bars_from_origin=26.0 slope=1.3840 | BELOW gap=159.37
2026-03-19 13:36:24,420 [INFO]   [P1 (H6-L6)] 0.125: lineP=22972.94 | bars_from_origin=26.0 slope=0.6689 | BELOW gap=177.96
2026-03-19 13:36:24,420 [INFO]   [P1 (H6-L6)] main: lineP=22984.62 | bars_from_origin=17.0 slope=0.0000 | BELOW gap=166.28
2026-03-19 13:36:24,420 [INFO]   [P3 (L6-H3)] main: lineP=22809.90 | bars_from_origin=108.0 slope=-5.6018 | BELOW gap=341.00
2026-03-19 13:36:24,420 [INFO]   [P3 (L6-H3)] 0.875: lineP=22948.20 | bars_from_origin=108.0 slope=-4.3213 | BELOW gap=202.70
2026-03-19 13:36:24,420 [INFO]   [P3 (L6-H3)] 0.75: lineP=23051.02 | bars_from_origin=108.0 slope=-3.3693 | BELOW gap=99.88
2026-03-19 13:36:24,420 [INFO]   [P3 (L6-H3)] 0.5: lineP=23200.98 | bars_from_origin=108.0 slope=-1.9807 | ABOVE gap=33.08
2026-03-19 13:36:24,421 [INFO]   [P3 (L6-H3)] 0.25: lineP=23314.80 | bars_from_origin=108.0 slope=-0.9269 | ABOVE gap=146.90
2026-03-19 13:36:24,421 [INFO]   [P3 (L6-H3)] 0.125: lineP=23365.63 | bars_from_origin=108.0 slope=-0.4562 | ABOVE gap=197.73
2026-03-19 13:36:24,421 [INFO]   [P3 (L6-H3)] main: lineP=23252.48 | bars_from_origin=26.0 slope=0.0000 | ABOVE gap=84.58
2026-03-19 13:36:24,421 [INFO] [Tracking] FAKE OUT: Fan_L6_H5 0.5 (T+2 bars)
2026-03-19 13:36:24,422 [INFO] [IntDet] Bar 146 | 2026-03-16 12:43 | H=23173.65 L=23118.60 C=23122.05 | Fans=3 Lines=21
2026-03-19 13:36:24,422 [INFO]   [P2 (L6-H5)] main: lineP=22488.31 | bars_from_origin=46.0 slope=-17.3052 | BELOW gap=630.29
2026-03-19 13:36:24,422 [INFO]   [P2 (L6-H5)] 0.875: lineP=22861.24 | bars_from_origin=46.0 slope=-9.1979 | BELOW gap=257.35
2026-03-19 13:36:24,422 [INFO]   [P2 (L6-H5)] 0.75: lineP=23009.13 | bars_from_origin=46.0 slope=-5.9831 | BELOW gap=109.47
2026-03-19 13:36:24,422 [INFO]   [P2 (L6-H5)] 0.5: lineP=23147.86 | bars_from_origin=46.0 slope=-2.9671 | HIT gap=0.00
2026-03-19 13:36:24,422 [INFO]     >>> HIT RECORDED: P2 (L6-H5) frac=0.5 @ 23147.86
2026-03-19 13:36:24,422 [INFO]   [P2 (L6-H5)] 0.25: lineP=23224.68 | bars_from_origin=46.0 slope=-1.2972 | ABOVE gap=51.03
2026-03-19 13:36:24,422 [INFO]   [P2 (L6-H5)] 0.125: lineP=23255.40 | bars_from_origin=46.0 slope=-0.6294 | ABOVE gap=81.75
2026-03-19 13:36:24,422 [INFO]   [P2 (L6-H5)] main: lineP=23227.98 | bars_from_origin=27.0 slope=0.0000 | ABOVE gap=54.32
2026-03-19 13:36:24,423 [INFO]   [P1 (H6-L6)] main: lineP=23743.35 | bars_from_origin=27.0 slope=29.1777 | ABOVE gap=569.70
2026-03-19 13:36:24,423 [INFO]   [P1 (H6-L6)] 0.875: lineP=23268.87 | bars_from_origin=27.0 slope=11.6044 | ABOVE gap=95.22
2026-03-19 13:36:24,423 [INFO]   [P1 (H6-L6)] 0.75: lineP=23142.50 | bars_from_origin=27.0 slope=6.9240 | HIT gap=0.00
2026-03-19 13:36:24,423 [INFO]     >>> HIT RECORDED: P1 (H6-L6) frac=0.75 @ 23142.50
2026-03-19 13:36:24,423 [INFO]   [P1 (H6-L6)] 0.5: lineP=23042.76 | bars_from_origin=27.0 slope=3.2298 | BELOW gap=75.84
2026-03-19 13:36:24,423 [INFO]   [P1 (H6-L6)] 0.25: lineP=22992.92 | bars_from_origin=27.0 slope=1.3840 | BELOW gap=125.68
2026-03-19 13:36:24,423 [INFO]   [P1 (H6-L6)] 0.125: lineP=22973.61 | bars_from_origin=27.0 slope=0.6689 | BELOW gap=144.99
2026-03-19 13:36:24,423 [INFO]   [P1 (H6-L6)] main: lineP=22984.62 | bars_from_origin=18.0 slope=0.0000 | BELOW gap=133.98
2026-03-19 13:36:24,423 [INFO]   [P3 (L6-H3)] main: lineP=22804.30 | bars_from_origin=109.0 slope=-5.6018 | BELOW gap=314.30
2026-03-19 13:36:24,423 [INFO]   [P3 (L6-H3)] 0.875: lineP=22943.88 | bars_from_origin=109.0 slope=-4.3213 | BELOW gap=174.72
2026-03-19 13:36:24,424 [INFO]   [P3 (L6-H3)] 0.75: lineP=23047.65 | bars_from_origin=109.0 slope=-3.3693 | BELOW gap=70.95
2026-03-19 13:36:24,424 [INFO]   [P3 (L6-H3)] 0.5: lineP=23199.00 | bars_from_origin=109.0 slope=-1.9807 | ABOVE gap=25.35
2026-03-19 13:36:24,424 [INFO]   [P3 (L6-H3)] 0.25: lineP=23313.87 | bars_from_origin=109.0 slope=-0.9269 | ABOVE gap=140.22
2026-03-19 13:36:24,424 [INFO]   [P3 (L6-H3)] 0.125: lineP=23365.17 | bars_from_origin=109.0 slope=-0.4562 | ABOVE gap=191.52
2026-03-19 13:36:24,424 [INFO]   [P3 (L6-H3)] main: lineP=23252.48 | bars_from_origin=27.0 slope=0.0000 | ABOVE gap=78.83
2026-03-19 13:36:24,424 [INFO]   [IntDet] Total hits this bar: 2
2026-03-19 13:36:24,424 [INFO] [Study] Emitting intersection event (DIRECT): {'time': 1773645180, 'fan': 'P2 (L6-H5)', 'fanIdentity': 'L6-H5', 'fraction': '1/2', 'price': 23147.86412438651, 'type': 'CROSS_DOWN', 'details': 'Breakdown Attempt'}
2026-03-19 13:36:24,429 [INFO] [Study] Emitting intersection event (DIRECT): {'time': 1773645180, 'fan': 'P1 (H6-L6)', 'fanIdentity': 'H6-L6', 'fraction': '3/4', 'price': 23142.498517118744, 'type': 'CROSS_DOWN', 'details': 'Breakdown Attempt'}
2026-03-19 13:36:24,433 [INFO] [IntDet] Bar 147 | 2026-03-16 12:47 | H=23126.70 L=23095.85 C=23095.85 | Fans=3 Lines=21
2026-03-19 13:36:24,433 [INFO]   [P2 (L6-H5)] main: lineP=22471.01 | bars_from_origin=47.0 slope=-17.3052 | BELOW gap=624.84
2026-03-19 13:36:24,433 [INFO]   [P2 (L6-H5)] 0.875: lineP=22852.05 | bars_from_origin=47.0 slope=-9.1979 | BELOW gap=243.80
2026-03-19 13:36:24,433 [INFO]   [P2 (L6-H5)] 0.75: lineP=23003.14 | bars_from_origin=47.0 slope=-5.9831 | BELOW gap=92.71
2026-03-19 13:36:24,433 [INFO]   [P2 (L6-H5)] 0.5: lineP=23144.90 | bars_from_origin=47.0 slope=-2.9671 | ABOVE gap=18.20
2026-03-19 13:36:24,434 [INFO]   [P2 (L6-H5)] 0.25: lineP=23223.38 | bars_from_origin=47.0 slope=-1.2972 | ABOVE gap=96.68
2026-03-19 13:36:24,434 [INFO]   [P2 (L6-H5)] 0.125: lineP=23254.77 | bars_from_origin=47.0 slope=-0.6294 | ABOVE gap=128.07
2026-03-19 13:36:24,434 [INFO]   [P2 (L6-H5)] main: lineP=23227.98 | bars_from_origin=28.0 slope=0.0000 | ABOVE gap=101.28
2026-03-19 13:36:24,434 [INFO]   [P1 (H6-L6)] main: lineP=23772.53 | bars_from_origin=28.0 slope=29.1777 | ABOVE gap=645.83
2026-03-19 13:36:24,434 [INFO]   [P1 (H6-L6)] 0.875: lineP=23280.47 | bars_from_origin=28.0 slope=11.6044 | ABOVE gap=153.77
2026-03-19 13:36:24,434 [INFO]   [P1 (H6-L6)] 0.75: lineP=23149.42 | bars_from_origin=28.0 slope=6.9240 | ABOVE gap=22.72
2026-03-19 13:36:24,434 [INFO]   [P1 (H6-L6)] 0.5: lineP=23045.99 | bars_from_origin=28.0 slope=3.2298 | BELOW gap=49.86
2026-03-19 13:36:24,435 [INFO]   [P1 (H6-L6)] 0.25: lineP=22994.30 | bars_from_origin=28.0 slope=1.3840 | BELOW gap=101.55
2026-03-19 13:36:24,435 [INFO]   [P1 (H6-L6)] 0.125: lineP=22974.28 | bars_from_origin=28.0 slope=0.6689 | BELOW gap=121.57
2026-03-19 13:36:24,435 [INFO]   [P1 (H6-L6)] main: lineP=22984.62 | bars_from_origin=19.0 slope=0.0000 | BELOW gap=111.23
2026-03-19 13:36:24,435 [INFO]   [P3 (L6-H3)] main: lineP=22798.70 | bars_from_origin=110.0 slope=-5.6018 | BELOW gap=297.15
2026-03-19 13:36:24,435 [INFO]   [P3 (L6-H3)] 0.875: lineP=22939.56 | bars_from_origin=110.0 slope=-4.3213 | BELOW gap=156.29
2026-03-19 13:36:24,435 [INFO]   [P3 (L6-H3)] 0.75: lineP=23044.28 | bars_from_origin=110.0 slope=-3.3693 | BELOW gap=51.57
2026-03-19 13:36:24,435 [INFO]   [P3 (L6-H3)] 0.5: lineP=23197.02 | bars_from_origin=110.0 slope=-1.9807 | ABOVE gap=70.32
2026-03-19 13:36:24,435 [INFO]   [P3 (L6-H3)] 0.25: lineP=23312.95 | bars_from_origin=110.0 slope=-0.9269 | ABOVE gap=186.25
2026-03-19 13:36:24,435 [INFO]   [P3 (L6-H3)] 0.125: lineP=23364.72 | bars_from_origin=110.0 slope=-0.4562 | ABOVE gap=238.02
2026-03-19 13:36:24,435 [INFO]   [P3 (L6-H3)] main: lineP=23252.48 | bars_from_origin=28.0 slope=0.0000 | ABOVE gap=125.78
2026-03-19 13:36:24,436 [INFO] [Tracking] Breach CONFIRMED: Fan_L6_H5 0.5 down (T+1 bars)
2026-03-19 13:36:24,436 [INFO] [Tracking] Breach CONFIRMED: Fan_H6_L6 0.75 down (T+1 bars)
2026-03-19 13:36:24,436 [INFO] [IntDet] Bar 148 | 2026-03-16 12:51 | H=23128.70 L=23093.25 C=23123.50 | Fans=3 Lines=21
2026-03-19 13:36:24,437 [INFO]   [P2 (L6-H5)] main: lineP=22453.70 | bars_from_origin=48.0 slope=-17.3052 | BELOW gap=639.55
2026-03-19 13:36:24,437 [INFO]   [P2 (L6-H5)] 0.875: lineP=22842.85 | bars_from_origin=48.0 slope=-9.1979 | BELOW gap=250.40
2026-03-19 13:36:24,437 [INFO]   [P2 (L6-H5)] 0.75: lineP=22997.16 | bars_from_origin=48.0 slope=-5.9831 | BELOW gap=96.09
2026-03-19 13:36:24,437 [INFO]   [P2 (L6-H5)] 0.5: lineP=23141.93 | bars_from_origin=48.0 slope=-2.9671 | ABOVE gap=13.23
2026-03-19 13:36:24,437 [INFO]   [P2 (L6-H5)] 0.25: lineP=23222.08 | bars_from_origin=48.0 slope=-1.2972 | ABOVE gap=93.38
2026-03-19 13:36:24,437 [INFO]   [P2 (L6-H5)] 0.125: lineP=23254.14 | bars_from_origin=48.0 slope=-0.6294 | ABOVE gap=125.44
2026-03-19 13:36:24,437 [INFO]   [P2 (L6-H5)] main: lineP=23227.98 | bars_from_origin=29.0 slope=0.0000 | ABOVE gap=99.28
2026-03-19 13:36:24,437 [INFO]   [P1 (H6-L6)] main: lineP=23801.71 | bars_from_origin=29.0 slope=29.1777 | ABOVE gap=673.01
2026-03-19 13:36:24,437 [INFO]   [P1 (H6-L6)] 0.875: lineP=23292.08 | bars_from_origin=29.0 slope=11.6044 | ABOVE gap=163.38
2026-03-19 13:36:24,437 [INFO]   [P1 (H6-L6)] 0.75: lineP=23156.35 | bars_from_origin=29.0 slope=6.9240 | ABOVE gap=27.65
2026-03-19 13:36:24,438 [INFO]   [P1 (H6-L6)] 0.5: lineP=23049.22 | bars_from_origin=29.0 slope=3.2298 | BELOW gap=44.03
2026-03-19 13:36:24,438 [INFO]   [P1 (H6-L6)] 0.25: lineP=22995.69 | bars_from_origin=29.0 slope=1.3840 | BELOW gap=97.56
2026-03-19 13:36:24,438 [INFO]   [P1 (H6-L6)] 0.125: lineP=22974.95 | bars_from_origin=29.0 slope=0.6689 | BELOW gap=118.30
2026-03-19 13:36:24,438 [INFO]   [P1 (H6-L6)] main: lineP=22984.62 | bars_from_origin=20.0 slope=0.0000 | BELOW gap=108.63
2026-03-19 13:36:24,438 [INFO]   [P3 (L6-H3)] main: lineP=22793.10 | bars_from_origin=111.0 slope=-5.6018 | BELOW gap=300.15
2026-03-19 13:36:24,438 [INFO]   [P3 (L6-H3)] 0.875: lineP=22935.24 | bars_from_origin=111.0 slope=-4.3213 | BELOW gap=158.01
2026-03-19 13:36:24,438 [INFO]   [P3 (L6-H3)] 0.75: lineP=23040.91 | bars_from_origin=111.0 slope=-3.3693 | BELOW gap=52.34
2026-03-19 13:36:24,438 [INFO]   [P3 (L6-H3)] 0.5: lineP=23195.04 | bars_from_origin=111.0 slope=-1.9807 | ABOVE gap=66.34
2026-03-19 13:36:24,438 [INFO]   [P3 (L6-H3)] 0.25: lineP=23312.02 | bars_from_origin=111.0 slope=-0.9269 | ABOVE gap=183.32
2026-03-19 13:36:24,438 [INFO]   [P3 (L6-H3)] 0.125: lineP=23364.26 | bars_from_origin=111.0 slope=-0.4562 | ABOVE gap=235.56
2026-03-19 13:36:24,438 [INFO]   [P3 (L6-H3)] main: lineP=23252.48 | bars_from_origin=29.0 slope=0.0000 | ABOVE gap=123.78
2026-03-19 13:36:24,439 [INFO] [IntDet] Bar 149 | 2026-03-16 12:55 | H=23128.30 L=23114.80 C=23117.10 | Fans=3 Lines=21
2026-03-19 13:36:24,440 [INFO]   [P2 (L6-H5)] main: lineP=22436.39 | bars_from_origin=49.0 slope=-17.3052 | BELOW gap=678.41
2026-03-19 13:36:24,440 [INFO]   [P2 (L6-H5)] 0.875: lineP=22833.65 | bars_from_origin=49.0 slope=-9.1979 | BELOW gap=281.15
2026-03-19 13:36:24,440 [INFO]   [P2 (L6-H5)] 0.75: lineP=22991.18 | bars_from_origin=49.0 slope=-5.9831 | BELOW gap=123.62
2026-03-19 13:36:24,440 [INFO]   [P2 (L6-H5)] 0.5: lineP=23138.96 | bars_from_origin=49.0 slope=-2.9671 | ABOVE gap=10.66
2026-03-19 13:36:24,440 [INFO]   [P2 (L6-H5)] 0.25: lineP=23220.79 | bars_from_origin=49.0 slope=-1.2972 | ABOVE gap=92.49
2026-03-19 13:36:24,440 [INFO]   [P2 (L6-H5)] 0.125: lineP=23253.51 | bars_from_origin=49.0 slope=-0.6294 | ABOVE gap=125.21
2026-03-19 13:36:24,440 [INFO]   [P2 (L6-H5)] main: lineP=23227.98 | bars_from_origin=30.0 slope=0.0000 | ABOVE gap=99.67
2026-03-19 13:36:24,440 [INFO]   [P1 (H6-L6)] main: lineP=23830.88 | bars_from_origin=30.0 slope=29.1777 | ABOVE gap=702.58
2026-03-19 13:36:24,441 [INFO]   [P1 (H6-L6)] 0.875: lineP=23303.68 | bars_from_origin=30.0 slope=11.6044 | ABOVE gap=175.38
2026-03-19 13:36:24,441 [INFO]   [P1 (H6-L6)] 0.75: lineP=23163.27 | bars_from_origin=30.0 slope=6.9240 | ABOVE gap=34.97
2026-03-19 13:36:24,441 [INFO]   [P1 (H6-L6)] 0.5: lineP=23052.45 | bars_from_origin=30.0 slope=3.2298 | BELOW gap=62.36
2026-03-19 13:36:24,441 [INFO]   [P1 (H6-L6)] 0.25: lineP=22997.07 | bars_from_origin=30.0 slope=1.3840 | BELOW gap=117.73
2026-03-19 13:36:24,441 [INFO]   [P1 (H6-L6)] 0.125: lineP=22975.62 | bars_from_origin=30.0 slope=0.6689 | BELOW gap=139.18
2026-03-19 13:36:24,441 [INFO]   [P1 (H6-L6)] main: lineP=22984.62 | bars_from_origin=21.0 slope=0.0000 | BELOW gap=130.18
2026-03-19 13:36:24,441 [INFO]   [P3 (L6-H3)] main: lineP=22787.50 | bars_from_origin=112.0 slope=-5.6018 | BELOW gap=327.30
2026-03-19 13:36:24,441 [INFO]   [P3 (L6-H3)] 0.875: lineP=22930.92 | bars_from_origin=112.0 slope=-4.3213 | BELOW gap=183.88
2026-03-19 13:36:24,441 [INFO]   [P3 (L6-H3)] 0.75: lineP=23037.54 | bars_from_origin=112.0 slope=-3.3693 | BELOW gap=77.26
2026-03-19 13:36:24,441 [INFO]   [P3 (L6-H3)] 0.5: lineP=23193.06 | bars_from_origin=112.0 slope=-1.9807 | ABOVE gap=64.76
2026-03-19 13:36:24,441 [INFO]   [P3 (L6-H3)] 0.25: lineP=23311.09 | bars_from_origin=112.0 slope=-0.9269 | ABOVE gap=182.79
2026-03-19 13:36:24,442 [INFO]   [P3 (L6-H3)] 0.125: lineP=23363.80 | bars_from_origin=112.0 slope=-0.4562 | ABOVE gap=235.50
2026-03-19 13:36:24,442 [INFO]   [P3 (L6-H3)] main: lineP=23252.48 | bars_from_origin=30.0 slope=0.0000 | ABOVE gap=124.18
2026-03-19 13:36:24,442 [INFO] [IntDet] Bar 150 | 2026-03-16 12:59 | H=23168.55 L=23116.65 C=23167.95 | Fans=3 Lines=21
2026-03-19 13:36:24,443 [INFO]   [P2 (L6-H5)] main: lineP=22419.09 | bars_from_origin=50.0 slope=-17.3052 | BELOW gap=697.56
2026-03-19 13:36:24,443 [INFO]   [P2 (L6-H5)] 0.875: lineP=22824.45 | bars_from_origin=50.0 slope=-9.1979 | BELOW gap=292.20
2026-03-19 13:36:24,443 [INFO]   [P2 (L6-H5)] 0.75: lineP=22985.19 | bars_from_origin=50.0 slope=-5.9831 | BELOW gap=131.46
2026-03-19 13:36:24,443 [INFO]   [P2 (L6-H5)] 0.5: lineP=23136.00 | bars_from_origin=50.0 slope=-2.9671 | HIT gap=0.00
2026-03-19 13:36:24,443 [INFO]     >>> HIT RECORDED: P2 (L6-H5) frac=0.5 @ 23136.00
2026-03-19 13:36:24,443 [INFO]   [P2 (L6-H5)] 0.25: lineP=23219.49 | bars_from_origin=50.0 slope=-1.2972 | ABOVE gap=50.94
2026-03-19 13:36:24,443 [INFO]   [P2 (L6-H5)] 0.125: lineP=23252.88 | bars_from_origin=50.0 slope=-0.6294 | ABOVE gap=84.33
2026-03-19 13:36:24,444 [INFO]   [P2 (L6-H5)] main: lineP=23227.98 | bars_from_origin=31.0 slope=0.0000 | ABOVE gap=59.42
2026-03-19 13:36:24,444 [INFO]   [P1 (H6-L6)] main: lineP=23860.06 | bars_from_origin=31.0 slope=29.1777 | ABOVE gap=691.51
2026-03-19 13:36:24,444 [INFO]   [P1 (H6-L6)] 0.875: lineP=23315.29 | bars_from_origin=31.0 slope=11.6044 | ABOVE gap=146.74
2026-03-19 13:36:24,444 [INFO]   [P1 (H6-L6)] 0.75: lineP=23170.19 | bars_from_origin=31.0 slope=6.9240 | ABOVE gap=1.64
2026-03-19 13:36:24,444 [INFO]   [P1 (H6-L6)] 0.5: lineP=23055.67 | bars_from_origin=31.0 slope=3.2298 | BELOW gap=60.98
2026-03-19 13:36:24,444 [INFO]   [P1 (H6-L6)] 0.25: lineP=22998.46 | bars_from_origin=31.0 slope=1.3840 | BELOW gap=118.20
2026-03-19 13:36:24,444 [INFO]   [P1 (H6-L6)] 0.125: lineP=22976.29 | bars_from_origin=31.0 slope=0.6689 | BELOW gap=140.36
2026-03-19 13:36:24,444 [INFO]   [P1 (H6-L6)] main: lineP=22984.62 | bars_from_origin=22.0 slope=0.0000 | BELOW gap=132.03
2026-03-19 13:36:24,444 [INFO]   [P3 (L6-H3)] main: lineP=22781.89 | bars_from_origin=113.0 slope=-5.6018 | BELOW gap=334.76
2026-03-19 13:36:24,445 [INFO]   [P3 (L6-H3)] 0.875: lineP=22926.60 | bars_from_origin=113.0 slope=-4.3213 | BELOW gap=190.05
2026-03-19 13:36:24,445 [INFO]   [P3 (L6-H3)] 0.75: lineP=23034.17 | bars_from_origin=113.0 slope=-3.3693 | BELOW gap=82.48
2026-03-19 13:36:24,445 [INFO]   [P3 (L6-H3)] 0.5: lineP=23191.08 | bars_from_origin=113.0 slope=-1.9807 | ABOVE gap=22.53
2026-03-19 13:36:24,445 [INFO]   [P3 (L6-H3)] 0.25: lineP=23310.17 | bars_from_origin=113.0 slope=-0.9269 | ABOVE gap=141.61
2026-03-19 13:36:24,445 [INFO]   [P3 (L6-H3)] 0.125: lineP=23363.35 | bars_from_origin=113.0 slope=-0.4562 | ABOVE gap=194.80
2026-03-19 13:36:24,445 [INFO]   [P3 (L6-H3)] main: lineP=23252.48 | bars_from_origin=31.0 slope=0.0000 | ABOVE gap=83.93
2026-03-19 13:36:24,445 [INFO]   [IntDet] Total hits this bar: 1
2026-03-19 13:36:24,445 [INFO] [Study] Emitting intersection event (DIRECT): {'time': 1773646140, 'fan': 'P2 (L6-H5)', 'fanIdentity': 'L6-H5', 'fraction': '1/2', 'price': 23135.995821344033, 'type': 'CROSS_UP', 'details': 'Breakout Attempt'}
2026-03-19 13:36:24,449 [INFO] [IntDet] Bar 151 | 2026-03-16 13:03 | H=23172.60 L=23086.35 C=23116.95 | Fans=3 Lines=21
2026-03-19 13:36:24,449 [INFO]   [P2 (L6-H5)] main: lineP=22401.78 | bars_from_origin=51.0 slope=-17.3052 | BELOW gap=684.57
2026-03-19 13:36:24,449 [INFO]   [P2 (L6-H5)] 0.875: lineP=22815.26 | bars_from_origin=51.0 slope=-9.1979 | BELOW gap=271.09
2026-03-19 13:36:24,449 [INFO]   [P2 (L6-H5)] 0.75: lineP=22979.21 | bars_from_origin=51.0 slope=-5.9831 | BELOW gap=107.14
2026-03-19 13:36:24,449 [INFO]   [P2 (L6-H5)] 0.5: lineP=23133.03 | bars_from_origin=51.0 slope=-2.9671 | HIT gap=0.00
2026-03-19 13:36:24,450 [INFO]     >>> HIT RECORDED: P2 (L6-H5) frac=0.5 @ 23133.03
2026-03-19 13:36:24,450 [INFO]   [P2 (L6-H5)] 0.25: lineP=23218.19 | bars_from_origin=51.0 slope=-1.2972 | ABOVE gap=45.59
2026-03-19 13:36:24,450 [INFO]   [P2 (L6-H5)] 0.125: lineP=23252.25 | bars_from_origin=51.0 slope=-0.6294 | ABOVE gap=79.65
2026-03-19 13:36:24,450 [INFO]   [P2 (L6-H5)] main: lineP=23227.98 | bars_from_origin=32.0 slope=0.0000 | ABOVE gap=55.38
2026-03-19 13:36:24,450 [INFO]   [P1 (H6-L6)] main: lineP=23889.24 | bars_from_origin=32.0 slope=29.1777 | ABOVE gap=716.64
2026-03-19 13:36:24,450 [INFO]   [P1 (H6-L6)] 0.875: lineP=23326.89 | bars_from_origin=32.0 slope=11.6044 | ABOVE gap=154.29
2026-03-19 13:36:24,450 [INFO]   [P1 (H6-L6)] 0.75: lineP=23177.12 | bars_from_origin=32.0 slope=6.9240 | ABOVE gap=4.52
2026-03-19 13:36:24,450 [INFO]   [P1 (H6-L6)] 0.5: lineP=23058.90 | bars_from_origin=32.0 slope=3.2298 | BELOW gap=27.44
2026-03-19 13:36:24,450 [INFO]   [P1 (H6-L6)] 0.25: lineP=22999.84 | bars_from_origin=32.0 slope=1.3840 | BELOW gap=86.51
2026-03-19 13:36:24,451 [INFO]   [P1 (H6-L6)] 0.125: lineP=22976.96 | bars_from_origin=32.0 slope=0.6689 | BELOW gap=109.39
2026-03-19 13:36:24,451 [INFO]   [P1 (H6-L6)] main: lineP=22984.62 | bars_from_origin=23.0 slope=0.0000 | BELOW gap=101.73
2026-03-19 13:36:24,451 [INFO]   [P3 (L6-H3)] main: lineP=22776.29 | bars_from_origin=114.0 slope=-5.6018 | BELOW gap=310.06
2026-03-19 13:36:24,451 [INFO]   [P3 (L6-H3)] 0.875: lineP=22922.27 | bars_from_origin=114.0 slope=-4.3213 | BELOW gap=164.08
2026-03-19 13:36:24,451 [INFO]   [P3 (L6-H3)] 0.75: lineP=23030.80 | bars_from_origin=114.0 slope=-3.3693 | BELOW gap=55.54
2026-03-19 13:36:24,451 [INFO]   [P3 (L6-H3)] 0.5: lineP=23189.10 | bars_from_origin=114.0 slope=-1.9807 | ABOVE gap=16.50
2026-03-19 13:36:24,451 [INFO]   [P3 (L6-H3)] 0.25: lineP=23309.24 | bars_from_origin=114.0 slope=-0.9269 | ABOVE gap=136.64
2026-03-19 13:36:24,451 [INFO]   [P3 (L6-H3)] 0.125: lineP=23362.89 | bars_from_origin=114.0 slope=-0.4562 | ABOVE gap=190.29
2026-03-19 13:36:24,451 [INFO]   [P3 (L6-H3)] main: lineP=23252.48 | bars_from_origin=32.0 slope=0.0000 | ABOVE gap=79.88
2026-03-19 13:36:24,451 [INFO]   [IntDet] Total hits this bar: 1
2026-03-19 13:36:24,452 [INFO] [Study] Emitting intersection event (DIRECT): {'time': 1773646380, 'fan': 'P2 (L6-H5)', 'fanIdentity': 'L6-H5', 'fraction': '1/2', 'price': 23133.028745583415, 'type': 'CROSS_DOWN', 'details': 'Breakdown Attempt'}
2026-03-19 13:36:24,454 [INFO] [Tracking] FAKE OUT: Fan_L6_H5 0.5 (T+1 bars)
2026-03-19 13:36:24,455 [INFO] [IntDet] Bar 152 | 2026-03-16 13:07 | H=23131.85 L=23103.20 C=23116.55 | Fans=3 Lines=21
2026-03-19 13:36:24,455 [INFO]   [P2 (L6-H5)] main: lineP=22384.48 | bars_from_origin=52.0 slope=-17.3052 | BELOW gap=718.72
2026-03-19 13:36:24,455 [INFO]   [P2 (L6-H5)] 0.875: lineP=22806.06 | bars_from_origin=52.0 slope=-9.1979 | BELOW gap=297.14
2026-03-19 13:36:24,455 [INFO]   [P2 (L6-H5)] 0.75: lineP=22973.23 | bars_from_origin=52.0 slope=-5.9831 | BELOW gap=129.97
2026-03-19 13:36:24,455 [INFO]   [P2 (L6-H5)] 0.5: lineP=23130.06 | bars_from_origin=52.0 slope=-2.9671 | HIT gap=0.00
2026-03-19 13:36:24,456 [INFO]     >>> HIT RECORDED: P2 (L6-H5) frac=0.5 @ 23130.06
2026-03-19 13:36:24,456 [INFO]   [P2 (L6-H5)] 0.25: lineP=23216.89 | bars_from_origin=52.0 slope=-1.2972 | ABOVE gap=85.05
2026-03-19 13:36:24,456 [INFO]   [P2 (L6-H5)] 0.125: lineP=23251.62 | bars_from_origin=52.0 slope=-0.6294 | ABOVE gap=119.77
2026-03-19 13:36:24,456 [INFO]   [P2 (L6-H5)] main: lineP=23227.98 | bars_from_origin=33.0 slope=0.0000 | ABOVE gap=96.13
2026-03-19 13:36:24,456 [INFO]   [P1 (H6-L6)] main: lineP=23918.42 | bars_from_origin=33.0 slope=29.1777 | ABOVE gap=786.57
2026-03-19 13:36:24,456 [INFO]   [P1 (H6-L6)] 0.875: lineP=23338.50 | bars_from_origin=33.0 slope=11.6044 | ABOVE gap=206.65
2026-03-19 13:36:24,456 [INFO]   [P1 (H6-L6)] 0.75: lineP=23184.04 | bars_from_origin=33.0 slope=6.9240 | ABOVE gap=52.19
2026-03-19 13:36:24,456 [INFO]   [P1 (H6-L6)] 0.5: lineP=23062.13 | bars_from_origin=33.0 slope=3.2298 | BELOW gap=41.06
2026-03-19 13:36:24,456 [INFO]   [P1 (H6-L6)] 0.25: lineP=23001.22 | bars_from_origin=33.0 slope=1.3840 | BELOW gap=101.98
2026-03-19 13:36:24,457 [INFO]   [P1 (H6-L6)] 0.125: lineP=22977.62 | bars_from_origin=33.0 slope=0.6689 | BELOW gap=125.57
2026-03-19 13:36:24,457 [INFO]   [P1 (H6-L6)] main: lineP=22984.62 | bars_from_origin=24.0 slope=0.0000 | BELOW gap=118.58
2026-03-19 13:36:24,457 [INFO]   [P3 (L6-H3)] main: lineP=22770.69 | bars_from_origin=115.0 slope=-5.6018 | BELOW gap=332.51
2026-03-19 13:36:24,457 [INFO]   [P3 (L6-H3)] 0.875: lineP=22917.95 | bars_from_origin=115.0 slope=-4.3213 | BELOW gap=185.25
2026-03-19 13:36:24,457 [INFO]   [P3 (L6-H3)] 0.75: lineP=23027.44 | bars_from_origin=115.0 slope=-3.3693 | BELOW gap=75.76
2026-03-19 13:36:24,457 [INFO]   [P3 (L6-H3)] 0.5: lineP=23187.12 | bars_from_origin=115.0 slope=-1.9807 | ABOVE gap=55.27
2026-03-19 13:36:24,457 [INFO]   [P3 (L6-H3)] 0.25: lineP=23308.31 | bars_from_origin=115.0 slope=-0.9269 | ABOVE gap=176.46
2026-03-19 13:36:24,457 [INFO]   [P3 (L6-H3)] 0.125: lineP=23362.43 | bars_from_origin=115.0 slope=-0.4562 | ABOVE gap=230.58
2026-03-19 13:36:24,457 [INFO]   [P3 (L6-H3)] main: lineP=23252.48 | bars_from_origin=33.0 slope=0.0000 | ABOVE gap=120.63
2026-03-19 13:36:24,457 [INFO]   [IntDet] Total hits this bar: 1
2026-03-19 13:36:24,457 [INFO] [Study] Emitting intersection event (DIRECT): {'time': 1773646620, 'fan': 'P2 (L6-H5)', 'fanIdentity': 'L6-H5', 'fraction': '1/2', 'price': 23130.061669822797, 'type': 'RESISTANCE_TEST', 'details': 'Rejection / Pullback'}
2026-03-19 13:36:24,460 [INFO] [IntDet] Bar 153 | 2026-03-16 13:11 | H=23146.30 L=23113.00 C=23116.80 | Fans=3 Lines=21
2026-03-19 13:36:24,461 [INFO]   [P2 (L6-H5)] main: lineP=22367.17 | bars_from_origin=53.0 slope=-17.3052 | BELOW gap=745.83
2026-03-19 13:36:24,461 [INFO]   [P2 (L6-H5)] 0.875: lineP=22796.86 | bars_from_origin=53.0 slope=-9.1979 | BELOW gap=316.14
2026-03-19 13:36:24,461 [INFO]   [P2 (L6-H5)] 0.75: lineP=22967.24 | bars_from_origin=53.0 slope=-5.9831 | BELOW gap=145.76
2026-03-19 13:36:24,461 [INFO]   [P2 (L6-H5)] 0.5: lineP=23127.09 | bars_from_origin=53.0 slope=-2.9671 | HIT gap=0.00
2026-03-19 13:36:24,461 [INFO]     >>> HIT RECORDED: P2 (L6-H5) frac=0.5 @ 23127.09
2026-03-19 13:36:24,461 [INFO]   [P2 (L6-H5)] 0.25: lineP=23215.60 | bars_from_origin=53.0 slope=-1.2972 | ABOVE gap=69.30
2026-03-19 13:36:24,461 [INFO]   [P2 (L6-H5)] 0.125: lineP=23250.99 | bars_from_origin=53.0 slope=-0.6294 | ABOVE gap=104.69
2026-03-19 13:36:24,462 [INFO]   [P2 (L6-H5)] main: lineP=23227.98 | bars_from_origin=34.0 slope=0.0000 | ABOVE gap=81.67
2026-03-19 13:36:24,462 [INFO]   [P1 (H6-L6)] main: lineP=23947.59 | bars_from_origin=34.0 slope=29.1777 | ABOVE gap=801.29
2026-03-19 13:36:24,462 [INFO]   [P1 (H6-L6)] 0.875: lineP=23350.10 | bars_from_origin=34.0 slope=11.6044 | ABOVE gap=203.80
2026-03-19 13:36:24,462 [INFO]   [P1 (H6-L6)] 0.75: lineP=23190.97 | bars_from_origin=34.0 slope=6.9240 | ABOVE gap=44.67
2026-03-19 13:36:24,462 [INFO]   [P1 (H6-L6)] 0.5: lineP=23065.36 | bars_from_origin=34.0 slope=3.2298 | BELOW gap=47.64
2026-03-19 13:36:24,462 [INFO]   [P1 (H6-L6)] 0.25: lineP=23002.61 | bars_from_origin=34.0 slope=1.3840 | BELOW gap=110.39
2026-03-19 13:36:24,462 [INFO]   [P1 (H6-L6)] 0.125: lineP=22978.29 | bars_from_origin=34.0 slope=0.6689 | BELOW gap=134.71
2026-03-19 13:36:24,462 [INFO]   [P1 (H6-L6)] main: lineP=22984.62 | bars_from_origin=25.0 slope=0.0000 | BELOW gap=128.38
2026-03-19 13:36:24,463 [INFO]   [P3 (L6-H3)] main: lineP=22765.09 | bars_from_origin=116.0 slope=-5.6018 | BELOW gap=347.91
2026-03-19 13:36:24,463 [INFO]   [P3 (L6-H3)] 0.875: lineP=22913.63 | bars_from_origin=116.0 slope=-4.3213 | BELOW gap=199.37
2026-03-19 13:36:24,463 [INFO]   [P3 (L6-H3)] 0.75: lineP=23024.07 | bars_from_origin=116.0 slope=-3.3693 | BELOW gap=88.93
2026-03-19 13:36:24,463 [INFO]   [P3 (L6-H3)] 0.5: lineP=23185.14 | bars_from_origin=116.0 slope=-1.9807 | ABOVE gap=38.84
2026-03-19 13:36:24,463 [INFO]   [P3 (L6-H3)] 0.25: lineP=23307.38 | bars_from_origin=116.0 slope=-0.9269 | ABOVE gap=161.08
2026-03-19 13:36:24,463 [INFO]   [P3 (L6-H3)] 0.125: lineP=23361.98 | bars_from_origin=116.0 slope=-0.4562 | ABOVE gap=215.68
2026-03-19 13:36:24,463 [INFO]   [P3 (L6-H3)] main: lineP=23252.48 | bars_from_origin=34.0 slope=0.0000 | ABOVE gap=106.18
2026-03-19 13:36:24,463 [INFO]   [IntDet] Total hits this bar: 1
2026-03-19 13:36:24,463 [INFO] [Study] Emitting intersection event (DIRECT): {'time': 1773646860, 'fan': 'P2 (L6-H5)', 'fanIdentity': 'L6-H5', 'fraction': '1/2', 'price': 23127.094594062175, 'type': 'RESISTANCE_TEST', 'details': 'Rejection / Pullback'}
2026-03-19 13:36:24,467 [INFO] [IntDet] Bar 154 | 2026-03-16 13:15 | H=23151.05 L=23115.40 C=23141.25 | Fans=3 Lines=21
2026-03-19 13:36:24,467 [INFO]   [P2 (L6-H5)] main: lineP=22349.87 | bars_from_origin=54.0 slope=-17.3052 | BELOW gap=765.53
2026-03-19 13:36:24,467 [INFO]   [P2 (L6-H5)] 0.875: lineP=22787.66 | bars_from_origin=54.0 slope=-9.1979 | BELOW gap=327.74
2026-03-19 13:36:24,467 [INFO]   [P2 (L6-H5)] 0.75: lineP=22961.26 | bars_from_origin=54.0 slope=-5.9831 | BELOW gap=154.14
2026-03-19 13:36:24,467 [INFO]   [P2 (L6-H5)] 0.5: lineP=23124.13 | bars_from_origin=54.0 slope=-2.9671 | HIT gap=0.00
2026-03-19 13:36:24,468 [INFO]     >>> HIT RECORDED: P2 (L6-H5) frac=0.5 @ 23124.13
2026-03-19 13:36:24,468 [INFO]   [P2 (L6-H5)] 0.25: lineP=23214.30 | bars_from_origin=54.0 slope=-1.2972 | ABOVE gap=63.25
2026-03-19 13:36:24,468 [INFO]   [P2 (L6-H5)] 0.125: lineP=23250.36 | bars_from_origin=54.0 slope=-0.6294 | ABOVE gap=99.31
2026-03-19 13:36:24,468 [INFO]   [P2 (L6-H5)] main: lineP=23227.98 | bars_from_origin=35.0 slope=0.0000 | ABOVE gap=76.92
2026-03-19 13:36:24,468 [INFO]   [P1 (H6-L6)] main: lineP=23976.77 | bars_from_origin=35.0 slope=29.1777 | ABOVE gap=825.72
2026-03-19 13:36:24,468 [INFO]   [P1 (H6-L6)] 0.875: lineP=23361.70 | bars_from_origin=35.0 slope=11.6044 | ABOVE gap=210.65
2026-03-19 13:36:24,468 [INFO]   [P1 (H6-L6)] 0.75: lineP=23197.89 | bars_from_origin=35.0 slope=6.9240 | ABOVE gap=46.84
2026-03-19 13:36:24,468 [INFO]   [P1 (H6-L6)] 0.5: lineP=23068.59 | bars_from_origin=35.0 slope=3.2298 | BELOW gap=46.81
2026-03-19 13:36:24,468 [INFO]   [P1 (H6-L6)] 0.25: lineP=23003.99 | bars_from_origin=35.0 slope=1.3840 | BELOW gap=111.41
2026-03-19 13:36:24,469 [INFO]   [P1 (H6-L6)] 0.125: lineP=22978.96 | bars_from_origin=35.0 slope=0.6689 | BELOW gap=136.44
2026-03-19 13:36:24,469 [INFO]   [P1 (H6-L6)] main: lineP=22984.62 | bars_from_origin=26.0 slope=0.0000 | BELOW gap=130.78
2026-03-19 13:36:24,469 [INFO]   [P3 (L6-H3)] main: lineP=22759.49 | bars_from_origin=117.0 slope=-5.6018 | BELOW gap=355.91
2026-03-19 13:36:24,469 [INFO]   [P3 (L6-H3)] 0.875: lineP=22909.31 | bars_from_origin=117.0 slope=-4.3213 | BELOW gap=206.09
2026-03-19 13:36:24,469 [INFO]   [P3 (L6-H3)] 0.75: lineP=23020.70 | bars_from_origin=117.0 slope=-3.3693 | BELOW gap=94.70
2026-03-19 13:36:24,469 [INFO]   [P3 (L6-H3)] 0.5: lineP=23183.16 | bars_from_origin=117.0 slope=-1.9807 | ABOVE gap=32.10
2026-03-19 13:36:24,469 [INFO]   [P3 (L6-H3)] 0.25: lineP=23306.46 | bars_from_origin=117.0 slope=-0.9269 | ABOVE gap=155.41
2026-03-19 13:36:24,469 [INFO]   [P3 (L6-H3)] 0.125: lineP=23361.52 | bars_from_origin=117.0 slope=-0.4562 | ABOVE gap=210.47
2026-03-19 13:36:24,469 [INFO]   [P3 (L6-H3)] main: lineP=23252.48 | bars_from_origin=35.0 slope=0.0000 | ABOVE gap=101.43
2026-03-19 13:36:24,469 [INFO]   [IntDet] Total hits this bar: 1
2026-03-19 13:36:24,470 [INFO] [Study] Emitting intersection event (DIRECT): {'time': 1773647100, 'fan': 'P2 (L6-H5)', 'fanIdentity': 'L6-H5', 'fraction': '1/2', 'price': 23124.127518301557, 'type': 'CROSS_UP', 'details': 'Breakout Attempt'}
2026-03-19 13:36:24,473 [INFO] [IntDet] Bar 155 | 2026-03-16 13:19 | H=23168.40 L=23138.70 C=23165.15 | Fans=3 Lines=21
2026-03-19 13:36:24,473 [INFO]   [P2 (L6-H5)] main: lineP=22332.56 | bars_from_origin=55.0 slope=-17.3052 | BELOW gap=806.14
2026-03-19 13:36:24,473 [INFO]   [P2 (L6-H5)] 0.875: lineP=22778.46 | bars_from_origin=55.0 slope=-9.1979 | BELOW gap=360.24
2026-03-19 13:36:24,473 [INFO]   [P2 (L6-H5)] 0.75: lineP=22955.28 | bars_from_origin=55.0 slope=-5.9831 | BELOW gap=183.42
2026-03-19 13:36:24,473 [INFO]   [P2 (L6-H5)] 0.5: lineP=23121.16 | bars_from_origin=55.0 slope=-2.9671 | BELOW gap=17.54
2026-03-19 13:36:24,473 [INFO]   [P2 (L6-H5)] 0.25: lineP=23213.00 | bars_from_origin=55.0 slope=-1.2972 | ABOVE gap=44.60
2026-03-19 13:36:24,473 [INFO]   [P2 (L6-H5)] 0.125: lineP=23249.73 | bars_from_origin=55.0 slope=-0.6294 | ABOVE gap=81.33
2026-03-19 13:36:24,473 [INFO]   [P2 (L6-H5)] main: lineP=23227.98 | bars_from_origin=36.0 slope=0.0000 | ABOVE gap=59.57
2026-03-19 13:36:24,473 [INFO]   [P1 (H6-L6)] main: lineP=24005.95 | bars_from_origin=36.0 slope=29.1777 | ABOVE gap=837.55
2026-03-19 13:36:24,474 [INFO]   [P1 (H6-L6)] 0.875: lineP=23373.31 | bars_from_origin=36.0 slope=11.6044 | ABOVE gap=204.91
2026-03-19 13:36:24,474 [INFO]   [P1 (H6-L6)] 0.75: lineP=23204.81 | bars_from_origin=36.0 slope=6.9240 | ABOVE gap=36.41
2026-03-19 13:36:24,474 [INFO]   [P1 (H6-L6)] 0.5: lineP=23071.82 | bars_from_origin=36.0 slope=3.2298 | BELOW gap=66.88
2026-03-19 13:36:24,474 [INFO]   [P1 (H6-L6)] 0.25: lineP=23005.38 | bars_from_origin=36.0 slope=1.3840 | BELOW gap=133.32
2026-03-19 13:36:24,474 [INFO]   [P1 (H6-L6)] 0.125: lineP=22979.63 | bars_from_origin=36.0 slope=0.6689 | BELOW gap=159.07
2026-03-19 13:36:24,474 [INFO]   [P1 (H6-L6)] main: lineP=22984.62 | bars_from_origin=27.0 slope=0.0000 | BELOW gap=154.08
2026-03-19 13:36:24,474 [INFO]   [P3 (L6-H3)] main: lineP=22753.89 | bars_from_origin=118.0 slope=-5.6018 | BELOW gap=384.81
2026-03-19 13:36:24,474 [INFO]   [P3 (L6-H3)] 0.875: lineP=22904.99 | bars_from_origin=118.0 slope=-4.3213 | BELOW gap=233.71
2026-03-19 13:36:24,474 [INFO]   [P3 (L6-H3)] 0.75: lineP=23017.33 | bars_from_origin=118.0 slope=-3.3693 | BELOW gap=121.37
2026-03-19 13:36:24,475 [INFO]   [P3 (L6-H3)] 0.5: lineP=23181.18 | bars_from_origin=118.0 slope=-1.9807 | ABOVE gap=12.77
2026-03-19 13:36:24,475 [INFO]   [P3 (L6-H3)] 0.25: lineP=23305.53 | bars_from_origin=118.0 slope=-0.9269 | ABOVE gap=137.13
2026-03-19 13:36:24,475 [INFO]   [P3 (L6-H3)] 0.125: lineP=23361.07 | bars_from_origin=118.0 slope=-0.4562 | ABOVE gap=192.66
2026-03-19 13:36:24,475 [INFO]   [P3 (L6-H3)] main: lineP=23252.48 | bars_from_origin=36.0 slope=0.0000 | ABOVE gap=84.08
2026-03-19 13:36:24,475 [INFO] [Tracking] Breach CONFIRMED: Fan_L6_H5 0.5 up (T+1 bars)
2026-03-19 13:36:24,476 [INFO] [Study] Removing invalidated/excess fan: Fan_L6_H5
2026-03-19 13:36:24,476 [INFO] [Study] Removing invalidated/excess fan: Fan_L6_H3
2026-03-19 13:36:24,476 [INFO] [Study] Creating new fan: Fan_L8_H7 (P1 (L8-H7))
2026-03-19 13:36:24,476 [INFO] [AngleEngine] scale_ratio=3.6603, slope_per_bar=-11.0100, visual_slope=-3.0079, theta=-71.61 deg
2026-03-19 13:36:24,477 [INFO] --- [AngleEngine] Fan Created: Fan_L8_H7 ---
2026-03-19 13:36:24,477 [INFO]   Origin: Bar 141, Time 1773643980, Price 23196.44921875
2026-03-19 13:36:24,477 [INFO]   Target: Bar 151, Time 1773646380, Price 23086.349609375
2026-03-19 13:36:24,478 [INFO]   Delta: db=10, dp_origin=-110.10
2026-03-19 13:36:24,478 [INFO]   Scale Params: Ratio=3.6603, Radius=31.70 bars, Slope/Bar=-11.0100
2026-03-19 13:36:24,478 [INFO]   Line 0.875: EndBar=1773646380 (approx), EndPrice=23125.66
2026-03-19 13:36:24,478 [INFO]   Line 0.75: EndBar=1773646380 (approx), EndPrice=23146.61
2026-03-19 13:36:24,478 [INFO]   Line 0.5: EndBar=1773646380 (approx), EndPrice=23170.05
2026-03-19 13:36:24,478 [INFO]   Line 0.25: EndBar=1773646380 (approx), EndPrice=23184.62
2026-03-19 13:36:24,478 [INFO]   Line 0.125: EndBar=1773646380 (approx), EndPrice=23190.68
2026-03-19 13:36:24,478 [INFO] [Study] Updating fan priority: Fan_H6_L6 -> P3 (H6-L6)
2026-03-19 13:36:24,478 [INFO] [Study] Creating new fan: Fan_L8_H6 (P2 (L8-H6))
2026-03-19 13:36:24,479 [INFO] [AngleEngine] scale_ratio=3.6603, slope_per_bar=-5.7305, visual_slope=-1.5656, theta=-57.43 deg
2026-03-19 13:36:24,479 [INFO] --- [AngleEngine] Fan Created: Fan_L8_H6 ---
2026-03-19 13:36:24,479 [INFO]   Origin: Bar 128, Time 1773640860, Price 23218.150390625
2026-03-19 13:36:24,479 [INFO]   Target: Bar 151, Time 1773646380, Price 23086.349609375
2026-03-19 13:36:24,479 [INFO]   Delta: db=23, dp_origin=-131.80
2026-03-19 13:36:24,479 [INFO]   Scale Params: Ratio=3.6603, Radius=42.73 bars, Slope/Bar=-5.7305
2026-03-19 13:36:24,479 [INFO]   Line 0.875: EndBar=1773646380 (approx), EndPrice=23116.92
2026-03-19 13:36:24,480 [INFO]   Line 0.75: EndBar=1773646380 (approx), EndPrice=23139.44
2026-03-19 13:36:24,480 [INFO]   Line 0.5: EndBar=1773646380 (approx), EndPrice=23172.03
2026-03-19 13:36:24,480 [INFO]   Line 0.25: EndBar=1773646380 (approx), EndPrice=23196.60
2026-03-19 13:36:24,480 [INFO]   Line 0.125: EndBar=1773646380 (approx), EndPrice=23207.55
2026-03-19 13:36:24,480 [INFO] [IntDet] Bar 156 | 2026-03-16 13:23 | H=23168.95 L=23145.70 C=23147.55 | Fans=3 Lines=21
2026-03-19 13:36:24,480 [INFO]   [P3 (H6-L6)] main: lineP=24035.13 | bars_from_origin=37.0 slope=29.1777 | ABOVE gap=866.18
2026-03-19 13:36:24,480 [INFO]   [P3 (H6-L6)] 0.875: lineP=23384.91 | bars_from_origin=37.0 slope=11.6044 | ABOVE gap=215.96
2026-03-19 13:36:24,481 [INFO]   [P3 (H6-L6)] 0.75: lineP=23211.74 | bars_from_origin=37.0 slope=6.9240 | ABOVE gap=42.79
2026-03-19 13:36:24,481 [INFO]   [P3 (H6-L6)] 0.5: lineP=23075.05 | bars_from_origin=37.0 slope=3.2298 | BELOW gap=70.65
2026-03-19 13:36:24,481 [INFO]   [P3 (H6-L6)] 0.25: lineP=23006.76 | bars_from_origin=37.0 slope=1.3840 | BELOW gap=138.94
2026-03-19 13:36:24,481 [INFO]   [P3 (H6-L6)] 0.125: lineP=22980.30 | bars_from_origin=37.0 slope=0.6689 | BELOW gap=165.40
2026-03-19 13:36:24,481 [INFO]   [P3 (H6-L6)] main: lineP=22984.62 | bars_from_origin=28.0 slope=0.0000 | BELOW gap=161.08
2026-03-19 13:36:24,481 [INFO]   [P1 (L8-H7)] main: lineP=23031.30 | bars_from_origin=15.0 slope=-11.0100 | BELOW gap=114.40
2026-03-19 13:36:24,481 [INFO]   [P1 (L8-H7)] 0.875: lineP=23090.26 | bars_from_origin=15.0 slope=-7.0793 | BELOW gap=55.44
2026-03-19 13:36:24,481 [INFO]   [P1 (L8-H7)] 0.75: lineP=23121.68 | bars_from_origin=15.0 slope=-4.9843 | BELOW gap=24.01
2026-03-19 13:36:24,481 [INFO]   [P1 (L8-H7)] 0.5: lineP=23156.84 | bars_from_origin=15.0 slope=-2.6404 | HIT gap=0.00
2026-03-19 13:36:24,481 [INFO]     >>> HIT RECORDED: P1 (L8-H7) frac=0.5 @ 23156.84
2026-03-19 13:36:24,482 [INFO]   [P1 (L8-H7)] 0.25: lineP=23178.71 | bars_from_origin=15.0 slope=-1.1824 | ABOVE gap=9.76
2026-03-19 13:36:24,482 [INFO]   [P1 (L8-H7)] 0.125: lineP=23187.80 | bars_from_origin=15.0 slope=-0.5765 | ABOVE gap=18.85
2026-03-19 13:36:24,482 [INFO]   [P1 (L8-H7)] main: lineP=23170.05 | bars_from_origin=5.0 slope=0.0000 | ABOVE gap=1.10
2026-03-19 13:36:24,482 [INFO]   [P2 (L8-H6)] main: lineP=23057.70 | bars_from_origin=28.0 slope=-5.7305 | BELOW gap=88.00
2026-03-19 13:36:24,482 [INFO]   [P2 (L8-H6)] 0.875: lineP=23094.91 | bars_from_origin=28.0 slope=-4.4015 | BELOW gap=50.79
2026-03-19 13:36:24,482 [INFO]   [P2 (L8-H6)] 0.75: lineP=23122.33 | bars_from_origin=28.0 slope=-3.4221 | BELOW gap=23.37
2026-03-19 13:36:24,482 [INFO]   [P2 (L8-H6)] 0.5: lineP=23162.00 | bars_from_origin=28.0 slope=-2.0053 | HIT gap=0.00
2026-03-19 13:36:24,482 [INFO]     >>> HIT RECORDED: P2 (L8-H6) frac=0.5 @ 23162.00
2026-03-19 13:36:24,482 [INFO]   [P2 (L8-H6)] 0.25: lineP=23191.92 | bars_from_origin=28.0 slope=-0.9369 | ABOVE gap=22.97
2026-03-19 13:36:24,482 [INFO]   [P2 (L8-H6)] 0.125: lineP=23205.24 | bars_from_origin=28.0 slope=-0.4610 | ABOVE gap=36.29
2026-03-19 13:36:24,482 [INFO]   [P2 (L8-H6)] main: lineP=23172.03 | bars_from_origin=5.0 slope=0.0000 | ABOVE gap=3.08
2026-03-19 13:36:24,482 [INFO]   [IntDet] Total hits this bar: 2
2026-03-19 13:36:24,483 [INFO] [Study] Emitting intersection event (DIRECT): {'time': 1773647580, 'fan': 'P1 (L8-H7)', 'fanIdentity': 'L8-H7', 'fraction': '1/2', 'price': 23156.843244982687, 'type': 'CROSS_DOWN', 'details': 'Breakdown Attempt'}
2026-03-19 13:36:24,486 [INFO] [Study] Emitting intersection event (DIRECT): {'time': 1773647580, 'fan': 'P2 (L8-H6)', 'fanIdentity': 'L8-H6', 'fraction': '1/2', 'price': 23162.00259311068, 'type': 'CROSS_DOWN', 'details': 'Breakdown Attempt'}
2026-03-19 13:36:24,489 [INFO] [IntDet] Bar 157 | 2026-03-16 13:27 | H=23147.55 L=23121.85 C=23137.75 | Fans=3 Lines=21
2026-03-19 13:36:24,489 [INFO]   [P3 (H6-L6)] main: lineP=24064.30 | bars_from_origin=38.0 slope=29.1777 | ABOVE gap=916.75
2026-03-19 13:36:24,489 [INFO]   [P3 (H6-L6)] 0.875: lineP=23396.52 | bars_from_origin=38.0 slope=11.6044 | ABOVE gap=248.97
2026-03-19 13:36:24,489 [INFO]   [P3 (H6-L6)] 0.75: lineP=23218.66 | bars_from_origin=38.0 slope=6.9240 | ABOVE gap=71.11
2026-03-19 13:36:24,489 [INFO]   [P3 (H6-L6)] 0.5: lineP=23078.28 | bars_from_origin=38.0 slope=3.2298 | BELOW gap=43.57
2026-03-19 13:36:24,490 [INFO]   [P3 (H6-L6)] 0.25: lineP=23008.14 | bars_from_origin=38.0 slope=1.3840 | BELOW gap=113.71
2026-03-19 13:36:24,490 [INFO]   [P3 (H6-L6)] 0.125: lineP=22980.97 | bars_from_origin=38.0 slope=0.6689 | BELOW gap=140.88
2026-03-19 13:36:24,490 [INFO]   [P3 (H6-L6)] main: lineP=22984.62 | bars_from_origin=29.0 slope=0.0000 | BELOW gap=137.23
2026-03-19 13:36:24,490 [INFO]   [P1 (L8-H7)] main: lineP=23020.29 | bars_from_origin=16.0 slope=-11.0100 | BELOW gap=101.56
2026-03-19 13:36:24,490 [INFO]   [P1 (L8-H7)] 0.875: lineP=23083.18 | bars_from_origin=16.0 slope=-7.0793 | BELOW gap=38.67
2026-03-19 13:36:24,490 [INFO]   [P1 (L8-H7)] 0.75: lineP=23116.70 | bars_from_origin=16.0 slope=-4.9843 | BELOW gap=5.15
2026-03-19 13:36:24,490 [INFO]   [P1 (L8-H7)] 0.5: lineP=23154.20 | bars_from_origin=16.0 slope=-2.6404 | ABOVE gap=6.65
2026-03-19 13:36:24,490 [INFO]   [P1 (L8-H7)] 0.25: lineP=23177.53 | bars_from_origin=16.0 slope=-1.1824 | ABOVE gap=29.98
2026-03-19 13:36:24,490 [INFO]   [P1 (L8-H7)] 0.125: lineP=23187.22 | bars_from_origin=16.0 slope=-0.5765 | ABOVE gap=39.67
2026-03-19 13:36:24,491 [INFO]   [P1 (L8-H7)] main: lineP=23170.05 | bars_from_origin=6.0 slope=0.0000 | ABOVE gap=22.49
2026-03-19 13:36:24,491 [INFO]   [P2 (L8-H6)] main: lineP=23051.97 | bars_from_origin=29.0 slope=-5.7305 | BELOW gap=69.88
2026-03-19 13:36:24,491 [INFO]   [P2 (L8-H6)] 0.875: lineP=23090.51 | bars_from_origin=29.0 slope=-4.4015 | BELOW gap=31.34
2026-03-19 13:36:24,491 [INFO]   [P2 (L8-H6)] 0.75: lineP=23118.91 | bars_from_origin=29.0 slope=-3.4221 | BELOW gap=2.94
2026-03-19 13:36:24,491 [INFO]   [P2 (L8-H6)] 0.5: lineP=23160.00 | bars_from_origin=29.0 slope=-2.0053 | ABOVE gap=12.45
2026-03-19 13:36:24,491 [INFO]   [P2 (L8-H6)] 0.25: lineP=23190.98 | bars_from_origin=29.0 slope=-0.9369 | ABOVE gap=43.43
2026-03-19 13:36:24,491 [INFO]   [P2 (L8-H6)] 0.125: lineP=23204.78 | bars_from_origin=29.0 slope=-0.4610 | ABOVE gap=57.23
2026-03-19 13:36:24,491 [INFO]   [P2 (L8-H6)] main: lineP=23172.03 | bars_from_origin=6.0 slope=0.0000 | ABOVE gap=24.48
2026-03-19 13:36:24,491 [INFO] [Tracking] Breach CONFIRMED: Fan_L8_H7 0.5 down (T+1 bars)
2026-03-19 13:36:24,491 [INFO] [Tracking] Breach CONFIRMED: Fan_L8_H6 0.5 down (T+1 bars)
2026-03-19 13:36:24,492 [INFO] [IntDet] Bar 158 | 2026-03-16 13:31 | H=23144.20 L=23100.70 C=23108.30 | Fans=3 Lines=21
2026-03-19 13:36:24,493 [INFO]   [P3 (H6-L6)] main: lineP=24093.48 | bars_from_origin=39.0 slope=29.1777 | ABOVE gap=949.28
2026-03-19 13:36:24,493 [INFO]   [P3 (H6-L6)] 0.875: lineP=23408.12 | bars_from_origin=39.0 slope=11.6044 | ABOVE gap=263.92
2026-03-19 13:36:24,493 [INFO]   [P3 (H6-L6)] 0.75: lineP=23225.59 | bars_from_origin=39.0 slope=6.9240 | ABOVE gap=81.39
2026-03-19 13:36:24,493 [INFO]   [P3 (H6-L6)] 0.5: lineP=23081.51 | bars_from_origin=39.0 slope=3.2298 | BELOW gap=19.19
2026-03-19 13:36:24,493 [INFO]   [P3 (H6-L6)] 0.25: lineP=23009.53 | bars_from_origin=39.0 slope=1.3840 | BELOW gap=91.17
2026-03-19 13:36:24,493 [INFO]   [P3 (H6-L6)] 0.125: lineP=22981.64 | bars_from_origin=39.0 slope=0.6689 | BELOW gap=119.06
2026-03-19 13:36:24,493 [INFO]   [P3 (H6-L6)] main: lineP=22984.62 | bars_from_origin=30.0 slope=0.0000 | BELOW gap=116.08
2026-03-19 13:36:24,494 [INFO]   [P1 (L8-H7)] main: lineP=23009.28 | bars_from_origin=17.0 slope=-11.0100 | BELOW gap=91.42
2026-03-19 13:36:24,494 [INFO]   [P1 (L8-H7)] 0.875: lineP=23076.10 | bars_from_origin=17.0 slope=-7.0793 | BELOW gap=24.60
2026-03-19 13:36:24,494 [INFO]   [P1 (L8-H7)] 0.75: lineP=23111.72 | bars_from_origin=17.0 slope=-4.9843 | HIT gap=0.00
2026-03-19 13:36:24,494 [INFO]     >>> HIT RECORDED: P1 (L8-H7) frac=0.75 @ 23111.72
2026-03-19 13:36:24,494 [INFO]   [P1 (L8-H7)] 0.5: lineP=23151.56 | bars_from_origin=17.0 slope=-2.6404 | ABOVE gap=7.36
2026-03-19 13:36:24,494 [INFO]   [P1 (L8-H7)] 0.25: lineP=23176.35 | bars_from_origin=17.0 slope=-1.1824 | ABOVE gap=32.15
2026-03-19 13:36:24,494 [INFO]   [P1 (L8-H7)] 0.125: lineP=23186.65 | bars_from_origin=17.0 slope=-0.5765 | ABOVE gap=42.45
2026-03-19 13:36:24,494 [INFO]   [P1 (L8-H7)] main: lineP=23170.05 | bars_from_origin=7.0 slope=0.0000 | ABOVE gap=25.85
2026-03-19 13:36:24,495 [INFO]   [P2 (L8-H6)] main: lineP=23046.24 | bars_from_origin=30.0 slope=-5.7305 | BELOW gap=54.46
2026-03-19 13:36:24,495 [INFO]   [P2 (L8-H6)] 0.875: lineP=23086.11 | bars_from_origin=30.0 slope=-4.4015 | BELOW gap=14.59
2026-03-19 13:36:24,495 [INFO]   [P2 (L8-H6)] 0.75: lineP=23115.49 | bars_from_origin=30.0 slope=-3.4221 | HIT gap=0.00
2026-03-19 13:36:24,495 [INFO]     >>> HIT RECORDED: P2 (L8-H6) frac=0.75 @ 23115.49
2026-03-19 13:36:24,495 [INFO]   [P2 (L8-H6)] 0.5: lineP=23157.99 | bars_from_origin=30.0 slope=-2.0053 | ABOVE gap=13.79
2026-03-19 13:36:24,495 [INFO]   [P2 (L8-H6)] 0.25: lineP=23190.04 | bars_from_origin=30.0 slope=-0.9369 | ABOVE gap=45.84
2026-03-19 13:36:24,495 [INFO]   [P2 (L8-H6)] 0.125: lineP=23204.32 | bars_from_origin=30.0 slope=-0.4610 | ABOVE gap=60.12
2026-03-19 13:36:24,495 [INFO]   [P2 (L8-H6)] main: lineP=23172.03 | bars_from_origin=7.0 slope=0.0000 | ABOVE gap=27.83
2026-03-19 13:36:24,495 [INFO]   [IntDet] Total hits this bar: 2
2026-03-19 13:36:24,495 [INFO] [Study] Emitting intersection event (DIRECT): {'time': 1773648060, 'fan': 'P1 (L8-H7)', 'fanIdentity': 'L8-H7', 'fraction': '3/4', 'price': 23111.715758797967, 'type': 'CROSS_DOWN', 'details': 'Breakdown Attempt'}
2026-03-19 13:36:24,498 [INFO] [Study] Emitting intersection event (DIRECT): {'time': 1773648060, 'fan': 'P2 (L8-H6)', 'fanIdentity': 'L8-H6', 'fraction': '3/4', 'price': 23115.486758081555, 'type': 'CROSS_DOWN', 'details': 'Breakdown Attempt'}
2026-03-19 13:36:24,501 [INFO] [IntDet] Bar 159 | 2026-03-16 13:35 | H=23130.45 L=23106.65 C=23128.10 | Fans=3 Lines=21
2026-03-19 13:36:24,501 [INFO]   [P3 (H6-L6)] main: lineP=24122.66 | bars_from_origin=40.0 slope=29.1777 | ABOVE gap=992.21
2026-03-19 13:36:24,501 [INFO]   [P3 (H6-L6)] 0.875: lineP=23419.73 | bars_from_origin=40.0 slope=11.6044 | ABOVE gap=289.28
2026-03-19 13:36:24,501 [INFO]   [P3 (H6-L6)] 0.75: lineP=23232.51 | bars_from_origin=40.0 slope=6.9240 | ABOVE gap=102.06
2026-03-19 13:36:24,501 [INFO]   [P3 (H6-L6)] 0.5: lineP=23084.74 | bars_from_origin=40.0 slope=3.2298 | BELOW gap=21.91
2026-03-19 13:36:24,501 [INFO]   [P3 (H6-L6)] 0.25: lineP=23010.91 | bars_from_origin=40.0 slope=1.3840 | BELOW gap=95.74
2026-03-19 13:36:24,502 [INFO]   [P3 (H6-L6)] 0.125: lineP=22982.31 | bars_from_origin=40.0 slope=0.6689 | BELOW gap=124.34
2026-03-19 13:36:24,502 [INFO]   [P3 (H6-L6)] main: lineP=22984.62 | bars_from_origin=31.0 slope=0.0000 | BELOW gap=122.03
2026-03-19 13:36:24,502 [INFO]   [P1 (L8-H7)] main: lineP=22998.27 | bars_from_origin=18.0 slope=-11.0100 | BELOW gap=108.38
2026-03-19 13:36:24,502 [INFO]   [P1 (L8-H7)] 0.875: lineP=23069.02 | bars_from_origin=18.0 slope=-7.0793 | BELOW gap=37.63
2026-03-19 13:36:24,502 [INFO]   [P1 (L8-H7)] 0.75: lineP=23106.73 | bars_from_origin=18.0 slope=-4.9843 | HIT gap=0.00
2026-03-19 13:36:24,502 [INFO]     >>> HIT RECORDED: P1 (L8-H7) frac=0.75 @ 23106.73
2026-03-19 13:36:24,502 [INFO]   [P1 (L8-H7)] 0.5: lineP=23148.92 | bars_from_origin=18.0 slope=-2.6404 | ABOVE gap=18.47
2026-03-19 13:36:24,502 [INFO]   [P1 (L8-H7)] 0.25: lineP=23175.17 | bars_from_origin=18.0 slope=-1.1824 | ABOVE gap=44.72
2026-03-19 13:36:24,502 [INFO]   [P1 (L8-H7)] 0.125: lineP=23186.07 | bars_from_origin=18.0 slope=-0.5765 | ABOVE gap=55.62
2026-03-19 13:36:24,502 [INFO]   [P1 (L8-H7)] main: lineP=23170.05 | bars_from_origin=8.0 slope=0.0000 | ABOVE gap=39.60
2026-03-19 13:36:24,502 [INFO]   [P2 (L8-H6)] main: lineP=23040.51 | bars_from_origin=31.0 slope=-5.7305 | BELOW gap=66.14
2026-03-19 13:36:24,503 [INFO]   [P2 (L8-H6)] 0.875: lineP=23081.70 | bars_from_origin=31.0 slope=-4.4015 | BELOW gap=24.95
2026-03-19 13:36:24,503 [INFO]   [P2 (L8-H6)] 0.75: lineP=23112.06 | bars_from_origin=31.0 slope=-3.4221 | HIT gap=0.00
2026-03-19 13:36:24,503 [INFO]     >>> HIT RECORDED: P2 (L8-H6) frac=0.75 @ 23112.06
2026-03-19 13:36:24,503 [INFO]   [P2 (L8-H6)] 0.5: lineP=23155.99 | bars_from_origin=31.0 slope=-2.0053 | ABOVE gap=25.54
2026-03-19 13:36:24,503 [INFO]   [P2 (L8-H6)] 0.25: lineP=23189.11 | bars_from_origin=31.0 slope=-0.9369 | ABOVE gap=58.66
2026-03-19 13:36:24,503 [INFO]   [P2 (L8-H6)] 0.125: lineP=23203.86 | bars_from_origin=31.0 slope=-0.4610 | ABOVE gap=73.41
2026-03-19 13:36:24,503 [INFO]   [P2 (L8-H6)] main: lineP=23172.03 | bars_from_origin=8.0 slope=0.0000 | ABOVE gap=41.58
2026-03-19 13:36:24,503 [INFO]   [IntDet] Total hits this bar: 2
2026-03-19 13:36:24,503 [INFO] [Study] Emitting intersection event (DIRECT): {'time': 1773648300, 'fan': 'P1 (L8-H7)', 'fanIdentity': 'L8-H7', 'fraction': '3/4', 'price': 23106.73143762432, 'type': 'SUPPORT_TEST', 'details': 'Resting / Throwback'}
2026-03-19 13:36:24,505 [INFO] [Study] Emitting intersection event (DIRECT): {'time': 1773648300, 'fan': 'P2 (L8-H6)', 'fanIdentity': 'L8-H6', 'fraction': '3/4', 'price': 23112.064636996776, 'type': 'CROSS_UP', 'details': 'Breakout Attempt'}
2026-03-19 13:36:24,508 [INFO] [Tracking] FAKE OUT: Fan_L8_H7 0.75 (T+1 bars)
2026-03-19 13:36:24,508 [INFO] [Tracking] FAKE OUT: Fan_L8_H6 0.75 (T+1 bars)
2026-03-19 13:36:24,509 [INFO] [IntDet] Bar 160 | 2026-03-16 13:39 | H=23147.85 L=23119.50 C=23124.80 | Fans=3 Lines=21
2026-03-19 13:36:24,509 [INFO]   [P3 (H6-L6)] main: lineP=24151.84 | bars_from_origin=41.0 slope=29.1777 | ABOVE gap=1003.99
2026-03-19 13:36:24,509 [INFO]   [P3 (H6-L6)] 0.875: lineP=23431.33 | bars_from_origin=41.0 slope=11.6044 | ABOVE gap=283.48
2026-03-19 13:36:24,509 [INFO]   [P3 (H6-L6)] 0.75: lineP=23239.43 | bars_from_origin=41.0 slope=6.9240 | ABOVE gap=91.58
2026-03-19 13:36:24,510 [INFO]   [P3 (H6-L6)] 0.5: lineP=23087.97 | bars_from_origin=41.0 slope=3.2298 | BELOW gap=31.53
2026-03-19 13:36:24,510 [INFO]   [P3 (H6-L6)] 0.25: lineP=23012.30 | bars_from_origin=41.0 slope=1.3840 | BELOW gap=107.20
2026-03-19 13:36:24,510 [INFO]   [P3 (H6-L6)] 0.125: lineP=22982.98 | bars_from_origin=41.0 slope=0.6689 | BELOW gap=136.52
2026-03-19 13:36:24,510 [INFO]   [P3 (H6-L6)] main: lineP=22984.62 | bars_from_origin=32.0 slope=0.0000 | BELOW gap=134.88
2026-03-19 13:36:24,510 [INFO]   [P1 (L8-H7)] main: lineP=22987.26 | bars_from_origin=19.0 slope=-11.0100 | BELOW gap=132.24
2026-03-19 13:36:24,510 [INFO]   [P1 (L8-H7)] 0.875: lineP=23061.94 | bars_from_origin=19.0 slope=-7.0793 | BELOW gap=57.56
2026-03-19 13:36:24,510 [INFO]   [P1 (L8-H7)] 0.75: lineP=23101.75 | bars_from_origin=19.0 slope=-4.9843 | BELOW gap=17.75
2026-03-19 13:36:24,510 [INFO]   [P1 (L8-H7)] 0.5: lineP=23146.28 | bars_from_origin=19.0 slope=-2.6404 | HIT gap=0.00
2026-03-19 13:36:24,510 [INFO]     >>> HIT RECORDED: P1 (L8-H7) frac=0.5 @ 23146.28
2026-03-19 13:36:24,510 [INFO]   [P1 (L8-H7)] 0.25: lineP=23173.98 | bars_from_origin=19.0 slope=-1.1824 | ABOVE gap=26.13
2026-03-19 13:36:24,511 [INFO]   [P1 (L8-H7)] 0.125: lineP=23185.49 | bars_from_origin=19.0 slope=-0.5765 | ABOVE gap=37.65
2026-03-19 13:36:24,511 [INFO]   [P1 (L8-H7)] main: lineP=23170.05 | bars_from_origin=9.0 slope=0.0000 | ABOVE gap=22.20
2026-03-19 13:36:24,511 [INFO]   [P2 (L8-H6)] main: lineP=23034.78 | bars_from_origin=32.0 slope=-5.7305 | BELOW gap=84.72
2026-03-19 13:36:24,511 [INFO]   [P2 (L8-H6)] 0.875: lineP=23077.30 | bars_from_origin=32.0 slope=-4.4015 | BELOW gap=42.20
2026-03-19 13:36:24,511 [INFO]   [P2 (L8-H6)] 0.75: lineP=23108.64 | bars_from_origin=32.0 slope=-3.4221 | BELOW gap=10.86
2026-03-19 13:36:24,511 [INFO]   [P2 (L8-H6)] 0.5: lineP=23153.98 | bars_from_origin=32.0 slope=-2.0053 | ABOVE gap=6.13
2026-03-19 13:36:24,511 [INFO]   [P2 (L8-H6)] 0.25: lineP=23188.17 | bars_from_origin=32.0 slope=-0.9369 | ABOVE gap=40.32
2026-03-19 13:36:24,511 [INFO]   [P2 (L8-H6)] 0.125: lineP=23203.40 | bars_from_origin=32.0 slope=-0.4610 | ABOVE gap=55.55
2026-03-19 13:36:24,511 [INFO]   [P2 (L8-H6)] main: lineP=23172.03 | bars_from_origin=9.0 slope=0.0000 | ABOVE gap=24.18
2026-03-19 13:36:24,511 [INFO]   [IntDet] Total hits this bar: 1
2026-03-19 13:36:24,511 [INFO] [Study] Emitting intersection event (DIRECT): {'time': 1773648540, 'fan': 'P1 (L8-H7)', 'fanIdentity': 'L8-H7', 'fraction': '1/2', 'price': 23146.281651978068, 'type': 'RESISTANCE_TEST', 'details': 'Rejection / Pullback'}
2026-03-19 13:36:24,515 [INFO] [IntDet] Bar 161 | 2026-03-16 13:43 | H=23132.20 L=23092.85 C=23110.00 | Fans=3 Lines=21
2026-03-19 13:36:24,515 [INFO]   [P3 (H6-L6)] main: lineP=24181.02 | bars_from_origin=42.0 slope=29.1777 | ABOVE gap=1048.82
2026-03-19 13:36:24,515 [INFO]   [P3 (H6-L6)] 0.875: lineP=23442.93 | bars_from_origin=42.0 slope=11.6044 | ABOVE gap=310.74
2026-03-19 13:36:24,515 [INFO]   [P3 (H6-L6)] 0.75: lineP=23246.36 | bars_from_origin=42.0 slope=6.9240 | ABOVE gap=114.16
2026-03-19 13:36:24,515 [INFO]   [P3 (H6-L6)] 0.5: lineP=23091.20 | bars_from_origin=42.0 slope=3.2298 | BELOW gap=1.65
2026-03-19 13:36:24,516 [INFO]   [P3 (H6-L6)] 0.25: lineP=23013.68 | bars_from_origin=42.0 slope=1.3840 | BELOW gap=79.17
2026-03-19 13:36:24,516 [INFO]   [P3 (H6-L6)] 0.125: lineP=22983.64 | bars_from_origin=42.0 slope=0.6689 | BELOW gap=109.21
2026-03-19 13:36:24,516 [INFO]   [P3 (H6-L6)] main: lineP=22984.62 | bars_from_origin=33.0 slope=0.0000 | BELOW gap=108.23
2026-03-19 13:36:24,516 [INFO]   [P1 (L8-H7)] main: lineP=22976.25 | bars_from_origin=20.0 slope=-11.0100 | BELOW gap=116.60
2026-03-19 13:36:24,516 [INFO]   [P1 (L8-H7)] 0.875: lineP=23054.86 | bars_from_origin=20.0 slope=-7.0793 | BELOW gap=37.99
2026-03-19 13:36:24,516 [INFO]   [P1 (L8-H7)] 0.75: lineP=23096.76 | bars_from_origin=20.0 slope=-4.9843 | HIT gap=0.00
2026-03-19 13:36:24,516 [INFO]     >>> HIT RECORDED: P1 (L8-H7) frac=0.75 @ 23096.76
2026-03-19 13:36:24,516 [INFO]   [P1 (L8-H7)] 0.5: lineP=23143.64 | bars_from_origin=20.0 slope=-2.6404 | ABOVE gap=11.44
2026-03-19 13:36:24,516 [INFO]   [P1 (L8-H7)] 0.25: lineP=23172.80 | bars_from_origin=20.0 slope=-1.1824 | ABOVE gap=40.60
2026-03-19 13:36:24,516 [INFO]   [P1 (L8-H7)] 0.125: lineP=23184.92 | bars_from_origin=20.0 slope=-0.5765 | ABOVE gap=52.72
2026-03-19 13:36:24,517 [INFO]   [P1 (L8-H7)] main: lineP=23170.05 | bars_from_origin=10.0 slope=0.0000 | ABOVE gap=37.85
2026-03-19 13:36:24,517 [INFO]   [P2 (L8-H6)] main: lineP=23029.04 | bars_from_origin=33.0 slope=-5.7305 | BELOW gap=63.80
2026-03-19 13:36:24,517 [INFO]   [P2 (L8-H6)] 0.875: lineP=23072.90 | bars_from_origin=33.0 slope=-4.4015 | BELOW gap=19.95
2026-03-19 13:36:24,517 [INFO]   [P2 (L8-H6)] 0.75: lineP=23105.22 | bars_from_origin=33.0 slope=-3.4221 | HIT gap=0.00
2026-03-19 13:36:24,517 [INFO]     >>> HIT RECORDED: P2 (L8-H6) frac=0.75 @ 23105.22
2026-03-19 13:36:24,517 [INFO]   [P2 (L8-H6)] 0.5: lineP=23151.98 | bars_from_origin=33.0 slope=-2.0053 | ABOVE gap=19.78
2026-03-19 13:36:24,517 [INFO]   [P2 (L8-H6)] 0.25: lineP=23187.23 | bars_from_origin=33.0 slope=-0.9369 | ABOVE gap=55.03
2026-03-19 13:36:24,517 [INFO]   [P2 (L8-H6)] 0.125: lineP=23202.94 | bars_from_origin=33.0 slope=-0.4610 | ABOVE gap=70.74
2026-03-19 13:36:24,517 [INFO]   [P2 (L8-H6)] main: lineP=23172.03 | bars_from_origin=10.0 slope=0.0000 | ABOVE gap=39.83
2026-03-19 13:36:24,517 [INFO]   [IntDet] Total hits this bar: 2
2026-03-19 13:36:24,517 [INFO] [Study] Emitting intersection event (DIRECT): {'time': 1773648780, 'fan': 'P1 (L8-H7)', 'fanIdentity': 'L8-H7', 'fraction': '3/4', 'price': 23096.76279527702, 'type': 'SUPPORT_TEST', 'details': 'Resting / Throwback'}
2026-03-19 13:36:24,520 [INFO] [Study] Emitting intersection event (DIRECT): {'time': 1773648780, 'fan': 'P2 (L8-H6)', 'fanIdentity': 'L8-H6', 'fraction': '3/4', 'price': 23105.22039482721, 'type': 'SUPPORT_TEST', 'details': 'Resting / Throwback'}
2026-03-19 13:36:24,523 [INFO] [IntDet] Bar 162 | 2026-03-16 13:47 | H=23119.35 L=23097.15 C=23098.95 | Fans=3 Lines=21
2026-03-19 13:36:24,523 [INFO]   [P3 (H6-L6)] main: lineP=24210.19 | bars_from_origin=43.0 slope=29.1777 | ABOVE gap=1090.84
2026-03-19 13:36:24,523 [INFO]   [P3 (H6-L6)] 0.875: lineP=23454.54 | bars_from_origin=43.0 slope=11.6044 | ABOVE gap=335.19
2026-03-19 13:36:24,523 [INFO]   [P3 (H6-L6)] 0.75: lineP=23253.28 | bars_from_origin=43.0 slope=6.9240 | ABOVE gap=133.93
2026-03-19 13:36:24,523 [INFO]   [P3 (H6-L6)] 0.5: lineP=23094.43 | bars_from_origin=43.0 slope=3.2298 | BELOW gap=2.72
2026-03-19 13:36:24,524 [INFO]   [P3 (H6-L6)] 0.25: lineP=23015.06 | bars_from_origin=43.0 slope=1.3840 | BELOW gap=82.09
2026-03-19 13:36:24,524 [INFO]   [P3 (H6-L6)] 0.125: lineP=22984.31 | bars_from_origin=43.0 slope=0.6689 | BELOW gap=112.84
2026-03-19 13:36:24,524 [INFO]   [P3 (H6-L6)] main: lineP=22984.62 | bars_from_origin=34.0 slope=0.0000 | BELOW gap=112.53
2026-03-19 13:36:24,524 [INFO]   [P1 (L8-H7)] main: lineP=22965.24 | bars_from_origin=21.0 slope=-11.0100 | BELOW gap=131.91
2026-03-19 13:36:24,524 [INFO]   [P1 (L8-H7)] 0.875: lineP=23047.78 | bars_from_origin=21.0 slope=-7.0793 | BELOW gap=49.37
2026-03-19 13:36:24,524 [INFO]   [P1 (L8-H7)] 0.75: lineP=23091.78 | bars_from_origin=21.0 slope=-4.9843 | BELOW gap=5.37
2026-03-19 13:36:24,524 [INFO]   [P1 (L8-H7)] 0.5: lineP=23141.00 | bars_from_origin=21.0 slope=-2.6404 | ABOVE gap=21.65
2026-03-19 13:36:24,524 [INFO]   [P1 (L8-H7)] 0.25: lineP=23171.62 | bars_from_origin=21.0 slope=-1.1824 | ABOVE gap=52.27
2026-03-19 13:36:24,524 [INFO]   [P1 (L8-H7)] 0.125: lineP=23184.34 | bars_from_origin=21.0 slope=-0.5765 | ABOVE gap=64.99
2026-03-19 13:36:24,524 [INFO]   [P1 (L8-H7)] main: lineP=23170.05 | bars_from_origin=11.0 slope=0.0000 | ABOVE gap=50.70
2026-03-19 13:36:24,524 [INFO]   [P2 (L8-H6)] main: lineP=23023.31 | bars_from_origin=34.0 slope=-5.7305 | BELOW gap=73.84
2026-03-19 13:36:24,524 [INFO]   [P2 (L8-H6)] 0.875: lineP=23068.50 | bars_from_origin=34.0 slope=-4.4015 | BELOW gap=28.65
2026-03-19 13:36:24,525 [INFO]   [P2 (L8-H6)] 0.75: lineP=23101.80 | bars_from_origin=34.0 slope=-3.4221 | HIT gap=0.00
2026-03-19 13:36:24,525 [INFO]     >>> HIT RECORDED: P2 (L8-H6) frac=0.75 @ 23101.80
2026-03-19 13:36:24,525 [INFO]   [P2 (L8-H6)] 0.5: lineP=23149.97 | bars_from_origin=34.0 slope=-2.0053 | ABOVE gap=30.62
2026-03-19 13:36:24,525 [INFO]   [P2 (L8-H6)] 0.25: lineP=23186.29 | bars_from_origin=34.0 slope=-0.9369 | ABOVE gap=66.94
2026-03-19 13:36:24,525 [INFO]   [P2 (L8-H6)] 0.125: lineP=23202.48 | bars_from_origin=34.0 slope=-0.4610 | ABOVE gap=83.13
2026-03-19 13:36:24,525 [INFO]   [P2 (L8-H6)] main: lineP=23172.03 | bars_from_origin=11.0 slope=0.0000 | ABOVE gap=52.68
2026-03-19 13:36:24,525 [INFO]   [IntDet] Total hits this bar: 1
2026-03-19 13:36:24,525 [INFO] [Study] Emitting intersection event (DIRECT): {'time': 1773649020, 'fan': 'P2 (L8-H6)', 'fanIdentity': 'L8-H6', 'fraction': '3/4', 'price': 23101.79827374243, 'type': 'CROSS_DOWN', 'details': 'Breakdown Attempt'}
2026-03-19 13:36:24,529 [INFO] [IntDet] Bar 163 | 2026-03-16 13:51 | H=23142.55 L=23098.85 C=23130.05 | Fans=3 Lines=21
2026-03-19 13:36:24,529 [INFO]   [P3 (H6-L6)] main: lineP=24239.37 | bars_from_origin=44.0 slope=29.1777 | ABOVE gap=1096.82
2026-03-19 13:36:24,530 [INFO]   [P3 (H6-L6)] 0.875: lineP=23466.14 | bars_from_origin=44.0 slope=11.6044 | ABOVE gap=323.59
2026-03-19 13:36:24,530 [INFO]   [P3 (H6-L6)] 0.75: lineP=23260.21 | bars_from_origin=44.0 slope=6.9240 | ABOVE gap=117.66
2026-03-19 13:36:24,530 [INFO]   [P3 (H6-L6)] 0.5: lineP=23097.66 | bars_from_origin=44.0 slope=3.2298 | BELOW gap=1.19
2026-03-19 13:36:24,530 [INFO]   [P3 (H6-L6)] 0.25: lineP=23016.45 | bars_from_origin=44.0 slope=1.3840 | BELOW gap=82.40
2026-03-19 13:36:24,530 [INFO]   [P3 (H6-L6)] 0.125: lineP=22984.98 | bars_from_origin=44.0 slope=0.6689 | BELOW gap=113.87
2026-03-19 13:36:24,530 [INFO]   [P3 (H6-L6)] main: lineP=22984.62 | bars_from_origin=35.0 slope=0.0000 | BELOW gap=114.23
2026-03-19 13:36:24,530 [INFO]   [P1 (L8-H7)] main: lineP=22954.23 | bars_from_origin=22.0 slope=-11.0100 | BELOW gap=144.62
2026-03-19 13:36:24,530 [INFO]   [P1 (L8-H7)] 0.875: lineP=23040.70 | bars_from_origin=22.0 slope=-7.0793 | BELOW gap=58.15
2026-03-19 13:36:24,531 [INFO]   [P1 (L8-H7)] 0.75: lineP=23086.79 | bars_from_origin=22.0 slope=-4.9843 | BELOW gap=12.06
2026-03-19 13:36:24,531 [INFO]   [P1 (L8-H7)] 0.5: lineP=23138.36 | bars_from_origin=22.0 slope=-2.6404 | HIT gap=0.00
2026-03-19 13:36:24,531 [INFO]     >>> HIT RECORDED: P1 (L8-H7) frac=0.5 @ 23138.36
2026-03-19 13:36:24,531 [INFO]   [P1 (L8-H7)] 0.25: lineP=23170.44 | bars_from_origin=22.0 slope=-1.1824 | ABOVE gap=27.89
2026-03-19 13:36:24,531 [INFO]   [P1 (L8-H7)] 0.125: lineP=23183.77 | bars_from_origin=22.0 slope=-0.5765 | ABOVE gap=41.21
2026-03-19 13:36:24,531 [INFO]   [P1 (L8-H7)] main: lineP=23170.05 | bars_from_origin=12.0 slope=0.0000 | ABOVE gap=27.49
2026-03-19 13:36:24,531 [INFO]   [P2 (L8-H6)] main: lineP=23017.58 | bars_from_origin=35.0 slope=-5.7305 | BELOW gap=81.27
2026-03-19 13:36:24,531 [INFO]   [P2 (L8-H6)] 0.875: lineP=23064.10 | bars_from_origin=35.0 slope=-4.4015 | BELOW gap=34.75
2026-03-19 13:36:24,531 [INFO]   [P2 (L8-H6)] 0.75: lineP=23098.38 | bars_from_origin=35.0 slope=-3.4221 | BELOW gap=0.47
2026-03-19 13:36:24,531 [INFO]   [P2 (L8-H6)] 0.5: lineP=23147.97 | bars_from_origin=35.0 slope=-2.0053 | ABOVE gap=5.41
2026-03-19 13:36:24,532 [INFO]   [P2 (L8-H6)] 0.25: lineP=23185.36 | bars_from_origin=35.0 slope=-0.9369 | ABOVE gap=42.81
2026-03-19 13:36:24,532 [INFO]   [P2 (L8-H6)] 0.125: lineP=23202.01 | bars_from_origin=35.0 slope=-0.4610 | ABOVE gap=59.46
2026-03-19 13:36:24,532 [INFO]   [P2 (L8-H6)] main: lineP=23172.03 | bars_from_origin=12.0 slope=0.0000 | ABOVE gap=29.48
2026-03-19 13:36:24,532 [INFO]   [IntDet] Total hits this bar: 1
2026-03-19 13:36:24,532 [INFO] [Study] Emitting intersection event (DIRECT): {'time': 1773649260, 'fan': 'P1 (L8-H7)', 'fanIdentity': 'L8-H7', 'fraction': '1/2', 'price': 23138.360457224604, 'type': 'RESISTANCE_TEST', 'details': 'Rejection / Pullback'}
2026-03-19 13:36:24,536 [INFO] [Tracking] FAKE OUT: Fan_L8_H6 0.75 (T+1 bars)
2026-03-19 13:36:24,537 [INFO] [IntDet] Bar 164 | 2026-03-16 13:55 | H=23131.10 L=23115.75 C=23129.00 | Fans=3 Lines=21
2026-03-19 13:36:24,537 [INFO]   [P3 (H6-L6)] main: lineP=24268.55 | bars_from_origin=45.0 slope=29.1777 | ABOVE gap=1137.45
2026-03-19 13:36:24,537 [INFO]   [P3 (H6-L6)] 0.875: lineP=23477.75 | bars_from_origin=45.0 slope=11.6044 | ABOVE gap=346.65
2026-03-19 13:36:24,538 [INFO]   [P3 (H6-L6)] 0.75: lineP=23267.13 | bars_from_origin=45.0 slope=6.9240 | ABOVE gap=136.03
2026-03-19 13:36:24,538 [INFO]   [P3 (H6-L6)] 0.5: lineP=23100.89 | bars_from_origin=45.0 slope=3.2298 | BELOW gap=14.86
2026-03-19 13:36:24,538 [INFO]   [P3 (H6-L6)] 0.25: lineP=23017.83 | bars_from_origin=45.0 slope=1.3840 | BELOW gap=97.92
2026-03-19 13:36:24,538 [INFO]   [P3 (H6-L6)] 0.125: lineP=22985.65 | bars_from_origin=45.0 slope=0.6689 | BELOW gap=130.10
2026-03-19 13:36:24,538 [INFO]   [P3 (H6-L6)] main: lineP=22984.62 | bars_from_origin=36.0 slope=0.0000 | BELOW gap=131.13
2026-03-19 13:36:24,538 [INFO]   [P1 (L8-H7)] main: lineP=22943.22 | bars_from_origin=23.0 slope=-11.0100 | BELOW gap=172.53
2026-03-19 13:36:24,538 [INFO]   [P1 (L8-H7)] 0.875: lineP=23033.63 | bars_from_origin=23.0 slope=-7.0793 | BELOW gap=82.12
2026-03-19 13:36:24,539 [INFO]   [P1 (L8-H7)] 0.75: lineP=23081.81 | bars_from_origin=23.0 slope=-4.9843 | BELOW gap=33.94
2026-03-19 13:36:24,539 [INFO]   [P1 (L8-H7)] 0.5: lineP=23135.72 | bars_from_origin=23.0 slope=-2.6404 | ABOVE gap=4.62
2026-03-19 13:36:24,539 [INFO]   [P1 (L8-H7)] 0.25: lineP=23169.25 | bars_from_origin=23.0 slope=-1.1824 | ABOVE gap=38.15
2026-03-19 13:36:24,539 [INFO]   [P1 (L8-H7)] 0.125: lineP=23183.19 | bars_from_origin=23.0 slope=-0.5765 | ABOVE gap=52.09
2026-03-19 13:36:24,539 [INFO]   [P1 (L8-H7)] main: lineP=23170.05 | bars_from_origin=13.0 slope=0.0000 | ABOVE gap=38.95
2026-03-19 13:36:24,539 [INFO]   [P2 (L8-H6)] main: lineP=23011.85 | bars_from_origin=36.0 slope=-5.7305 | BELOW gap=103.90
2026-03-19 13:36:24,539 [INFO]   [P2 (L8-H6)] 0.875: lineP=23059.70 | bars_from_origin=36.0 slope=-4.4015 | BELOW gap=56.05
2026-03-19 13:36:24,539 [INFO]   [P2 (L8-H6)] 0.75: lineP=23094.95 | bars_from_origin=36.0 slope=-3.4221 | BELOW gap=20.80
2026-03-19 13:36:24,539 [INFO]   [P2 (L8-H6)] 0.5: lineP=23145.96 | bars_from_origin=36.0 slope=-2.0053 | ABOVE gap=14.86
2026-03-19 13:36:24,539 [INFO]   [P2 (L8-H6)] 0.25: lineP=23184.42 | bars_from_origin=36.0 slope=-0.9369 | ABOVE gap=53.32
2026-03-19 13:36:24,540 [INFO]   [P2 (L8-H6)] 0.125: lineP=23201.55 | bars_from_origin=36.0 slope=-0.4610 | ABOVE gap=70.45
2026-03-19 13:36:24,540 [INFO]   [P2 (L8-H6)] main: lineP=23172.03 | bars_from_origin=13.0 slope=0.0000 | ABOVE gap=40.93
2026-03-19 13:36:24,541 [INFO] [IntDet] Bar 165 | 2026-03-16 13:59 | H=23134.45 L=23121.60 C=23125.05 | Fans=3 Lines=21
2026-03-19 13:36:24,541 [INFO]   [P3 (H6-L6)] main: lineP=24297.73 | bars_from_origin=46.0 slope=29.1777 | ABOVE gap=1163.28
2026-03-19 13:36:24,541 [INFO]   [P3 (H6-L6)] 0.875: lineP=23489.35 | bars_from_origin=46.0 slope=11.6044 | ABOVE gap=354.90
2026-03-19 13:36:24,541 [INFO]   [P3 (H6-L6)] 0.75: lineP=23274.05 | bars_from_origin=46.0 slope=6.9240 | ABOVE gap=139.61
2026-03-19 13:36:24,541 [INFO]   [P3 (H6-L6)] 0.5: lineP=23104.12 | bars_from_origin=46.0 slope=3.2298 | BELOW gap=17.48
2026-03-19 13:36:24,541 [INFO]   [P3 (H6-L6)] 0.25: lineP=23019.22 | bars_from_origin=46.0 slope=1.3840 | BELOW gap=102.38
2026-03-19 13:36:24,541 [INFO]   [P3 (H6-L6)] 0.125: lineP=22986.32 | bars_from_origin=46.0 slope=0.6689 | BELOW gap=135.28
2026-03-19 13:36:24,541 [INFO]   [P3 (H6-L6)] main: lineP=22984.62 | bars_from_origin=37.0 slope=0.0000 | BELOW gap=136.98
2026-03-19 13:36:24,541 [INFO]   [P1 (L8-H7)] main: lineP=22932.21 | bars_from_origin=24.0 slope=-11.0100 | BELOW gap=189.39
2026-03-19 13:36:24,542 [INFO]   [P1 (L8-H7)] 0.875: lineP=23026.55 | bars_from_origin=24.0 slope=-7.0793 | BELOW gap=95.05
2026-03-19 13:36:24,542 [INFO]   [P1 (L8-H7)] 0.75: lineP=23076.83 | bars_from_origin=24.0 slope=-4.9843 | BELOW gap=44.77
2026-03-19 13:36:24,542 [INFO]   [P1 (L8-H7)] 0.5: lineP=23133.08 | bars_from_origin=24.0 slope=-2.6404 | HIT gap=0.00
2026-03-19 13:36:24,542 [INFO]     >>> HIT RECORDED: P1 (L8-H7) frac=0.5 @ 23133.08
2026-03-19 13:36:24,542 [INFO]   [P1 (L8-H7)] 0.25: lineP=23168.07 | bars_from_origin=24.0 slope=-1.1824 | ABOVE gap=33.62
2026-03-19 13:36:24,542 [INFO]   [P1 (L8-H7)] 0.125: lineP=23182.61 | bars_from_origin=24.0 slope=-0.5765 | ABOVE gap=48.16
2026-03-19 13:36:24,543 [INFO]   [P1 (L8-H7)] main: lineP=23170.05 | bars_from_origin=14.0 slope=0.0000 | ABOVE gap=35.60
2026-03-19 13:36:24,543 [INFO]   [P2 (L8-H6)] main: lineP=23006.12 | bars_from_origin=37.0 slope=-5.7305 | BELOW gap=115.48
2026-03-19 13:36:24,543 [INFO]   [P2 (L8-H6)] 0.875: lineP=23055.30 | bars_from_origin=37.0 slope=-4.4015 | BELOW gap=66.30
2026-03-19 13:36:24,543 [INFO]   [P2 (L8-H6)] 0.75: lineP=23091.53 | bars_from_origin=37.0 slope=-3.4221 | BELOW gap=30.07
2026-03-19 13:36:24,543 [INFO]   [P2 (L8-H6)] 0.5: lineP=23143.96 | bars_from_origin=37.0 slope=-2.0053 | ABOVE gap=9.51
2026-03-19 13:36:24,543 [INFO]   [P2 (L8-H6)] 0.25: lineP=23183.48 | bars_from_origin=37.0 slope=-0.9369 | ABOVE gap=49.03
2026-03-19 13:36:24,543 [INFO]   [P2 (L8-H6)] 0.125: lineP=23201.09 | bars_from_origin=37.0 slope=-0.4610 | ABOVE gap=66.64
2026-03-19 13:36:24,543 [INFO]   [P2 (L8-H6)] main: lineP=23172.03 | bars_from_origin=14.0 slope=0.0000 | ABOVE gap=37.58
2026-03-19 13:36:24,543 [INFO]   [IntDet] Total hits this bar: 1
2026-03-19 13:36:24,544 [INFO] [Study] Emitting intersection event (DIRECT): {'time': 1773649740, 'fan': 'P1 (L8-H7)', 'fanIdentity': 'L8-H7', 'fraction': '1/2', 'price': 23133.079660722295, 'type': 'RESISTANCE_TEST', 'details': 'Rejection / Pullback'}
2026-03-19 13:36:24,547 [INFO] [IntDet] Bar 166 | 2026-03-16 14:03 | H=23134.20 L=23117.95 C=23119.35 | Fans=3 Lines=21
2026-03-19 13:36:24,547 [INFO]   [P3 (H6-L6)] main: lineP=24326.90 | bars_from_origin=47.0 slope=29.1777 | ABOVE gap=1192.71
2026-03-19 13:36:24,548 [INFO]   [P3 (H6-L6)] 0.875: lineP=23500.96 | bars_from_origin=47.0 slope=11.6044 | ABOVE gap=366.76
2026-03-19 13:36:24,548 [INFO]   [P3 (H6-L6)] 0.75: lineP=23280.98 | bars_from_origin=47.0 slope=6.9240 | ABOVE gap=146.78
2026-03-19 13:36:24,548 [INFO]   [P3 (H6-L6)] 0.5: lineP=23107.35 | bars_from_origin=47.0 slope=3.2298 | BELOW gap=10.60
2026-03-19 13:36:24,548 [INFO]   [P3 (H6-L6)] 0.25: lineP=23020.60 | bars_from_origin=47.0 slope=1.3840 | BELOW gap=97.35
2026-03-19 13:36:24,548 [INFO]   [P3 (H6-L6)] 0.125: lineP=22986.99 | bars_from_origin=47.0 slope=0.6689 | BELOW gap=130.96
2026-03-19 13:36:24,548 [INFO]   [P3 (H6-L6)] main: lineP=22984.62 | bars_from_origin=38.0 slope=0.0000 | BELOW gap=133.33
2026-03-19 13:36:24,548 [INFO]   [P1 (L8-H7)] main: lineP=22921.20 | bars_from_origin=25.0 slope=-11.0100 | BELOW gap=196.75
2026-03-19 13:36:24,549 [INFO]   [P1 (L8-H7)] 0.875: lineP=23019.47 | bars_from_origin=25.0 slope=-7.0793 | BELOW gap=98.48
2026-03-19 13:36:24,549 [INFO]   [P1 (L8-H7)] 0.75: lineP=23071.84 | bars_from_origin=25.0 slope=-4.9843 | BELOW gap=46.11
2026-03-19 13:36:24,549 [INFO]   [P1 (L8-H7)] 0.5: lineP=23130.44 | bars_from_origin=25.0 slope=-2.6404 | HIT gap=0.00
2026-03-19 13:36:24,549 [INFO]     >>> HIT RECORDED: P1 (L8-H7) frac=0.5 @ 23130.44
2026-03-19 13:36:24,549 [INFO]   [P1 (L8-H7)] 0.25: lineP=23166.89 | bars_from_origin=25.0 slope=-1.1824 | ABOVE gap=32.69
2026-03-19 13:36:24,549 [INFO]   [P1 (L8-H7)] 0.125: lineP=23182.04 | bars_from_origin=25.0 slope=-0.5765 | ABOVE gap=47.84
2026-03-19 13:36:24,549 [INFO]   [P1 (L8-H7)] main: lineP=23170.05 | bars_from_origin=15.0 slope=0.0000 | ABOVE gap=35.85
2026-03-19 13:36:24,549 [INFO]   [P2 (L8-H6)] main: lineP=23000.39 | bars_from_origin=38.0 slope=-5.7305 | BELOW gap=117.56
2026-03-19 13:36:24,549 [INFO]   [P2 (L8-H6)] 0.875: lineP=23050.89 | bars_from_origin=38.0 slope=-4.4015 | BELOW gap=67.06
2026-03-19 13:36:24,549 [INFO]   [P2 (L8-H6)] 0.75: lineP=23088.11 | bars_from_origin=38.0 slope=-3.4221 | BELOW gap=29.84
2026-03-19 13:36:24,550 [INFO]   [P2 (L8-H6)] 0.5: lineP=23141.95 | bars_from_origin=38.0 slope=-2.0053 | ABOVE gap=7.75
2026-03-19 13:36:24,550 [INFO]   [P2 (L8-H6)] 0.25: lineP=23182.55 | bars_from_origin=38.0 slope=-0.9369 | ABOVE gap=48.35
2026-03-19 13:36:24,550 [INFO]   [P2 (L8-H6)] 0.125: lineP=23200.63 | bars_from_origin=38.0 slope=-0.4610 | ABOVE gap=66.43
2026-03-19 13:36:24,550 [INFO]   [P2 (L8-H6)] main: lineP=23172.03 | bars_from_origin=15.0 slope=0.0000 | ABOVE gap=37.83
2026-03-19 13:36:24,550 [INFO]   [IntDet] Total hits this bar: 1
2026-03-19 13:36:24,550 [INFO] [Study] Emitting intersection event (DIRECT): {'time': 1773649980, 'fan': 'P1 (L8-H7)', 'fanIdentity': 'L8-H7', 'fraction': '1/2', 'price': 23130.43926247114, 'type': 'RESISTANCE_TEST', 'details': 'Rejection / Pullback'}
2026-03-19 13:36:24,553 [INFO] [IntDet] Bar 167 | 2026-03-16 14:07 | H=23142.90 L=23116.00 C=23140.20 | Fans=3 Lines=21
2026-03-19 13:36:24,553 [INFO]   [P3 (H6-L6)] main: lineP=24356.08 | bars_from_origin=48.0 slope=29.1777 | ABOVE gap=1213.18
2026-03-19 13:36:24,553 [INFO]   [P3 (H6-L6)] 0.875: lineP=23512.56 | bars_from_origin=48.0 slope=11.6044 | ABOVE gap=369.66
2026-03-19 13:36:24,554 [INFO]   [P3 (H6-L6)] 0.75: lineP=23287.90 | bars_from_origin=48.0 slope=6.9240 | ABOVE gap=145.00
2026-03-19 13:36:24,554 [INFO]   [P3 (H6-L6)] 0.5: lineP=23110.58 | bars_from_origin=48.0 slope=3.2298 | BELOW gap=5.42
2026-03-19 13:36:24,554 [INFO]   [P3 (H6-L6)] 0.25: lineP=23021.98 | bars_from_origin=48.0 slope=1.3840 | BELOW gap=94.02
2026-03-19 13:36:24,554 [INFO]   [P3 (H6-L6)] 0.125: lineP=22987.66 | bars_from_origin=48.0 slope=0.6689 | BELOW gap=128.34
2026-03-19 13:36:24,554 [INFO]   [P3 (H6-L6)] main: lineP=22984.62 | bars_from_origin=39.0 slope=0.0000 | BELOW gap=131.38
2026-03-19 13:36:24,554 [INFO]   [P1 (L8-H7)] main: lineP=22910.19 | bars_from_origin=26.0 slope=-11.0100 | BELOW gap=205.81
2026-03-19 13:36:24,555 [INFO]   [P1 (L8-H7)] 0.875: lineP=23012.39 | bars_from_origin=26.0 slope=-7.0793 | BELOW gap=103.61
2026-03-19 13:36:24,555 [INFO]   [P1 (L8-H7)] 0.75: lineP=23066.86 | bars_from_origin=26.0 slope=-4.9843 | BELOW gap=49.14
2026-03-19 13:36:24,555 [INFO]   [P1 (L8-H7)] 0.5: lineP=23127.80 | bars_from_origin=26.0 slope=-2.6404 | HIT gap=0.00
2026-03-19 13:36:24,555 [INFO]     >>> HIT RECORDED: P1 (L8-H7) frac=0.5 @ 23127.80
2026-03-19 13:36:24,555 [INFO]   [P1 (L8-H7)] 0.25: lineP=23165.71 | bars_from_origin=26.0 slope=-1.1824 | ABOVE gap=22.81
2026-03-19 13:36:24,555 [INFO]   [P1 (L8-H7)] 0.125: lineP=23181.46 | bars_from_origin=26.0 slope=-0.5765 | ABOVE gap=38.56
2026-03-19 13:36:24,555 [INFO]   [P1 (L8-H7)] main: lineP=23170.05 | bars_from_origin=16.0 slope=0.0000 | ABOVE gap=27.14
2026-03-19 13:36:24,555 [INFO]   [P2 (L8-H6)] main: lineP=22994.66 | bars_from_origin=39.0 slope=-5.7305 | BELOW gap=121.34
2026-03-19 13:36:24,556 [INFO]   [P2 (L8-H6)] 0.875: lineP=23046.49 | bars_from_origin=39.0 slope=-4.4015 | BELOW gap=69.51
2026-03-19 13:36:24,556 [INFO]   [P2 (L8-H6)] 0.75: lineP=23084.69 | bars_from_origin=39.0 slope=-3.4221 | BELOW gap=31.31
2026-03-19 13:36:24,556 [INFO]   [P2 (L8-H6)] 0.5: lineP=23139.94 | bars_from_origin=39.0 slope=-2.0053 | HIT gap=0.00
2026-03-19 13:36:24,556 [INFO]     >>> HIT RECORDED: P2 (L8-H6) frac=0.5 @ 23139.94
2026-03-19 13:36:24,556 [INFO]   [P2 (L8-H6)] 0.25: lineP=23181.61 | bars_from_origin=39.0 slope=-0.9369 | ABOVE gap=38.71
2026-03-19 13:36:24,556 [INFO]   [P2 (L8-H6)] 0.125: lineP=23200.17 | bars_from_origin=39.0 slope=-0.4610 | ABOVE gap=57.27
2026-03-19 13:36:24,556 [INFO]   [P2 (L8-H6)] main: lineP=23172.03 | bars_from_origin=16.0 slope=0.0000 | ABOVE gap=29.13
2026-03-19 13:36:24,556 [INFO]   [IntDet] Total hits this bar: 2
2026-03-19 13:36:24,556 [INFO] [Study] Emitting intersection event (DIRECT): {'time': 1773650220, 'fan': 'P1 (L8-H7)', 'fanIdentity': 'L8-H7', 'fraction': '1/2', 'price': 23127.79886421999, 'type': 'CROSS_UP', 'details': 'Breakout Attempt'}
2026-03-19 13:36:24,560 [INFO] [Study] Emitting intersection event (DIRECT): {'time': 1773650220, 'fan': 'P2 (L8-H6)', 'fanIdentity': 'L8-H6', 'fraction': '1/2', 'price': 23139.94452980148, 'type': 'CROSS_UP', 'details': 'Breakout Attempt'}
2026-03-19 13:36:24,566 [INFO] [IntDet] Bar 168 | 2026-03-16 14:11 | H=23180.70 L=23137.00 C=23155.30 | Fans=3 Lines=21
2026-03-19 13:36:24,566 [INFO]   [P3 (H6-L6)] main: lineP=24385.26 | bars_from_origin=49.0 slope=29.1777 | ABOVE gap=1204.56
2026-03-19 13:36:24,566 [INFO]   [P3 (H6-L6)] 0.875: lineP=23524.17 | bars_from_origin=49.0 slope=11.6044 | ABOVE gap=343.47
2026-03-19 13:36:24,566 [INFO]   [P3 (H6-L6)] 0.75: lineP=23294.83 | bars_from_origin=49.0 slope=6.9240 | ABOVE gap=114.13
2026-03-19 13:36:24,566 [INFO]   [P3 (H6-L6)] 0.5: lineP=23113.81 | bars_from_origin=49.0 slope=3.2298 | BELOW gap=23.19
2026-03-19 13:36:24,566 [INFO]   [P3 (H6-L6)] 0.25: lineP=23023.37 | bars_from_origin=49.0 slope=1.3840 | BELOW gap=113.63
2026-03-19 13:36:24,566 [INFO]   [P3 (H6-L6)] 0.125: lineP=22988.33 | bars_from_origin=49.0 slope=0.6689 | BELOW gap=148.67
2026-03-19 13:36:24,566 [INFO]   [P3 (H6-L6)] main: lineP=22984.62 | bars_from_origin=40.0 slope=0.0000 | BELOW gap=152.38
2026-03-19 13:36:24,566 [INFO]   [P1 (L8-H7)] main: lineP=22899.18 | bars_from_origin=27.0 slope=-11.0100 | BELOW gap=237.82
2026-03-19 13:36:24,567 [INFO]   [P1 (L8-H7)] 0.875: lineP=23005.31 | bars_from_origin=27.0 slope=-7.0793 | BELOW gap=131.69
2026-03-19 13:36:24,567 [INFO]   [P1 (L8-H7)] 0.75: lineP=23061.87 | bars_from_origin=27.0 slope=-4.9843 | BELOW gap=75.13
2026-03-19 13:36:24,567 [INFO]   [P1 (L8-H7)] 0.5: lineP=23125.16 | bars_from_origin=27.0 slope=-2.6404 | BELOW gap=11.84
2026-03-19 13:36:24,567 [INFO]   [P1 (L8-H7)] 0.25: lineP=23164.52 | bars_from_origin=27.0 slope=-1.1824 | HIT gap=0.00
2026-03-19 13:36:24,567 [INFO]     >>> HIT RECORDED: P1 (L8-H7) frac=0.25 @ 23164.52
2026-03-19 13:36:24,567 [INFO]   [P1 (L8-H7)] 0.125: lineP=23180.88 | bars_from_origin=27.0 slope=-0.5765 | ABOVE gap=0.18
2026-03-19 13:36:24,567 [INFO]   [P1 (L8-H7)] main: lineP=23170.05 | bars_from_origin=17.0 slope=0.0000 | HIT gap=0.00
2026-03-19 13:36:24,567 [INFO]     >>> HIT RECORDED: P1 (L8-H7) frac=main @ 23170.05
2026-03-19 13:36:24,567 [INFO]   [P2 (L8-H6)] main: lineP=22988.93 | bars_from_origin=40.0 slope=-5.7305 | BELOW gap=148.07
2026-03-19 13:36:24,567 [INFO]   [P2 (L8-H6)] 0.875: lineP=23042.09 | bars_from_origin=40.0 slope=-4.4015 | BELOW gap=94.91
2026-03-19 13:36:24,568 [INFO]   [P2 (L8-H6)] 0.75: lineP=23081.27 | bars_from_origin=40.0 slope=-3.4221 | BELOW gap=55.73
2026-03-19 13:36:24,568 [INFO]   [P2 (L8-H6)] 0.5: lineP=23137.94 | bars_from_origin=40.0 slope=-2.0053 | HIT gap=0.00
2026-03-19 13:36:24,568 [INFO]     >>> HIT RECORDED: P2 (L8-H6) frac=0.5 @ 23137.94
2026-03-19 13:36:24,568 [INFO]   [P2 (L8-H6)] 0.25: lineP=23180.67 | bars_from_origin=40.0 slope=-0.9369 | HIT gap=0.00
2026-03-19 13:36:24,568 [INFO]     >>> HIT RECORDED: P2 (L8-H6) frac=0.25 @ 23180.67
2026-03-19 13:36:24,568 [INFO]   [P2 (L8-H6)] 0.125: lineP=23199.71 | bars_from_origin=40.0 slope=-0.4610 | ABOVE gap=19.01
2026-03-19 13:36:24,568 [INFO]   [P2 (L8-H6)] main: lineP=23172.03 | bars_from_origin=17.0 slope=0.0000 | HIT gap=0.00
2026-03-19 13:36:24,568 [INFO]     >>> HIT RECORDED: P2 (L8-H6) frac=main @ 23172.03
2026-03-19 13:36:24,568 [INFO]   [IntDet] Total hits this bar: 5
2026-03-19 13:36:24,568 [INFO] [Study] Emitting intersection event (DIRECT): {'time': 1773650460, 'fan': 'P1 (L8-H7)', 'fanIdentity': 'L8-H7', 'fraction': '1/4', 'price': 23164.523643863427, 'type': 'RESISTANCE_TEST', 'details': 'Rejection / Pullback'}
2026-03-19 13:36:24,571 [INFO] [Study] Emitting intersection event (DIRECT): {'time': 1773650460, 'fan': 'P1 (L8-H7)', 'fanIdentity': 'L8-H7', 'fraction': 'Horizontal', 'price': 23170.045236238457, 'type': 'RESISTANCE_TEST', 'details': 'Rejection / Pullback'}
2026-03-19 13:36:24,574 [INFO] [Study] Emitting intersection event (DIRECT): {'time': 1773650460, 'fan': 'P2 (L8-H6)', 'fanIdentity': 'L8-H6', 'fraction': '1/2', 'price': 23137.939251318825, 'type': 'SUPPORT_TEST', 'details': 'Resting / Throwback'}
2026-03-19 13:36:24,578 [INFO] [Study] Emitting intersection event (DIRECT): {'time': 1773650460, 'fan': 'P2 (L8-H6)', 'fanIdentity': 'L8-H6', 'fraction': '1/4', 'price': 23180.672655517552, 'type': 'RESISTANCE_TEST', 'details': 'Rejection / Pullback'}
2026-03-19 13:36:24,581 [INFO] [Study] Emitting intersection event (DIRECT): {'time': 1773650460, 'fan': 'P2 (L8-H6)', 'fanIdentity': 'L8-H6', 'fraction': 'Horizontal', 'price': 23172.02898552395, 'type': 'RESISTANCE_TEST', 'details': 'Rejection / Pullback'}
2026-03-19 13:36:24,583 [INFO] [Tracking] Breach CONFIRMED: Fan_L8_H7 0.5 up (T+1 bars)
2026-03-19 13:36:24,583 [INFO] [Tracking] Breach CONFIRMED: Fan_L8_H6 0.5 up (T+1 bars)
2026-03-19 13:36:24,584 [INFO] [Study] Removing invalidated/excess fan: Fan_L8_H7
2026-03-19 13:36:24,585 [INFO] [Study] Updating fan priority: Fan_H6_L6 -> P2 (H6-L6)
2026-03-19 13:36:24,585 [INFO] [Study] Creating new fan: Fan_L6_H5 (P3 (L6-H5))
2026-03-19 13:36:24,585 [INFO] [AngleEngine] scale_ratio=3.6603, slope_per_bar=-17.3052, visual_slope=-4.7278, theta=-78.06 deg
2026-03-19 13:36:24,585 [INFO] --- [AngleEngine] Fan Created: Fan_L6_H5 ---
2026-03-19 13:36:24,585 [INFO]   Origin: Bar 100, Time 1773634140, Price 23284.349609375
2026-03-19 13:36:24,585 [INFO]   Target: Bar 119, Time 1773638700, Price 22955.55078125
2026-03-19 13:36:24,586 [INFO]   Delta: db=19, dp_origin=-328.80
2026-03-19 13:36:24,586 [INFO]   Scale Params: Ratio=3.6603, Radius=91.82 bars, Slope/Bar=-17.3052
2026-03-19 13:36:24,586 [INFO]   Line 0.875: EndBar=1773638700 (approx), EndPrice=23109.59
2026-03-19 13:36:24,586 [INFO]   Line 0.75: EndBar=1773638700 (approx), EndPrice=23170.67
2026-03-19 13:36:24,586 [INFO]   Line 0.5: EndBar=1773638700 (approx), EndPrice=23227.98
2026-03-19 13:36:24,586 [INFO]   Line 0.25: EndBar=1773638700 (approx), EndPrice=23259.70
2026-03-19 13:36:24,586 [INFO]   Line 0.125: EndBar=1773638700 (approx), EndPrice=23272.39
2026-03-19 13:36:24,586 [INFO] [Study] Updating fan priority: Fan_L8_H6 -> P1 (L8-H6)
2026-03-19 13:36:24,586 [INFO] [IntDet] Bar 169 | 2026-03-16 14:15 | H=23206.00 L=23134.60 C=23204.85 | Fans=3 Lines=21
2026-03-19 13:36:24,586 [INFO]   [P2 (H6-L6)] main: lineP=24414.44 | bars_from_origin=50.0 slope=29.1777 | ABOVE gap=1208.44
2026-03-19 13:36:24,587 [INFO]   [P2 (H6-L6)] 0.875: lineP=23535.77 | bars_from_origin=50.0 slope=11.6044 | ABOVE gap=329.77
2026-03-19 13:36:24,587 [INFO]   [P2 (H6-L6)] 0.75: lineP=23301.75 | bars_from_origin=50.0 slope=6.9240 | ABOVE gap=95.75
2026-03-19 13:36:24,587 [INFO]   [P2 (H6-L6)] 0.5: lineP=23117.04 | bars_from_origin=50.0 slope=3.2298 | BELOW gap=17.56
2026-03-19 13:36:24,587 [INFO]   [P2 (H6-L6)] 0.25: lineP=23024.75 | bars_from_origin=50.0 slope=1.3840 | BELOW gap=109.85
2026-03-19 13:36:24,587 [INFO]   [P2 (H6-L6)] 0.125: lineP=22989.00 | bars_from_origin=50.0 slope=0.6689 | BELOW gap=145.60
2026-03-19 13:36:24,587 [INFO]   [P2 (H6-L6)] main: lineP=22984.62 | bars_from_origin=41.0 slope=0.0000 | BELOW gap=149.98
2026-03-19 13:36:24,587 [INFO]   [P1 (L8-H6)] main: lineP=22983.20 | bars_from_origin=41.0 slope=-5.7305 | BELOW gap=151.40
2026-03-19 13:36:24,587 [INFO]   [P1 (L8-H6)] 0.875: lineP=23037.69 | bars_from_origin=41.0 slope=-4.4015 | BELOW gap=96.91
2026-03-19 13:36:24,588 [INFO]   [P1 (L8-H6)] 0.75: lineP=23077.84 | bars_from_origin=41.0 slope=-3.4221 | BELOW gap=56.76
2026-03-19 13:36:24,588 [INFO]   [P1 (L8-H6)] 0.5: lineP=23135.93 | bars_from_origin=41.0 slope=-2.0053 | HIT gap=0.00
2026-03-19 13:36:24,588 [INFO]     >>> HIT RECORDED: P1 (L8-H6) frac=0.5 @ 23135.93
2026-03-19 13:36:24,588 [INFO]   [P1 (L8-H6)] 0.25: lineP=23179.74 | bars_from_origin=41.0 slope=-0.9369 | HIT gap=0.00
2026-03-19 13:36:24,588 [INFO]     >>> HIT RECORDED: P1 (L8-H6) frac=0.25 @ 23179.74
2026-03-19 13:36:24,588 [INFO]   [P1 (L8-H6)] 0.125: lineP=23199.25 | bars_from_origin=41.0 slope=-0.4610 | HIT gap=0.00
2026-03-19 13:36:24,588 [INFO]     >>> HIT RECORDED: P1 (L8-H6) frac=0.125 @ 23199.25
2026-03-19 13:36:24,588 [INFO]   [P1 (L8-H6)] main: lineP=23172.03 | bars_from_origin=18.0 slope=0.0000 | HIT gap=0.00
2026-03-19 13:36:24,589 [INFO]     >>> HIT RECORDED: P1 (L8-H6) frac=main @ 23172.03
2026-03-19 13:36:24,589 [INFO]   [P3 (L6-H5)] main: lineP=22090.29 | bars_from_origin=69.0 slope=-17.3052 | BELOW gap=1044.31
2026-03-19 13:36:24,589 [INFO]   [P3 (L6-H5)] 0.875: lineP=22649.69 | bars_from_origin=69.0 slope=-9.1979 | BELOW gap=484.91
2026-03-19 13:36:24,589 [INFO]   [P3 (L6-H5)] 0.75: lineP=22871.52 | bars_from_origin=69.0 slope=-5.9831 | BELOW gap=263.08
2026-03-19 13:36:24,589 [INFO]   [P3 (L6-H5)] 0.5: lineP=23079.62 | bars_from_origin=69.0 slope=-2.9671 | BELOW gap=54.98
2026-03-19 13:36:24,589 [INFO]   [P3 (L6-H5)] 0.25: lineP=23194.84 | bars_from_origin=69.0 slope=-1.2972 | HIT gap=0.00
2026-03-19 13:36:24,589 [INFO]     >>> HIT RECORDED: P3 (L6-H5) frac=0.25 @ 23194.84
2026-03-19 13:36:24,589 [INFO]   [P3 (L6-H5)] 0.125: lineP=23240.92 | bars_from_origin=69.0 slope=-0.6294 | ABOVE gap=34.92
2026-03-19 13:36:24,589 [INFO]   [P3 (L6-H5)] main: lineP=23227.98 | bars_from_origin=50.0 slope=0.0000 | ABOVE gap=21.98
2026-03-19 13:36:24,589 [INFO]   [IntDet] Total hits this bar: 5
2026-03-19 13:36:24,589 [INFO] [Study] Emitting intersection event (DIRECT): {'time': 1773650700, 'fan': 'P1 (L8-H6)', 'fanIdentity': 'L8-H6', 'fraction': '1/2', 'price': 23135.93397283617, 'type': 'SUPPORT_TEST', 'details': 'Resting / Throwback'}
2026-03-19 13:36:24,592 [INFO] [Study] Emitting intersection event (DIRECT): {'time': 1773650700, 'fan': 'P1 (L8-H6)', 'fanIdentity': 'L8-H6', 'fraction': '1/4', 'price': 23179.735712139864, 'type': 'CROSS_UP', 'details': 'Breakout Attempt'}
2026-03-19 13:36:24,594 [INFO] [Study] Emitting intersection event (DIRECT): {'time': 1773650700, 'fan': 'P1 (L8-H6)', 'fanIdentity': 'L8-H6', 'fraction': '1/8', 'price': 23199.24777759725, 'type': 'CROSS_UP', 'details': 'Breakout Attempt'}
2026-03-19 13:36:24,596 [INFO] [Study] Emitting intersection event (DIRECT): {'time': 1773650700, 'fan': 'P1 (L8-H6)', 'fanIdentity': 'L8-H6', 'fraction': 'Horizontal', 'price': 23172.02898552395, 'type': 'CROSS_UP', 'details': 'Breakout Attempt'}
2026-03-19 13:36:24,599 [INFO] [Study] Emitting intersection event (DIRECT): {'time': 1773650700, 'fan': 'P3 (L6-H5)', 'fanIdentity': 'L6-H5', 'fraction': '1/4', 'price': 23194.842303552807, 'type': 'CROSS_UP', 'details': 'Breakout Attempt'}
2026-03-19 13:36:24,602 [INFO] [Study] Removing invalidated/excess fan: Fan_H6_L6
2026-03-19 13:36:24,602 [INFO] [Study] Removing invalidated/excess fan: Fan_L8_H6
2026-03-19 13:36:24,602 [INFO] [Study] Removing invalidated/excess fan: Fan_L6_H5
2026-03-19 13:36:24,602 [INFO] [Study] Creating new fan: Fan_L6_H3 (P1 (L6-H3))
2026-03-19 13:36:24,602 [INFO] [AngleEngine] scale_ratio=3.6603, slope_per_bar=-5.6018, visual_slope=-1.5304, theta=-56.84 deg
2026-03-19 13:36:24,603 [INFO] --- [AngleEngine] Fan Created: Fan_L6_H3 ---
2026-03-19 13:36:24,603 [INFO]   Origin: Bar 37, Time 1773382380, Price 23414.900390625
2026-03-19 13:36:24,603 [INFO]   Target: Bar 119, Time 1773638700, Price 22955.55078125
2026-03-19 13:36:24,604 [INFO]   Delta: db=82, dp_origin=-459.35
2026-03-19 13:36:24,604 [INFO]   Scale Params: Ratio=3.6603, Radius=149.91 bars, Slope/Bar=-5.6018
2026-03-19 13:36:24,604 [INFO]   Line 0.875: EndBar=1773638700 (approx), EndPrice=23060.56
2026-03-19 13:36:24,604 [INFO]   Line 0.75: EndBar=1773638700 (approx), EndPrice=23138.62
2026-03-19 13:36:24,604 [INFO]   Line 0.5: EndBar=1773638700 (approx), EndPrice=23252.48
2026-03-19 13:36:24,604 [INFO]   Line 0.25: EndBar=1773638700 (approx), EndPrice=23338.90
2026-03-19 13:36:24,604 [INFO]   Line 0.125: EndBar=1773638700 (approx), EndPrice=23377.49
2026-03-19 13:36:24,604 [INFO] [IntDet] Bar 170 | 2026-03-16 14:19 | H=23295.60 L=23204.30 C=23291.25 | Fans=1 Lines=7
2026-03-19 13:36:24,604 [INFO]   [P1 (L6-H3)] main: lineP=22669.86 | bars_from_origin=133.0 slope=-5.6018 | BELOW gap=534.44
2026-03-19 13:36:24,605 [INFO]   [P1 (L6-H3)] 0.875: lineP=22840.17 | bars_from_origin=133.0 slope=-4.3213 | BELOW gap=364.13
2026-03-19 13:36:24,605 [INFO]   [P1 (L6-H3)] 0.75: lineP=22966.79 | bars_from_origin=133.0 slope=-3.3693 | BELOW gap=237.51
2026-03-19 13:36:24,605 [INFO]   [P1 (L6-H3)] 0.5: lineP=23151.46 | bars_from_origin=133.0 slope=-1.9807 | BELOW gap=52.84
2026-03-19 13:36:24,605 [INFO]   [P1 (L6-H3)] 0.25: lineP=23291.63 | bars_from_origin=133.0 slope=-0.9269 | HIT gap=0.00
2026-03-19 13:36:24,605 [INFO]     >>> HIT RECORDED: P1 (L6-H3) frac=0.25 @ 23291.63
2026-03-19 13:36:24,605 [INFO]   [P1 (L6-H3)] 0.125: lineP=23354.22 | bars_from_origin=133.0 slope=-0.4562 | ABOVE gap=58.62
2026-03-19 13:36:24,605 [INFO]   [P1 (L6-H3)] main: lineP=23252.48 | bars_from_origin=51.0 slope=0.0000 | HIT gap=0.00
2026-03-19 13:36:24,605 [INFO]     >>> HIT RECORDED: P1 (L6-H3) frac=main @ 23252.48
2026-03-19 13:36:24,605 [INFO]   [IntDet] Total hits this bar: 2
2026-03-19 13:36:24,605 [INFO] [Study] Emitting intersection event (DIRECT): {'time': 1773650940, 'fan': 'P1 (L6-H3)', 'fanIdentity': 'L6-H3', 'fraction': '1/4', 'price': 23291.62806551638, 'type': 'RESISTANCE_TEST', 'details': 'Rejection / Pullback'}
2026-03-19 13:36:24,610 [INFO] [Study] Emitting intersection event (DIRECT): {'time': 1773650940, 'fan': 'P1 (L6-H3)', 'fanIdentity': 'L6-H3', 'fraction': 'Horizontal', 'price': 23252.48106691665, 'type': 'CROSS_UP', 'details': 'Breakout Attempt'}
2026-03-19 13:36:24,616 [INFO] [IntDet] Bar 171 | 2026-03-16 14:23 | H=23358.95 L=23292.55 C=23346.05 | Fans=1 Lines=7
2026-03-19 13:36:24,616 [INFO]   [P1 (L6-H3)] main: lineP=22664.26 | bars_from_origin=134.0 slope=-5.6018 | BELOW gap=628.29
2026-03-19 13:36:24,616 [INFO]   [P1 (L6-H3)] 0.875: lineP=22835.85 | bars_from_origin=134.0 slope=-4.3213 | BELOW gap=456.70
2026-03-19 13:36:24,617 [INFO]   [P1 (L6-H3)] 0.75: lineP=22963.42 | bars_from_origin=134.0 slope=-3.3693 | BELOW gap=329.13
2026-03-19 13:36:24,617 [INFO]   [P1 (L6-H3)] 0.5: lineP=23149.48 | bars_from_origin=134.0 slope=-1.9807 | BELOW gap=143.07
2026-03-19 13:36:24,617 [INFO]   [P1 (L6-H3)] 0.25: lineP=23290.70 | bars_from_origin=134.0 slope=-0.9269 | BELOW gap=1.85
2026-03-19 13:36:24,617 [INFO]   [P1 (L6-H3)] 0.125: lineP=23353.77 | bars_from_origin=134.0 slope=-0.4562 | HIT gap=0.00
2026-03-19 13:36:24,617 [INFO]     >>> HIT RECORDED: P1 (L6-H3) frac=0.125 @ 23353.77
2026-03-19 13:36:24,617 [INFO]   [P1 (L6-H3)] main: lineP=23252.48 | bars_from_origin=52.0 slope=0.0000 | BELOW gap=40.07
2026-03-19 13:36:24,617 [INFO]   [IntDet] Total hits this bar: 1
2026-03-19 13:36:24,617 [INFO] [Study] Emitting intersection event (DIRECT): {'time': 1773651180, 'fan': 'P1 (L6-H3)', 'fanIdentity': 'L6-H3', 'fraction': '1/8', 'price': 23353.765566785736, 'type': 'RESISTANCE_TEST', 'details': 'Rejection / Pullback'}
2026-03-19 13:36:24,622 [INFO] [Tracking] Breach CONFIRMED: Fan_L6_H3 Horizontal up (T+1 bars)
2026-03-19 13:36:24,623 [INFO] [IntDet] Bar 172 | 2026-03-16 14:27 | H=23369.50 L=23337.30 C=23340.30 | Fans=1 Lines=7
2026-03-19 13:36:24,623 [INFO]   [P1 (L6-H3)] main: lineP=22658.65 | bars_from_origin=135.0 slope=-5.6018 | BELOW gap=678.65
2026-03-19 13:36:24,623 [INFO]   [P1 (L6-H3)] 0.875: lineP=22831.53 | bars_from_origin=135.0 slope=-4.3213 | BELOW gap=505.77
2026-03-19 13:36:24,624 [INFO]   [P1 (L6-H3)] 0.75: lineP=22960.05 | bars_from_origin=135.0 slope=-3.3693 | BELOW gap=377.25
2026-03-19 13:36:24,624 [INFO]   [P1 (L6-H3)] 0.5: lineP=23147.50 | bars_from_origin=135.0 slope=-1.9807 | BELOW gap=189.80
2026-03-19 13:36:24,624 [INFO]   [P1 (L6-H3)] 0.25: lineP=23289.77 | bars_from_origin=135.0 slope=-0.9269 | BELOW gap=47.53
2026-03-19 13:36:24,624 [INFO]   [P1 (L6-H3)] 0.125: lineP=23353.31 | bars_from_origin=135.0 slope=-0.4562 | HIT gap=0.00
2026-03-19 13:36:24,624 [INFO]     >>> HIT RECORDED: P1 (L6-H3) frac=0.125 @ 23353.31
2026-03-19 13:36:24,624 [INFO]   [P1 (L6-H3)] main: lineP=23252.48 | bars_from_origin=53.0 slope=0.0000 | BELOW gap=84.82
2026-03-19 13:36:24,624 [INFO]   [IntDet] Total hits this bar: 1
2026-03-19 13:36:24,624 [INFO] [Study] Emitting intersection event (DIRECT): {'time': 1773651420, 'fan': 'P1 (L6-H3)', 'fanIdentity': 'L6-H3', 'fraction': '1/8', 'price': 23353.309336757087, 'type': 'RESISTANCE_TEST', 'details': 'Rejection / Pullback'}
2026-03-19 13:36:24,630 [INFO] [IntDet] Bar 173 | 2026-03-16 14:31 | H=23382.20 L=23337.65 C=23365.85 | Fans=1 Lines=7
2026-03-19 13:36:24,631 [INFO]   [P1 (L6-H3)] main: lineP=22653.05 | bars_from_origin=136.0 slope=-5.6018 | BELOW gap=684.60
2026-03-19 13:36:24,631 [INFO]   [P1 (L6-H3)] 0.875: lineP=22827.21 | bars_from_origin=136.0 slope=-4.3213 | BELOW gap=510.44
2026-03-19 13:36:24,631 [INFO]   [P1 (L6-H3)] 0.75: lineP=22956.68 | bars_from_origin=136.0 slope=-3.3693 | BELOW gap=380.97
2026-03-19 13:36:24,631 [INFO]   [P1 (L6-H3)] 0.5: lineP=23145.52 | bars_from_origin=136.0 slope=-1.9807 | BELOW gap=192.13
2026-03-19 13:36:24,631 [INFO]   [P1 (L6-H3)] 0.25: lineP=23288.85 | bars_from_origin=136.0 slope=-0.9269 | BELOW gap=48.80
2026-03-19 13:36:24,631 [INFO]   [P1 (L6-H3)] 0.125: lineP=23352.85 | bars_from_origin=136.0 slope=-0.4562 | HIT gap=0.00
2026-03-19 13:36:24,632 [INFO]     >>> HIT RECORDED: P1 (L6-H3) frac=0.125 @ 23352.85
2026-03-19 13:36:24,632 [INFO]   [P1 (L6-H3)] main: lineP=23252.48 | bars_from_origin=54.0 slope=0.0000 | BELOW gap=85.17
2026-03-19 13:36:24,632 [INFO]   [IntDet] Total hits this bar: 1
2026-03-19 13:36:24,632 [INFO] [Study] Emitting intersection event (DIRECT): {'time': 1773651660, 'fan': 'P1 (L6-H3)', 'fanIdentity': 'L6-H3', 'fraction': '1/8', 'price': 23352.853106728435, 'type': 'CROSS_UP', 'details': 'Breakout Attempt'}
2026-03-19 13:36:24,637 [INFO] [IntDet] Bar 174 | 2026-03-16 14:35 | H=23390.90 L=23358.10 C=23374.20 | Fans=1 Lines=7
2026-03-19 13:36:24,637 [INFO]   [P1 (L6-H3)] main: lineP=22647.45 | bars_from_origin=137.0 slope=-5.6018 | BELOW gap=710.65
2026-03-19 13:36:24,637 [INFO]   [P1 (L6-H3)] 0.875: lineP=22822.88 | bars_from_origin=137.0 slope=-4.3213 | BELOW gap=535.21
2026-03-19 13:36:24,637 [INFO]   [P1 (L6-H3)] 0.75: lineP=22953.31 | bars_from_origin=137.0 slope=-3.3693 | BELOW gap=404.79
2026-03-19 13:36:24,638 [INFO]   [P1 (L6-H3)] 0.5: lineP=23143.54 | bars_from_origin=137.0 slope=-1.9807 | BELOW gap=214.56
2026-03-19 13:36:24,638 [INFO]   [P1 (L6-H3)] 0.25: lineP=23287.92 | bars_from_origin=137.0 slope=-0.9269 | BELOW gap=70.18
2026-03-19 13:36:24,638 [INFO]   [P1 (L6-H3)] 0.125: lineP=23352.40 | bars_from_origin=137.0 slope=-0.4562 | BELOW gap=5.70
2026-03-19 13:36:24,638 [INFO]   [P1 (L6-H3)] main: lineP=23252.48 | bars_from_origin=55.0 slope=0.0000 | BELOW gap=105.62
2026-03-19 13:36:24,639 [INFO] [Study] Removing invalidated/excess fan: Fan_L6_H3
2026-03-19 13:36:24,639 [INFO] [IntDet] Bar 175 | 2026-03-16 14:39 | H=23432.95 L=23377.30 C=23404.20 | Fans=0 Lines=0
2026-03-19 13:36:24,640 [INFO] [IntDet] Bar 176 | 2026-03-16 14:43 | H=23450.05 L=23407.90 C=23420.30 | Fans=0 Lines=0
2026-03-19 13:36:24,641 [INFO] [IntDet] Bar 177 | 2026-03-16 14:47 | H=23464.10 L=23422.95 C=23440.20 | Fans=0 Lines=0
2026-03-19 13:36:24,641 [INFO] [IntDet] Bar 178 | 2026-03-16 14:51 | H=23502.00 L=23436.80 C=23458.15 | Fans=0 Lines=0
2026-03-19 13:36:24,642 [INFO] [IntDet] Bar 179 | 2026-03-16 14:55 | H=23475.25 L=23436.75 C=23461.60 | Fans=0 Lines=0
2026-03-19 13:36:24,643 [INFO] [IntDet] Bar 180 | 2026-03-16 14:59 | H=23475.45 L=23388.75 C=23390.10 | Fans=0 Lines=0
2026-03-19 13:36:24,644 [INFO] [IntDet] Bar 181 | 2026-03-16 15:03 | H=23457.55 L=23393.70 C=23456.30 | Fans=0 Lines=0
2026-03-19 13:36:24,644 [INFO] [IntDet] Bar 182 | 2026-03-16 15:07 | H=23458.00 L=23429.50 C=23442.25 | Fans=0 Lines=0
2026-03-19 13:36:24,645 [INFO] [Study] Creating new fan: Fan_H8_L8 (P1 (H8-L8))
2026-03-19 13:36:24,646 [INFO] [AngleEngine] scale_ratio=3.6603, slope_per_bar=15.3945, visual_slope=4.2058, theta=76.63 deg
2026-03-19 13:36:24,646 [INFO] --- [AngleEngine] Fan Created: Fan_H8_L8 ---
2026-03-19 13:36:24,646 [INFO]   Origin: Bar 151, Time 1773646380, Price 23086.349609375
2026-03-19 13:36:24,647 [INFO]   Target: Bar 178, Time 1773652860, Price 23502.0
2026-03-19 13:36:24,647 [INFO]   Delta: db=27, dp_origin=415.65
2026-03-19 13:36:24,647 [INFO]   Scale Params: Ratio=3.6603, Radius=116.72 bars, Slope/Bar=15.3945
2026-03-19 13:36:24,647 [INFO]   Line 0.875: EndBar=1773652860 (approx), EndPrice=23319.71
2026-03-19 13:36:24,647 [INFO]   Line 0.75: EndBar=1773652860 (approx), EndPrice=23241.29
2026-03-19 13:36:24,647 [INFO]   Line 0.5: EndBar=1773652860 (approx), EndPrice=23164.43
2026-03-19 13:36:24,647 [INFO]   Line 0.25: EndBar=1773652860 (approx), EndPrice=23120.68
2026-03-19 13:36:24,647 [INFO]   Line 0.125: EndBar=1773652860 (approx), EndPrice=23103.03
2026-03-19 13:36:24,647 [INFO] [Study] Creating new fan: Fan_H8_L6 (P2 (H8-L6))
2026-03-19 13:36:24,647 [INFO] [AngleEngine] scale_ratio=3.6603, slope_per_bar=9.2619, visual_slope=2.5304, theta=68.44 deg
2026-03-19 13:36:24,648 [INFO] --- [AngleEngine] Fan Created: Fan_H8_L6 ---
2026-03-19 13:36:24,648 [INFO]   Origin: Bar 119, Time 1773638700, Price 22955.55078125
2026-03-19 13:36:24,648 [INFO]   Target: Bar 178, Time 1773652860, Price 23502.0
2026-03-19 13:36:24,648 [INFO]   Delta: db=59, dp_origin=546.45
2026-03-19 13:36:24,648 [INFO]   Scale Params: Ratio=3.6603, Radius=160.53 bars, Slope/Bar=9.2619
2026-03-19 13:36:24,648 [INFO]   Line 0.875: EndBar=1773652860 (approx), EndPrice=23327.82
2026-03-19 13:36:24,648 [INFO]   Line 0.75: EndBar=1773652860 (approx), EndPrice=23225.37
2026-03-19 13:36:24,648 [INFO]   Line 0.5: EndBar=1773652860 (approx), EndPrice=23102.41
2026-03-19 13:36:24,648 [INFO]   Line 0.25: EndBar=1773652860 (approx), EndPrice=23022.03
2026-03-19 13:36:24,648 [INFO]   Line 0.125: EndBar=1773652860 (approx), EndPrice=22988.04
2026-03-19 13:36:24,649 [INFO] [IntDet] Bar 183 | 2026-03-16 15:11 | H=23460.20 L=23418.25 C=23435.25 | Fans=2 Lines=14
2026-03-19 13:36:24,649 [INFO]   [P1 (H8-L8)] main: lineP=23578.97 | bars_from_origin=32.0 slope=15.3945 | ABOVE gap=118.77
2026-03-19 13:36:24,649 [INFO]   [P1 (H8-L8)] 0.875: lineP=23362.92 | bars_from_origin=32.0 slope=8.6429 | BELOW gap=55.33
2026-03-19 13:36:24,649 [INFO]   [P1 (H8-L8)] 0.75: lineP=23269.99 | bars_from_origin=32.0 slope=5.7387 | BELOW gap=148.26
2026-03-19 13:36:24,649 [INFO]   [P1 (H8-L8)] 0.5: lineP=23178.89 | bars_from_origin=32.0 slope=2.8920 | BELOW gap=239.36
2026-03-19 13:36:24,649 [INFO]   [P1 (H8-L8)] 0.25: lineP=23127.04 | bars_from_origin=32.0 slope=1.2715 | BELOW gap=291.21
2026-03-19 13:36:24,649 [INFO]   [P1 (H8-L8)] 0.125: lineP=23106.11 | bars_from_origin=32.0 slope=0.6177 | BELOW gap=312.14
2026-03-19 13:36:24,649 [INFO]   [P1 (H8-L8)] main: lineP=23164.43 | bars_from_origin=5.0 slope=0.0000 | BELOW gap=253.82
2026-03-19 13:36:24,649 [INFO]   [P2 (H8-L6)] main: lineP=23548.31 | bars_from_origin=64.0 slope=9.2619 | ABOVE gap=88.11
2026-03-19 13:36:24,649 [INFO]   [P2 (H8-L6)] 0.875: lineP=23359.37 | bars_from_origin=64.0 slope=6.3096 | BELOW gap=58.88
2026-03-19 13:36:24,650 [INFO]   [P2 (H8-L6)] 0.75: lineP=23248.24 | bars_from_origin=64.0 slope=4.5732 | BELOW gap=170.01
2026-03-19 13:36:24,650 [INFO]   [P2 (H8-L6)] 0.5: lineP=23114.86 | bars_from_origin=64.0 slope=2.4892 | BELOW gap=303.39
2026-03-19 13:36:24,650 [INFO]   [P2 (H8-L6)] 0.25: lineP=23027.66 | bars_from_origin=64.0 slope=1.1267 | BELOW gap=390.59
2026-03-19 13:36:24,650 [INFO]   [P2 (H8-L6)] 0.125: lineP=22990.79 | bars_from_origin=64.0 slope=0.5506 | BELOW gap=427.46
2026-03-19 13:36:24,650 [INFO]   [P2 (H8-L6)] main: lineP=23102.41 | bars_from_origin=5.0 slope=0.0000 | BELOW gap=315.84
2026-03-19 13:36:24,651 [INFO] [IntDet] Bar 184 | 2026-03-16 15:15 | H=23436.05 L=23400.70 C=23402.30 | Fans=2 Lines=14
2026-03-19 13:36:24,651 [INFO]   [P1 (H8-L8)] main: lineP=23594.37 | bars_from_origin=33.0 slope=15.3945 | ABOVE gap=158.32
2026-03-19 13:36:24,651 [INFO]   [P1 (H8-L8)] 0.875: lineP=23371.56 | bars_from_origin=33.0 slope=8.6429 | BELOW gap=29.13
2026-03-19 13:36:24,651 [INFO]   [P1 (H8-L8)] 0.75: lineP=23275.73 | bars_from_origin=33.0 slope=5.7387 | BELOW gap=124.97
2026-03-19 13:36:24,651 [INFO]   [P1 (H8-L8)] 0.5: lineP=23181.79 | bars_from_origin=33.0 slope=2.8920 | BELOW gap=218.91
2026-03-19 13:36:24,651 [INFO]   [P1 (H8-L8)] 0.25: lineP=23128.31 | bars_from_origin=33.0 slope=1.2715 | BELOW gap=272.39
2026-03-19 13:36:24,651 [INFO]   [P1 (H8-L8)] 0.125: lineP=23106.73 | bars_from_origin=33.0 slope=0.6177 | BELOW gap=293.97
2026-03-19 13:36:24,651 [INFO]   [P1 (H8-L8)] main: lineP=23164.43 | bars_from_origin=6.0 slope=0.0000 | BELOW gap=236.26
2026-03-19 13:36:24,651 [INFO]   [P2 (H8-L6)] main: lineP=23557.57 | bars_from_origin=65.0 slope=9.2619 | ABOVE gap=121.52
2026-03-19 13:36:24,651 [INFO]   [P2 (H8-L6)] 0.875: lineP=23365.68 | bars_from_origin=65.0 slope=6.3096 | BELOW gap=35.02
2026-03-19 13:36:24,652 [INFO]   [P2 (H8-L6)] 0.75: lineP=23252.81 | bars_from_origin=65.0 slope=4.5732 | BELOW gap=147.89
2026-03-19 13:36:24,652 [INFO]   [P2 (H8-L6)] 0.5: lineP=23117.35 | bars_from_origin=65.0 slope=2.4892 | BELOW gap=283.35
2026-03-19 13:36:24,652 [INFO]   [P2 (H8-L6)] 0.25: lineP=23028.79 | bars_from_origin=65.0 slope=1.1267 | BELOW gap=371.91
2026-03-19 13:36:24,652 [INFO]   [P2 (H8-L6)] 0.125: lineP=22991.34 | bars_from_origin=65.0 slope=0.5506 | BELOW gap=409.36
2026-03-19 13:36:24,652 [INFO]   [P2 (H8-L6)] main: lineP=23102.41 | bars_from_origin=6.0 slope=0.0000 | BELOW gap=298.28
2026-03-19 13:36:24,653 [INFO] [IntDet] Bar 185 | 2026-03-16 15:19 | H=23406.05 L=23372.50 C=23379.65 | Fans=2 Lines=14
2026-03-19 13:36:24,653 [INFO]   [P1 (H8-L8)] main: lineP=23609.76 | bars_from_origin=34.0 slope=15.3945 | ABOVE gap=203.71
2026-03-19 13:36:24,653 [INFO]   [P1 (H8-L8)] 0.875: lineP=23380.21 | bars_from_origin=34.0 slope=8.6429 | HIT gap=0.00
2026-03-19 13:36:24,653 [INFO]     >>> HIT RECORDED: P1 (H8-L8) frac=0.875 @ 23380.21
2026-03-19 13:36:24,653 [INFO]   [P1 (H8-L8)] 0.75: lineP=23281.46 | bars_from_origin=34.0 slope=5.7387 | BELOW gap=91.04
2026-03-19 13:36:24,654 [INFO]   [P1 (H8-L8)] 0.5: lineP=23184.68 | bars_from_origin=34.0 slope=2.8920 | BELOW gap=187.82
2026-03-19 13:36:24,654 [INFO]   [P1 (H8-L8)] 0.25: lineP=23129.58 | bars_from_origin=34.0 slope=1.2715 | BELOW gap=242.92
2026-03-19 13:36:24,654 [INFO]   [P1 (H8-L8)] 0.125: lineP=23107.35 | bars_from_origin=34.0 slope=0.6177 | BELOW gap=265.15
2026-03-19 13:36:24,654 [INFO]   [P1 (H8-L8)] main: lineP=23164.43 | bars_from_origin=7.0 slope=0.0000 | BELOW gap=208.07
2026-03-19 13:36:24,654 [INFO]   [P2 (H8-L6)] main: lineP=23566.83 | bars_from_origin=66.0 slope=9.2619 | ABOVE gap=160.78
2026-03-19 13:36:24,654 [INFO]   [P2 (H8-L6)] 0.875: lineP=23371.99 | bars_from_origin=66.0 slope=6.3096 | BELOW gap=0.51
2026-03-19 13:36:24,654 [INFO]   [P2 (H8-L6)] 0.75: lineP=23257.38 | bars_from_origin=66.0 slope=4.5732 | BELOW gap=115.12
2026-03-19 13:36:24,654 [INFO]   [P2 (H8-L6)] 0.5: lineP=23119.84 | bars_from_origin=66.0 slope=2.4892 | BELOW gap=252.66
2026-03-19 13:36:24,655 [INFO]   [P2 (H8-L6)] 0.25: lineP=23029.91 | bars_from_origin=66.0 slope=1.1267 | BELOW gap=342.59
2026-03-19 13:36:24,655 [INFO]   [P2 (H8-L6)] 0.125: lineP=22991.89 | bars_from_origin=66.0 slope=0.5506 | BELOW gap=380.61
2026-03-19 13:36:24,655 [INFO]   [P2 (H8-L6)] main: lineP=23102.41 | bars_from_origin=7.0 slope=0.0000 | BELOW gap=270.09
2026-03-19 13:36:24,655 [INFO]   [IntDet] Total hits this bar: 1
2026-03-19 13:36:24,655 [INFO] [Study] Emitting intersection event (DIRECT): {'time': 1773654540, 'fan': 'P1 (H8-L8)', 'fanIdentity': 'H8-L8', 'fraction': '7/8', 'price': 23380.207606315456, 'type': 'CROSS_DOWN', 'details': 'Breakdown Attempt'}
2026-03-19 13:36:24,658 [INFO] [Tracking] Fan validated: Fan_H8_L8 via breach at bar 185
2026-03-19 13:36:24,660 [INFO] [IntDet] Bar 186 | 2026-03-16 15:23 | H=23380.55 L=23345.05 C=23346.75 | Fans=2 Lines=14
2026-03-19 13:36:24,660 [INFO]   [P1 (H8-L8)] main: lineP=23625.16 | bars_from_origin=35.0 slope=15.3945 | ABOVE gap=244.60
2026-03-19 13:36:24,660 [INFO]   [P1 (H8-L8)] 0.875: lineP=23388.85 | bars_from_origin=35.0 slope=8.6429 | ABOVE gap=8.30
2026-03-19 13:36:24,660 [INFO]   [P1 (H8-L8)] 0.75: lineP=23287.20 | bars_from_origin=35.0 slope=5.7387 | BELOW gap=57.85
2026-03-19 13:36:24,660 [INFO]   [P1 (H8-L8)] 0.5: lineP=23187.57 | bars_from_origin=35.0 slope=2.8920 | BELOW gap=157.48
2026-03-19 13:36:24,660 [INFO]   [P1 (H8-L8)] 0.25: lineP=23130.85 | bars_from_origin=35.0 slope=1.2715 | BELOW gap=214.20
2026-03-19 13:36:24,660 [INFO]   [P1 (H8-L8)] 0.125: lineP=23107.97 | bars_from_origin=35.0 slope=0.6177 | BELOW gap=237.08
2026-03-19 13:36:24,660 [INFO]   [P1 (H8-L8)] main: lineP=23164.43 | bars_from_origin=8.0 slope=0.0000 | BELOW gap=180.62
2026-03-19 13:36:24,661 [INFO]   [P2 (H8-L6)] main: lineP=23576.09 | bars_from_origin=67.0 slope=9.2619 | ABOVE gap=195.54
2026-03-19 13:36:24,661 [INFO]   [P2 (H8-L6)] 0.875: lineP=23378.30 | bars_from_origin=67.0 slope=6.3096 | HIT gap=0.00
2026-03-19 13:36:24,661 [INFO]     >>> HIT RECORDED: P2 (H8-L6) frac=0.875 @ 23378.30
2026-03-19 13:36:24,661 [INFO]   [P2 (H8-L6)] 0.75: lineP=23261.96 | bars_from_origin=67.0 slope=4.5732 | BELOW gap=83.09
2026-03-19 13:36:24,661 [INFO]   [P2 (H8-L6)] 0.5: lineP=23122.33 | bars_from_origin=67.0 slope=2.4892 | BELOW gap=222.72
2026-03-19 13:36:24,661 [INFO]   [P2 (H8-L6)] 0.25: lineP=23031.04 | bars_from_origin=67.0 slope=1.1267 | BELOW gap=314.01
2026-03-19 13:36:24,661 [INFO]   [P2 (H8-L6)] 0.125: lineP=22992.44 | bars_from_origin=67.0 slope=0.5506 | BELOW gap=352.61
2026-03-19 13:36:24,661 [INFO]   [P2 (H8-L6)] main: lineP=23102.41 | bars_from_origin=8.0 slope=0.0000 | BELOW gap=242.64
2026-03-19 13:36:24,661 [INFO]   [IntDet] Total hits this bar: 1
2026-03-19 13:36:24,661 [INFO] [Study] Emitting intersection event (DIRECT): {'time': 1773654780, 'fan': 'P2 (H8-L6)', 'fanIdentity': 'H8-L6', 'fraction': '7/8', 'price': 23378.29720409906, 'type': 'CROSS_DOWN', 'details': 'Breakdown Attempt'}
2026-03-19 13:36:24,664 [INFO] [Tracking] Fan validated: Fan_H8_L6 via breach at bar 186
2026-03-19 13:36:24,664 [INFO] [Tracking] Breach CONFIRMED: Fan_H8_L8 0.875 down (T+1 bars)
2026-03-19 13:36:24,665 [INFO] [IntDet] Bar 187 | 2026-03-16 15:27 | H=23359.90 L=23338.60 C=23355.60 | Fans=2 Lines=14
2026-03-19 13:36:24,665 [INFO]   [P1 (H8-L8)] main: lineP=23640.55 | bars_from_origin=36.0 slope=15.3945 | ABOVE gap=280.65
2026-03-19 13:36:24,665 [INFO]   [P1 (H8-L8)] 0.875: lineP=23397.49 | bars_from_origin=36.0 slope=8.6429 | ABOVE gap=37.59
2026-03-19 13:36:24,665 [INFO]   [P1 (H8-L8)] 0.75: lineP=23292.94 | bars_from_origin=36.0 slope=5.7387 | BELOW gap=45.66
2026-03-19 13:36:24,666 [INFO]   [P1 (H8-L8)] 0.5: lineP=23190.46 | bars_from_origin=36.0 slope=2.8920 | BELOW gap=148.14
2026-03-19 13:36:24,666 [INFO]   [P1 (H8-L8)] 0.25: lineP=23132.12 | bars_from_origin=36.0 slope=1.2715 | BELOW gap=206.48
2026-03-19 13:36:24,666 [INFO]   [P1 (H8-L8)] 0.125: lineP=23108.59 | bars_from_origin=36.0 slope=0.6177 | BELOW gap=230.01
2026-03-19 13:36:24,666 [INFO]   [P1 (H8-L8)] main: lineP=23164.43 | bars_from_origin=9.0 slope=0.0000 | BELOW gap=174.16
2026-03-19 13:36:24,666 [INFO]   [P2 (H8-L6)] main: lineP=23585.36 | bars_from_origin=68.0 slope=9.2619 | ABOVE gap=225.46
2026-03-19 13:36:24,666 [INFO]   [P2 (H8-L6)] 0.875: lineP=23384.61 | bars_from_origin=68.0 slope=6.3096 | ABOVE gap=24.71
2026-03-19 13:36:24,666 [INFO]   [P2 (H8-L6)] 0.75: lineP=23266.53 | bars_from_origin=68.0 slope=4.5732 | BELOW gap=72.07
2026-03-19 13:36:24,666 [INFO]   [P2 (H8-L6)] 0.5: lineP=23124.82 | bars_from_origin=68.0 slope=2.4892 | BELOW gap=213.78
2026-03-19 13:36:24,666 [INFO]   [P2 (H8-L6)] 0.25: lineP=23032.17 | bars_from_origin=68.0 slope=1.1267 | BELOW gap=306.43
2026-03-19 13:36:24,666 [INFO]   [P2 (H8-L6)] 0.125: lineP=22992.99 | bars_from_origin=68.0 slope=0.5506 | BELOW gap=345.61
2026-03-19 13:36:24,667 [INFO]   [P2 (H8-L6)] main: lineP=23102.41 | bars_from_origin=9.0 slope=0.0000 | BELOW gap=236.18
2026-03-19 13:36:24,668 [INFO] [IntDet] Bar 188 | 2026-03-17 09:15 | H=23493.20 L=23361.35 C=23393.20 | Fans=2 Lines=14
2026-03-19 13:36:24,668 [INFO]   [P1 (H8-L8)] main: lineP=23655.94 | bars_from_origin=37.0 slope=15.3945 | ABOVE gap=162.75
2026-03-19 13:36:24,668 [INFO]   [P1 (H8-L8)] 0.875: lineP=23406.14 | bars_from_origin=37.0 slope=8.6429 | HIT gap=0.00
2026-03-19 13:36:24,668 [INFO]     >>> HIT RECORDED: P1 (H8-L8) frac=0.875 @ 23406.14
2026-03-19 13:36:24,668 [INFO]   [P1 (H8-L8)] 0.75: lineP=23298.68 | bars_from_origin=37.0 slope=5.7387 | BELOW gap=62.67
2026-03-19 13:36:24,668 [INFO]   [P1 (H8-L8)] 0.5: lineP=23193.36 | bars_from_origin=37.0 slope=2.8920 | BELOW gap=167.99
2026-03-19 13:36:24,669 [INFO]   [P1 (H8-L8)] 0.25: lineP=23133.40 | bars_from_origin=37.0 slope=1.2715 | BELOW gap=227.95
2026-03-19 13:36:24,669 [INFO]   [P1 (H8-L8)] 0.125: lineP=23109.20 | bars_from_origin=37.0 slope=0.6177 | BELOW gap=252.15
2026-03-19 13:36:24,669 [INFO]   [P1 (H8-L8)] main: lineP=23164.43 | bars_from_origin=10.0 slope=0.0000 | BELOW gap=196.91
2026-03-19 13:36:24,669 [INFO]   [P2 (H8-L6)] main: lineP=23594.62 | bars_from_origin=69.0 slope=9.2619 | ABOVE gap=101.42
2026-03-19 13:36:24,669 [INFO]   [P2 (H8-L6)] 0.875: lineP=23390.92 | bars_from_origin=69.0 slope=6.3096 | HIT gap=0.00
2026-03-19 13:36:24,669 [INFO]     >>> HIT RECORDED: P2 (H8-L6) frac=0.875 @ 23390.92
2026-03-19 13:36:24,669 [INFO]   [P2 (H8-L6)] 0.75: lineP=23271.10 | bars_from_origin=69.0 slope=4.5732 | BELOW gap=90.25
2026-03-19 13:36:24,669 [INFO]   [P2 (H8-L6)] 0.5: lineP=23127.31 | bars_from_origin=69.0 slope=2.4892 | BELOW gap=234.04
2026-03-19 13:36:24,670 [INFO]   [P2 (H8-L6)] 0.25: lineP=23033.29 | bars_from_origin=69.0 slope=1.1267 | BELOW gap=328.06
2026-03-19 13:36:24,670 [INFO]   [P2 (H8-L6)] 0.125: lineP=22993.54 | bars_from_origin=69.0 slope=0.5506 | BELOW gap=367.81
2026-03-19 13:36:24,670 [INFO]   [P2 (H8-L6)] main: lineP=23102.41 | bars_from_origin=10.0 slope=0.0000 | BELOW gap=258.93
2026-03-19 13:36:24,670 [INFO]   [IntDet] Total hits this bar: 2
2026-03-19 13:36:24,670 [INFO] [Study] Emitting intersection event (DIRECT): {'time': 1773719100, 'fan': 'P1 (H8-L8)', 'fanIdentity': 'H8-L8', 'fraction': '7/8', 'price': 23406.13625310432, 'type': 'CROSS_DOWN', 'details': 'Breakdown Attempt'}
2026-03-19 13:36:24,673 [INFO] [Study] Emitting intersection event (DIRECT): {'time': 1773719100, 'fan': 'P2 (H8-L6)', 'fanIdentity': 'H8-L6', 'fraction': '7/8', 'price': 23390.91650030351, 'type': 'TOUCH', 'details': 'Angle Test'}
2026-03-19 13:36:24,675 [INFO] [Tracking] FAKE OUT: Fan_H8_L6 0.875 (T+2 bars)
2026-03-19 13:36:24,676 [INFO] [IntDet] Bar 189 | 2026-03-17 09:19 | H=23424.25 L=23375.35 C=23403.40 | Fans=2 Lines=14
2026-03-19 13:36:24,677 [INFO]   [P1 (H8-L8)] main: lineP=23671.34 | bars_from_origin=38.0 slope=15.3945 | ABOVE gap=247.09
2026-03-19 13:36:24,677 [INFO]   [P1 (H8-L8)] 0.875: lineP=23414.78 | bars_from_origin=38.0 slope=8.6429 | HIT gap=0.00
2026-03-19 13:36:24,677 [INFO]     >>> HIT RECORDED: P1 (H8-L8) frac=0.875 @ 23414.78
2026-03-19 13:36:24,677 [INFO]   [P1 (H8-L8)] 0.75: lineP=23304.42 | bars_from_origin=38.0 slope=5.7387 | BELOW gap=70.93
2026-03-19 13:36:24,677 [INFO]   [P1 (H8-L8)] 0.5: lineP=23196.25 | bars_from_origin=38.0 slope=2.8920 | BELOW gap=179.10
2026-03-19 13:36:24,677 [INFO]   [P1 (H8-L8)] 0.25: lineP=23134.67 | bars_from_origin=38.0 slope=1.2715 | BELOW gap=240.68
2026-03-19 13:36:24,677 [INFO]   [P1 (H8-L8)] 0.125: lineP=23109.82 | bars_from_origin=38.0 slope=0.6177 | BELOW gap=265.53
2026-03-19 13:36:24,677 [INFO]   [P1 (H8-L8)] main: lineP=23164.43 | bars_from_origin=11.0 slope=0.0000 | BELOW gap=210.91
2026-03-19 13:36:24,677 [INFO]   [P2 (H8-L6)] main: lineP=23603.88 | bars_from_origin=70.0 slope=9.2619 | ABOVE gap=179.63
2026-03-19 13:36:24,677 [INFO]   [P2 (H8-L6)] 0.875: lineP=23397.23 | bars_from_origin=70.0 slope=6.3096 | HIT gap=0.00
2026-03-19 13:36:24,678 [INFO]     >>> HIT RECORDED: P2 (H8-L6) frac=0.875 @ 23397.23
2026-03-19 13:36:24,678 [INFO]   [P2 (H8-L6)] 0.75: lineP=23275.68 | bars_from_origin=70.0 slope=4.5732 | BELOW gap=99.67
2026-03-19 13:36:24,678 [INFO]   [P2 (H8-L6)] 0.5: lineP=23129.80 | bars_from_origin=70.0 slope=2.4892 | BELOW gap=245.55
2026-03-19 13:36:24,678 [INFO]   [P2 (H8-L6)] 0.25: lineP=23034.42 | bars_from_origin=70.0 slope=1.1267 | BELOW gap=340.93
2026-03-19 13:36:24,678 [INFO]   [P2 (H8-L6)] 0.125: lineP=22994.09 | bars_from_origin=70.0 slope=0.5506 | BELOW gap=381.26
2026-03-19 13:36:24,678 [INFO]   [P2 (H8-L6)] main: lineP=23102.41 | bars_from_origin=11.0 slope=0.0000 | BELOW gap=272.93
2026-03-19 13:36:24,678 [INFO]   [IntDet] Total hits this bar: 2
2026-03-19 13:36:24,678 [INFO] [Study] Emitting intersection event (DIRECT): {'time': 1773719340, 'fan': 'P1 (H8-L8)', 'fanIdentity': 'H8-L8', 'fraction': '7/8', 'price': 23414.779135367273, 'type': 'RESISTANCE_TEST', 'details': 'Rejection / Pullback'}
2026-03-19 13:36:24,680 [INFO] [Study] Emitting intersection event (DIRECT): {'time': 1773719340, 'fan': 'P2 (H8-L6)', 'fanIdentity': 'H8-L6', 'fraction': '7/8', 'price': 23397.226148405734, 'type': 'CROSS_UP', 'details': 'Breakout Attempt'}
2026-03-19 13:36:24,684 [INFO] [IntDet] Bar 190 | 2026-03-17 09:23 | H=23406.55 L=23358.40 C=23371.75 | Fans=2 Lines=14
2026-03-19 13:36:24,684 [INFO]   [P1 (H8-L8)] main: lineP=23686.73 | bars_from_origin=39.0 slope=15.3945 | ABOVE gap=280.18
2026-03-19 13:36:24,685 [INFO]   [P1 (H8-L8)] 0.875: lineP=23423.42 | bars_from_origin=39.0 slope=8.6429 | ABOVE gap=16.87
2026-03-19 13:36:24,685 [INFO]   [P1 (H8-L8)] 0.75: lineP=23310.16 | bars_from_origin=39.0 slope=5.7387 | BELOW gap=48.24
2026-03-19 13:36:24,685 [INFO]   [P1 (H8-L8)] 0.5: lineP=23199.14 | bars_from_origin=39.0 slope=2.8920 | BELOW gap=159.26
2026-03-19 13:36:24,685 [INFO]   [P1 (H8-L8)] 0.25: lineP=23135.94 | bars_from_origin=39.0 slope=1.2715 | BELOW gap=222.46
2026-03-19 13:36:24,685 [INFO]   [P1 (H8-L8)] 0.125: lineP=23110.44 | bars_from_origin=39.0 slope=0.6177 | BELOW gap=247.96
2026-03-19 13:36:24,685 [INFO]   [P1 (H8-L8)] main: lineP=23164.43 | bars_from_origin=12.0 slope=0.0000 | BELOW gap=193.97
2026-03-19 13:36:24,685 [INFO]   [P2 (H8-L6)] main: lineP=23613.14 | bars_from_origin=71.0 slope=9.2619 | ABOVE gap=206.59
2026-03-19 13:36:24,685 [INFO]   [P2 (H8-L6)] 0.875: lineP=23403.54 | bars_from_origin=71.0 slope=6.3096 | HIT gap=0.00
2026-03-19 13:36:24,685 [INFO]     >>> HIT RECORDED: P2 (H8-L6) frac=0.875 @ 23403.54
2026-03-19 13:36:24,685 [INFO]   [P2 (H8-L6)] 0.75: lineP=23280.25 | bars_from_origin=71.0 slope=4.5732 | BELOW gap=78.15
2026-03-19 13:36:24,686 [INFO]   [P2 (H8-L6)] 0.5: lineP=23132.29 | bars_from_origin=71.0 slope=2.4892 | BELOW gap=226.12
2026-03-19 13:36:24,686 [INFO]   [P2 (H8-L6)] 0.25: lineP=23035.55 | bars_from_origin=71.0 slope=1.1267 | BELOW gap=322.86
2026-03-19 13:36:24,686 [INFO]   [P2 (H8-L6)] 0.125: lineP=22994.64 | bars_from_origin=71.0 slope=0.5506 | BELOW gap=363.76
2026-03-19 13:36:24,686 [INFO]   [P2 (H8-L6)] main: lineP=23102.41 | bars_from_origin=12.0 slope=0.0000 | BELOW gap=255.99
2026-03-19 13:36:24,686 [INFO]   [IntDet] Total hits this bar: 1
2026-03-19 13:36:24,686 [INFO] [Study] Emitting intersection event (DIRECT): {'time': 1773719580, 'fan': 'P2 (H8-L6)', 'fanIdentity': 'H8-L6', 'fraction': '7/8', 'price': 23403.53579650796, 'type': 'CROSS_DOWN', 'details': 'Breakdown Attempt'}
2026-03-19 13:36:24,688 [INFO] [Tracking] FAKE OUT: Fan_H8_L6 0.875 (T+1 bars)
2026-03-19 13:36:24,690 [INFO] [IntDet] Bar 191 | 2026-03-17 09:27 | H=23391.05 L=23347.40 C=23367.70 | Fans=2 Lines=14
2026-03-19 13:36:24,690 [INFO]   [P1 (H8-L8)] main: lineP=23702.13 | bars_from_origin=40.0 slope=15.3945 | ABOVE gap=311.08
2026-03-19 13:36:24,690 [INFO]   [P1 (H8-L8)] 0.875: lineP=23432.06 | bars_from_origin=40.0 slope=8.6429 | ABOVE gap=41.01
2026-03-19 13:36:24,690 [INFO]   [P1 (H8-L8)] 0.75: lineP=23315.90 | bars_from_origin=40.0 slope=5.7387 | BELOW gap=31.50
2026-03-19 13:36:24,691 [INFO]   [P1 (H8-L8)] 0.5: lineP=23202.03 | bars_from_origin=40.0 slope=2.8920 | BELOW gap=145.37
2026-03-19 13:36:24,691 [INFO]   [P1 (H8-L8)] 0.25: lineP=23137.21 | bars_from_origin=40.0 slope=1.2715 | BELOW gap=210.19
2026-03-19 13:36:24,691 [INFO]   [P1 (H8-L8)] 0.125: lineP=23111.06 | bars_from_origin=40.0 slope=0.6177 | BELOW gap=236.34
2026-03-19 13:36:24,691 [INFO]   [P1 (H8-L8)] main: lineP=23164.43 | bars_from_origin=13.0 slope=0.0000 | BELOW gap=182.97
2026-03-19 13:36:24,691 [INFO]   [P2 (H8-L6)] main: lineP=23622.40 | bars_from_origin=72.0 slope=9.2619 | ABOVE gap=231.35
2026-03-19 13:36:24,691 [INFO]   [P2 (H8-L6)] 0.875: lineP=23409.85 | bars_from_origin=72.0 slope=6.3096 | ABOVE gap=18.79
2026-03-19 13:36:24,691 [INFO]   [P2 (H8-L6)] 0.75: lineP=23284.82 | bars_from_origin=72.0 slope=4.5732 | BELOW gap=62.58
2026-03-19 13:36:24,691 [INFO]   [P2 (H8-L6)] 0.5: lineP=23134.77 | bars_from_origin=72.0 slope=2.4892 | BELOW gap=212.63
2026-03-19 13:36:24,691 [INFO]   [P2 (H8-L6)] 0.25: lineP=23036.67 | bars_from_origin=72.0 slope=1.1267 | BELOW gap=310.73
2026-03-19 13:36:24,691 [INFO]   [P2 (H8-L6)] 0.125: lineP=22995.19 | bars_from_origin=72.0 slope=0.5506 | BELOW gap=352.21
2026-03-19 13:36:24,691 [INFO]   [P2 (H8-L6)] main: lineP=23102.41 | bars_from_origin=13.0 slope=0.0000 | BELOW gap=244.99
2026-03-19 13:36:24,692 [INFO] [Study] Updating fan priority: Fan_H8_L8 -> P2 (H8-L8)
2026-03-19 13:36:24,692 [INFO] [Study] Creating new fan: Fan_L9_H8 (P1 (L9-H8))
2026-03-19 13:36:24,693 [INFO] [AngleEngine] scale_ratio=3.6603, slope_per_bar=-18.1556, visual_slope=-4.9601, theta=-78.60 deg
2026-03-19 13:36:24,693 [INFO] --- [AngleEngine] Fan Created: Fan_L9_H8 ---
2026-03-19 13:36:24,693 [INFO]   Origin: Bar 178, Time 1773652860, Price 23502.0
2026-03-19 13:36:24,694 [INFO]   Target: Bar 187, Time 1773655020, Price 23338.599609375
2026-03-19 13:36:24,694 [INFO]   Delta: db=9, dp_origin=-163.40
2026-03-19 13:36:24,694 [INFO]   Scale Params: Ratio=3.6603, Radius=45.54 bars, Slope/Bar=-18.1556
2026-03-19 13:36:24,694 [INFO]   Line 0.875: EndBar=1773655020 (approx), EndPrice=23417.17
2026-03-19 13:36:24,694 [INFO]   Line 0.75: EndBar=1773655020 (approx), EndPrice=23447.28
2026-03-19 13:36:24,694 [INFO]   Line 0.5: EndBar=1773655020 (approx), EndPrice=23475.04
2026-03-19 13:36:24,694 [INFO]   Line 0.25: EndBar=1773655020 (approx), EndPrice=23490.24
2026-03-19 13:36:24,695 [INFO]   Line 0.125: EndBar=1773655020 (approx), EndPrice=23496.29
2026-03-19 13:36:24,695 [INFO] [Study] Updating fan priority: Fan_H8_L6 -> P3 (H8-L6)
2026-03-19 13:36:24,695 [INFO] [IntDet] Bar 192 | 2026-03-17 09:31 | H=23402.85 L=23359.50 C=23387.80 | Fans=3 Lines=21
2026-03-19 13:36:24,695 [INFO]   [P2 (H8-L8)] main: lineP=23717.52 | bars_from_origin=41.0 slope=15.3945 | ABOVE gap=314.67
2026-03-19 13:36:24,695 [INFO]   [P2 (H8-L8)] 0.875: lineP=23440.71 | bars_from_origin=41.0 slope=8.6429 | ABOVE gap=37.86
2026-03-19 13:36:24,695 [INFO]   [P2 (H8-L8)] 0.75: lineP=23321.63 | bars_from_origin=41.0 slope=5.7387 | BELOW gap=37.87
2026-03-19 13:36:24,695 [INFO]   [P2 (H8-L8)] 0.5: lineP=23204.92 | bars_from_origin=41.0 slope=2.8920 | BELOW gap=154.58
2026-03-19 13:36:24,695 [INFO]   [P2 (H8-L8)] 0.25: lineP=23138.48 | bars_from_origin=41.0 slope=1.2715 | BELOW gap=221.02
2026-03-19 13:36:24,695 [INFO]   [P2 (H8-L8)] 0.125: lineP=23111.67 | bars_from_origin=41.0 slope=0.6177 | BELOW gap=247.83
2026-03-19 13:36:24,696 [INFO]   [P2 (H8-L8)] main: lineP=23164.43 | bars_from_origin=14.0 slope=0.0000 | BELOW gap=195.07
2026-03-19 13:36:24,696 [INFO]   [P3 (H8-L6)] main: lineP=23631.67 | bars_from_origin=73.0 slope=9.2619 | ABOVE gap=228.82
2026-03-19 13:36:24,696 [INFO]   [P3 (H8-L6)] 0.875: lineP=23416.16 | bars_from_origin=73.0 slope=6.3096 | ABOVE gap=13.31
2026-03-19 13:36:24,696 [INFO]   [P3 (H8-L6)] 0.75: lineP=23289.40 | bars_from_origin=73.0 slope=4.5732 | BELOW gap=70.10
2026-03-19 13:36:24,696 [INFO]   [P3 (H8-L6)] 0.5: lineP=23137.26 | bars_from_origin=73.0 slope=2.4892 | BELOW gap=222.24
2026-03-19 13:36:24,696 [INFO]   [P3 (H8-L6)] 0.25: lineP=23037.80 | bars_from_origin=73.0 slope=1.1267 | BELOW gap=321.70
2026-03-19 13:36:24,696 [INFO]   [P3 (H8-L6)] 0.125: lineP=22995.74 | bars_from_origin=73.0 slope=0.5506 | BELOW gap=363.76
2026-03-19 13:36:24,696 [INFO]   [P3 (H8-L6)] main: lineP=23102.41 | bars_from_origin=14.0 slope=0.0000 | BELOW gap=257.09
2026-03-19 13:36:24,696 [INFO]   [P1 (L9-H8)] main: lineP=23247.82 | bars_from_origin=14.0 slope=-18.1556 | BELOW gap=111.68
2026-03-19 13:36:24,696 [INFO]   [P1 (L9-H8)] 0.875: lineP=23370.05 | bars_from_origin=14.0 slope=-9.4253 | HIT gap=0.00
2026-03-19 13:36:24,696 [INFO]     >>> HIT RECORDED: P1 (L9-H8) frac=0.875 @ 23370.05
2026-03-19 13:36:24,697 [INFO]   [P1 (L9-H8)] 0.75: lineP=23416.88 | bars_from_origin=14.0 slope=-6.0800 | ABOVE gap=14.03
2026-03-19 13:36:24,697 [INFO]   [P1 (L9-H8)] 0.5: lineP=23460.06 | bars_from_origin=14.0 slope=-2.9960 | ABOVE gap=57.21
2026-03-19 13:36:24,697 [INFO]   [P1 (L9-H8)] 0.25: lineP=23483.70 | bars_from_origin=14.0 slope=-1.3070 | ABOVE gap=80.85
2026-03-19 13:36:24,697 [INFO]   [P1 (L9-H8)] 0.125: lineP=23493.13 | bars_from_origin=14.0 slope=-0.6339 | ABOVE gap=90.28
2026-03-19 13:36:24,697 [INFO]   [P1 (L9-H8)] main: lineP=23475.04 | bars_from_origin=5.0 slope=0.0000 | ABOVE gap=72.19
2026-03-19 13:36:24,697 [INFO]   [IntDet] Total hits this bar: 1
2026-03-19 13:36:24,697 [INFO] [Study] Emitting intersection event (DIRECT): {'time': 1773720060, 'fan': 'P1 (L9-H8)', 'fanIdentity': 'L9-H8', 'fraction': '7/8', 'price': 23370.04610195328, 'type': 'CROSS_UP', 'details': 'Breakout Attempt'}
2026-03-19 13:36:24,704 [INFO] [Tracking] Fan validated: Fan_L9_H8 via breach at bar 192
2026-03-19 13:36:24,705 [INFO] [Study] Removing invalidated/excess fan: Fan_H8_L6
2026-03-19 13:36:24,705 [INFO] [Study] Updating fan priority: Fan_H8_L8 -> P3 (H8-L8)
2026-03-19 13:36:24,706 [INFO] [Study] Updating fan priority: Fan_L9_H8 -> P2 (L9-H8)
2026-03-19 13:36:24,706 [INFO] [Study] Creating new fan: Fan_H9_L9 (P1 (H9-L9))
2026-03-19 13:36:24,706 [INFO] [AngleEngine] scale_ratio=3.6603, slope_per_bar=154.5996, visual_slope=42.2369, theta=88.64 deg
2026-03-19 13:36:24,706 [INFO] --- [AngleEngine] Fan Created: Fan_H9_L9 ---
2026-03-19 13:36:24,706 [INFO]   Origin: Bar 187, Time 1773655020, Price 23338.599609375
2026-03-19 13:36:24,706 [INFO]   Target: Bar 188, Time 1773719100, Price 23493.19921875
2026-03-19 13:36:24,706 [INFO]   Delta: db=1, dp_origin=154.60
2026-03-19 13:36:24,707 [INFO]   Scale Params: Ratio=3.6603, Radius=42.25 bars, Slope/Bar=154.5996
2026-03-19 13:36:24,707 [INFO]   Line 0.875: EndBar=1773719100 (approx), EndPrice=23355.20
2026-03-19 13:36:24,707 [INFO]   Line 0.75: EndBar=1773719100 (approx), EndPrice=23347.01
2026-03-19 13:36:24,707 [INFO]   Line 0.5: EndBar=1773719100 (approx), EndPrice=23342.17
2026-03-19 13:36:24,707 [INFO]   Line 0.25: EndBar=1773719100 (approx), EndPrice=23340.09
2026-03-19 13:36:24,707 [INFO]   Line 0.125: EndBar=1773719100 (approx), EndPrice=23339.32
2026-03-19 13:36:24,707 [INFO] [IntDet] Bar 193 | 2026-03-17 09:35 | H=23435.50 L=23385.05 C=23415.20 | Fans=3 Lines=21
2026-03-19 13:36:24,707 [INFO]   [P3 (H8-L8)] main: lineP=23732.92 | bars_from_origin=42.0 slope=15.3945 | ABOVE gap=297.42
2026-03-19 13:36:24,707 [INFO]   [P3 (H8-L8)] 0.875: lineP=23449.35 | bars_from_origin=42.0 slope=8.6429 | ABOVE gap=13.85
2026-03-19 13:36:24,707 [INFO]   [P3 (H8-L8)] 0.75: lineP=23327.37 | bars_from_origin=42.0 slope=5.7387 | BELOW gap=57.68
2026-03-19 13:36:24,707 [INFO]   [P3 (H8-L8)] 0.5: lineP=23207.82 | bars_from_origin=42.0 slope=2.8920 | BELOW gap=177.24
2026-03-19 13:36:24,708 [INFO]   [P3 (H8-L8)] 0.25: lineP=23139.75 | bars_from_origin=42.0 slope=1.2715 | BELOW gap=245.30
2026-03-19 13:36:24,708 [INFO]   [P3 (H8-L8)] 0.125: lineP=23112.29 | bars_from_origin=42.0 slope=0.6177 | BELOW gap=272.76
2026-03-19 13:36:24,708 [INFO]   [P3 (H8-L8)] main: lineP=23164.43 | bars_from_origin=15.0 slope=0.0000 | BELOW gap=220.62
2026-03-19 13:36:24,708 [INFO]   [P2 (L9-H8)] main: lineP=23229.67 | bars_from_origin=15.0 slope=-18.1556 | BELOW gap=155.38
2026-03-19 13:36:24,708 [INFO]   [P2 (L9-H8)] 0.875: lineP=23360.62 | bars_from_origin=15.0 slope=-9.4253 | BELOW gap=24.43
2026-03-19 13:36:24,708 [INFO]   [P2 (L9-H8)] 0.75: lineP=23410.80 | bars_from_origin=15.0 slope=-6.0800 | HIT gap=0.00
2026-03-19 13:36:24,708 [INFO]     >>> HIT RECORDED: P2 (L9-H8) frac=0.75 @ 23410.80
2026-03-19 13:36:24,708 [INFO]   [P2 (L9-H8)] 0.5: lineP=23457.06 | bars_from_origin=15.0 slope=-2.9960 | ABOVE gap=21.56
2026-03-19 13:36:24,708 [INFO]   [P2 (L9-H8)] 0.25: lineP=23482.39 | bars_from_origin=15.0 slope=-1.3070 | ABOVE gap=46.89
2026-03-19 13:36:24,708 [INFO]   [P2 (L9-H8)] 0.125: lineP=23492.49 | bars_from_origin=15.0 slope=-0.6339 | ABOVE gap=56.99
2026-03-19 13:36:24,709 [INFO]   [P2 (L9-H8)] main: lineP=23475.04 | bars_from_origin=6.0 slope=0.0000 | ABOVE gap=39.54
2026-03-19 13:36:24,709 [INFO]   [P1 (H9-L9)] main: lineP=24266.20 | bars_from_origin=6.0 slope=154.5996 | ABOVE gap=830.70
2026-03-19 13:36:24,709 [INFO]   [P1 (H9-L9)] 0.875: lineP=23438.18 | bars_from_origin=6.0 slope=16.5972 | ABOVE gap=2.68
2026-03-19 13:36:24,709 [INFO]   [P1 (H9-L9)] 0.75: lineP=23389.07 | bars_from_origin=6.0 slope=8.4112 | HIT gap=0.00
2026-03-19 13:36:24,709 [INFO]     >>> HIT RECORDED: P1 (H9-L9) frac=0.75 @ 23389.07
2026-03-19 13:36:24,709 [INFO]   [P1 (H9-L9)] 0.5: lineP=23360.05 | bars_from_origin=6.0 slope=3.5747 | BELOW gap=25.00
2026-03-19 13:36:24,709 [INFO]   [P1 (H9-L9)] 0.25: lineP=23347.54 | bars_from_origin=6.0 slope=1.4908 | BELOW gap=37.51
2026-03-19 13:36:24,710 [INFO]   [P1 (H9-L9)] 0.125: lineP=23342.90 | bars_from_origin=6.0 slope=0.7168 | BELOW gap=42.15
2026-03-19 13:36:24,710 [INFO]   [P1 (H9-L9)] main: lineP=23342.17 | bars_from_origin=5.0 slope=0.0000 | BELOW gap=42.88
2026-03-19 13:36:24,710 [INFO]   [IntDet] Total hits this bar: 2
2026-03-19 13:36:24,710 [INFO] [Study] Emitting intersection event (DIRECT): {'time': 1773720300, 'fan': 'P2 (L9-H8)', 'fanIdentity': 'L9-H8', 'fraction': '3/4', 'price': 23410.79974406078, 'type': 'CROSS_UP', 'details': 'Breakout Attempt'}
2026-03-19 13:36:24,713 [INFO] [Study] Emitting intersection event (DIRECT): {'time': 1773720300, 'fan': 'P1 (H9-L9)', 'fanIdentity': 'H9-L9', 'fraction': '3/4', 'price': 23389.066829199808, 'type': 'CROSS_UP', 'details': 'Breakout Attempt'}
2026-03-19 13:36:24,716 [INFO] [Tracking] Breach CONFIRMED: Fan_L9_H8 0.875 up (T+1 bars)
2026-03-19 13:36:24,716 [INFO] [Tracking] FAKE OUT: Fan_H8_L8 0.875 (T+5 bars)
2026-03-19 13:36:24,718 [INFO] [IntDet] Bar 194 | 2026-03-17 09:39 | H=23462.90 L=23415.30 C=23424.40 | Fans=3 Lines=21
2026-03-19 13:36:24,718 [INFO]   [P3 (H8-L8)] main: lineP=23748.31 | bars_from_origin=43.0 slope=15.3945 | ABOVE gap=285.41
2026-03-19 13:36:24,718 [INFO]   [P3 (H8-L8)] 0.875: lineP=23457.99 | bars_from_origin=43.0 slope=8.6429 | HIT gap=0.00
2026-03-19 13:36:24,718 [INFO]     >>> HIT RECORDED: P3 (H8-L8) frac=0.875 @ 23457.99
2026-03-19 13:36:24,718 [INFO]   [P3 (H8-L8)] 0.75: lineP=23333.11 | bars_from_origin=43.0 slope=5.7387 | BELOW gap=82.19
2026-03-19 13:36:24,718 [INFO]   [P3 (H8-L8)] 0.5: lineP=23210.71 | bars_from_origin=43.0 slope=2.8920 | BELOW gap=204.59
2026-03-19 13:36:24,718 [INFO]   [P3 (H8-L8)] 0.25: lineP=23141.03 | bars_from_origin=43.0 slope=1.2715 | BELOW gap=274.28
2026-03-19 13:36:24,719 [INFO]   [P3 (H8-L8)] 0.125: lineP=23112.91 | bars_from_origin=43.0 slope=0.6177 | BELOW gap=302.39
2026-03-19 13:36:24,719 [INFO]   [P3 (H8-L8)] main: lineP=23164.43 | bars_from_origin=16.0 slope=0.0000 | BELOW gap=250.87
2026-03-19 13:36:24,719 [INFO]   [P2 (L9-H8)] main: lineP=23211.51 | bars_from_origin=16.0 slope=-18.1556 | BELOW gap=203.79
2026-03-19 13:36:24,719 [INFO]   [P2 (L9-H8)] 0.875: lineP=23351.20 | bars_from_origin=16.0 slope=-9.4253 | BELOW gap=64.11
2026-03-19 13:36:24,719 [INFO]   [P2 (L9-H8)] 0.75: lineP=23404.72 | bars_from_origin=16.0 slope=-6.0800 | BELOW gap=10.58
2026-03-19 13:36:24,719 [INFO]   [P2 (L9-H8)] 0.5: lineP=23454.06 | bars_from_origin=16.0 slope=-2.9960 | HIT gap=0.00
2026-03-19 13:36:24,719 [INFO]     >>> HIT RECORDED: P2 (L9-H8) frac=0.5 @ 23454.06
2026-03-19 13:36:24,719 [INFO]   [P2 (L9-H8)] 0.25: lineP=23481.09 | bars_from_origin=16.0 slope=-1.3070 | ABOVE gap=18.19
2026-03-19 13:36:24,719 [INFO]   [P2 (L9-H8)] 0.125: lineP=23491.86 | bars_from_origin=16.0 slope=-0.6339 | ABOVE gap=28.96
2026-03-19 13:36:24,720 [INFO]   [P2 (L9-H8)] main: lineP=23475.04 | bars_from_origin=7.0 slope=0.0000 | ABOVE gap=12.14
2026-03-19 13:36:24,720 [INFO]   [P1 (H9-L9)] main: lineP=24420.80 | bars_from_origin=7.0 slope=154.5996 | ABOVE gap=957.90
2026-03-19 13:36:24,720 [INFO]   [P1 (H9-L9)] 0.875: lineP=23454.78 | bars_from_origin=7.0 slope=16.5972 | HIT gap=0.00
2026-03-19 13:36:24,720 [INFO]     >>> HIT RECORDED: P1 (H9-L9) frac=0.875 @ 23454.78
2026-03-19 13:36:24,720 [INFO]   [P1 (H9-L9)] 0.75: lineP=23397.48 | bars_from_origin=7.0 slope=8.4112 | BELOW gap=17.82
2026-03-19 13:36:24,720 [INFO]   [P1 (H9-L9)] 0.5: lineP=23363.62 | bars_from_origin=7.0 slope=3.5747 | BELOW gap=51.68
2026-03-19 13:36:24,720 [INFO]   [P1 (H9-L9)] 0.25: lineP=23349.04 | bars_from_origin=7.0 slope=1.4908 | BELOW gap=66.27
2026-03-19 13:36:24,720 [INFO]   [P1 (H9-L9)] 0.125: lineP=23343.62 | bars_from_origin=7.0 slope=0.7168 | BELOW gap=71.68
2026-03-19 13:36:24,720 [INFO]   [P1 (H9-L9)] main: lineP=23342.17 | bars_from_origin=6.0 slope=0.0000 | BELOW gap=73.13
2026-03-19 13:36:24,720 [INFO]   [IntDet] Total hits this bar: 3
2026-03-19 13:36:24,720 [INFO] [Study] Emitting intersection event (DIRECT): {'time': 1773720540, 'fan': 'P3 (H8-L8)', 'fanIdentity': 'H8-L8', 'fraction': '7/8', 'price': 23457.993546682046, 'type': 'RESISTANCE_TEST', 'details': 'Rejection / Pullback'}
2026-03-19 13:36:24,723 [INFO] [Study] Emitting intersection event (DIRECT): {'time': 1773720540, 'fan': 'P2 (L9-H8)', 'fanIdentity': 'L9-H8', 'fraction': '1/2', 'price': 23454.0639443209, 'type': 'RESISTANCE_TEST', 'details': 'Rejection / Pullback'}
2026-03-19 13:36:24,726 [INFO] [Study] Emitting intersection event (DIRECT): {'time': 1773720540, 'fan': 'P1 (H9-L9)', 'fanIdentity': 'H9-L9', 'fraction': '7/8', 'price': 23454.780272800926, 'type': 'RESISTANCE_TEST', 'details': 'Rejection / Pullback'}
2026-03-19 13:36:24,729 [INFO] [Tracking] Fan validated: Fan_H9_L9 via reversal at bar 194
2026-03-19 13:36:24,730 [INFO] [IntDet] Bar 195 | 2026-03-17 09:43 | H=23465.65 L=23417.30 C=23461.70 | Fans=3 Lines=21
2026-03-19 13:36:24,731 [INFO]   [P3 (H8-L8)] main: lineP=23763.71 | bars_from_origin=44.0 slope=15.3945 | ABOVE gap=298.06
2026-03-19 13:36:24,731 [INFO]   [P3 (H8-L8)] 0.875: lineP=23466.64 | bars_from_origin=44.0 slope=8.6429 | ABOVE gap=0.99
2026-03-19 13:36:24,731 [INFO]   [P3 (H8-L8)] 0.75: lineP=23338.85 | bars_from_origin=44.0 slope=5.7387 | BELOW gap=78.45
2026-03-19 13:36:24,732 [INFO]   [P3 (H8-L8)] 0.5: lineP=23213.60 | bars_from_origin=44.0 slope=2.8920 | BELOW gap=203.70
2026-03-19 13:36:24,732 [INFO]   [P3 (H8-L8)] 0.25: lineP=23142.30 | bars_from_origin=44.0 slope=1.2715 | BELOW gap=275.00
2026-03-19 13:36:24,732 [INFO]   [P3 (H8-L8)] 0.125: lineP=23113.53 | bars_from_origin=44.0 slope=0.6177 | BELOW gap=303.77
2026-03-19 13:36:24,732 [INFO]   [P3 (H8-L8)] main: lineP=23164.43 | bars_from_origin=17.0 slope=0.0000 | BELOW gap=252.87
2026-03-19 13:36:24,733 [INFO]   [P2 (L9-H8)] main: lineP=23193.35 | bars_from_origin=17.0 slope=-18.1556 | BELOW gap=223.95
2026-03-19 13:36:24,733 [INFO]   [P2 (L9-H8)] 0.875: lineP=23341.77 | bars_from_origin=17.0 slope=-9.4253 | BELOW gap=75.53
2026-03-19 13:36:24,733 [INFO]   [P2 (L9-H8)] 0.75: lineP=23398.64 | bars_from_origin=17.0 slope=-6.0800 | BELOW gap=18.66
2026-03-19 13:36:24,733 [INFO]   [P2 (L9-H8)] 0.5: lineP=23451.07 | bars_from_origin=17.0 slope=-2.9960 | HIT gap=0.00
2026-03-19 13:36:24,733 [INFO]     >>> HIT RECORDED: P2 (L9-H8) frac=0.5 @ 23451.07
2026-03-19 13:36:24,733 [INFO]   [P2 (L9-H8)] 0.25: lineP=23479.78 | bars_from_origin=17.0 slope=-1.3070 | ABOVE gap=14.13
2026-03-19 13:36:24,733 [INFO]   [P2 (L9-H8)] 0.125: lineP=23491.22 | bars_from_origin=17.0 slope=-0.6339 | ABOVE gap=25.57
2026-03-19 13:36:24,733 [INFO]   [P2 (L9-H8)] main: lineP=23475.04 | bars_from_origin=8.0 slope=0.0000 | ABOVE gap=9.39
2026-03-19 13:36:24,733 [INFO]   [P1 (H9-L9)] main: lineP=24575.40 | bars_from_origin=8.0 slope=154.5996 | ABOVE gap=1109.75
2026-03-19 13:36:24,733 [INFO]   [P1 (H9-L9)] 0.875: lineP=23471.38 | bars_from_origin=8.0 slope=16.5972 | ABOVE gap=5.73
2026-03-19 13:36:24,734 [INFO]   [P1 (H9-L9)] 0.75: lineP=23405.89 | bars_from_origin=8.0 slope=8.4112 | BELOW gap=11.41
2026-03-19 13:36:24,734 [INFO]   [P1 (H9-L9)] 0.5: lineP=23367.20 | bars_from_origin=8.0 slope=3.5747 | BELOW gap=50.10
2026-03-19 13:36:24,734 [INFO]   [P1 (H9-L9)] 0.25: lineP=23350.53 | bars_from_origin=8.0 slope=1.4908 | BELOW gap=66.77
2026-03-19 13:36:24,734 [INFO]   [P1 (H9-L9)] 0.125: lineP=23344.33 | bars_from_origin=8.0 slope=0.7168 | BELOW gap=72.97
2026-03-19 13:36:24,734 [INFO]   [P1 (H9-L9)] main: lineP=23342.17 | bars_from_origin=7.0 slope=0.0000 | BELOW gap=75.13
2026-03-19 13:36:24,734 [INFO]   [IntDet] Total hits this bar: 1
2026-03-19 13:36:24,734 [INFO] [Study] Emitting intersection event (DIRECT): {'time': 1773720780, 'fan': 'P2 (L9-H8)', 'fanIdentity': 'L9-H8', 'fraction': '1/2', 'price': 23451.067940840956, 'type': 'CROSS_UP', 'details': 'Breakout Attempt'}
2026-03-19 13:36:24,739 [INFO] [Tracking] Breach CONFIRMED: Fan_L9_H8 0.75 up (T+2 bars)
2026-03-19 13:36:24,739 [INFO] [Tracking] Breach CONFIRMED: Fan_H9_L9 0.75 up (T+2 bars)
2026-03-19 13:36:24,740 [INFO] [IntDet] Bar 196 | 2026-03-17 09:47 | H=23486.30 L=23462.00 C=23477.65 | Fans=3 Lines=21
2026-03-19 13:36:24,740 [INFO]   [P3 (H8-L8)] main: lineP=23779.10 | bars_from_origin=45.0 slope=15.3945 | ABOVE gap=292.80
2026-03-19 13:36:24,740 [INFO]   [P3 (H8-L8)] 0.875: lineP=23475.28 | bars_from_origin=45.0 slope=8.6429 | HIT gap=0.00
2026-03-19 13:36:24,741 [INFO]     >>> HIT RECORDED: P3 (H8-L8) frac=0.875 @ 23475.28
2026-03-19 13:36:24,741 [INFO]   [P3 (H8-L8)] 0.75: lineP=23344.59 | bars_from_origin=45.0 slope=5.7387 | BELOW gap=117.41
2026-03-19 13:36:24,741 [INFO]   [P3 (H8-L8)] 0.5: lineP=23216.49 | bars_from_origin=45.0 slope=2.8920 | BELOW gap=245.51
2026-03-19 13:36:24,741 [INFO]   [P3 (H8-L8)] 0.25: lineP=23143.57 | bars_from_origin=45.0 slope=1.2715 | BELOW gap=318.43
2026-03-19 13:36:24,741 [INFO]   [P3 (H8-L8)] 0.125: lineP=23114.14 | bars_from_origin=45.0 slope=0.6177 | BELOW gap=347.86
2026-03-19 13:36:24,741 [INFO]   [P3 (H8-L8)] main: lineP=23164.43 | bars_from_origin=18.0 slope=0.0000 | BELOW gap=297.57
2026-03-19 13:36:24,741 [INFO]   [P2 (L9-H8)] main: lineP=23175.20 | bars_from_origin=18.0 slope=-18.1556 | BELOW gap=286.80
2026-03-19 13:36:24,741 [INFO]   [P2 (L9-H8)] 0.875: lineP=23332.34 | bars_from_origin=18.0 slope=-9.4253 | BELOW gap=129.66
2026-03-19 13:36:24,741 [INFO]   [P2 (L9-H8)] 0.75: lineP=23392.56 | bars_from_origin=18.0 slope=-6.0800 | BELOW gap=69.44
2026-03-19 13:36:24,741 [INFO]   [P2 (L9-H8)] 0.5: lineP=23448.07 | bars_from_origin=18.0 slope=-2.9960 | BELOW gap=13.93
2026-03-19 13:36:24,742 [INFO]   [P2 (L9-H8)] 0.25: lineP=23478.47 | bars_from_origin=18.0 slope=-1.3070 | HIT gap=0.00
2026-03-19 13:36:24,742 [INFO]     >>> HIT RECORDED: P2 (L9-H8) frac=0.25 @ 23478.47
2026-03-19 13:36:24,742 [INFO]   [P2 (L9-H8)] 0.125: lineP=23490.59 | bars_from_origin=18.0 slope=-0.6339 | ABOVE gap=4.29
2026-03-19 13:36:24,742 [INFO]   [P2 (L9-H8)] main: lineP=23475.04 | bars_from_origin=9.0 slope=0.0000 | HIT gap=0.00
2026-03-19 13:36:24,742 [INFO]     >>> HIT RECORDED: P2 (L9-H8) frac=main @ 23475.04
2026-03-19 13:36:24,742 [INFO]   [P1 (H9-L9)] main: lineP=24730.00 | bars_from_origin=9.0 slope=154.5996 | ABOVE gap=1243.70
2026-03-19 13:36:24,742 [INFO]   [P1 (H9-L9)] 0.875: lineP=23487.97 | bars_from_origin=9.0 slope=16.5972 | ABOVE gap=1.67
2026-03-19 13:36:24,742 [INFO]   [P1 (H9-L9)] 0.75: lineP=23414.30 | bars_from_origin=9.0 slope=8.4112 | BELOW gap=47.70
2026-03-19 13:36:24,742 [INFO]   [P1 (H9-L9)] 0.5: lineP=23370.77 | bars_from_origin=9.0 slope=3.5747 | BELOW gap=91.23
2026-03-19 13:36:24,742 [INFO]   [P1 (H9-L9)] 0.25: lineP=23352.02 | bars_from_origin=9.0 slope=1.4908 | BELOW gap=109.98
2026-03-19 13:36:24,742 [INFO]   [P1 (H9-L9)] 0.125: lineP=23345.05 | bars_from_origin=9.0 slope=0.7168 | BELOW gap=116.95
2026-03-19 13:36:24,743 [INFO]   [P1 (H9-L9)] main: lineP=23342.17 | bars_from_origin=8.0 slope=0.0000 | BELOW gap=119.83
2026-03-19 13:36:24,743 [INFO]   [IntDet] Total hits this bar: 3
2026-03-19 13:36:24,743 [INFO] [Study] Emitting intersection event (DIRECT): {'time': 1773721020, 'fan': 'P3 (H8-L8)', 'fanIdentity': 'H8-L8', 'fraction': '7/8', 'price': 23475.279311207956, 'type': 'CROSS_UP', 'details': 'Breakout Attempt'}
2026-03-19 13:36:24,748 [INFO] [Study] Emitting intersection event (DIRECT): {'time': 1773721020, 'fan': 'P2 (L9-H8)', 'fanIdentity': 'L9-H8', 'fraction': '1/4', 'price': 23478.473955928683, 'type': 'RESISTANCE_TEST', 'details': 'Rejection / Pullback'}
2026-03-19 13:36:24,752 [INFO] [Study] Emitting intersection event (DIRECT): {'time': 1773721020, 'fan': 'P2 (L9-H8)', 'fanIdentity': 'L9-H8', 'fraction': 'Horizontal', 'price': 23475.035968680506, 'type': 'CROSS_UP', 'details': 'Breakout Attempt'}
2026-03-19 13:36:24,756 [INFO] [Tracking] Breach CONFIRMED: Fan_L9_H8 0.5 up (T+1 bars)
2026-03-19 13:36:24,757 [INFO] [IntDet] Bar 197 | 2026-03-17 09:51 | H=23488.30 L=23456.40 C=23483.00 | Fans=3 Lines=21
2026-03-19 13:36:24,757 [INFO]   [P3 (H8-L8)] main: lineP=23794.49 | bars_from_origin=46.0 slope=15.3945 | ABOVE gap=306.19
2026-03-19 13:36:24,757 [INFO]   [P3 (H8-L8)] 0.875: lineP=23483.92 | bars_from_origin=46.0 slope=8.6429 | HIT gap=0.00
2026-03-19 13:36:24,757 [INFO]     >>> HIT RECORDED: P3 (H8-L8) frac=0.875 @ 23483.92
2026-03-19 13:36:24,757 [INFO]   [P3 (H8-L8)] 0.75: lineP=23350.33 | bars_from_origin=46.0 slope=5.7387 | BELOW gap=106.07
2026-03-19 13:36:24,757 [INFO]   [P3 (H8-L8)] 0.5: lineP=23219.38 | bars_from_origin=46.0 slope=2.8920 | BELOW gap=237.02
2026-03-19 13:36:24,758 [INFO]   [P3 (H8-L8)] 0.25: lineP=23144.84 | bars_from_origin=46.0 slope=1.2715 | BELOW gap=311.56
2026-03-19 13:36:24,758 [INFO]   [P3 (H8-L8)] 0.125: lineP=23114.76 | bars_from_origin=46.0 slope=0.6177 | BELOW gap=341.64
2026-03-19 13:36:24,758 [INFO]   [P3 (H8-L8)] main: lineP=23164.43 | bars_from_origin=19.0 slope=0.0000 | BELOW gap=291.97
2026-03-19 13:36:24,758 [INFO]   [P2 (L9-H8)] main: lineP=23157.04 | bars_from_origin=19.0 slope=-18.1556 | BELOW gap=299.36
2026-03-19 13:36:24,758 [INFO]   [P2 (L9-H8)] 0.875: lineP=23322.92 | bars_from_origin=19.0 slope=-9.4253 | BELOW gap=133.48
2026-03-19 13:36:24,758 [INFO]   [P2 (L9-H8)] 0.75: lineP=23386.48 | bars_from_origin=19.0 slope=-6.0800 | BELOW gap=69.92
2026-03-19 13:36:24,758 [INFO]   [P2 (L9-H8)] 0.5: lineP=23445.08 | bars_from_origin=19.0 slope=-2.9960 | BELOW gap=11.32
2026-03-19 13:36:24,758 [INFO]   [P2 (L9-H8)] 0.25: lineP=23477.17 | bars_from_origin=19.0 slope=-1.3070 | HIT gap=0.00
2026-03-19 13:36:24,758 [INFO]     >>> HIT RECORDED: P2 (L9-H8) frac=0.25 @ 23477.17
2026-03-19 13:36:24,758 [INFO]   [P2 (L9-H8)] 0.125: lineP=23489.96 | bars_from_origin=19.0 slope=-0.6339 | ABOVE gap=1.66
2026-03-19 13:36:24,759 [INFO]   [P2 (L9-H8)] main: lineP=23475.04 | bars_from_origin=10.0 slope=0.0000 | HIT gap=0.00
2026-03-19 13:36:24,759 [INFO]     >>> HIT RECORDED: P2 (L9-H8) frac=main @ 23475.04
2026-03-19 13:36:24,759 [INFO]   [P1 (H9-L9)] main: lineP=24884.60 | bars_from_origin=10.0 slope=154.5996 | ABOVE gap=1396.29
2026-03-19 13:36:24,759 [INFO]   [P1 (H9-L9)] 0.875: lineP=23504.57 | bars_from_origin=10.0 slope=16.5972 | ABOVE gap=16.27
2026-03-19 13:36:24,759 [INFO]   [P1 (H9-L9)] 0.75: lineP=23422.71 | bars_from_origin=10.0 slope=8.4112 | BELOW gap=33.69
2026-03-19 13:36:24,759 [INFO]   [P1 (H9-L9)] 0.5: lineP=23374.35 | bars_from_origin=10.0 slope=3.5747 | BELOW gap=82.05
2026-03-19 13:36:24,759 [INFO]   [P1 (H9-L9)] 0.25: lineP=23353.51 | bars_from_origin=10.0 slope=1.4908 | BELOW gap=102.89
2026-03-19 13:36:24,759 [INFO]   [P1 (H9-L9)] 0.125: lineP=23345.77 | bars_from_origin=10.0 slope=0.7168 | BELOW gap=110.63
2026-03-19 13:36:24,759 [INFO]   [P1 (H9-L9)] main: lineP=23342.17 | bars_from_origin=9.0 slope=0.0000 | BELOW gap=114.23
2026-03-19 13:36:24,760 [INFO]   [IntDet] Total hits this bar: 3
2026-03-19 13:36:24,760 [INFO] [Study] Emitting intersection event (DIRECT): {'time': 1773721260, 'fan': 'P3 (H8-L8)', 'fanIdentity': 'H8-L8', 'fraction': '7/8', 'price': 23483.92219347091, 'type': 'RESISTANCE_TEST', 'details': 'Rejection / Pullback'}
2026-03-19 13:36:24,763 [INFO] [Study] Emitting intersection event (DIRECT): {'time': 1773721260, 'fan': 'P2 (L9-H8)', 'fanIdentity': 'L9-H8', 'fraction': '1/4', 'price': 23477.166953480275, 'type': 'SUPPORT_TEST', 'details': 'Resting / Throwback'}
2026-03-19 13:36:24,767 [INFO] [Study] Emitting intersection event (DIRECT): {'time': 1773721260, 'fan': 'P2 (L9-H8)', 'fanIdentity': 'L9-H8', 'fraction': 'Horizontal', 'price': 23475.035968680506, 'type': 'SUPPORT_TEST', 'details': 'Resting / Throwback'}
2026-03-19 13:36:24,771 [INFO] [Study] Removing invalidated/excess fan: Fan_H9_L9
2026-03-19 13:36:24,771 [INFO] [Study] Updating fan priority: Fan_H8_L8 -> P2 (H8-L8)
2026-03-19 13:36:24,772 [INFO] [Study] Updating fan priority: Fan_L9_H8 -> P1 (L9-H8)
2026-03-19 13:36:24,772 [INFO] [Study] Creating new fan: Fan_H8_L6 (P3 (H8-L6))
2026-03-19 13:36:24,772 [INFO] [AngleEngine] scale_ratio=3.6603, slope_per_bar=9.2619, visual_slope=2.5304, theta=68.44 deg
2026-03-19 13:36:24,773 [INFO] --- [AngleEngine] Fan Created: Fan_H8_L6 ---
2026-03-19 13:36:24,773 [INFO]   Origin: Bar 119, Time 1773638700, Price 22955.55078125
2026-03-19 13:36:24,773 [INFO]   Target: Bar 178, Time 1773652860, Price 23502.0
2026-03-19 13:36:24,773 [INFO]   Delta: db=59, dp_origin=546.45
2026-03-19 13:36:24,774 [INFO]   Scale Params: Ratio=3.6603, Radius=160.53 bars, Slope/Bar=9.2619
2026-03-19 13:36:24,774 [INFO]   Line 0.875: EndBar=1773652860 (approx), EndPrice=23327.82
2026-03-19 13:36:24,774 [INFO]   Line 0.75: EndBar=1773652860 (approx), EndPrice=23225.37
2026-03-19 13:36:24,774 [INFO]   Line 0.5: EndBar=1773652860 (approx), EndPrice=23102.41
2026-03-19 13:36:24,774 [INFO]   Line 0.25: EndBar=1773652860 (approx), EndPrice=23022.03
2026-03-19 13:36:24,774 [INFO]   Line 0.125: EndBar=1773652860 (approx), EndPrice=22988.04
2026-03-19 13:36:24,774 [INFO] [IntDet] Bar 198 | 2026-03-17 09:55 | H=23501.60 L=23466.00 C=23495.15 | Fans=3 Lines=21
2026-03-19 13:36:24,774 [INFO]   [P2 (H8-L8)] main: lineP=23809.89 | bars_from_origin=47.0 slope=15.3945 | ABOVE gap=308.29
2026-03-19 13:36:24,774 [INFO]   [P2 (H8-L8)] 0.875: lineP=23492.57 | bars_from_origin=47.0 slope=8.6429 | HIT gap=0.00
2026-03-19 13:36:24,774 [INFO]     >>> HIT RECORDED: P2 (H8-L8) frac=0.875 @ 23492.57
2026-03-19 13:36:24,775 [INFO]   [P2 (H8-L8)] 0.75: lineP=23356.07 | bars_from_origin=47.0 slope=5.7387 | BELOW gap=109.93
2026-03-19 13:36:24,775 [INFO]   [P2 (H8-L8)] 0.5: lineP=23222.28 | bars_from_origin=47.0 slope=2.8920 | BELOW gap=243.72
2026-03-19 13:36:24,775 [INFO]   [P2 (H8-L8)] 0.25: lineP=23146.11 | bars_from_origin=47.0 slope=1.2715 | BELOW gap=319.89
2026-03-19 13:36:24,775 [INFO]   [P2 (H8-L8)] 0.125: lineP=23115.38 | bars_from_origin=47.0 slope=0.6177 | BELOW gap=350.62
2026-03-19 13:36:24,775 [INFO]   [P2 (H8-L8)] main: lineP=23164.43 | bars_from_origin=20.0 slope=0.0000 | BELOW gap=301.57
2026-03-19 13:36:24,775 [INFO]   [P1 (L9-H8)] main: lineP=23138.89 | bars_from_origin=20.0 slope=-18.1556 | BELOW gap=327.11
2026-03-19 13:36:24,775 [INFO]   [P1 (L9-H8)] 0.875: lineP=23313.49 | bars_from_origin=20.0 slope=-9.4253 | BELOW gap=152.51
2026-03-19 13:36:24,775 [INFO]   [P1 (L9-H8)] 0.75: lineP=23380.40 | bars_from_origin=20.0 slope=-6.0800 | BELOW gap=85.60
2026-03-19 13:36:24,775 [INFO]   [P1 (L9-H8)] 0.5: lineP=23442.08 | bars_from_origin=20.0 slope=-2.9960 | BELOW gap=23.92
2026-03-19 13:36:24,776 [INFO]   [P1 (L9-H8)] 0.25: lineP=23475.86 | bars_from_origin=20.0 slope=-1.3070 | HIT gap=0.00
2026-03-19 13:36:24,776 [INFO]     >>> HIT RECORDED: P1 (L9-H8) frac=0.25 @ 23475.86
2026-03-19 13:36:24,776 [INFO]   [P1 (L9-H8)] 0.125: lineP=23489.32 | bars_from_origin=20.0 slope=-0.6339 | HIT gap=0.00
2026-03-19 13:36:24,776 [INFO]     >>> HIT RECORDED: P1 (L9-H8) frac=0.125 @ 23489.32
2026-03-19 13:36:24,776 [INFO]   [P1 (L9-H8)] main: lineP=23475.04 | bars_from_origin=11.0 slope=0.0000 | HIT gap=0.00
2026-03-19 13:36:24,778 [INFO]     >>> HIT RECORDED: P1 (L9-H8) frac=main @ 23475.04
2026-03-19 13:36:24,778 [INFO]   [P3 (H8-L6)] main: lineP=23687.24 | bars_from_origin=79.0 slope=9.2619 | ABOVE gap=185.64
2026-03-19 13:36:24,778 [INFO]   [P3 (H8-L6)] 0.875: lineP=23454.01 | bars_from_origin=79.0 slope=6.3096 | BELOW gap=11.99
2026-03-19 13:36:24,778 [INFO]   [P3 (H8-L6)] 0.75: lineP=23316.83 | bars_from_origin=79.0 slope=4.5732 | BELOW gap=149.17
2026-03-19 13:36:24,778 [INFO]   [P3 (H8-L6)] 0.5: lineP=23152.20 | bars_from_origin=79.0 slope=2.4892 | BELOW gap=313.80
2026-03-19 13:36:24,778 [INFO]   [P3 (H8-L6)] 0.25: lineP=23044.56 | bars_from_origin=79.0 slope=1.1267 | BELOW gap=421.44
2026-03-19 13:36:24,778 [INFO]   [P3 (H8-L6)] 0.125: lineP=22999.05 | bars_from_origin=79.0 slope=0.5506 | BELOW gap=466.95
2026-03-19 13:36:24,779 [INFO]   [P3 (H8-L6)] main: lineP=23102.41 | bars_from_origin=20.0 slope=0.0000 | BELOW gap=363.59
2026-03-19 13:36:24,779 [INFO]   [IntDet] Total hits this bar: 4
2026-03-19 13:36:24,779 [INFO] [Study] Emitting intersection event (DIRECT): {'time': 1773721500, 'fan': 'P2 (H8-L8)', 'fanIdentity': 'H8-L8', 'fraction': '7/8', 'price': 23492.565075733863, 'type': 'CROSS_UP', 'details': 'Breakout Attempt'}
2026-03-19 13:36:24,783 [INFO] [Study] Emitting intersection event (DIRECT): {'time': 1773721500, 'fan': 'P1 (L9-H8)', 'fanIdentity': 'L9-H8', 'fraction': '1/4', 'price': 23475.85995103187, 'type': 'SUPPORT_TEST', 'details': 'Resting / Throwback'}
2026-03-19 13:36:24,786 [INFO] [Study] Emitting intersection event (DIRECT): {'time': 1773721500, 'fan': 'P1 (L9-H8)', 'fanIdentity': 'L9-H8', 'fraction': '1/8', 'price': 23489.32197564465, 'type': 'CROSS_UP', 'details': 'Breakout Attempt'}
2026-03-19 13:36:24,790 [INFO] [Study] Emitting intersection event (DIRECT): {'time': 1773721500, 'fan': 'P1 (L9-H8)', 'fanIdentity': 'L9-H8', 'fraction': 'Horizontal', 'price': 23475.035968680506, 'type': 'SUPPORT_TEST', 'details': 'Resting / Throwback'}
2026-03-19 13:36:24,793 [INFO] [Tracking] Breach CONFIRMED: Fan_H8_L8 0.875 up (T+2 bars)
2026-03-19 13:36:24,793 [INFO] [Tracking] Breach CONFIRMED: Fan_L9_H8 Horizontal up (T+2 bars)
2026-03-19 13:36:24,794 [INFO] [Study] Removing invalidated/excess fan: Fan_H8_L8
2026-03-19 13:36:24,795 [INFO] [Study] Removing invalidated/excess fan: Fan_L9_H8
2026-03-19 13:36:24,795 [INFO] [Study] Removing invalidated/excess fan: Fan_H8_L6
2026-03-19 13:36:24,795 [INFO] [IntDet] Bar 199 | 2026-03-17 09:59 | H=23524.10 L=23480.30 C=23523.65 | Fans=0 Lines=0
2026-03-19 13:36:24,796 [INFO] [IntDet] Bar 200 | 2026-03-17 10:03 | H=23530.35 L=23505.20 C=23524.20 | Fans=0 Lines=0
2026-03-19 13:36:24,797 [INFO] [IntDet] Bar 201 | 2026-03-17 10:07 | H=23529.25 L=23512.65 C=23518.00 | Fans=0 Lines=0
2026-03-19 13:36:24,798 [INFO] [IntDet] Bar 202 | 2026-03-17 10:11 | H=23536.85 L=23504.80 C=23526.00 | Fans=0 Lines=0
2026-03-19 13:36:24,799 [INFO] [IntDet] Bar 203 | 2026-03-17 10:15 | H=23549.15 L=23525.75 C=23542.40 | Fans=0 Lines=0
2026-03-19 13:36:24,800 [INFO] [IntDet] Bar 204 | 2026-03-17 10:19 | H=23572.90 L=23536.60 C=23572.55 | Fans=0 Lines=0
2026-03-19 13:36:24,801 [INFO] [IntDet] Bar 205 | 2026-03-17 10:23 | H=23576.55 L=23539.15 C=23541.75 | Fans=0 Lines=0
2026-03-19 13:36:24,802 [INFO] [IntDet] Bar 206 | 2026-03-17 10:27 | H=23544.35 L=23482.25 C=23484.40 | Fans=0 Lines=0
2026-03-19 13:36:24,803 [INFO] [IntDet] Bar 207 | 2026-03-17 10:31 | H=23510.65 L=23470.00 C=23470.10 | Fans=0 Lines=0
2026-03-19 13:36:24,804 [INFO] [IntDet] Bar 208 | 2026-03-17 10:35 | H=23483.15 L=23443.00 C=23477.95 | Fans=0 Lines=0
2026-03-19 13:36:24,804 [INFO] [IntDet] Bar 209 | 2026-03-17 10:39 | H=23493.80 L=23461.25 C=23478.15 | Fans=0 Lines=0
2026-03-19 13:36:24,805 [INFO] [Study] Creating new fan: Fan_H9_L9 (P1 (H9-L9))
2026-03-19 13:36:24,806 [INFO] [AngleEngine] scale_ratio=3.6603, slope_per_bar=13.2195, visual_slope=3.6116, theta=74.52 deg
2026-03-19 13:36:24,806 [INFO] --- [AngleEngine] Fan Created: Fan_H9_L9 ---
2026-03-19 13:36:24,806 [INFO]   Origin: Bar 187, Time 1773655020, Price 23338.599609375
2026-03-19 13:36:24,806 [INFO]   Target: Bar 205, Time 1773723180, Price 23576.55078125
2026-03-19 13:36:24,807 [INFO]   Delta: db=18, dp_origin=237.95
2026-03-19 13:36:24,807 [INFO]   Scale Params: Ratio=3.6603, Radius=67.45 bars, Slope/Bar=13.2195
2026-03-19 13:36:24,807 [INFO]   Line 0.875: EndBar=1773723180 (approx), EndPrice=23481.24
2026-03-19 13:36:24,807 [INFO]   Line 0.75: EndBar=1773723180 (approx), EndPrice=23435.88
2026-03-19 13:36:24,807 [INFO]   Line 0.5: EndBar=1773723180 (approx), EndPrice=23388.72
2026-03-19 13:36:24,807 [INFO]   Line 0.25: EndBar=1773723180 (approx), EndPrice=23360.81
2026-03-19 13:36:24,807 [INFO]   Line 0.125: EndBar=1773723180 (approx), EndPrice=23349.41
2026-03-19 13:36:24,808 [INFO] [Study] Creating new fan: Fan_H9_L6 (P3 (H9-L6))
2026-03-19 13:36:24,808 [INFO] [AngleEngine] scale_ratio=3.6603, slope_per_bar=7.2209, visual_slope=1.9728, theta=63.12 deg
2026-03-19 13:36:24,808 [INFO] --- [AngleEngine] Fan Created: Fan_H9_L6 ---
2026-03-19 13:36:24,808 [INFO]   Origin: Bar 119, Time 1773638700, Price 22955.55078125
2026-03-19 13:36:24,808 [INFO]   Target: Bar 205, Time 1773723180, Price 23576.55078125
2026-03-19 13:36:24,808 [INFO]   Delta: db=86, dp_origin=621.00
2026-03-19 13:36:24,808 [INFO]   Scale Params: Ratio=3.6603, Radius=190.21 bars, Slope/Bar=7.2209
2026-03-19 13:36:24,809 [INFO]   Line 0.875: EndBar=1773723180 (approx), EndPrice=23408.97
2026-03-19 13:36:24,809 [INFO]   Line 0.75: EndBar=1773723180 (approx), EndPrice=23297.15
2026-03-19 13:36:24,809 [INFO]   Line 0.5: EndBar=1773723180 (approx), EndPrice=23148.90
2026-03-19 13:36:24,809 [INFO]   Line 0.25: EndBar=1773723180 (approx), EndPrice=23044.51
2026-03-19 13:36:24,809 [INFO]   Line 0.125: EndBar=1773723180 (approx), EndPrice=22999.17
2026-03-19 13:36:24,809 [INFO] [Study] Creating new fan: Fan_H9_L8 (P2 (H9-L8))
2026-03-19 13:36:24,809 [INFO] [AngleEngine] scale_ratio=3.6603, slope_per_bar=9.0778, visual_slope=2.4801, theta=68.04 deg
2026-03-19 13:36:24,810 [INFO] --- [AngleEngine] Fan Created: Fan_H9_L8 ---
2026-03-19 13:36:24,810 [INFO]   Origin: Bar 151, Time 1773646380, Price 23086.349609375
2026-03-19 13:36:24,810 [INFO]   Target: Bar 205, Time 1773723180, Price 23576.55078125
2026-03-19 13:36:24,810 [INFO]   Delta: db=54, dp_origin=490.20
2026-03-19 13:36:24,810 [INFO]   Scale Params: Ratio=3.6603, Radius=144.40 bars, Slope/Bar=9.0778
2026-03-19 13:36:24,810 [INFO]   Line 0.875: EndBar=1773723180 (approx), EndPrice=23422.37
2026-03-19 13:36:24,810 [INFO]   Line 0.75: EndBar=1773723180 (approx), EndPrice=23330.70
2026-03-19 13:36:24,811 [INFO]   Line 0.5: EndBar=1773723180 (approx), EndPrice=23219.77
2026-03-19 13:36:24,811 [INFO]   Line 0.25: EndBar=1773723180 (approx), EndPrice=23146.82
2026-03-19 13:36:24,811 [INFO]   Line 0.125: EndBar=1773723180 (approx), EndPrice=23115.91
2026-03-19 13:36:24,811 [INFO] [IntDet] Bar 210 | 2026-03-17 10:43 | H=23500.85 L=23478.05 C=23498.20 | Fans=3 Lines=21
2026-03-19 13:36:24,811 [INFO]   [P1 (H9-L9)] main: lineP=23642.65 | bars_from_origin=23.0 slope=13.2195 | ABOVE gap=141.80
2026-03-19 13:36:24,811 [INFO]   [P1 (H9-L9)] 0.875: lineP=23520.86 | bars_from_origin=23.0 slope=7.9245 | ABOVE gap=20.01
2026-03-19 13:36:24,811 [INFO]   [P1 (H9-L9)] 0.75: lineP=23462.91 | bars_from_origin=23.0 slope=5.4047 | BELOW gap=15.14
2026-03-19 13:36:24,811 [INFO]   [P1 (H9-L9)] 0.5: lineP=23402.64 | bars_from_origin=23.0 slope=2.7845 | BELOW gap=75.41
2026-03-19 13:36:24,811 [INFO]   [P1 (H9-L9)] 0.25: lineP=23366.98 | bars_from_origin=23.0 slope=1.2340 | BELOW gap=111.07
2026-03-19 13:36:24,811 [INFO]   [P1 (H9-L9)] 0.125: lineP=23352.41 | bars_from_origin=23.0 slope=0.6004 | BELOW gap=125.64
2026-03-19 13:36:24,812 [INFO]   [P1 (H9-L9)] main: lineP=23388.72 | bars_from_origin=5.0 slope=0.0000 | BELOW gap=89.33
2026-03-19 13:36:24,812 [INFO]   [P3 (H9-L6)] main: lineP=23612.66 | bars_from_origin=91.0 slope=7.2209 | ABOVE gap=111.81
2026-03-19 13:36:24,812 [INFO]   [P3 (H9-L6)] 0.875: lineP=23435.33 | bars_from_origin=91.0 slope=5.2723 | BELOW gap=42.72
2026-03-19 13:36:24,812 [INFO]   [P3 (H9-L6)] 0.75: lineP=23317.02 | bars_from_origin=91.0 slope=3.9721 | BELOW gap=161.04
2026-03-19 13:36:24,812 [INFO]   [P3 (H9-L6)] 0.5: lineP=23160.14 | bars_from_origin=91.0 slope=2.2483 | BELOW gap=317.91
2026-03-19 13:36:24,812 [INFO]   [P3 (H9-L6)] 0.25: lineP=23049.68 | bars_from_origin=91.0 slope=1.0344 | BELOW gap=428.37
2026-03-19 13:36:24,812 [INFO]   [P3 (H9-L6)] 0.125: lineP=23001.71 | bars_from_origin=91.0 slope=0.5073 | BELOW gap=476.34
2026-03-19 13:36:24,812 [INFO]   [P3 (H9-L6)] main: lineP=23148.90 | bars_from_origin=5.0 slope=0.0000 | BELOW gap=329.15
2026-03-19 13:36:24,812 [INFO]   [P2 (H9-L8)] main: lineP=23621.94 | bars_from_origin=59.0 slope=9.0778 | ABOVE gap=121.09
2026-03-19 13:36:24,813 [INFO]   [P2 (H9-L8)] 0.875: lineP=23453.49 | bars_from_origin=59.0 slope=6.2226 | BELOW gap=24.57
2026-03-19 13:36:24,813 [INFO]   [P2 (H9-L8)] 0.75: lineP=23353.32 | bars_from_origin=59.0 slope=4.5249 | BELOW gap=124.73
2026-03-19 13:36:24,813 [INFO]   [P2 (H9-L8)] 0.5: lineP=23232.12 | bars_from_origin=59.0 slope=2.4708 | BELOW gap=245.93
2026-03-19 13:36:24,813 [INFO]   [P2 (H9-L8)] 0.25: lineP=23152.42 | bars_from_origin=59.0 slope=1.1198 | BELOW gap=325.64
2026-03-19 13:36:24,813 [INFO]   [P2 (H9-L8)] 0.125: lineP=23118.64 | bars_from_origin=59.0 slope=0.5474 | BELOW gap=359.41
2026-03-19 13:36:24,813 [INFO]   [P2 (H9-L8)] main: lineP=23219.77 | bars_from_origin=5.0 slope=0.0000 | BELOW gap=258.28
2026-03-19 13:36:24,814 [INFO] [IntDet] Bar 211 | 2026-03-17 10:47 | H=23533.00 L=23475.50 C=23520.25 | Fans=3 Lines=21
2026-03-19 13:36:24,814 [INFO]   [P1 (H9-L9)] main: lineP=23655.87 | bars_from_origin=24.0 slope=13.2195 | ABOVE gap=122.87
2026-03-19 13:36:24,814 [INFO]   [P1 (H9-L9)] 0.875: lineP=23528.79 | bars_from_origin=24.0 slope=7.9245 | HIT gap=0.00
2026-03-19 13:36:24,815 [INFO]     >>> HIT RECORDED: P1 (H9-L9) frac=0.875 @ 23528.79
2026-03-19 13:36:24,815 [INFO]   [P1 (H9-L9)] 0.75: lineP=23468.31 | bars_from_origin=24.0 slope=5.4047 | BELOW gap=7.19
2026-03-19 13:36:24,815 [INFO]   [P1 (H9-L9)] 0.5: lineP=23405.43 | bars_from_origin=24.0 slope=2.7845 | BELOW gap=70.07
2026-03-19 13:36:24,815 [INFO]   [P1 (H9-L9)] 0.25: lineP=23368.22 | bars_from_origin=24.0 slope=1.2340 | BELOW gap=107.28
2026-03-19 13:36:24,815 [INFO]   [P1 (H9-L9)] 0.125: lineP=23353.01 | bars_from_origin=24.0 slope=0.6004 | BELOW gap=122.49
2026-03-19 13:36:24,815 [INFO]   [P1 (H9-L9)] main: lineP=23388.72 | bars_from_origin=6.0 slope=0.0000 | BELOW gap=86.78
2026-03-19 13:36:24,815 [INFO]   [P3 (H9-L6)] main: lineP=23619.88 | bars_from_origin=92.0 slope=7.2209 | ABOVE gap=86.88
2026-03-19 13:36:24,815 [INFO]   [P3 (H9-L6)] 0.875: lineP=23440.60 | bars_from_origin=92.0 slope=5.2723 | BELOW gap=34.90
2026-03-19 13:36:24,815 [INFO]   [P3 (H9-L6)] 0.75: lineP=23320.99 | bars_from_origin=92.0 slope=3.9721 | BELOW gap=154.51
2026-03-19 13:36:24,816 [INFO]   [P3 (H9-L6)] 0.5: lineP=23162.39 | bars_from_origin=92.0 slope=2.2483 | BELOW gap=313.11
2026-03-19 13:36:24,816 [INFO]   [P3 (H9-L6)] 0.25: lineP=23050.71 | bars_from_origin=92.0 slope=1.0344 | BELOW gap=424.79
2026-03-19 13:36:24,816 [INFO]   [P3 (H9-L6)] 0.125: lineP=23002.22 | bars_from_origin=92.0 slope=0.5073 | BELOW gap=473.28
2026-03-19 13:36:24,816 [INFO]   [P3 (H9-L6)] main: lineP=23148.90 | bars_from_origin=6.0 slope=0.0000 | BELOW gap=326.60
2026-03-19 13:36:24,816 [INFO]   [P2 (H9-L8)] main: lineP=23631.02 | bars_from_origin=60.0 slope=9.0778 | ABOVE gap=98.02
2026-03-19 13:36:24,816 [INFO]   [P2 (H9-L8)] 0.875: lineP=23459.71 | bars_from_origin=60.0 slope=6.2226 | BELOW gap=15.79
2026-03-19 13:36:24,816 [INFO]   [P2 (H9-L8)] 0.75: lineP=23357.85 | bars_from_origin=60.0 slope=4.5249 | BELOW gap=117.65
2026-03-19 13:36:24,816 [INFO]   [P2 (H9-L8)] 0.5: lineP=23234.60 | bars_from_origin=60.0 slope=2.4708 | BELOW gap=240.90
2026-03-19 13:36:24,816 [INFO]   [P2 (H9-L8)] 0.25: lineP=23153.54 | bars_from_origin=60.0 slope=1.1198 | BELOW gap=321.96
2026-03-19 13:36:24,817 [INFO]   [P2 (H9-L8)] 0.125: lineP=23119.19 | bars_from_origin=60.0 slope=0.5474 | BELOW gap=356.31
2026-03-19 13:36:24,817 [INFO]   [P2 (H9-L8)] main: lineP=23219.77 | bars_from_origin=6.0 slope=0.0000 | BELOW gap=255.73
2026-03-19 13:36:24,817 [INFO]   [IntDet] Total hits this bar: 1
2026-03-19 13:36:24,817 [INFO] [Study] Emitting intersection event (DIRECT): {'time': 1773724620, 'fan': 'P1 (H9-L9)', 'fanIdentity': 'H9-L9', 'fraction': '7/8', 'price': 23528.787302822908, 'type': 'RESISTANCE_TEST', 'details': 'Rejection / Pullback'}
2026-03-19 13:36:24,821 [INFO] [Tracking] Fan validated: Fan_H9_L9 via reversal at bar 211
2026-03-19 13:36:24,823 [INFO] [IntDet] Bar 212 | 2026-03-17 10:51 | H=23531.70 L=23510.25 C=23519.95 | Fans=3 Lines=21
2026-03-19 13:36:24,823 [INFO]   [P1 (H9-L9)] main: lineP=23669.09 | bars_from_origin=25.0 slope=13.2195 | ABOVE gap=137.39
2026-03-19 13:36:24,823 [INFO]   [P1 (H9-L9)] 0.875: lineP=23536.71 | bars_from_origin=25.0 slope=7.9245 | ABOVE gap=5.01
2026-03-19 13:36:24,824 [INFO]   [P1 (H9-L9)] 0.75: lineP=23473.72 | bars_from_origin=25.0 slope=5.4047 | BELOW gap=36.53
2026-03-19 13:36:24,824 [INFO]   [P1 (H9-L9)] 0.5: lineP=23408.21 | bars_from_origin=25.0 slope=2.7845 | BELOW gap=102.04
2026-03-19 13:36:24,824 [INFO]   [P1 (H9-L9)] 0.25: lineP=23369.45 | bars_from_origin=25.0 slope=1.2340 | BELOW gap=140.80
2026-03-19 13:36:24,824 [INFO]   [P1 (H9-L9)] 0.125: lineP=23353.61 | bars_from_origin=25.0 slope=0.6004 | BELOW gap=156.64
2026-03-19 13:36:24,824 [INFO]   [P1 (H9-L9)] main: lineP=23388.72 | bars_from_origin=7.0 slope=0.0000 | BELOW gap=121.53
2026-03-19 13:36:24,824 [INFO]   [P3 (H9-L6)] main: lineP=23627.10 | bars_from_origin=93.0 slope=7.2209 | ABOVE gap=95.40
2026-03-19 13:36:24,825 [INFO]   [P3 (H9-L6)] 0.875: lineP=23445.87 | bars_from_origin=93.0 slope=5.2723 | BELOW gap=64.38
2026-03-19 13:36:24,825 [INFO]   [P3 (H9-L6)] 0.75: lineP=23324.96 | bars_from_origin=93.0 slope=3.9721 | BELOW gap=185.29
2026-03-19 13:36:24,825 [INFO]   [P3 (H9-L6)] 0.5: lineP=23164.64 | bars_from_origin=93.0 slope=2.2483 | BELOW gap=345.61
2026-03-19 13:36:24,825 [INFO]   [P3 (H9-L6)] 0.25: lineP=23051.75 | bars_from_origin=93.0 slope=1.0344 | BELOW gap=458.50
2026-03-19 13:36:24,825 [INFO]   [P3 (H9-L6)] 0.125: lineP=23002.73 | bars_from_origin=93.0 slope=0.5073 | BELOW gap=507.52
2026-03-19 13:36:24,825 [INFO]   [P3 (H9-L6)] main: lineP=23148.90 | bars_from_origin=7.0 slope=0.0000 | BELOW gap=361.35
2026-03-19 13:36:24,825 [INFO]   [P2 (H9-L8)] main: lineP=23640.10 | bars_from_origin=61.0 slope=9.0778 | ABOVE gap=108.40
2026-03-19 13:36:24,826 [INFO]   [P2 (H9-L8)] 0.875: lineP=23465.93 | bars_from_origin=61.0 slope=6.2226 | BELOW gap=44.32
2026-03-19 13:36:24,826 [INFO]   [P2 (H9-L8)] 0.75: lineP=23362.37 | bars_from_origin=61.0 slope=4.5249 | BELOW gap=147.88
2026-03-19 13:36:24,826 [INFO]   [P2 (H9-L8)] 0.5: lineP=23237.07 | bars_from_origin=61.0 slope=2.4708 | BELOW gap=273.18
2026-03-19 13:36:24,826 [INFO]   [P2 (H9-L8)] 0.25: lineP=23154.66 | bars_from_origin=61.0 slope=1.1198 | BELOW gap=355.59
2026-03-19 13:36:24,826 [INFO]   [P2 (H9-L8)] 0.125: lineP=23119.74 | bars_from_origin=61.0 slope=0.5474 | BELOW gap=390.51
2026-03-19 13:36:24,826 [INFO]   [P2 (H9-L8)] main: lineP=23219.77 | bars_from_origin=7.0 slope=0.0000 | BELOW gap=290.48
2026-03-19 13:36:24,827 [INFO] [Study] Removing invalidated/excess fan: Fan_H9_L6
2026-03-19 13:36:24,828 [INFO] [Study] Creating new fan: Fan_L10_H9 (P1 (L10-H9))
2026-03-19 13:36:24,828 [INFO] [AngleEngine] scale_ratio=3.6603, slope_per_bar=-44.5169, visual_slope=-12.1621, theta=-85.30 deg
2026-03-19 13:36:24,828 [INFO] --- [AngleEngine] Fan Created: Fan_L10_H9 ---
2026-03-19 13:36:24,829 [INFO]   Origin: Bar 205, Time 1773723180, Price 23576.55078125
2026-03-19 13:36:24,829 [INFO]   Target: Bar 208, Time 1773723900, Price 23443.0
2026-03-19 13:36:24,829 [INFO]   Delta: db=3, dp_origin=-133.55
2026-03-19 13:36:24,829 [INFO]   Scale Params: Ratio=3.6603, Radius=36.61 bars, Slope/Bar=-44.5169
2026-03-19 13:36:24,829 [INFO]   Line 0.875: EndBar=1773723900 (approx), EndPrice=23536.58
2026-03-19 13:36:24,829 [INFO]   Line 0.75: EndBar=1773723900 (approx), EndPrice=23554.06
2026-03-19 13:36:24,829 [INFO]   Line 0.5: EndBar=1773723900 (approx), EndPrice=23566.44
2026-03-19 13:36:24,829 [INFO]   Line 0.25: EndBar=1773723900 (approx), EndPrice=23572.26
2026-03-19 13:36:24,829 [INFO]   Line 0.125: EndBar=1773723900 (approx), EndPrice=23574.48
2026-03-19 13:36:24,830 [INFO] [Study] Updating fan priority: Fan_H9_L9 -> P2 (H9-L9)
2026-03-19 13:36:24,830 [INFO] [Study] Updating fan priority: Fan_H9_L8 -> P3 (H9-L8)
2026-03-19 13:36:24,830 [INFO] [IntDet] Bar 213 | 2026-03-17 10:55 | H=23533.90 L=23509.40 C=23522.70 | Fans=3 Lines=21
2026-03-19 13:36:24,830 [INFO]   [P2 (H9-L9)] main: lineP=23682.31 | bars_from_origin=26.0 slope=13.2195 | ABOVE gap=148.41
2026-03-19 13:36:24,830 [INFO]   [P2 (H9-L9)] 0.875: lineP=23544.64 | bars_from_origin=26.0 slope=7.9245 | ABOVE gap=10.74
2026-03-19 13:36:24,830 [INFO]   [P2 (H9-L9)] 0.75: lineP=23479.12 | bars_from_origin=26.0 slope=5.4047 | BELOW gap=30.28
2026-03-19 13:36:24,830 [INFO]   [P2 (H9-L9)] 0.5: lineP=23411.00 | bars_from_origin=26.0 slope=2.7845 | BELOW gap=98.40
2026-03-19 13:36:24,830 [INFO]   [P2 (H9-L9)] 0.25: lineP=23370.68 | bars_from_origin=26.0 slope=1.2340 | BELOW gap=138.72
2026-03-19 13:36:24,831 [INFO]   [P2 (H9-L9)] 0.125: lineP=23354.21 | bars_from_origin=26.0 slope=0.6004 | BELOW gap=155.19
2026-03-19 13:36:24,831 [INFO]   [P2 (H9-L9)] main: lineP=23388.72 | bars_from_origin=8.0 slope=0.0000 | BELOW gap=120.68
2026-03-19 13:36:24,831 [INFO]   [P3 (H9-L8)] main: lineP=23649.17 | bars_from_origin=62.0 slope=9.0778 | ABOVE gap=115.27
2026-03-19 13:36:24,831 [INFO]   [P3 (H9-L8)] 0.875: lineP=23472.15 | bars_from_origin=62.0 slope=6.2226 | BELOW gap=37.25
2026-03-19 13:36:24,831 [INFO]   [P3 (H9-L8)] 0.75: lineP=23366.90 | bars_from_origin=62.0 slope=4.5249 | BELOW gap=142.50
2026-03-19 13:36:24,831 [INFO]   [P3 (H9-L8)] 0.5: lineP=23239.54 | bars_from_origin=62.0 slope=2.4708 | BELOW gap=269.86
2026-03-19 13:36:24,831 [INFO]   [P3 (H9-L8)] 0.25: lineP=23155.78 | bars_from_origin=62.0 slope=1.1198 | BELOW gap=353.63
2026-03-19 13:36:24,831 [INFO]   [P3 (H9-L8)] 0.125: lineP=23120.29 | bars_from_origin=62.0 slope=0.5474 | BELOW gap=389.11
2026-03-19 13:36:24,831 [INFO]   [P3 (H9-L8)] main: lineP=23219.77 | bars_from_origin=8.0 slope=0.0000 | BELOW gap=289.63
2026-03-19 13:36:24,831 [INFO]   [P1 (L10-H9)] main: lineP=23220.42 | bars_from_origin=8.0 slope=-44.5169 | BELOW gap=288.99
2026-03-19 13:36:24,831 [INFO]   [P1 (L10-H9)] 0.875: lineP=23469.97 | bars_from_origin=8.0 slope=-13.3223 | BELOW gap=39.43
2026-03-19 13:36:24,832 [INFO]   [P1 (L10-H9)] 0.75: lineP=23516.58 | bars_from_origin=8.0 slope=-7.4963 | HIT gap=0.00
2026-03-19 13:36:24,832 [INFO]     >>> HIT RECORDED: P1 (L10-H9) frac=0.75 @ 23516.58
2026-03-19 13:36:24,832 [INFO]   [P1 (L10-H9)] 0.5: lineP=23549.58 | bars_from_origin=8.0 slope=-3.3717 | ABOVE gap=15.68
2026-03-19 13:36:24,832 [INFO]   [P1 (L10-H9)] 0.25: lineP=23565.12 | bars_from_origin=8.0 slope=-1.4289 | ABOVE gap=31.22
2026-03-19 13:36:24,832 [INFO]   [P1 (L10-H9)] 0.125: lineP=23571.04 | bars_from_origin=8.0 slope=-0.6891 | ABOVE gap=37.14
2026-03-19 13:36:24,832 [INFO]   [P1 (L10-H9)] main: lineP=23566.44 | bars_from_origin=5.0 slope=0.0000 | ABOVE gap=32.54
2026-03-19 13:36:24,832 [INFO]   [IntDet] Total hits this bar: 1
2026-03-19 13:36:24,832 [INFO] [Study] Emitting intersection event (DIRECT): {'time': 1773725100, 'fan': 'P1 (L10-H9)', 'fanIdentity': 'L10-H9', 'fraction': '3/4', 'price': 23516.580263578362, 'type': 'SUPPORT_TEST', 'details': 'Resting / Throwback'}
2026-03-19 13:36:24,838 [INFO] [IntDet] Bar 214 | 2026-03-17 10:59 | H=23528.15 L=23511.50 C=23521.65 | Fans=3 Lines=21
2026-03-19 13:36:24,838 [INFO]   [P2 (H9-L9)] main: lineP=23695.53 | bars_from_origin=27.0 slope=13.2195 | ABOVE gap=167.38
2026-03-19 13:36:24,838 [INFO]   [P2 (H9-L9)] 0.875: lineP=23552.56 | bars_from_origin=27.0 slope=7.9245 | ABOVE gap=24.41
2026-03-19 13:36:24,838 [INFO]   [P2 (H9-L9)] 0.75: lineP=23484.53 | bars_from_origin=27.0 slope=5.4047 | BELOW gap=26.97
2026-03-19 13:36:24,838 [INFO]   [P2 (H9-L9)] 0.5: lineP=23413.78 | bars_from_origin=27.0 slope=2.7845 | BELOW gap=97.72
2026-03-19 13:36:24,839 [INFO]   [P2 (H9-L9)] 0.25: lineP=23371.92 | bars_from_origin=27.0 slope=1.2340 | BELOW gap=139.58
2026-03-19 13:36:24,839 [INFO]   [P2 (H9-L9)] 0.125: lineP=23354.81 | bars_from_origin=27.0 slope=0.6004 | BELOW gap=156.69
2026-03-19 13:36:24,839 [INFO]   [P2 (H9-L9)] main: lineP=23388.72 | bars_from_origin=9.0 slope=0.0000 | BELOW gap=122.78
2026-03-19 13:36:24,839 [INFO]   [P3 (H9-L8)] main: lineP=23658.25 | bars_from_origin=63.0 slope=9.0778 | ABOVE gap=130.10
2026-03-19 13:36:24,839 [INFO]   [P3 (H9-L8)] 0.875: lineP=23478.38 | bars_from_origin=63.0 slope=6.2226 | BELOW gap=33.12
2026-03-19 13:36:24,839 [INFO]   [P3 (H9-L8)] 0.75: lineP=23371.42 | bars_from_origin=63.0 slope=4.5249 | BELOW gap=140.08
2026-03-19 13:36:24,839 [INFO]   [P3 (H9-L8)] 0.5: lineP=23242.01 | bars_from_origin=63.0 slope=2.4708 | BELOW gap=269.49
2026-03-19 13:36:24,839 [INFO]   [P3 (H9-L8)] 0.25: lineP=23156.89 | bars_from_origin=63.0 slope=1.1198 | BELOW gap=354.61
2026-03-19 13:36:24,839 [INFO]   [P3 (H9-L8)] 0.125: lineP=23120.83 | bars_from_origin=63.0 slope=0.5474 | BELOW gap=390.67
2026-03-19 13:36:24,840 [INFO]   [P3 (H9-L8)] main: lineP=23219.77 | bars_from_origin=9.0 slope=0.0000 | BELOW gap=291.73
2026-03-19 13:36:24,840 [INFO]   [P1 (L10-H9)] main: lineP=23175.90 | bars_from_origin=9.0 slope=-44.5169 | BELOW gap=335.60
2026-03-19 13:36:24,840 [INFO]   [P1 (L10-H9)] 0.875: lineP=23456.65 | bars_from_origin=9.0 slope=-13.3223 | BELOW gap=54.85
2026-03-19 13:36:24,840 [INFO]   [P1 (L10-H9)] 0.75: lineP=23509.08 | bars_from_origin=9.0 slope=-7.4963 | BELOW gap=2.42
2026-03-19 13:36:24,840 [INFO]   [P1 (L10-H9)] 0.5: lineP=23546.21 | bars_from_origin=9.0 slope=-3.3717 | ABOVE gap=18.06
2026-03-19 13:36:24,840 [INFO]   [P1 (L10-H9)] 0.25: lineP=23563.69 | bars_from_origin=9.0 slope=-1.4289 | ABOVE gap=35.54
2026-03-19 13:36:24,840 [INFO]   [P1 (L10-H9)] 0.125: lineP=23570.35 | bars_from_origin=9.0 slope=-0.6891 | ABOVE gap=42.20
2026-03-19 13:36:24,840 [INFO]   [P1 (L10-H9)] main: lineP=23566.44 | bars_from_origin=6.0 slope=0.0000 | ABOVE gap=38.29
2026-03-19 13:36:24,842 [INFO] [IntDet] Bar 215 | 2026-03-17 11:03 | H=23526.95 L=23508.00 C=23518.40 | Fans=3 Lines=21
2026-03-19 13:36:24,842 [INFO]   [P2 (H9-L9)] main: lineP=23708.75 | bars_from_origin=28.0 slope=13.2195 | ABOVE gap=181.80
2026-03-19 13:36:24,842 [INFO]   [P2 (H9-L9)] 0.875: lineP=23560.49 | bars_from_origin=28.0 slope=7.9245 | ABOVE gap=33.54
2026-03-19 13:36:24,842 [INFO]   [P2 (H9-L9)] 0.75: lineP=23489.93 | bars_from_origin=28.0 slope=5.4047 | BELOW gap=18.07
2026-03-19 13:36:24,842 [INFO]   [P2 (H9-L9)] 0.5: lineP=23416.57 | bars_from_origin=28.0 slope=2.7845 | BELOW gap=91.43
2026-03-19 13:36:24,842 [INFO]   [P2 (H9-L9)] 0.25: lineP=23373.15 | bars_from_origin=28.0 slope=1.2340 | BELOW gap=134.85
2026-03-19 13:36:24,842 [INFO]   [P2 (H9-L9)] 0.125: lineP=23355.41 | bars_from_origin=28.0 slope=0.6004 | BELOW gap=152.59
2026-03-19 13:36:24,843 [INFO]   [P2 (H9-L9)] main: lineP=23388.72 | bars_from_origin=10.0 slope=0.0000 | BELOW gap=119.28
2026-03-19 13:36:24,843 [INFO]   [P3 (H9-L8)] main: lineP=23667.33 | bars_from_origin=64.0 slope=9.0778 | ABOVE gap=140.38
2026-03-19 13:36:24,843 [INFO]   [P3 (H9-L8)] 0.875: lineP=23484.60 | bars_from_origin=64.0 slope=6.2226 | BELOW gap=23.40
2026-03-19 13:36:24,843 [INFO]   [P3 (H9-L8)] 0.75: lineP=23375.95 | bars_from_origin=64.0 slope=4.5249 | BELOW gap=132.05
2026-03-19 13:36:24,843 [INFO]   [P3 (H9-L8)] 0.5: lineP=23244.48 | bars_from_origin=64.0 slope=2.4708 | BELOW gap=263.52
2026-03-19 13:36:24,843 [INFO]   [P3 (H9-L8)] 0.25: lineP=23158.01 | bars_from_origin=64.0 slope=1.1198 | BELOW gap=349.99
2026-03-19 13:36:24,843 [INFO]   [P3 (H9-L8)] 0.125: lineP=23121.38 | bars_from_origin=64.0 slope=0.5474 | BELOW gap=386.62
2026-03-19 13:36:24,843 [INFO]   [P3 (H9-L8)] main: lineP=23219.77 | bars_from_origin=10.0 slope=0.0000 | BELOW gap=288.23
2026-03-19 13:36:24,843 [INFO]   [P1 (L10-H9)] main: lineP=23131.38 | bars_from_origin=10.0 slope=-44.5169 | BELOW gap=376.62
2026-03-19 13:36:24,844 [INFO]   [P1 (L10-H9)] 0.875: lineP=23443.33 | bars_from_origin=10.0 slope=-13.3223 | BELOW gap=64.67
2026-03-19 13:36:24,844 [INFO]   [P1 (L10-H9)] 0.75: lineP=23501.59 | bars_from_origin=10.0 slope=-7.4963 | BELOW gap=6.41
2026-03-19 13:36:24,844 [INFO]   [P1 (L10-H9)] 0.5: lineP=23542.83 | bars_from_origin=10.0 slope=-3.3717 | ABOVE gap=15.88
2026-03-19 13:36:24,844 [INFO]   [P1 (L10-H9)] 0.25: lineP=23562.26 | bars_from_origin=10.0 slope=-1.4289 | ABOVE gap=35.31
2026-03-19 13:36:24,844 [INFO]   [P1 (L10-H9)] 0.125: lineP=23569.66 | bars_from_origin=10.0 slope=-0.6891 | ABOVE gap=42.71
2026-03-19 13:36:24,844 [INFO]   [P1 (L10-H9)] main: lineP=23566.44 | bars_from_origin=7.0 slope=0.0000 | ABOVE gap=39.49
2026-03-19 13:36:24,845 [INFO] [IntDet] Bar 216 | 2026-03-17 11:07 | H=23521.00 L=23481.60 C=23495.30 | Fans=3 Lines=21
2026-03-19 13:36:24,845 [INFO]   [P2 (H9-L9)] main: lineP=23721.97 | bars_from_origin=29.0 slope=13.2195 | ABOVE gap=200.97
2026-03-19 13:36:24,846 [INFO]   [P2 (H9-L9)] 0.875: lineP=23568.41 | bars_from_origin=29.0 slope=7.9245 | ABOVE gap=47.41
2026-03-19 13:36:24,846 [INFO]   [P2 (H9-L9)] 0.75: lineP=23495.34 | bars_from_origin=29.0 slope=5.4047 | HIT gap=0.00
2026-03-19 13:36:24,846 [INFO]     >>> HIT RECORDED: P2 (H9-L9) frac=0.75 @ 23495.34
2026-03-19 13:36:24,846 [INFO]   [P2 (H9-L9)] 0.5: lineP=23419.35 | bars_from_origin=29.0 slope=2.7845 | BELOW gap=62.25
2026-03-19 13:36:24,846 [INFO]   [P2 (H9-L9)] 0.25: lineP=23374.39 | bars_from_origin=29.0 slope=1.2340 | BELOW gap=107.21
2026-03-19 13:36:24,846 [INFO]   [P2 (H9-L9)] 0.125: lineP=23356.01 | bars_from_origin=29.0 slope=0.6004 | BELOW gap=125.59
2026-03-19 13:36:24,846 [INFO]   [P2 (H9-L9)] main: lineP=23388.72 | bars_from_origin=11.0 slope=0.0000 | BELOW gap=92.88
2026-03-19 13:36:24,846 [INFO]   [P3 (H9-L8)] main: lineP=23676.41 | bars_from_origin=65.0 slope=9.0778 | ABOVE gap=155.41
2026-03-19 13:36:24,847 [INFO]   [P3 (H9-L8)] 0.875: lineP=23490.82 | bars_from_origin=65.0 slope=6.2226 | HIT gap=0.00
2026-03-19 13:36:24,847 [INFO]     >>> HIT RECORDED: P3 (H9-L8) frac=0.875 @ 23490.82
2026-03-19 13:36:24,847 [INFO]   [P3 (H9-L8)] 0.75: lineP=23380.47 | bars_from_origin=65.0 slope=4.5249 | BELOW gap=101.13
2026-03-19 13:36:24,847 [INFO]   [P3 (H9-L8)] 0.5: lineP=23246.95 | bars_from_origin=65.0 slope=2.4708 | BELOW gap=234.65
2026-03-19 13:36:24,847 [INFO]   [P3 (H9-L8)] 0.25: lineP=23159.13 | bars_from_origin=65.0 slope=1.1198 | BELOW gap=322.47
2026-03-19 13:36:24,847 [INFO]   [P3 (H9-L8)] 0.125: lineP=23121.93 | bars_from_origin=65.0 slope=0.5474 | BELOW gap=359.67
2026-03-19 13:36:24,848 [INFO]   [P3 (H9-L8)] main: lineP=23219.77 | bars_from_origin=11.0 slope=0.0000 | BELOW gap=261.83
2026-03-19 13:36:24,848 [INFO]   [P1 (L10-H9)] main: lineP=23086.86 | bars_from_origin=11.0 slope=-44.5169 | BELOW gap=394.74
2026-03-19 13:36:24,848 [INFO]   [P1 (L10-H9)] 0.875: lineP=23430.01 | bars_from_origin=11.0 slope=-13.3223 | BELOW gap=51.59
2026-03-19 13:36:24,848 [INFO]   [P1 (L10-H9)] 0.75: lineP=23494.09 | bars_from_origin=11.0 slope=-7.4963 | HIT gap=0.00
2026-03-19 13:36:24,848 [INFO]     >>> HIT RECORDED: P1 (L10-H9) frac=0.75 @ 23494.09
2026-03-19 13:36:24,848 [INFO]   [P1 (L10-H9)] 0.5: lineP=23539.46 | bars_from_origin=11.0 slope=-3.3717 | ABOVE gap=18.46
2026-03-19 13:36:24,848 [INFO]   [P1 (L10-H9)] 0.25: lineP=23560.83 | bars_from_origin=11.0 slope=-1.4289 | ABOVE gap=39.83
2026-03-19 13:36:24,848 [INFO]   [P1 (L10-H9)] 0.125: lineP=23568.97 | bars_from_origin=11.0 slope=-0.6891 | ABOVE gap=47.97
2026-03-19 13:36:24,849 [INFO]   [P1 (L10-H9)] main: lineP=23566.44 | bars_from_origin=8.0 slope=0.0000 | ABOVE gap=45.44
2026-03-19 13:36:24,849 [INFO]   [IntDet] Total hits this bar: 3
2026-03-19 13:36:24,849 [INFO] [Study] Emitting intersection event (DIRECT): {'time': 1773725820, 'fan': 'P2 (H9-L9)', 'fanIdentity': 'H9-L9', 'fraction': '3/4', 'price': 23495.336341797683, 'type': 'CROSS_DOWN', 'details': 'Breakdown Attempt'}
2026-03-19 13:36:24,853 [INFO] [Study] Emitting intersection event (DIRECT): {'time': 1773725820, 'fan': 'P3 (H9-L8)', 'fanIdentity': 'H9-L8', 'fraction': '7/8', 'price': 23490.821494521653, 'type': 'SUPPORT_TEST', 'details': 'Resting / Throwback'}
2026-03-19 13:36:24,858 [INFO] [Study] Emitting intersection event (DIRECT): {'time': 1773725820, 'fan': 'P1 (L10-H9)', 'fanIdentity': 'L10-H9', 'fraction': '3/4', 'price': 23494.091319451498, 'type': 'SUPPORT_TEST', 'details': 'Resting / Throwback'}
2026-03-19 13:36:24,861 [INFO] [Tracking] Fan validated: Fan_H9_L8 via reversal at bar 216
2026-03-19 13:36:24,863 [INFO] [IntDet] Bar 217 | 2026-03-17 11:11 | H=23507.40 L=23467.40 C=23470.55 | Fans=3 Lines=21
2026-03-19 13:36:24,863 [INFO]   [P2 (H9-L9)] main: lineP=23735.18 | bars_from_origin=30.0 slope=13.2195 | ABOVE gap=227.78
2026-03-19 13:36:24,864 [INFO]   [P2 (H9-L9)] 0.875: lineP=23576.33 | bars_from_origin=30.0 slope=7.9245 | ABOVE gap=68.93
2026-03-19 13:36:24,864 [INFO]   [P2 (H9-L9)] 0.75: lineP=23500.74 | bars_from_origin=30.0 slope=5.4047 | HIT gap=0.00
2026-03-19 13:36:24,864 [INFO]     >>> HIT RECORDED: P2 (H9-L9) frac=0.75 @ 23500.74
2026-03-19 13:36:24,864 [INFO]   [P2 (H9-L9)] 0.5: lineP=23422.14 | bars_from_origin=30.0 slope=2.7845 | BELOW gap=45.26
2026-03-19 13:36:24,864 [INFO]   [P2 (H9-L9)] 0.25: lineP=23375.62 | bars_from_origin=30.0 slope=1.2340 | BELOW gap=91.78
2026-03-19 13:36:24,864 [INFO]   [P2 (H9-L9)] 0.125: lineP=23356.61 | bars_from_origin=30.0 slope=0.6004 | BELOW gap=110.79
2026-03-19 13:36:24,864 [INFO]   [P2 (H9-L9)] main: lineP=23388.72 | bars_from_origin=12.0 slope=0.0000 | BELOW gap=78.68
2026-03-19 13:36:24,864 [INFO]   [P3 (H9-L8)] main: lineP=23685.48 | bars_from_origin=66.0 slope=9.0778 | ABOVE gap=178.08
2026-03-19 13:36:24,865 [INFO]   [P3 (H9-L8)] 0.875: lineP=23497.04 | bars_from_origin=66.0 slope=6.2226 | HIT gap=0.00
2026-03-19 13:36:24,865 [INFO]     >>> HIT RECORDED: P3 (H9-L8) frac=0.875 @ 23497.04
2026-03-19 13:36:24,865 [INFO]   [P3 (H9-L8)] 0.75: lineP=23385.00 | bars_from_origin=66.0 slope=4.5249 | BELOW gap=82.41
2026-03-19 13:36:24,865 [INFO]   [P3 (H9-L8)] 0.5: lineP=23249.42 | bars_from_origin=66.0 slope=2.4708 | BELOW gap=217.98
2026-03-19 13:36:24,865 [INFO]   [P3 (H9-L8)] 0.25: lineP=23160.25 | bars_from_origin=66.0 slope=1.1198 | BELOW gap=307.15
2026-03-19 13:36:24,865 [INFO]   [P3 (H9-L8)] 0.125: lineP=23122.48 | bars_from_origin=66.0 slope=0.5474 | BELOW gap=344.92
2026-03-19 13:36:24,865 [INFO]   [P3 (H9-L8)] main: lineP=23219.77 | bars_from_origin=12.0 slope=0.0000 | BELOW gap=247.63
2026-03-19 13:36:24,865 [INFO]   [P1 (L10-H9)] main: lineP=23042.35 | bars_from_origin=12.0 slope=-44.5169 | BELOW gap=425.05
2026-03-19 13:36:24,865 [INFO]   [P1 (L10-H9)] 0.875: lineP=23416.68 | bars_from_origin=12.0 slope=-13.3223 | BELOW gap=50.72
2026-03-19 13:36:24,865 [INFO]   [P1 (L10-H9)] 0.75: lineP=23486.60 | bars_from_origin=12.0 slope=-7.4963 | HIT gap=0.00
2026-03-19 13:36:24,865 [INFO]     >>> HIT RECORDED: P1 (L10-H9) frac=0.75 @ 23486.60
2026-03-19 13:36:24,865 [INFO]   [P1 (L10-H9)] 0.5: lineP=23536.09 | bars_from_origin=12.0 slope=-3.3717 | ABOVE gap=28.69
2026-03-19 13:36:24,865 [INFO]   [P1 (L10-H9)] 0.25: lineP=23559.40 | bars_from_origin=12.0 slope=-1.4289 | ABOVE gap=52.00
2026-03-19 13:36:24,866 [INFO]   [P1 (L10-H9)] 0.125: lineP=23568.28 | bars_from_origin=12.0 slope=-0.6891 | ABOVE gap=60.88
2026-03-19 13:36:24,866 [INFO]   [P1 (L10-H9)] main: lineP=23566.44 | bars_from_origin=9.0 slope=0.0000 | ABOVE gap=59.04
2026-03-19 13:36:24,866 [INFO]   [IntDet] Total hits this bar: 3
2026-03-19 13:36:24,866 [INFO] [Study] Emitting intersection event (DIRECT): {'time': 1773726060, 'fan': 'P2 (H9-L9)', 'fanIdentity': 'H9-L9', 'fraction': '3/4', 'price': 23500.741056708808, 'type': 'RESISTANCE_TEST', 'details': 'Rejection / Pullback'}
2026-03-19 13:36:24,870 [INFO] [Study] Emitting intersection event (DIRECT): {'time': 1773726060, 'fan': 'P3 (H9-L8)', 'fanIdentity': 'H9-L8', 'fraction': '7/8', 'price': 23497.044138908524, 'type': 'RESISTANCE_TEST', 'details': 'Rejection / Pullback'}
2026-03-19 13:36:24,874 [INFO] [Study] Emitting intersection event (DIRECT): {'time': 1773726060, 'fan': 'P1 (L10-H9)', 'fanIdentity': 'L10-H9', 'fraction': '3/4', 'price': 23486.595004742543, 'type': 'CROSS_DOWN', 'details': 'Breakdown Attempt'}
2026-03-19 13:36:24,878 [INFO] [Tracking] Breach CONFIRMED: Fan_H9_L9 0.75 down (T+1 bars)
2026-03-19 13:36:24,880 [INFO] [Study] Removing invalidated/excess fan: Fan_L10_H9
2026-03-19 13:36:24,880 [INFO] [Study] Updating fan priority: Fan_H9_L9 -> P1 (H9-L9)
2026-03-19 13:36:24,880 [INFO] [Study] Creating new fan: Fan_H9_L6 (P3 (H9-L6))
2026-03-19 13:36:24,881 [INFO] [AngleEngine] scale_ratio=3.6603, slope_per_bar=7.2209, visual_slope=1.9728, theta=63.12 deg
2026-03-19 13:36:24,881 [INFO] --- [AngleEngine] Fan Created: Fan_H9_L6 ---
2026-03-19 13:36:24,881 [INFO]   Origin: Bar 119, Time 1773638700, Price 22955.55078125
2026-03-19 13:36:24,881 [INFO]   Target: Bar 205, Time 1773723180, Price 23576.55078125
2026-03-19 13:36:24,881 [INFO]   Delta: db=86, dp_origin=621.00
2026-03-19 13:36:24,882 [INFO]   Scale Params: Ratio=3.6603, Radius=190.21 bars, Slope/Bar=7.2209
2026-03-19 13:36:24,882 [INFO]   Line 0.875: EndBar=1773723180 (approx), EndPrice=23408.97
2026-03-19 13:36:24,882 [INFO]   Line 0.75: EndBar=1773723180 (approx), EndPrice=23297.15
2026-03-19 13:36:24,882 [INFO]   Line 0.5: EndBar=1773723180 (approx), EndPrice=23148.90
2026-03-19 13:36:24,882 [INFO]   Line 0.25: EndBar=1773723180 (approx), EndPrice=23044.51
2026-03-19 13:36:24,883 [INFO]   Line 0.125: EndBar=1773723180 (approx), EndPrice=22999.17
2026-03-19 13:36:24,883 [INFO] [Study] Updating fan priority: Fan_H9_L8 -> P2 (H9-L8)
2026-03-19 13:36:24,883 [INFO] [IntDet] Bar 218 | 2026-03-17 11:15 | H=23479.50 L=23441.40 C=23444.65 | Fans=3 Lines=21
2026-03-19 13:36:24,883 [INFO]   [P1 (H9-L9)] main: lineP=23748.40 | bars_from_origin=31.0 slope=13.2195 | ABOVE gap=268.90
2026-03-19 13:36:24,883 [INFO]   [P1 (H9-L9)] 0.875: lineP=23584.26 | bars_from_origin=31.0 slope=7.9245 | ABOVE gap=104.76
2026-03-19 13:36:24,883 [INFO]   [P1 (H9-L9)] 0.75: lineP=23506.15 | bars_from_origin=31.0 slope=5.4047 | ABOVE gap=26.65
2026-03-19 13:36:24,883 [INFO]   [P1 (H9-L9)] 0.5: lineP=23424.92 | bars_from_origin=31.0 slope=2.7845 | BELOW gap=16.48
2026-03-19 13:36:24,883 [INFO]   [P1 (H9-L9)] 0.25: lineP=23376.85 | bars_from_origin=31.0 slope=1.2340 | BELOW gap=64.55
2026-03-19 13:36:24,883 [INFO]   [P1 (H9-L9)] 0.125: lineP=23357.21 | bars_from_origin=31.0 slope=0.6004 | BELOW gap=84.19
2026-03-19 13:36:24,884 [INFO]   [P1 (H9-L9)] main: lineP=23388.72 | bars_from_origin=13.0 slope=0.0000 | BELOW gap=52.68
2026-03-19 13:36:24,884 [INFO]   [P2 (H9-L8)] main: lineP=23694.56 | bars_from_origin=67.0 slope=9.0778 | ABOVE gap=215.06
2026-03-19 13:36:24,884 [INFO]   [P2 (H9-L8)] 0.875: lineP=23503.27 | bars_from_origin=67.0 slope=6.2226 | ABOVE gap=23.77
2026-03-19 13:36:24,884 [INFO]   [P2 (H9-L8)] 0.75: lineP=23389.52 | bars_from_origin=67.0 slope=4.5249 | BELOW gap=51.88
2026-03-19 13:36:24,884 [INFO]   [P2 (H9-L8)] 0.5: lineP=23251.89 | bars_from_origin=67.0 slope=2.4708 | BELOW gap=189.51
2026-03-19 13:36:24,884 [INFO]   [P2 (H9-L8)] 0.25: lineP=23161.37 | bars_from_origin=67.0 slope=1.1198 | BELOW gap=280.03
2026-03-19 13:36:24,884 [INFO]   [P2 (H9-L8)] 0.125: lineP=23123.02 | bars_from_origin=67.0 slope=0.5474 | BELOW gap=318.38
2026-03-19 13:36:24,884 [INFO]   [P2 (H9-L8)] main: lineP=23219.77 | bars_from_origin=13.0 slope=0.0000 | BELOW gap=221.63
2026-03-19 13:36:24,884 [INFO]   [P3 (H9-L6)] main: lineP=23670.42 | bars_from_origin=99.0 slope=7.2209 | ABOVE gap=190.92
2026-03-19 13:36:24,885 [INFO]   [P3 (H9-L6)] 0.875: lineP=23477.51 | bars_from_origin=99.0 slope=5.2723 | HIT gap=0.00
2026-03-19 13:36:24,885 [INFO]     >>> HIT RECORDED: P3 (H9-L6) frac=0.875 @ 23477.51
2026-03-19 13:36:24,885 [INFO]   [P3 (H9-L6)] 0.75: lineP=23348.79 | bars_from_origin=99.0 slope=3.9721 | BELOW gap=92.61
2026-03-19 13:36:24,885 [INFO]   [P3 (H9-L6)] 0.5: lineP=23178.13 | bars_from_origin=99.0 slope=2.2483 | BELOW gap=263.27
2026-03-19 13:36:24,885 [INFO]   [P3 (H9-L6)] 0.25: lineP=23057.95 | bars_from_origin=99.0 slope=1.0344 | BELOW gap=383.45
2026-03-19 13:36:24,885 [INFO]   [P3 (H9-L6)] 0.125: lineP=23005.77 | bars_from_origin=99.0 slope=0.5073 | BELOW gap=435.63
2026-03-19 13:36:24,885 [INFO]   [P3 (H9-L6)] main: lineP=23148.90 | bars_from_origin=13.0 slope=0.0000 | BELOW gap=292.50
2026-03-19 13:36:24,885 [INFO]   [IntDet] Total hits this bar: 1
2026-03-19 13:36:24,886 [INFO] [Study] Emitting intersection event (DIRECT): {'time': 1773726300, 'fan': 'P3 (H9-L6)', 'fanIdentity': 'H9-L6', 'fraction': '7/8', 'price': 23477.50662976921, 'type': 'RESISTANCE_TEST', 'details': 'Rejection / Pullback'}
2026-03-19 13:36:24,889 [INFO] [Tracking] Fan validated: Fan_H9_L6 via touch at bar 218
2026-03-19 13:36:24,891 [INFO] [IntDet] Bar 219 | 2026-03-17 11:19 | H=23457.45 L=23413.85 C=23426.70 | Fans=3 Lines=21
2026-03-19 13:36:24,891 [INFO]   [P1 (H9-L9)] main: lineP=23761.62 | bars_from_origin=32.0 slope=13.2195 | ABOVE gap=304.17
2026-03-19 13:36:24,891 [INFO]   [P1 (H9-L9)] 0.875: lineP=23592.18 | bars_from_origin=32.0 slope=7.9245 | ABOVE gap=134.73
2026-03-19 13:36:24,891 [INFO]   [P1 (H9-L9)] 0.75: lineP=23511.55 | bars_from_origin=32.0 slope=5.4047 | ABOVE gap=54.10
2026-03-19 13:36:24,891 [INFO]   [P1 (H9-L9)] 0.5: lineP=23427.70 | bars_from_origin=32.0 slope=2.7845 | HIT gap=0.00
2026-03-19 13:36:24,892 [INFO]     >>> HIT RECORDED: P1 (H9-L9) frac=0.5 @ 23427.70
2026-03-19 13:36:24,892 [INFO]   [P1 (H9-L9)] 0.25: lineP=23378.09 | bars_from_origin=32.0 slope=1.2340 | BELOW gap=35.76
2026-03-19 13:36:24,892 [INFO]   [P1 (H9-L9)] 0.125: lineP=23357.81 | bars_from_origin=32.0 slope=0.6004 | BELOW gap=56.04
2026-03-19 13:36:24,892 [INFO]   [P1 (H9-L9)] main: lineP=23388.72 | bars_from_origin=14.0 slope=0.0000 | BELOW gap=25.13
2026-03-19 13:36:24,892 [INFO]   [P2 (H9-L8)] main: lineP=23703.64 | bars_from_origin=68.0 slope=9.0778 | ABOVE gap=246.19
2026-03-19 13:36:24,892 [INFO]   [P2 (H9-L8)] 0.875: lineP=23509.49 | bars_from_origin=68.0 slope=6.2226 | ABOVE gap=52.04
2026-03-19 13:36:24,892 [INFO]   [P2 (H9-L8)] 0.75: lineP=23394.05 | bars_from_origin=68.0 slope=4.5249 | BELOW gap=19.80
2026-03-19 13:36:24,892 [INFO]   [P2 (H9-L8)] 0.5: lineP=23254.36 | bars_from_origin=68.0 slope=2.4708 | BELOW gap=159.49
2026-03-19 13:36:24,892 [INFO]   [P2 (H9-L8)] 0.25: lineP=23162.49 | bars_from_origin=68.0 slope=1.1198 | BELOW gap=251.36
2026-03-19 13:36:24,893 [INFO]   [P2 (H9-L8)] 0.125: lineP=23123.57 | bars_from_origin=68.0 slope=0.5474 | BELOW gap=290.28
2026-03-19 13:36:24,893 [INFO]   [P2 (H9-L8)] main: lineP=23219.77 | bars_from_origin=14.0 slope=0.0000 | BELOW gap=194.08
2026-03-19 13:36:24,893 [INFO]   [P3 (H9-L6)] main: lineP=23677.64 | bars_from_origin=100.0 slope=7.2209 | ABOVE gap=220.19
2026-03-19 13:36:24,893 [INFO]   [P3 (H9-L6)] 0.875: lineP=23482.78 | bars_from_origin=100.0 slope=5.2723 | ABOVE gap=25.33
2026-03-19 13:36:24,893 [INFO]   [P3 (H9-L6)] 0.75: lineP=23352.76 | bars_from_origin=100.0 slope=3.9721 | BELOW gap=61.09
2026-03-19 13:36:24,893 [INFO]   [P3 (H9-L6)] 0.5: lineP=23180.38 | bars_from_origin=100.0 slope=2.2483 | BELOW gap=233.47
2026-03-19 13:36:24,893 [INFO]   [P3 (H9-L6)] 0.25: lineP=23058.99 | bars_from_origin=100.0 slope=1.0344 | BELOW gap=354.86
2026-03-19 13:36:24,893 [INFO]   [P3 (H9-L6)] 0.125: lineP=23006.28 | bars_from_origin=100.0 slope=0.5073 | BELOW gap=407.57
2026-03-19 13:36:24,893 [INFO]   [P3 (H9-L6)] main: lineP=23148.90 | bars_from_origin=14.0 slope=0.0000 | BELOW gap=264.95
2026-03-19 13:36:24,893 [INFO]   [IntDet] Total hits this bar: 1
2026-03-19 13:36:24,893 [INFO] [Study] Emitting intersection event (DIRECT): {'time': 1773726540, 'fan': 'P1 (H9-L9)', 'fanIdentity': 'H9-L9', 'fraction': '1/2', 'price': 23427.704657658833, 'type': 'CROSS_DOWN', 'details': 'Breakdown Attempt'}
2026-03-19 13:36:24,899 [INFO] [IntDet] Bar 220 | 2026-03-17 11:23 | H=23432.65 L=23379.60 C=23385.30 | Fans=3 Lines=21
2026-03-19 13:36:24,899 [INFO]   [P1 (H9-L9)] main: lineP=23774.84 | bars_from_origin=33.0 slope=13.2195 | ABOVE gap=342.19
2026-03-19 13:36:24,899 [INFO]   [P1 (H9-L9)] 0.875: lineP=23600.11 | bars_from_origin=33.0 slope=7.9245 | ABOVE gap=167.46
2026-03-19 13:36:24,899 [INFO]   [P1 (H9-L9)] 0.75: lineP=23516.96 | bars_from_origin=33.0 slope=5.4047 | ABOVE gap=84.30
2026-03-19 13:36:24,899 [INFO]   [P1 (H9-L9)] 0.5: lineP=23430.49 | bars_from_origin=33.0 slope=2.7845 | HIT gap=0.00
2026-03-19 13:36:24,899 [INFO]     >>> HIT RECORDED: P1 (H9-L9) frac=0.5 @ 23430.49
2026-03-19 13:36:24,899 [INFO]   [P1 (H9-L9)] 0.25: lineP=23379.32 | bars_from_origin=33.0 slope=1.2340 | BELOW gap=0.28
2026-03-19 13:36:24,900 [INFO]   [P1 (H9-L9)] 0.125: lineP=23358.41 | bars_from_origin=33.0 slope=0.6004 | BELOW gap=21.19
2026-03-19 13:36:24,900 [INFO]   [P1 (H9-L9)] main: lineP=23388.72 | bars_from_origin=15.0 slope=0.0000 | HIT gap=0.00
2026-03-19 13:36:24,900 [INFO]     >>> HIT RECORDED: P1 (H9-L9) frac=main @ 23388.72
2026-03-19 13:36:24,900 [INFO]   [P2 (H9-L8)] main: lineP=23712.72 | bars_from_origin=69.0 slope=9.0778 | ABOVE gap=280.07
2026-03-19 13:36:24,900 [INFO]   [P2 (H9-L8)] 0.875: lineP=23515.71 | bars_from_origin=69.0 slope=6.2226 | ABOVE gap=83.06
2026-03-19 13:36:24,900 [INFO]   [P2 (H9-L8)] 0.75: lineP=23398.57 | bars_from_origin=69.0 slope=4.5249 | HIT gap=0.00
2026-03-19 13:36:24,900 [INFO]     >>> HIT RECORDED: P2 (H9-L8) frac=0.75 @ 23398.57
2026-03-19 13:36:24,901 [INFO]   [P2 (H9-L8)] 0.5: lineP=23256.83 | bars_from_origin=69.0 slope=2.4708 | BELOW gap=122.77
2026-03-19 13:36:24,901 [INFO]   [P2 (H9-L8)] 0.25: lineP=23163.61 | bars_from_origin=69.0 slope=1.1198 | BELOW gap=215.99
2026-03-19 13:36:24,901 [INFO]   [P2 (H9-L8)] 0.125: lineP=23124.12 | bars_from_origin=69.0 slope=0.5474 | BELOW gap=255.48
2026-03-19 13:36:24,901 [INFO]   [P2 (H9-L8)] main: lineP=23219.77 | bars_from_origin=15.0 slope=0.0000 | BELOW gap=159.83
2026-03-19 13:36:24,901 [INFO]   [P3 (H9-L6)] main: lineP=23684.86 | bars_from_origin=101.0 slope=7.2209 | ABOVE gap=252.21
2026-03-19 13:36:24,901 [INFO]   [P3 (H9-L6)] 0.875: lineP=23488.05 | bars_from_origin=101.0 slope=5.2723 | ABOVE gap=55.40
2026-03-19 13:36:24,901 [INFO]   [P3 (H9-L6)] 0.75: lineP=23356.74 | bars_from_origin=101.0 slope=3.9721 | BELOW gap=22.86
2026-03-19 13:36:24,902 [INFO]   [P3 (H9-L6)] 0.5: lineP=23182.63 | bars_from_origin=101.0 slope=2.2483 | BELOW gap=196.97
2026-03-19 13:36:24,902 [INFO]   [P3 (H9-L6)] 0.25: lineP=23060.02 | bars_from_origin=101.0 slope=1.0344 | BELOW gap=319.58
2026-03-19 13:36:24,902 [INFO]   [P3 (H9-L6)] 0.125: lineP=23006.78 | bars_from_origin=101.0 slope=0.5073 | BELOW gap=372.82
2026-03-19 13:36:24,902 [INFO]   [P3 (H9-L6)] main: lineP=23148.90 | bars_from_origin=15.0 slope=0.0000 | BELOW gap=230.70
2026-03-19 13:36:24,902 [INFO]   [IntDet] Total hits this bar: 3
2026-03-19 13:36:24,902 [INFO] [Study] Emitting intersection event (DIRECT): {'time': 1773726780, 'fan': 'P1 (H9-L9)', 'fanIdentity': 'H9-L9', 'fraction': '1/2', 'price': 23430.489190417702, 'type': 'RESISTANCE_TEST', 'details': 'Rejection / Pullback'}
2026-03-19 13:36:24,907 [INFO] [Study] Emitting intersection event (DIRECT): {'time': 1773726780, 'fan': 'P1 (H9-L9)', 'fanIdentity': 'H9-L9', 'fraction': 'Horizontal', 'price': 23388.721199034655, 'type': 'CROSS_DOWN', 'details': 'Breakdown Attempt'}
2026-03-19 13:36:24,911 [INFO] [Study] Emitting intersection event (DIRECT): {'time': 1773726780, 'fan': 'P2 (H9-L8)', 'fanIdentity': 'H9-L8', 'fraction': '3/4', 'price': 23398.5701793717, 'type': 'CROSS_DOWN', 'details': 'Breakdown Attempt'}
2026-03-19 13:36:24,915 [INFO] [Tracking] Breach CONFIRMED: Fan_H9_L9 0.5 down (T+1 bars)
2026-03-19 13:36:24,917 [INFO] [IntDet] Bar 221 | 2026-03-17 11:27 | H=23395.25 L=23375.35 C=23375.35 | Fans=3 Lines=21
2026-03-19 13:36:24,917 [INFO]   [P1 (H9-L9)] main: lineP=23788.06 | bars_from_origin=34.0 slope=13.2195 | ABOVE gap=392.81
2026-03-19 13:36:24,917 [INFO]   [P1 (H9-L9)] 0.875: lineP=23608.03 | bars_from_origin=34.0 slope=7.9245 | ABOVE gap=212.78
2026-03-19 13:36:24,918 [INFO]   [P1 (H9-L9)] 0.75: lineP=23522.36 | bars_from_origin=34.0 slope=5.4047 | ABOVE gap=127.11
2026-03-19 13:36:24,918 [INFO]   [P1 (H9-L9)] 0.5: lineP=23433.27 | bars_from_origin=34.0 slope=2.7845 | ABOVE gap=38.02
2026-03-19 13:36:24,918 [INFO]   [P1 (H9-L9)] 0.25: lineP=23380.56 | bars_from_origin=34.0 slope=1.2340 | HIT gap=0.00
2026-03-19 13:36:24,918 [INFO]     >>> HIT RECORDED: P1 (H9-L9) frac=0.25 @ 23380.56
2026-03-19 13:36:24,918 [INFO]   [P1 (H9-L9)] 0.125: lineP=23359.01 | bars_from_origin=34.0 slope=0.6004 | BELOW gap=16.34
2026-03-19 13:36:24,918 [INFO]   [P1 (H9-L9)] main: lineP=23388.72 | bars_from_origin=16.0 slope=0.0000 | HIT gap=0.00
2026-03-19 13:36:24,919 [INFO]     >>> HIT RECORDED: P1 (H9-L9) frac=main @ 23388.72
2026-03-19 13:36:24,919 [INFO]   [P2 (H9-L8)] main: lineP=23721.80 | bars_from_origin=70.0 slope=9.0778 | ABOVE gap=326.55
2026-03-19 13:36:24,919 [INFO]   [P2 (H9-L8)] 0.875: lineP=23521.93 | bars_from_origin=70.0 slope=6.2226 | ABOVE gap=126.68
2026-03-19 13:36:24,919 [INFO]   [P2 (H9-L8)] 0.75: lineP=23403.10 | bars_from_origin=70.0 slope=4.5249 | ABOVE gap=7.85
2026-03-19 13:36:24,919 [INFO]   [P2 (H9-L8)] 0.5: lineP=23259.30 | bars_from_origin=70.0 slope=2.4708 | BELOW gap=116.05
2026-03-19 13:36:24,919 [INFO]   [P2 (H9-L8)] 0.25: lineP=23164.73 | bars_from_origin=70.0 slope=1.1198 | BELOW gap=210.62
2026-03-19 13:36:24,919 [INFO]   [P2 (H9-L8)] 0.125: lineP=23124.66 | bars_from_origin=70.0 slope=0.5474 | BELOW gap=250.68
2026-03-19 13:36:24,919 [INFO]   [P2 (H9-L8)] main: lineP=23219.77 | bars_from_origin=16.0 slope=0.0000 | BELOW gap=155.58
2026-03-19 13:36:24,919 [INFO]   [P3 (H9-L6)] main: lineP=23692.09 | bars_from_origin=102.0 slope=7.2209 | ABOVE gap=296.84
2026-03-19 13:36:24,920 [INFO]   [P3 (H9-L6)] 0.875: lineP=23493.32 | bars_from_origin=102.0 slope=5.2723 | ABOVE gap=98.07
2026-03-19 13:36:24,920 [INFO]   [P3 (H9-L6)] 0.75: lineP=23360.71 | bars_from_origin=102.0 slope=3.9721 | BELOW gap=14.64
2026-03-19 13:36:24,920 [INFO]   [P3 (H9-L6)] 0.5: lineP=23184.88 | bars_from_origin=102.0 slope=2.2483 | BELOW gap=190.47
2026-03-19 13:36:24,920 [INFO]   [P3 (H9-L6)] 0.25: lineP=23061.06 | bars_from_origin=102.0 slope=1.0344 | BELOW gap=314.29
2026-03-19 13:36:24,920 [INFO]   [P3 (H9-L6)] 0.125: lineP=23007.29 | bars_from_origin=102.0 slope=0.5073 | BELOW gap=368.06
2026-03-19 13:36:24,920 [INFO]   [P3 (H9-L6)] main: lineP=23148.90 | bars_from_origin=16.0 slope=0.0000 | BELOW gap=226.45
2026-03-19 13:36:24,920 [INFO]   [IntDet] Total hits this bar: 2
2026-03-19 13:36:24,920 [INFO] [Study] Emitting intersection event (DIRECT): {'time': 1773727020, 'fan': 'P1 (H9-L9)', 'fanIdentity': 'H9-L9', 'fraction': '1/4', 'price': 23380.556293450685, 'type': 'CROSS_DOWN', 'details': 'Breakdown Attempt'}
2026-03-19 13:36:24,925 [INFO] [Study] Emitting intersection event (DIRECT): {'time': 1773727020, 'fan': 'P1 (H9-L9)', 'fanIdentity': 'H9-L9', 'fraction': 'Horizontal', 'price': 23388.721199034655, 'type': 'RESISTANCE_TEST', 'details': 'Rejection / Pullback'}
2026-03-19 13:36:24,928 [INFO] [Tracking] Breach CONFIRMED: Fan_H9_L9 Horizontal down (T+1 bars)
2026-03-19 13:36:24,928 [INFO] [Tracking] Breach CONFIRMED: Fan_H9_L8 0.75 down (T+1 bars)
2026-03-19 13:36:24,930 [INFO] [IntDet] Bar 222 | 2026-03-17 11:31 | H=23394.00 L=23363.45 C=23366.05 | Fans=3 Lines=21
2026-03-19 13:36:24,930 [INFO]   [P1 (H9-L9)] main: lineP=23801.28 | bars_from_origin=35.0 slope=13.2195 | ABOVE gap=407.28
2026-03-19 13:36:24,930 [INFO]   [P1 (H9-L9)] 0.875: lineP=23615.96 | bars_from_origin=35.0 slope=7.9245 | ABOVE gap=221.96
2026-03-19 13:36:24,931 [INFO]   [P1 (H9-L9)] 0.75: lineP=23527.76 | bars_from_origin=35.0 slope=5.4047 | ABOVE gap=133.76
2026-03-19 13:36:24,931 [INFO]   [P1 (H9-L9)] 0.5: lineP=23436.06 | bars_from_origin=35.0 slope=2.7845 | ABOVE gap=42.06
2026-03-19 13:36:24,931 [INFO]   [P1 (H9-L9)] 0.25: lineP=23381.79 | bars_from_origin=35.0 slope=1.2340 | HIT gap=0.00
2026-03-19 13:36:24,931 [INFO]     >>> HIT RECORDED: P1 (H9-L9) frac=0.25 @ 23381.79
2026-03-19 13:36:24,932 [INFO]   [P1 (H9-L9)] 0.125: lineP=23359.61 | bars_from_origin=35.0 slope=0.6004 | BELOW gap=3.84
2026-03-19 13:36:24,932 [INFO]   [P1 (H9-L9)] main: lineP=23388.72 | bars_from_origin=17.0 slope=0.0000 | HIT gap=0.00
2026-03-19 13:36:24,932 [INFO]     >>> HIT RECORDED: P1 (H9-L9) frac=main @ 23388.72
2026-03-19 13:36:24,932 [INFO]   [P2 (H9-L8)] main: lineP=23730.87 | bars_from_origin=71.0 slope=9.0778 | ABOVE gap=336.87
2026-03-19 13:36:24,932 [INFO]   [P2 (H9-L8)] 0.875: lineP=23528.16 | bars_from_origin=71.0 slope=6.2226 | ABOVE gap=134.16
2026-03-19 13:36:24,932 [INFO]   [P2 (H9-L8)] 0.75: lineP=23407.62 | bars_from_origin=71.0 slope=4.5249 | ABOVE gap=13.62
2026-03-19 13:36:24,932 [INFO]   [P2 (H9-L8)] 0.5: lineP=23261.77 | bars_from_origin=71.0 slope=2.4708 | BELOW gap=101.68
2026-03-19 13:36:24,932 [INFO]   [P2 (H9-L8)] 0.25: lineP=23165.85 | bars_from_origin=71.0 slope=1.1198 | BELOW gap=197.60
2026-03-19 13:36:24,932 [INFO]   [P2 (H9-L8)] 0.125: lineP=23125.21 | bars_from_origin=71.0 slope=0.5474 | BELOW gap=238.24
2026-03-19 13:36:24,933 [INFO]   [P2 (H9-L8)] main: lineP=23219.77 | bars_from_origin=17.0 slope=0.0000 | BELOW gap=143.68
2026-03-19 13:36:24,933 [INFO]   [P3 (H9-L6)] main: lineP=23699.31 | bars_from_origin=103.0 slope=7.2209 | ABOVE gap=305.31
2026-03-19 13:36:24,933 [INFO]   [P3 (H9-L6)] 0.875: lineP=23498.60 | bars_from_origin=103.0 slope=5.2723 | ABOVE gap=104.60
2026-03-19 13:36:24,933 [INFO]   [P3 (H9-L6)] 0.75: lineP=23364.68 | bars_from_origin=103.0 slope=3.9721 | HIT gap=0.00
2026-03-19 13:36:24,933 [INFO]     >>> HIT RECORDED: P3 (H9-L6) frac=0.75 @ 23364.68
2026-03-19 13:36:24,933 [INFO]   [P3 (H9-L6)] 0.5: lineP=23187.12 | bars_from_origin=103.0 slope=2.2483 | BELOW gap=176.32
2026-03-19 13:36:24,933 [INFO]   [P3 (H9-L6)] 0.25: lineP=23062.09 | bars_from_origin=103.0 slope=1.0344 | BELOW gap=301.36
2026-03-19 13:36:24,933 [INFO]   [P3 (H9-L6)] 0.125: lineP=23007.80 | bars_from_origin=103.0 slope=0.5073 | BELOW gap=355.65
2026-03-19 13:36:24,933 [INFO]   [P3 (H9-L6)] main: lineP=23148.90 | bars_from_origin=17.0 slope=0.0000 | BELOW gap=214.55
2026-03-19 13:36:24,934 [INFO]   [IntDet] Total hits this bar: 3
2026-03-19 13:36:24,934 [INFO] [Study] Emitting intersection event (DIRECT): {'time': 1773727260, 'fan': 'P1 (H9-L9)', 'fanIdentity': 'H9-L9', 'fraction': '1/4', 'price': 23381.790313570556, 'type': 'RESISTANCE_TEST', 'details': 'Rejection / Pullback'}
2026-03-19 13:36:24,938 [INFO] [Study] Emitting intersection event (DIRECT): {'time': 1773727260, 'fan': 'P1 (H9-L9)', 'fanIdentity': 'H9-L9', 'fraction': 'Horizontal', 'price': 23388.721199034655, 'type': 'RESISTANCE_TEST', 'details': 'Rejection / Pullback'}
2026-03-19 13:36:24,942 [INFO] [Study] Emitting intersection event (DIRECT): {'time': 1773727260, 'fan': 'P3 (H9-L6)', 'fanIdentity': 'H9-L6', 'fraction': '3/4', 'price': 23364.680770423318, 'type': 'SUPPORT_TEST', 'details': 'Resting / Throwback'}
2026-03-19 13:36:24,946 [INFO] [Tracking] Breach CONFIRMED: Fan_H9_L9 0.25 down (T+1 bars)
2026-03-19 13:36:24,947 [INFO] [IntDet] Bar 223 | 2026-03-17 11:35 | H=23409.90 L=23355.70 C=23405.70 | Fans=3 Lines=21
2026-03-19 13:36:24,948 [INFO]   [P1 (H9-L9)] main: lineP=23814.50 | bars_from_origin=36.0 slope=13.2195 | ABOVE gap=404.60
2026-03-19 13:36:24,948 [INFO]   [P1 (H9-L9)] 0.875: lineP=23623.88 | bars_from_origin=36.0 slope=7.9245 | ABOVE gap=213.98
2026-03-19 13:36:24,948 [INFO]   [P1 (H9-L9)] 0.75: lineP=23533.17 | bars_from_origin=36.0 slope=5.4047 | ABOVE gap=123.27
2026-03-19 13:36:24,948 [INFO]   [P1 (H9-L9)] 0.5: lineP=23438.84 | bars_from_origin=36.0 slope=2.7845 | ABOVE gap=28.94
2026-03-19 13:36:24,948 [INFO]   [P1 (H9-L9)] 0.25: lineP=23383.02 | bars_from_origin=36.0 slope=1.2340 | HIT gap=0.00
2026-03-19 13:36:24,948 [INFO]     >>> HIT RECORDED: P1 (H9-L9) frac=0.25 @ 23383.02
2026-03-19 13:36:24,948 [INFO]   [P1 (H9-L9)] 0.125: lineP=23360.21 | bars_from_origin=36.0 slope=0.6004 | HIT gap=0.00
2026-03-19 13:36:24,949 [INFO]     >>> HIT RECORDED: P1 (H9-L9) frac=0.125 @ 23360.21
2026-03-19 13:36:24,949 [INFO]   [P1 (H9-L9)] main: lineP=23388.72 | bars_from_origin=18.0 slope=0.0000 | HIT gap=0.00
2026-03-19 13:36:24,949 [INFO]     >>> HIT RECORDED: P1 (H9-L9) frac=main @ 23388.72
2026-03-19 13:36:24,949 [INFO]   [P2 (H9-L8)] main: lineP=23739.95 | bars_from_origin=72.0 slope=9.0778 | ABOVE gap=330.05
2026-03-19 13:36:24,949 [INFO]   [P2 (H9-L8)] 0.875: lineP=23534.38 | bars_from_origin=72.0 slope=6.2226 | ABOVE gap=124.48
2026-03-19 13:36:24,949 [INFO]   [P2 (H9-L8)] 0.75: lineP=23412.14 | bars_from_origin=72.0 slope=4.5249 | ABOVE gap=2.24
2026-03-19 13:36:24,949 [INFO]   [P2 (H9-L8)] 0.5: lineP=23264.24 | bars_from_origin=72.0 slope=2.4708 | BELOW gap=91.45
2026-03-19 13:36:24,949 [INFO]   [P2 (H9-L8)] 0.25: lineP=23166.97 | bars_from_origin=72.0 slope=1.1198 | BELOW gap=188.73
2026-03-19 13:36:24,949 [INFO]   [P2 (H9-L8)] 0.125: lineP=23125.76 | bars_from_origin=72.0 slope=0.5474 | BELOW gap=229.94
2026-03-19 13:36:24,949 [INFO]   [P2 (H9-L8)] main: lineP=23219.77 | bars_from_origin=18.0 slope=0.0000 | BELOW gap=135.93
2026-03-19 13:36:24,949 [INFO]   [P3 (H9-L6)] main: lineP=23706.53 | bars_from_origin=104.0 slope=7.2209 | ABOVE gap=296.63
2026-03-19 13:36:24,950 [INFO]   [P3 (H9-L6)] 0.875: lineP=23503.87 | bars_from_origin=104.0 slope=5.2723 | ABOVE gap=93.97
2026-03-19 13:36:24,950 [INFO]   [P3 (H9-L6)] 0.75: lineP=23368.65 | bars_from_origin=104.0 slope=3.9721 | HIT gap=0.00
2026-03-19 13:36:24,950 [INFO]     >>> HIT RECORDED: P3 (H9-L6) frac=0.75 @ 23368.65
2026-03-19 13:36:24,950 [INFO]   [P3 (H9-L6)] 0.5: lineP=23189.37 | bars_from_origin=104.0 slope=2.2483 | BELOW gap=166.33
2026-03-19 13:36:24,950 [INFO]   [P3 (H9-L6)] 0.25: lineP=23063.13 | bars_from_origin=104.0 slope=1.0344 | BELOW gap=292.57
2026-03-19 13:36:24,950 [INFO]   [P3 (H9-L6)] 0.125: lineP=23008.31 | bars_from_origin=104.0 slope=0.5073 | BELOW gap=347.39
2026-03-19 13:36:24,950 [INFO]   [P3 (H9-L6)] main: lineP=23148.90 | bars_from_origin=18.0 slope=0.0000 | BELOW gap=206.80
2026-03-19 13:36:24,950 [INFO]   [IntDet] Total hits this bar: 4
2026-03-19 13:36:24,950 [INFO] [Study] Emitting intersection event (DIRECT): {'time': 1773727500, 'fan': 'P1 (H9-L9)', 'fanIdentity': 'H9-L9', 'fraction': '1/4', 'price': 23383.02433369043, 'type': 'CROSS_UP', 'details': 'Breakout Attempt'}
2026-03-19 13:36:24,954 [INFO] [Study] Emitting intersection event (DIRECT): {'time': 1773727500, 'fan': 'P1 (H9-L9)', 'fanIdentity': 'H9-L9', 'fraction': '1/8', 'price': 23360.214310618532, 'type': 'SUPPORT_TEST', 'details': 'Resting / Throwback'}
2026-03-19 13:36:24,958 [INFO] [Study] Emitting intersection event (DIRECT): {'time': 1773727500, 'fan': 'P1 (H9-L9)', 'fanIdentity': 'H9-L9', 'fraction': 'Horizontal', 'price': 23388.721199034655, 'type': 'CROSS_UP', 'details': 'Breakout Attempt'}
2026-03-19 13:36:24,962 [INFO] [Study] Emitting intersection event (DIRECT): {'time': 1773727500, 'fan': 'P3 (H9-L6)', 'fanIdentity': 'H9-L6', 'fraction': '3/4', 'price': 23368.652906240535, 'type': 'CROSS_UP', 'details': 'Breakout Attempt'}
2026-03-19 13:36:24,967 [INFO] [IntDet] Bar 224 | 2026-03-17 11:39 | H=23408.10 L=23387.30 C=23401.75 | Fans=3 Lines=21
2026-03-19 13:36:24,967 [INFO]   [P1 (H9-L9)] main: lineP=23827.72 | bars_from_origin=37.0 slope=13.2195 | ABOVE gap=419.62
2026-03-19 13:36:24,967 [INFO]   [P1 (H9-L9)] 0.875: lineP=23631.81 | bars_from_origin=37.0 slope=7.9245 | ABOVE gap=223.71
2026-03-19 13:36:24,967 [INFO]   [P1 (H9-L9)] 0.75: lineP=23538.57 | bars_from_origin=37.0 slope=5.4047 | ABOVE gap=130.47
2026-03-19 13:36:24,967 [INFO]   [P1 (H9-L9)] 0.5: lineP=23441.63 | bars_from_origin=37.0 slope=2.7845 | ABOVE gap=33.53
2026-03-19 13:36:24,967 [INFO]   [P1 (H9-L9)] 0.25: lineP=23384.26 | bars_from_origin=37.0 slope=1.2340 | BELOW gap=3.04
2026-03-19 13:36:24,967 [INFO]   [P1 (H9-L9)] 0.125: lineP=23360.81 | bars_from_origin=37.0 slope=0.6004 | BELOW gap=26.49
2026-03-19 13:36:24,967 [INFO]   [P1 (H9-L9)] main: lineP=23388.72 | bars_from_origin=19.0 slope=0.0000 | HIT gap=0.00
2026-03-19 13:36:24,967 [INFO]     >>> HIT RECORDED: P1 (H9-L9) frac=main @ 23388.72
2026-03-19 13:36:24,968 [INFO]   [P2 (H9-L8)] main: lineP=23749.03 | bars_from_origin=73.0 slope=9.0778 | ABOVE gap=340.93
2026-03-19 13:36:24,968 [INFO]   [P2 (H9-L8)] 0.875: lineP=23540.60 | bars_from_origin=73.0 slope=6.2226 | ABOVE gap=132.50
2026-03-19 13:36:24,968 [INFO]   [P2 (H9-L8)] 0.75: lineP=23416.67 | bars_from_origin=73.0 slope=4.5249 | ABOVE gap=8.57
2026-03-19 13:36:24,968 [INFO]   [P2 (H9-L8)] 0.5: lineP=23266.72 | bars_from_origin=73.0 slope=2.4708 | BELOW gap=120.59
2026-03-19 13:36:24,968 [INFO]   [P2 (H9-L8)] 0.25: lineP=23168.09 | bars_from_origin=73.0 slope=1.1198 | BELOW gap=219.21
2026-03-19 13:36:24,968 [INFO]   [P2 (H9-L8)] 0.125: lineP=23126.31 | bars_from_origin=73.0 slope=0.5474 | BELOW gap=260.99
2026-03-19 13:36:24,968 [INFO]   [P2 (H9-L8)] main: lineP=23219.77 | bars_from_origin=19.0 slope=0.0000 | BELOW gap=167.53
2026-03-19 13:36:24,968 [INFO]   [P3 (H9-L6)] main: lineP=23713.75 | bars_from_origin=105.0 slope=7.2209 | ABOVE gap=305.65
2026-03-19 13:36:24,969 [INFO]   [P3 (H9-L6)] 0.875: lineP=23509.14 | bars_from_origin=105.0 slope=5.2723 | ABOVE gap=101.04
2026-03-19 13:36:24,969 [INFO]   [P3 (H9-L6)] 0.75: lineP=23372.63 | bars_from_origin=105.0 slope=3.9721 | BELOW gap=14.68
2026-03-19 13:36:24,969 [INFO]   [P3 (H9-L6)] 0.5: lineP=23191.62 | bars_from_origin=105.0 slope=2.2483 | BELOW gap=195.68
2026-03-19 13:36:24,969 [INFO]   [P3 (H9-L6)] 0.25: lineP=23064.16 | bars_from_origin=105.0 slope=1.0344 | BELOW gap=323.14
2026-03-19 13:36:24,969 [INFO]   [P3 (H9-L6)] 0.125: lineP=23008.81 | bars_from_origin=105.0 slope=0.5073 | BELOW gap=378.49
2026-03-19 13:36:24,969 [INFO]   [P3 (H9-L6)] main: lineP=23148.90 | bars_from_origin=19.0 slope=0.0000 | BELOW gap=238.40
2026-03-19 13:36:24,969 [INFO]   [IntDet] Total hits this bar: 1
2026-03-19 13:36:24,969 [INFO] [Study] Emitting intersection event (DIRECT): {'time': 1773727740, 'fan': 'P1 (H9-L9)', 'fanIdentity': 'H9-L9', 'fraction': 'Horizontal', 'price': 23388.721199034655, 'type': 'SUPPORT_TEST', 'details': 'Resting / Throwback'}
2026-03-19 13:36:24,974 [INFO] [IntDet] Bar 225 | 2026-03-17 11:43 | H=23410.75 L=23379.95 C=23409.55 | Fans=3 Lines=21
2026-03-19 13:36:24,975 [INFO]   [P1 (H9-L9)] main: lineP=23840.94 | bars_from_origin=38.0 slope=13.2195 | ABOVE gap=430.19
2026-03-19 13:36:24,975 [INFO]   [P1 (H9-L9)] 0.875: lineP=23639.73 | bars_from_origin=38.0 slope=7.9245 | ABOVE gap=228.98
2026-03-19 13:36:24,975 [INFO]   [P1 (H9-L9)] 0.75: lineP=23543.98 | bars_from_origin=38.0 slope=5.4047 | ABOVE gap=133.23
2026-03-19 13:36:24,975 [INFO]   [P1 (H9-L9)] 0.5: lineP=23444.41 | bars_from_origin=38.0 slope=2.7845 | ABOVE gap=33.66
2026-03-19 13:36:24,975 [INFO]   [P1 (H9-L9)] 0.25: lineP=23385.49 | bars_from_origin=38.0 slope=1.2340 | HIT gap=0.00
2026-03-19 13:36:24,975 [INFO]     >>> HIT RECORDED: P1 (H9-L9) frac=0.25 @ 23385.49
2026-03-19 13:36:24,975 [INFO]   [P1 (H9-L9)] 0.125: lineP=23361.42 | bars_from_origin=38.0 slope=0.6004 | BELOW gap=18.53
2026-03-19 13:36:24,976 [INFO]   [P1 (H9-L9)] main: lineP=23388.72 | bars_from_origin=20.0 slope=0.0000 | HIT gap=0.00
2026-03-19 13:36:24,976 [INFO]     >>> HIT RECORDED: P1 (H9-L9) frac=main @ 23388.72
2026-03-19 13:36:24,976 [INFO]   [P2 (H9-L8)] main: lineP=23758.11 | bars_from_origin=74.0 slope=9.0778 | ABOVE gap=347.36
2026-03-19 13:36:24,976 [INFO]   [P2 (H9-L8)] 0.875: lineP=23546.83 | bars_from_origin=74.0 slope=6.2226 | ABOVE gap=136.08
2026-03-19 13:36:24,976 [INFO]   [P2 (H9-L8)] 0.75: lineP=23421.19 | bars_from_origin=74.0 slope=4.5249 | ABOVE gap=10.44
2026-03-19 13:36:24,976 [INFO]   [P2 (H9-L8)] 0.5: lineP=23269.19 | bars_from_origin=74.0 slope=2.4708 | BELOW gap=110.76
2026-03-19 13:36:24,976 [INFO]   [P2 (H9-L8)] 0.25: lineP=23169.21 | bars_from_origin=74.0 slope=1.1198 | BELOW gap=210.74
2026-03-19 13:36:24,976 [INFO]   [P2 (H9-L8)] 0.125: lineP=23126.85 | bars_from_origin=74.0 slope=0.5474 | BELOW gap=253.09
2026-03-19 13:36:24,976 [INFO]   [P2 (H9-L8)] main: lineP=23219.77 | bars_from_origin=20.0 slope=0.0000 | BELOW gap=160.18
2026-03-19 13:36:24,977 [INFO]   [P3 (H9-L6)] main: lineP=23720.97 | bars_from_origin=106.0 slope=7.2209 | ABOVE gap=310.22
2026-03-19 13:36:24,977 [INFO]   [P3 (H9-L6)] 0.875: lineP=23514.41 | bars_from_origin=106.0 slope=5.2723 | ABOVE gap=103.66
2026-03-19 13:36:24,977 [INFO]   [P3 (H9-L6)] 0.75: lineP=23376.60 | bars_from_origin=106.0 slope=3.9721 | BELOW gap=3.35
2026-03-19 13:36:24,977 [INFO]   [P3 (H9-L6)] 0.5: lineP=23193.87 | bars_from_origin=106.0 slope=2.2483 | BELOW gap=186.08
2026-03-19 13:36:24,977 [INFO]   [P3 (H9-L6)] 0.25: lineP=23065.19 | bars_from_origin=106.0 slope=1.0344 | BELOW gap=314.76
2026-03-19 13:36:24,977 [INFO]   [P3 (H9-L6)] 0.125: lineP=23009.32 | bars_from_origin=106.0 slope=0.5073 | BELOW gap=370.63
2026-03-19 13:36:24,977 [INFO]   [P3 (H9-L6)] main: lineP=23148.90 | bars_from_origin=20.0 slope=0.0000 | BELOW gap=231.05
2026-03-19 13:36:24,977 [INFO]   [IntDet] Total hits this bar: 2
2026-03-19 13:36:24,977 [INFO] [Study] Emitting intersection event (DIRECT): {'time': 1773727980, 'fan': 'P1 (H9-L9)', 'fanIdentity': 'H9-L9', 'fraction': '1/4', 'price': 23385.492373930178, 'type': 'SUPPORT_TEST', 'details': 'Resting / Throwback'}
2026-03-19 13:36:24,981 [INFO] [Study] Emitting intersection event (DIRECT): {'time': 1773727980, 'fan': 'P1 (H9-L9)', 'fanIdentity': 'H9-L9', 'fraction': 'Horizontal', 'price': 23388.721199034655, 'type': 'SUPPORT_TEST', 'details': 'Resting / Throwback'}
2026-03-19 13:36:24,986 [INFO] [IntDet] Bar 226 | 2026-03-17 11:47 | H=23417.85 L=23387.80 C=23413.00 | Fans=3 Lines=21
2026-03-19 13:36:24,986 [INFO]   [P1 (H9-L9)] main: lineP=23854.16 | bars_from_origin=39.0 slope=13.2195 | ABOVE gap=436.31
2026-03-19 13:36:24,986 [INFO]   [P1 (H9-L9)] 0.875: lineP=23647.65 | bars_from_origin=39.0 slope=7.9245 | ABOVE gap=229.81
2026-03-19 13:36:24,986 [INFO]   [P1 (H9-L9)] 0.75: lineP=23549.38 | bars_from_origin=39.0 slope=5.4047 | ABOVE gap=131.53
2026-03-19 13:36:24,987 [INFO]   [P1 (H9-L9)] 0.5: lineP=23447.20 | bars_from_origin=39.0 slope=2.7845 | ABOVE gap=29.35
2026-03-19 13:36:24,987 [INFO]   [P1 (H9-L9)] 0.25: lineP=23386.73 | bars_from_origin=39.0 slope=1.2340 | BELOW gap=1.07
2026-03-19 13:36:24,987 [INFO]   [P1 (H9-L9)] 0.125: lineP=23362.02 | bars_from_origin=39.0 slope=0.6004 | BELOW gap=25.79
2026-03-19 13:36:24,987 [INFO]   [P1 (H9-L9)] main: lineP=23388.72 | bars_from_origin=21.0 slope=0.0000 | HIT gap=0.00
2026-03-19 13:36:24,987 [INFO]     >>> HIT RECORDED: P1 (H9-L9) frac=main @ 23388.72
2026-03-19 13:36:24,987 [INFO]   [P2 (H9-L8)] main: lineP=23767.18 | bars_from_origin=75.0 slope=9.0778 | ABOVE gap=349.33
2026-03-19 13:36:24,988 [INFO]   [P2 (H9-L8)] 0.875: lineP=23553.05 | bars_from_origin=75.0 slope=6.2226 | ABOVE gap=135.20
2026-03-19 13:36:24,988 [INFO]   [P2 (H9-L8)] 0.75: lineP=23425.72 | bars_from_origin=75.0 slope=4.5249 | ABOVE gap=7.87
2026-03-19 13:36:24,988 [INFO]   [P2 (H9-L8)] 0.5: lineP=23271.66 | bars_from_origin=75.0 slope=2.4708 | BELOW gap=116.14
2026-03-19 13:36:24,988 [INFO]   [P2 (H9-L8)] 0.25: lineP=23170.33 | bars_from_origin=75.0 slope=1.1198 | BELOW gap=217.47
2026-03-19 13:36:24,988 [INFO]   [P2 (H9-L8)] 0.125: lineP=23127.40 | bars_from_origin=75.0 slope=0.5474 | BELOW gap=260.40
2026-03-19 13:36:24,988 [INFO]   [P2 (H9-L8)] main: lineP=23219.77 | bars_from_origin=21.0 slope=0.0000 | BELOW gap=168.03
2026-03-19 13:36:24,988 [INFO]   [P3 (H9-L6)] main: lineP=23728.19 | bars_from_origin=107.0 slope=7.2209 | ABOVE gap=310.34
2026-03-19 13:36:24,989 [INFO]   [P3 (H9-L6)] 0.875: lineP=23519.68 | bars_from_origin=107.0 slope=5.2723 | ABOVE gap=101.84
2026-03-19 13:36:24,989 [INFO]   [P3 (H9-L6)] 0.75: lineP=23380.57 | bars_from_origin=107.0 slope=3.9721 | BELOW gap=7.23
2026-03-19 13:36:24,989 [INFO]   [P3 (H9-L6)] 0.5: lineP=23196.12 | bars_from_origin=107.0 slope=2.2483 | BELOW gap=191.68
2026-03-19 13:36:24,989 [INFO]   [P3 (H9-L6)] 0.25: lineP=23066.23 | bars_from_origin=107.0 slope=1.0344 | BELOW gap=321.57
2026-03-19 13:36:24,989 [INFO]   [P3 (H9-L6)] 0.125: lineP=23009.83 | bars_from_origin=107.0 slope=0.5073 | BELOW gap=377.97
2026-03-19 13:36:24,989 [INFO]   [P3 (H9-L6)] main: lineP=23148.90 | bars_from_origin=21.0 slope=0.0000 | BELOW gap=238.90
2026-03-19 13:36:24,989 [INFO]   [IntDet] Total hits this bar: 1
2026-03-19 13:36:24,990 [INFO] [Study] Emitting intersection event (DIRECT): {'time': 1773728220, 'fan': 'P1 (H9-L9)', 'fanIdentity': 'H9-L9', 'fraction': 'Horizontal', 'price': 23388.721199034655, 'type': 'SUPPORT_TEST', 'details': 'Resting / Throwback'}
2026-03-19 13:36:24,994 [INFO] [Tracking] Breach CONFIRMED: Fan_H9_L9 0.25 up (T+3 bars)
2026-03-19 13:36:24,995 [INFO] [Tracking] Breach CONFIRMED: Fan_H9_L9 Horizontal up (T+3 bars)
2026-03-19 13:36:24,995 [INFO] [Tracking] Breach CONFIRMED: Fan_H9_L6 0.75 up (T+3 bars)
2026-03-19 13:36:24,997 [INFO] [IntDet] Bar 227 | 2026-03-17 11:51 | H=23429.60 L=23408.55 C=23410.45 | Fans=3 Lines=21
2026-03-19 13:36:24,997 [INFO]   [P1 (H9-L9)] main: lineP=23867.38 | bars_from_origin=40.0 slope=13.2195 | ABOVE gap=437.78
2026-03-19 13:36:24,997 [INFO]   [P1 (H9-L9)] 0.875: lineP=23655.58 | bars_from_origin=40.0 slope=7.9245 | ABOVE gap=225.98
2026-03-19 13:36:24,997 [INFO]   [P1 (H9-L9)] 0.75: lineP=23554.79 | bars_from_origin=40.0 slope=5.4047 | ABOVE gap=125.19
2026-03-19 13:36:24,997 [INFO]   [P1 (H9-L9)] 0.5: lineP=23449.98 | bars_from_origin=40.0 slope=2.7845 | ABOVE gap=20.38
2026-03-19 13:36:24,998 [INFO]   [P1 (H9-L9)] 0.25: lineP=23387.96 | bars_from_origin=40.0 slope=1.2340 | BELOW gap=20.59
2026-03-19 13:36:24,998 [INFO]   [P1 (H9-L9)] 0.125: lineP=23362.62 | bars_from_origin=40.0 slope=0.6004 | BELOW gap=45.93
2026-03-19 13:36:24,998 [INFO]   [P1 (H9-L9)] main: lineP=23388.72 | bars_from_origin=22.0 slope=0.0000 | BELOW gap=19.83
2026-03-19 13:36:24,998 [INFO]   [P2 (H9-L8)] main: lineP=23776.26 | bars_from_origin=76.0 slope=9.0778 | ABOVE gap=346.66
2026-03-19 13:36:24,998 [INFO]   [P2 (H9-L8)] 0.875: lineP=23559.27 | bars_from_origin=76.0 slope=6.2226 | ABOVE gap=129.67
2026-03-19 13:36:24,999 [INFO]   [P2 (H9-L8)] 0.75: lineP=23430.24 | bars_from_origin=76.0 slope=4.5249 | ABOVE gap=0.65
2026-03-19 13:36:24,999 [INFO]   [P2 (H9-L8)] 0.5: lineP=23274.13 | bars_from_origin=76.0 slope=2.4708 | BELOW gap=134.42
2026-03-19 13:36:24,999 [INFO]   [P2 (H9-L8)] 0.25: lineP=23171.45 | bars_from_origin=76.0 slope=1.1198 | BELOW gap=237.10
2026-03-19 13:36:24,999 [INFO]   [P2 (H9-L8)] 0.125: lineP=23127.95 | bars_from_origin=76.0 slope=0.5474 | BELOW gap=280.60
2026-03-19 13:36:24,999 [INFO]   [P2 (H9-L8)] main: lineP=23219.77 | bars_from_origin=22.0 slope=0.0000 | BELOW gap=188.78
2026-03-19 13:36:24,999 [INFO]   [P3 (H9-L6)] main: lineP=23735.41 | bars_from_origin=108.0 slope=7.2209 | ABOVE gap=305.81
2026-03-19 13:36:24,999 [INFO]   [P3 (H9-L6)] 0.875: lineP=23524.96 | bars_from_origin=108.0 slope=5.2723 | ABOVE gap=95.36
2026-03-19 13:36:24,999 [INFO]   [P3 (H9-L6)] 0.75: lineP=23384.54 | bars_from_origin=108.0 slope=3.9721 | BELOW gap=24.01
2026-03-19 13:36:24,999 [INFO]   [P3 (H9-L6)] 0.5: lineP=23198.37 | bars_from_origin=108.0 slope=2.2483 | BELOW gap=210.18
2026-03-19 13:36:25,000 [INFO]   [P3 (H9-L6)] 0.25: lineP=23067.26 | bars_from_origin=108.0 slope=1.0344 | BELOW gap=341.29
2026-03-19 13:36:25,000 [INFO]   [P3 (H9-L6)] 0.125: lineP=23010.33 | bars_from_origin=108.0 slope=0.5073 | BELOW gap=398.22
2026-03-19 13:36:25,000 [INFO]   [P3 (H9-L6)] main: lineP=23148.90 | bars_from_origin=22.0 slope=0.0000 | BELOW gap=259.65
2026-03-19 13:36:25,001 [INFO] [Study] Removing invalidated/excess fan: Fan_H9_L8
2026-03-19 13:36:25,002 [INFO] [Study] Removing invalidated/excess fan: Fan_H9_L6
2026-03-19 13:36:25,002 [INFO] [Study] Creating new fan: Fan_L11_H9 (P2 (L11-H9))
2026-03-19 13:36:25,002 [INFO] [AngleEngine] scale_ratio=3.6603, slope_per_bar=-12.2695, visual_slope=-3.3521, theta=-73.39 deg
2026-03-19 13:36:25,002 [INFO] --- [AngleEngine] Fan Created: Fan_L11_H9 ---
2026-03-19 13:36:25,002 [INFO]   Origin: Bar 205, Time 1773723180, Price 23576.55078125
2026-03-19 13:36:25,003 [INFO]   Target: Bar 223, Time 1773727500, Price 23355.69921875
2026-03-19 13:36:25,003 [INFO]   Delta: db=18, dp_origin=-220.85
2026-03-19 13:36:25,003 [INFO]   Scale Params: Ratio=3.6603, Radius=62.96 bars, Slope/Bar=-12.2695
2026-03-19 13:36:25,003 [INFO]   Line 0.875: EndBar=1773727500 (approx), EndPrice=23440.17
2026-03-19 13:36:25,003 [INFO]   Line 0.75: EndBar=1773727500 (approx), EndPrice=23482.31
2026-03-19 13:36:25,003 [INFO]   Line 0.5: EndBar=1773727500 (approx), EndPrice=23527.45
2026-03-19 13:36:25,003 [INFO]   Line 0.25: EndBar=1773727500 (approx), EndPrice=23554.70
2026-03-19 13:36:25,003 [INFO]   Line 0.125: EndBar=1773727500 (approx), EndPrice=23565.91
2026-03-19 13:36:25,004 [INFO] [Study] Creating new fan: Fan_L11_H10 (P1 (L11-H10))
2026-03-19 13:36:25,004 [INFO] [AngleEngine] scale_ratio=3.6603, slope_per_bar=-17.8201, visual_slope=-4.8685, theta=-78.39 deg
2026-03-19 13:36:25,004 [INFO] --- [AngleEngine] Fan Created: Fan_L11_H10 ---
2026-03-19 13:36:25,004 [INFO]   Origin: Bar 213, Time 1773725100, Price 23533.900390625
2026-03-19 13:36:25,004 [INFO]   Target: Bar 223, Time 1773727500, Price 23355.69921875
2026-03-19 13:36:25,004 [INFO]   Delta: db=10, dp_origin=-178.20
2026-03-19 13:36:25,005 [INFO]   Scale Params: Ratio=3.6603, Radius=49.70 bars, Slope/Bar=-17.8201
2026-03-19 13:36:25,005 [INFO]   Line 0.875: EndBar=1773727500 (approx), EndPrice=23440.53
2026-03-19 13:36:25,005 [INFO]   Line 0.75: EndBar=1773727500 (approx), EndPrice=23473.47
2026-03-19 13:36:25,005 [INFO]   Line 0.5: EndBar=1773727500 (approx), EndPrice=23504.05
2026-03-19 13:36:25,005 [INFO]   Line 0.25: EndBar=1773727500 (approx), EndPrice=23520.87
2026-03-19 13:36:25,005 [INFO]   Line 0.125: EndBar=1773727500 (approx), EndPrice=23527.58
2026-03-19 13:36:25,005 [INFO] [Study] Updating fan priority: Fan_H9_L9 -> P3 (H9-L9)
2026-03-19 13:36:25,005 [INFO] [IntDet] Bar 228 | 2026-03-17 11:55 | H=23411.95 L=23376.05 C=23410.00 | Fans=3 Lines=21
2026-03-19 13:36:25,005 [INFO]   [P3 (H9-L9)] main: lineP=23880.60 | bars_from_origin=41.0 slope=13.2195 | ABOVE gap=468.65
2026-03-19 13:36:25,006 [INFO]   [P3 (H9-L9)] 0.875: lineP=23663.50 | bars_from_origin=41.0 slope=7.9245 | ABOVE gap=251.55
2026-03-19 13:36:25,006 [INFO]   [P3 (H9-L9)] 0.75: lineP=23560.19 | bars_from_origin=41.0 slope=5.4047 | ABOVE gap=148.24
2026-03-19 13:36:25,006 [INFO]   [P3 (H9-L9)] 0.5: lineP=23452.77 | bars_from_origin=41.0 slope=2.7845 | ABOVE gap=40.82
2026-03-19 13:36:25,006 [INFO]   [P3 (H9-L9)] 0.25: lineP=23389.19 | bars_from_origin=41.0 slope=1.2340 | HIT gap=0.00
2026-03-19 13:36:25,006 [INFO]     >>> HIT RECORDED: P3 (H9-L9) frac=0.25 @ 23389.19
2026-03-19 13:36:25,006 [INFO]   [P3 (H9-L9)] 0.125: lineP=23363.22 | bars_from_origin=41.0 slope=0.6004 | BELOW gap=12.83
2026-03-19 13:36:25,006 [INFO]   [P3 (H9-L9)] main: lineP=23388.72 | bars_from_origin=23.0 slope=0.0000 | HIT gap=0.00
2026-03-19 13:36:25,006 [INFO]     >>> HIT RECORDED: P3 (H9-L9) frac=main @ 23388.72
2026-03-19 13:36:25,006 [INFO]   [P2 (L11-H9)] main: lineP=23294.35 | bars_from_origin=23.0 slope=-12.2695 | BELOW gap=81.70
2026-03-19 13:36:25,006 [INFO]   [P2 (L11-H9)] 0.875: lineP=23402.28 | bars_from_origin=23.0 slope=-7.5768 | HIT gap=0.00
2026-03-19 13:36:25,006 [INFO]     >>> HIT RECORDED: P2 (L11-H9) frac=0.875 @ 23402.28
2026-03-19 13:36:25,006 [INFO]   [P2 (L11-H9)] 0.75: lineP=23456.13 | bars_from_origin=23.0 slope=-5.2355 | ABOVE gap=44.18
2026-03-19 13:36:25,007 [INFO]   [P2 (L11-H9)] 0.5: lineP=23513.81 | bars_from_origin=23.0 slope=-2.7278 | ABOVE gap=101.86
2026-03-19 13:36:25,007 [INFO]   [P2 (L11-H9)] 0.25: lineP=23548.63 | bars_from_origin=23.0 slope=-1.2139 | ABOVE gap=136.68
2026-03-19 13:36:25,007 [INFO]   [P2 (L11-H9)] 0.125: lineP=23562.96 | bars_from_origin=23.0 slope=-0.5911 | ABOVE gap=151.01
2026-03-19 13:36:25,007 [INFO]   [P2 (L11-H9)] main: lineP=23527.45 | bars_from_origin=5.0 slope=0.0000 | ABOVE gap=115.50
2026-03-19 13:36:25,007 [INFO]   [P1 (L11-H10)] main: lineP=23266.60 | bars_from_origin=15.0 slope=-17.8201 | BELOW gap=109.45
2026-03-19 13:36:25,007 [INFO]   [P1 (L11-H10)] 0.875: lineP=23393.85 | bars_from_origin=15.0 slope=-9.3369 | HIT gap=0.00
2026-03-19 13:36:25,007 [INFO]     >>> HIT RECORDED: P1 (L11-H10) frac=0.875 @ 23393.85
2026-03-19 13:36:25,007 [INFO]   [P1 (L11-H10)] 0.75: lineP=23443.26 | bars_from_origin=15.0 slope=-6.0426 | ABOVE gap=31.31
2026-03-19 13:36:25,007 [INFO]   [P1 (L11-H10)] 0.5: lineP=23489.13 | bars_from_origin=15.0 slope=-2.9849 | ABOVE gap=77.18
2026-03-19 13:36:25,007 [INFO]   [P1 (L11-H10)] 0.25: lineP=23514.35 | bars_from_origin=15.0 slope=-1.3032 | ABOVE gap=102.40
2026-03-19 13:36:25,007 [INFO]   [P1 (L11-H10)] 0.125: lineP=23524.42 | bars_from_origin=15.0 slope=-0.6322 | ABOVE gap=112.47
2026-03-19 13:36:25,007 [INFO]   [P1 (L11-H10)] main: lineP=23504.05 | bars_from_origin=5.0 slope=0.0000 | ABOVE gap=92.10
2026-03-19 13:36:25,008 [INFO]   [IntDet] Total hits this bar: 4
2026-03-19 13:36:25,008 [INFO] [Study] Emitting intersection event (DIRECT): {'time': 1773728700, 'fan': 'P3 (H9-L9)', 'fanIdentity': 'H9-L9', 'fraction': '1/4', 'price': 23389.1944342898, 'type': 'SUPPORT_TEST', 'details': 'Resting / Throwback'}
2026-03-19 13:36:25,012 [INFO] [Study] Emitting intersection event (DIRECT): {'time': 1773728700, 'fan': 'P3 (H9-L9)', 'fanIdentity': 'H9-L9', 'fraction': 'Horizontal', 'price': 23388.721199034655, 'type': 'SUPPORT_TEST', 'details': 'Resting / Throwback'}
2026-03-19 13:36:25,015 [INFO] [Study] Emitting intersection event (DIRECT): {'time': 1773728700, 'fan': 'P2 (L11-H9)', 'fanIdentity': 'L11-H9', 'fraction': '7/8', 'price': 23402.28332652851, 'type': 'SUPPORT_TEST', 'details': 'Resting / Throwback'}
2026-03-19 13:36:25,018 [INFO] [Study] Emitting intersection event (DIRECT): {'time': 1773728700, 'fan': 'P1 (L11-H10)', 'fanIdentity': 'L11-H10', 'fraction': '7/8', 'price': 23393.846369792744, 'type': 'SUPPORT_TEST', 'details': 'Resting / Throwback'}
2026-03-19 13:36:25,021 [INFO] [Tracking] Fan validated: Fan_L11_H9 via reversal at bar 228
2026-03-19 13:36:25,021 [INFO] [Tracking] Fan validated: Fan_L11_H10 via reversal at bar 228
2026-03-19 13:36:25,022 [INFO] [IntDet] Bar 229 | 2026-03-17 11:59 | H=23421.95 L=23402.60 C=23417.70 | Fans=3 Lines=21
2026-03-19 13:36:25,023 [INFO]   [P3 (H9-L9)] main: lineP=23893.82 | bars_from_origin=42.0 slope=13.2195 | ABOVE gap=471.87
2026-03-19 13:36:25,023 [INFO]   [P3 (H9-L9)] 0.875: lineP=23671.43 | bars_from_origin=42.0 slope=7.9245 | ABOVE gap=249.48
2026-03-19 13:36:25,023 [INFO]   [P3 (H9-L9)] 0.75: lineP=23565.60 | bars_from_origin=42.0 slope=5.4047 | ABOVE gap=143.65
2026-03-19 13:36:25,023 [INFO]   [P3 (H9-L9)] 0.5: lineP=23455.55 | bars_from_origin=42.0 slope=2.7845 | ABOVE gap=33.60
2026-03-19 13:36:25,023 [INFO]   [P3 (H9-L9)] 0.25: lineP=23390.43 | bars_from_origin=42.0 slope=1.2340 | BELOW gap=12.17
2026-03-19 13:36:25,024 [INFO]   [P3 (H9-L9)] 0.125: lineP=23363.82 | bars_from_origin=42.0 slope=0.6004 | BELOW gap=38.78
2026-03-19 13:36:25,024 [INFO]   [P3 (H9-L9)] main: lineP=23388.72 | bars_from_origin=24.0 slope=0.0000 | BELOW gap=13.88
2026-03-19 13:36:25,024 [INFO]   [P2 (L11-H9)] main: lineP=23282.08 | bars_from_origin=24.0 slope=-12.2695 | BELOW gap=120.52
2026-03-19 13:36:25,024 [INFO]   [P2 (L11-H9)] 0.875: lineP=23394.71 | bars_from_origin=24.0 slope=-7.5768 | BELOW gap=7.89
2026-03-19 13:36:25,024 [INFO]   [P2 (L11-H9)] 0.75: lineP=23450.90 | bars_from_origin=24.0 slope=-5.2355 | ABOVE gap=28.95
2026-03-19 13:36:25,024 [INFO]   [P2 (L11-H9)] 0.5: lineP=23511.08 | bars_from_origin=24.0 slope=-2.7278 | ABOVE gap=89.14
2026-03-19 13:36:25,024 [INFO]   [P2 (L11-H9)] 0.25: lineP=23547.42 | bars_from_origin=24.0 slope=-1.2139 | ABOVE gap=125.47
2026-03-19 13:36:25,024 [INFO]   [P2 (L11-H9)] 0.125: lineP=23562.36 | bars_from_origin=24.0 slope=-0.5911 | ABOVE gap=140.41
2026-03-19 13:36:25,025 [INFO]   [P2 (L11-H9)] main: lineP=23527.45 | bars_from_origin=6.0 slope=0.0000 | ABOVE gap=105.50
2026-03-19 13:36:25,025 [INFO]   [P1 (L11-H10)] main: lineP=23248.78 | bars_from_origin=16.0 slope=-17.8201 | BELOW gap=153.82
2026-03-19 13:36:25,025 [INFO]   [P1 (L11-H10)] 0.875: lineP=23384.51 | bars_from_origin=16.0 slope=-9.3369 | BELOW gap=18.09
2026-03-19 13:36:25,025 [INFO]   [P1 (L11-H10)] 0.75: lineP=23437.22 | bars_from_origin=16.0 slope=-6.0426 | ABOVE gap=15.27
2026-03-19 13:36:25,025 [INFO]   [P1 (L11-H10)] 0.5: lineP=23486.14 | bars_from_origin=16.0 slope=-2.9849 | ABOVE gap=64.19
2026-03-19 13:36:25,025 [INFO]   [P1 (L11-H10)] 0.25: lineP=23513.05 | bars_from_origin=16.0 slope=-1.3032 | ABOVE gap=91.10
2026-03-19 13:36:25,025 [INFO]   [P1 (L11-H10)] 0.125: lineP=23523.79 | bars_from_origin=16.0 slope=-0.6322 | ABOVE gap=101.84
2026-03-19 13:36:25,025 [INFO]   [P1 (L11-H10)] main: lineP=23504.05 | bars_from_origin=6.0 slope=0.0000 | ABOVE gap=82.10
2026-03-19 13:36:25,027 [INFO] [IntDet] Bar 230 | 2026-03-17 12:03 | H=23423.60 L=23406.30 C=23418.60 | Fans=3 Lines=21
2026-03-19 13:36:25,027 [INFO]   [P3 (H9-L9)] main: lineP=23907.04 | bars_from_origin=43.0 slope=13.2195 | ABOVE gap=483.44
2026-03-19 13:36:25,027 [INFO]   [P3 (H9-L9)] 0.875: lineP=23679.35 | bars_from_origin=43.0 slope=7.9245 | ABOVE gap=255.75
2026-03-19 13:36:25,027 [INFO]   [P3 (H9-L9)] 0.75: lineP=23571.00 | bars_from_origin=43.0 slope=5.4047 | ABOVE gap=147.40
2026-03-19 13:36:25,028 [INFO]   [P3 (H9-L9)] 0.5: lineP=23458.33 | bars_from_origin=43.0 slope=2.7845 | ABOVE gap=34.73
2026-03-19 13:36:25,028 [INFO]   [P3 (H9-L9)] 0.25: lineP=23391.66 | bars_from_origin=43.0 slope=1.2340 | BELOW gap=14.64
2026-03-19 13:36:25,028 [INFO]   [P3 (H9-L9)] 0.125: lineP=23364.42 | bars_from_origin=43.0 slope=0.6004 | BELOW gap=41.88
2026-03-19 13:36:25,028 [INFO]   [P3 (H9-L9)] main: lineP=23388.72 | bars_from_origin=25.0 slope=0.0000 | BELOW gap=17.58
2026-03-19 13:36:25,028 [INFO]   [P2 (L11-H9)] main: lineP=23269.81 | bars_from_origin=25.0 slope=-12.2695 | BELOW gap=136.49
2026-03-19 13:36:25,028 [INFO]   [P2 (L11-H9)] 0.875: lineP=23387.13 | bars_from_origin=25.0 slope=-7.5768 | BELOW gap=19.17
2026-03-19 13:36:25,028 [INFO]   [P2 (L11-H9)] 0.75: lineP=23445.66 | bars_from_origin=25.0 slope=-5.2355 | ABOVE gap=22.06
2026-03-19 13:36:25,029 [INFO]   [P2 (L11-H9)] 0.5: lineP=23508.36 | bars_from_origin=25.0 slope=-2.7278 | ABOVE gap=84.76
2026-03-19 13:36:25,029 [INFO]   [P2 (L11-H9)] 0.25: lineP=23546.20 | bars_from_origin=25.0 slope=-1.2139 | ABOVE gap=122.60
2026-03-19 13:36:25,029 [INFO]   [P2 (L11-H9)] 0.125: lineP=23561.77 | bars_from_origin=25.0 slope=-0.5911 | ABOVE gap=138.17
2026-03-19 13:36:25,029 [INFO]   [P2 (L11-H9)] main: lineP=23527.45 | bars_from_origin=7.0 slope=0.0000 | ABOVE gap=103.85
2026-03-19 13:36:25,029 [INFO]   [P1 (L11-H10)] main: lineP=23230.96 | bars_from_origin=17.0 slope=-17.8201 | BELOW gap=175.34
2026-03-19 13:36:25,029 [INFO]   [P1 (L11-H10)] 0.875: lineP=23375.17 | bars_from_origin=17.0 slope=-9.3369 | BELOW gap=31.13
2026-03-19 13:36:25,029 [INFO]   [P1 (L11-H10)] 0.75: lineP=23431.18 | bars_from_origin=17.0 slope=-6.0426 | ABOVE gap=7.58
2026-03-19 13:36:25,029 [INFO]   [P1 (L11-H10)] 0.5: lineP=23483.16 | bars_from_origin=17.0 slope=-2.9849 | ABOVE gap=59.56
2026-03-19 13:36:25,029 [INFO]   [P1 (L11-H10)] 0.25: lineP=23511.75 | bars_from_origin=17.0 slope=-1.3032 | ABOVE gap=88.15
2026-03-19 13:36:25,029 [INFO]   [P1 (L11-H10)] 0.125: lineP=23523.15 | bars_from_origin=17.0 slope=-0.6322 | ABOVE gap=99.55
2026-03-19 13:36:25,029 [INFO]   [P1 (L11-H10)] main: lineP=23504.05 | bars_from_origin=7.0 slope=0.0000 | ABOVE gap=80.45
2026-03-19 13:36:25,031 [INFO] [IntDet] Bar 231 | 2026-03-17 12:07 | H=23438.00 L=23417.55 C=23431.60 | Fans=3 Lines=21
2026-03-19 13:36:25,031 [INFO]   [P3 (H9-L9)] main: lineP=23920.26 | bars_from_origin=44.0 slope=13.2195 | ABOVE gap=482.26
2026-03-19 13:36:25,031 [INFO]   [P3 (H9-L9)] 0.875: lineP=23687.28 | bars_from_origin=44.0 slope=7.9245 | ABOVE gap=249.28
2026-03-19 13:36:25,031 [INFO]   [P3 (H9-L9)] 0.75: lineP=23576.41 | bars_from_origin=44.0 slope=5.4047 | ABOVE gap=138.41
2026-03-19 13:36:25,031 [INFO]   [P3 (H9-L9)] 0.5: lineP=23461.12 | bars_from_origin=44.0 slope=2.7845 | ABOVE gap=23.12
2026-03-19 13:36:25,031 [INFO]   [P3 (H9-L9)] 0.25: lineP=23392.90 | bars_from_origin=44.0 slope=1.2340 | BELOW gap=24.65
2026-03-19 13:36:25,031 [INFO]   [P3 (H9-L9)] 0.125: lineP=23365.02 | bars_from_origin=44.0 slope=0.6004 | BELOW gap=52.53
2026-03-19 13:36:25,032 [INFO]   [P3 (H9-L9)] main: lineP=23388.72 | bars_from_origin=26.0 slope=0.0000 | BELOW gap=28.83
2026-03-19 13:36:25,032 [INFO]   [P2 (L11-H9)] main: lineP=23257.54 | bars_from_origin=26.0 slope=-12.2695 | BELOW gap=160.01
2026-03-19 13:36:25,032 [INFO]   [P2 (L11-H9)] 0.875: lineP=23379.55 | bars_from_origin=26.0 slope=-7.5768 | BELOW gap=38.00
2026-03-19 13:36:25,032 [INFO]   [P2 (L11-H9)] 0.75: lineP=23440.43 | bars_from_origin=26.0 slope=-5.2355 | ABOVE gap=2.43
2026-03-19 13:36:25,032 [INFO]   [P2 (L11-H9)] 0.5: lineP=23505.63 | bars_from_origin=26.0 slope=-2.7278 | ABOVE gap=67.63
2026-03-19 13:36:25,032 [INFO]   [P2 (L11-H9)] 0.25: lineP=23544.99 | bars_from_origin=26.0 slope=-1.2139 | ABOVE gap=106.99
2026-03-19 13:36:25,032 [INFO]   [P2 (L11-H9)] 0.125: lineP=23561.18 | bars_from_origin=26.0 slope=-0.5911 | ABOVE gap=123.18
2026-03-19 13:36:25,032 [INFO]   [P2 (L11-H9)] main: lineP=23527.45 | bars_from_origin=8.0 slope=0.0000 | ABOVE gap=89.45
2026-03-19 13:36:25,032 [INFO]   [P1 (L11-H10)] main: lineP=23213.14 | bars_from_origin=18.0 slope=-17.8201 | BELOW gap=204.41
2026-03-19 13:36:25,032 [INFO]   [P1 (L11-H10)] 0.875: lineP=23365.84 | bars_from_origin=18.0 slope=-9.3369 | BELOW gap=51.72
2026-03-19 13:36:25,032 [INFO]   [P1 (L11-H10)] 0.75: lineP=23425.13 | bars_from_origin=18.0 slope=-6.0426 | HIT gap=0.00
2026-03-19 13:36:25,033 [INFO]     >>> HIT RECORDED: P1 (L11-H10) frac=0.75 @ 23425.13
2026-03-19 13:36:25,033 [INFO]   [P1 (L11-H10)] 0.5: lineP=23480.17 | bars_from_origin=18.0 slope=-2.9849 | ABOVE gap=42.17
2026-03-19 13:36:25,033 [INFO]   [P1 (L11-H10)] 0.25: lineP=23510.44 | bars_from_origin=18.0 slope=-1.3032 | ABOVE gap=72.44
2026-03-19 13:36:25,033 [INFO]   [P1 (L11-H10)] 0.125: lineP=23522.52 | bars_from_origin=18.0 slope=-0.6322 | ABOVE gap=84.52
2026-03-19 13:36:25,033 [INFO]   [P1 (L11-H10)] main: lineP=23504.05 | bars_from_origin=8.0 slope=0.0000 | ABOVE gap=66.05
2026-03-19 13:36:25,033 [INFO]   [IntDet] Total hits this bar: 1
2026-03-19 13:36:25,033 [INFO] [Study] Emitting intersection event (DIRECT): {'time': 1773729420, 'fan': 'P1 (L11-H10)', 'fanIdentity': 'L11-H10', 'fraction': '3/4', 'price': 23425.134013820527, 'type': 'CROSS_UP', 'details': 'Breakout Attempt'}
2026-03-19 13:36:25,038 [INFO] [IntDet] Bar 232 | 2026-03-17 12:11 | H=23450.05 L=23431.75 C=23435.30 | Fans=3 Lines=21
2026-03-19 13:36:25,038 [INFO]   [P3 (H9-L9)] main: lineP=23933.48 | bars_from_origin=45.0 slope=13.2195 | ABOVE gap=483.43
2026-03-19 13:36:25,038 [INFO]   [P3 (H9-L9)] 0.875: lineP=23695.20 | bars_from_origin=45.0 slope=7.9245 | ABOVE gap=245.15
2026-03-19 13:36:25,038 [INFO]   [P3 (H9-L9)] 0.75: lineP=23581.81 | bars_from_origin=45.0 slope=5.4047 | ABOVE gap=131.76
2026-03-19 13:36:25,038 [INFO]   [P3 (H9-L9)] 0.5: lineP=23463.90 | bars_from_origin=45.0 slope=2.7845 | ABOVE gap=13.85
2026-03-19 13:36:25,039 [INFO]   [P3 (H9-L9)] 0.25: lineP=23394.13 | bars_from_origin=45.0 slope=1.2340 | BELOW gap=37.62
2026-03-19 13:36:25,039 [INFO]   [P3 (H9-L9)] 0.125: lineP=23365.62 | bars_from_origin=45.0 slope=0.6004 | BELOW gap=66.13
2026-03-19 13:36:25,039 [INFO]   [P3 (H9-L9)] main: lineP=23388.72 | bars_from_origin=27.0 slope=0.0000 | BELOW gap=43.03
2026-03-19 13:36:25,039 [INFO]   [P2 (L11-H9)] main: lineP=23245.27 | bars_from_origin=27.0 slope=-12.2695 | BELOW gap=186.48
2026-03-19 13:36:25,039 [INFO]   [P2 (L11-H9)] 0.875: lineP=23371.98 | bars_from_origin=27.0 slope=-7.5768 | BELOW gap=59.77
2026-03-19 13:36:25,039 [INFO]   [P2 (L11-H9)] 0.75: lineP=23435.19 | bars_from_origin=27.0 slope=-5.2355 | HIT gap=0.00
2026-03-19 13:36:25,039 [INFO]     >>> HIT RECORDED: P2 (L11-H9) frac=0.75 @ 23435.19
2026-03-19 13:36:25,039 [INFO]   [P2 (L11-H9)] 0.5: lineP=23502.90 | bars_from_origin=27.0 slope=-2.7278 | ABOVE gap=52.85
2026-03-19 13:36:25,039 [INFO]   [P2 (L11-H9)] 0.25: lineP=23543.78 | bars_from_origin=27.0 slope=-1.2139 | ABOVE gap=93.73
2026-03-19 13:36:25,039 [INFO]   [P2 (L11-H9)] 0.125: lineP=23560.59 | bars_from_origin=27.0 slope=-0.5911 | ABOVE gap=110.54
2026-03-19 13:36:25,040 [INFO]   [P2 (L11-H9)] main: lineP=23527.45 | bars_from_origin=9.0 slope=0.0000 | ABOVE gap=77.40
2026-03-19 13:36:25,040 [INFO]   [P1 (L11-H10)] main: lineP=23195.32 | bars_from_origin=19.0 slope=-17.8201 | BELOW gap=236.43
2026-03-19 13:36:25,040 [INFO]   [P1 (L11-H10)] 0.875: lineP=23356.50 | bars_from_origin=19.0 slope=-9.3369 | BELOW gap=75.25
2026-03-19 13:36:25,040 [INFO]   [P1 (L11-H10)] 0.75: lineP=23419.09 | bars_from_origin=19.0 slope=-6.0426 | BELOW gap=12.66
2026-03-19 13:36:25,040 [INFO]   [P1 (L11-H10)] 0.5: lineP=23477.19 | bars_from_origin=19.0 slope=-2.9849 | ABOVE gap=27.14
2026-03-19 13:36:25,040 [INFO]   [P1 (L11-H10)] 0.25: lineP=23509.14 | bars_from_origin=19.0 slope=-1.3032 | ABOVE gap=59.09
2026-03-19 13:36:25,040 [INFO]   [P1 (L11-H10)] 0.125: lineP=23521.89 | bars_from_origin=19.0 slope=-0.6322 | ABOVE gap=71.84
2026-03-19 13:36:25,040 [INFO]   [P1 (L11-H10)] main: lineP=23504.05 | bars_from_origin=9.0 slope=0.0000 | ABOVE gap=54.00
2026-03-19 13:36:25,040 [INFO]   [IntDet] Total hits this bar: 1
2026-03-19 13:36:25,040 [INFO] [Study] Emitting intersection event (DIRECT): {'time': 1773729660, 'fan': 'P2 (L11-H9)', 'fanIdentity': 'L11-H9', 'fraction': '3/4', 'price': 23435.190992919743, 'type': 'CROSS_UP', 'details': 'Breakout Attempt'}
2026-03-19 13:36:25,046 [INFO] [IntDet] Bar 233 | 2026-03-17 12:15 | H=23438.30 L=23397.75 C=23400.85 | Fans=3 Lines=21
2026-03-19 13:36:25,046 [INFO]   [P3 (H9-L9)] main: lineP=23946.70 | bars_from_origin=46.0 slope=13.2195 | ABOVE gap=508.40
2026-03-19 13:36:25,046 [INFO]   [P3 (H9-L9)] 0.875: lineP=23703.13 | bars_from_origin=46.0 slope=7.9245 | ABOVE gap=264.83
2026-03-19 13:36:25,046 [INFO]   [P3 (H9-L9)] 0.75: lineP=23587.22 | bars_from_origin=46.0 slope=5.4047 | ABOVE gap=148.92
2026-03-19 13:36:25,047 [INFO]   [P3 (H9-L9)] 0.5: lineP=23466.69 | bars_from_origin=46.0 slope=2.7845 | ABOVE gap=28.39
2026-03-19 13:36:25,047 [INFO]   [P3 (H9-L9)] 0.25: lineP=23395.36 | bars_from_origin=46.0 slope=1.2340 | BELOW gap=2.39
2026-03-19 13:36:25,047 [INFO]   [P3 (H9-L9)] 0.125: lineP=23366.22 | bars_from_origin=46.0 slope=0.6004 | BELOW gap=31.53
2026-03-19 13:36:25,047 [INFO]   [P3 (H9-L9)] main: lineP=23388.72 | bars_from_origin=28.0 slope=0.0000 | BELOW gap=9.03
2026-03-19 13:36:25,047 [INFO]   [P2 (L11-H9)] main: lineP=23233.00 | bars_from_origin=28.0 slope=-12.2695 | BELOW gap=164.75
2026-03-19 13:36:25,048 [INFO]   [P2 (L11-H9)] 0.875: lineP=23364.40 | bars_from_origin=28.0 slope=-7.5768 | BELOW gap=33.35
2026-03-19 13:36:25,048 [INFO]   [P2 (L11-H9)] 0.75: lineP=23429.96 | bars_from_origin=28.0 slope=-5.2355 | HIT gap=0.00
2026-03-19 13:36:25,048 [INFO]     >>> HIT RECORDED: P2 (L11-H9) frac=0.75 @ 23429.96
2026-03-19 13:36:25,048 [INFO]   [P2 (L11-H9)] 0.5: lineP=23500.17 | bars_from_origin=28.0 slope=-2.7278 | ABOVE gap=61.87
2026-03-19 13:36:25,048 [INFO]   [P2 (L11-H9)] 0.25: lineP=23542.56 | bars_from_origin=28.0 slope=-1.2139 | ABOVE gap=104.26
2026-03-19 13:36:25,048 [INFO]   [P2 (L11-H9)] 0.125: lineP=23560.00 | bars_from_origin=28.0 slope=-0.5911 | ABOVE gap=121.70
2026-03-19 13:36:25,048 [INFO]   [P2 (L11-H9)] main: lineP=23527.45 | bars_from_origin=10.0 slope=0.0000 | ABOVE gap=89.15
2026-03-19 13:36:25,048 [INFO]   [P1 (L11-H10)] main: lineP=23177.50 | bars_from_origin=20.0 slope=-17.8201 | BELOW gap=220.25
2026-03-19 13:36:25,048 [INFO]   [P1 (L11-H10)] 0.875: lineP=23347.16 | bars_from_origin=20.0 slope=-9.3369 | BELOW gap=50.59
2026-03-19 13:36:25,049 [INFO]   [P1 (L11-H10)] 0.75: lineP=23413.05 | bars_from_origin=20.0 slope=-6.0426 | HIT gap=0.00
2026-03-19 13:36:25,049 [INFO]     >>> HIT RECORDED: P1 (L11-H10) frac=0.75 @ 23413.05
2026-03-19 13:36:25,049 [INFO]   [P1 (L11-H10)] 0.5: lineP=23474.20 | bars_from_origin=20.0 slope=-2.9849 | ABOVE gap=35.90
2026-03-19 13:36:25,049 [INFO]   [P1 (L11-H10)] 0.25: lineP=23507.84 | bars_from_origin=20.0 slope=-1.3032 | ABOVE gap=69.53
2026-03-19 13:36:25,049 [INFO]   [P1 (L11-H10)] 0.125: lineP=23521.26 | bars_from_origin=20.0 slope=-0.6322 | ABOVE gap=82.96
2026-03-19 13:36:25,049 [INFO]   [P1 (L11-H10)] main: lineP=23504.05 | bars_from_origin=10.0 slope=0.0000 | ABOVE gap=65.75
2026-03-19 13:36:25,049 [INFO]   [IntDet] Total hits this bar: 2
2026-03-19 13:36:25,049 [INFO] [Study] Emitting intersection event (DIRECT): {'time': 1773729900, 'fan': 'P2 (L11-H9)', 'fanIdentity': 'L11-H9', 'fraction': '3/4', 'price': 23429.955445203806, 'type': 'CROSS_DOWN', 'details': 'Breakdown Attempt'}
2026-03-19 13:36:25,052 [INFO] [Study] Emitting intersection event (DIRECT): {'time': 1773729900, 'fan': 'P1 (L11-H10)', 'fanIdentity': 'L11-H10', 'fraction': '3/4', 'price': 23413.048860842253, 'type': 'CROSS_DOWN', 'details': 'Breakdown Attempt'}
2026-03-19 13:36:25,056 [INFO] [Tracking] FAKE OUT: Fan_L11_H10 0.75 (T+2 bars)
2026-03-19 13:36:25,056 [INFO] [Tracking] FAKE OUT: Fan_L11_H9 0.75 (T+1 bars)
2026-03-19 13:36:25,058 [INFO] [IntDet] Bar 234 | 2026-03-17 12:19 | H=23411.75 L=23381.55 C=23409.55 | Fans=3 Lines=21
2026-03-19 13:36:25,059 [INFO]   [P3 (H9-L9)] main: lineP=23959.92 | bars_from_origin=47.0 slope=13.2195 | ABOVE gap=548.17
2026-03-19 13:36:25,059 [INFO]   [P3 (H9-L9)] 0.875: lineP=23711.05 | bars_from_origin=47.0 slope=7.9245 | ABOVE gap=299.30
2026-03-19 13:36:25,059 [INFO]   [P3 (H9-L9)] 0.75: lineP=23592.62 | bars_from_origin=47.0 slope=5.4047 | ABOVE gap=180.87
2026-03-19 13:36:25,059 [INFO]   [P3 (H9-L9)] 0.5: lineP=23469.47 | bars_from_origin=47.0 slope=2.7845 | ABOVE gap=57.72
2026-03-19 13:36:25,059 [INFO]   [P3 (H9-L9)] 0.25: lineP=23396.60 | bars_from_origin=47.0 slope=1.2340 | HIT gap=0.00
2026-03-19 13:36:25,059 [INFO]     >>> HIT RECORDED: P3 (H9-L9) frac=0.25 @ 23396.60
2026-03-19 13:36:25,059 [INFO]   [P3 (H9-L9)] 0.125: lineP=23366.82 | bars_from_origin=47.0 slope=0.6004 | BELOW gap=14.73
2026-03-19 13:36:25,059 [INFO]   [P3 (H9-L9)] main: lineP=23388.72 | bars_from_origin=29.0 slope=0.0000 | HIT gap=0.00
2026-03-19 13:36:25,060 [INFO]     >>> HIT RECORDED: P3 (H9-L9) frac=main @ 23388.72
2026-03-19 13:36:25,060 [INFO]   [P2 (L11-H9)] main: lineP=23220.73 | bars_from_origin=29.0 slope=-12.2695 | BELOW gap=160.82
2026-03-19 13:36:25,060 [INFO]   [P2 (L11-H9)] 0.875: lineP=23356.82 | bars_from_origin=29.0 slope=-7.5768 | BELOW gap=24.73
2026-03-19 13:36:25,060 [INFO]   [P2 (L11-H9)] 0.75: lineP=23424.72 | bars_from_origin=29.0 slope=-5.2355 | ABOVE gap=12.97
2026-03-19 13:36:25,060 [INFO]   [P2 (L11-H9)] 0.5: lineP=23497.45 | bars_from_origin=29.0 slope=-2.7278 | ABOVE gap=85.70
2026-03-19 13:36:25,060 [INFO]   [P2 (L11-H9)] 0.25: lineP=23541.35 | bars_from_origin=29.0 slope=-1.2139 | ABOVE gap=129.60
2026-03-19 13:36:25,060 [INFO]   [P2 (L11-H9)] 0.125: lineP=23559.41 | bars_from_origin=29.0 slope=-0.5911 | ABOVE gap=147.66
2026-03-19 13:36:25,060 [INFO]   [P2 (L11-H9)] main: lineP=23527.45 | bars_from_origin=11.0 slope=0.0000 | ABOVE gap=115.70
2026-03-19 13:36:25,060 [INFO]   [P1 (L11-H10)] main: lineP=23159.68 | bars_from_origin=21.0 slope=-17.8201 | BELOW gap=221.87
2026-03-19 13:36:25,061 [INFO]   [P1 (L11-H10)] 0.875: lineP=23337.82 | bars_from_origin=21.0 slope=-9.3369 | BELOW gap=43.73
2026-03-19 13:36:25,061 [INFO]   [P1 (L11-H10)] 0.75: lineP=23407.01 | bars_from_origin=21.0 slope=-6.0426 | HIT gap=0.00
2026-03-19 13:36:25,061 [INFO]     >>> HIT RECORDED: P1 (L11-H10) frac=0.75 @ 23407.01
2026-03-19 13:36:25,061 [INFO]   [P1 (L11-H10)] 0.5: lineP=23471.22 | bars_from_origin=21.0 slope=-2.9849 | ABOVE gap=59.47
2026-03-19 13:36:25,061 [INFO]   [P1 (L11-H10)] 0.25: lineP=23506.53 | bars_from_origin=21.0 slope=-1.3032 | ABOVE gap=94.78
2026-03-19 13:36:25,061 [INFO]   [P1 (L11-H10)] 0.125: lineP=23520.62 | bars_from_origin=21.0 slope=-0.6322 | ABOVE gap=108.87
2026-03-19 13:36:25,061 [INFO]   [P1 (L11-H10)] main: lineP=23504.05 | bars_from_origin=11.0 slope=0.0000 | ABOVE gap=92.30
2026-03-19 13:36:25,061 [INFO]   [IntDet] Total hits this bar: 3
2026-03-19 13:36:25,061 [INFO] [Study] Emitting intersection event (DIRECT): {'time': 1773730140, 'fan': 'P3 (H9-L9)', 'fanIdentity': 'H9-L9', 'fraction': '1/4', 'price': 23396.598555009034, 'type': 'SUPPORT_TEST', 'details': 'Resting / Throwback'}
2026-03-19 13:36:25,064 [INFO] [Study] Emitting intersection event (DIRECT): {'time': 1773730140, 'fan': 'P3 (H9-L9)', 'fanIdentity': 'H9-L9', 'fraction': 'Horizontal', 'price': 23388.721199034655, 'type': 'SUPPORT_TEST', 'details': 'Resting / Throwback'}
2026-03-19 13:36:25,067 [INFO] [Study] Emitting intersection event (DIRECT): {'time': 1773730140, 'fan': 'P1 (L11-H10)', 'fanIdentity': 'L11-H10', 'fraction': '3/4', 'price': 23407.006284353116, 'type': 'CROSS_UP', 'details': 'Breakout Attempt'}
2026-03-19 13:36:25,071 [INFO] [IntDet] Bar 235 | 2026-03-17 12:23 | H=23413.05 L=23385.20 C=23401.10 | Fans=3 Lines=21
2026-03-19 13:36:25,071 [INFO]   [P3 (H9-L9)] main: lineP=23973.14 | bars_from_origin=48.0 slope=13.2195 | ABOVE gap=560.09
2026-03-19 13:36:25,071 [INFO]   [P3 (H9-L9)] 0.875: lineP=23718.97 | bars_from_origin=48.0 slope=7.9245 | ABOVE gap=305.92
2026-03-19 13:36:25,071 [INFO]   [P3 (H9-L9)] 0.75: lineP=23598.03 | bars_from_origin=48.0 slope=5.4047 | ABOVE gap=184.98
2026-03-19 13:36:25,071 [INFO]   [P3 (H9-L9)] 0.5: lineP=23472.26 | bars_from_origin=48.0 slope=2.7845 | ABOVE gap=59.21
2026-03-19 13:36:25,072 [INFO]   [P3 (H9-L9)] 0.25: lineP=23397.83 | bars_from_origin=48.0 slope=1.2340 | HIT gap=0.00
2026-03-19 13:36:25,072 [INFO]     >>> HIT RECORDED: P3 (H9-L9) frac=0.25 @ 23397.83
2026-03-19 13:36:25,072 [INFO]   [P3 (H9-L9)] 0.125: lineP=23367.42 | bars_from_origin=48.0 slope=0.6004 | BELOW gap=17.78
2026-03-19 13:36:25,072 [INFO]   [P3 (H9-L9)] main: lineP=23388.72 | bars_from_origin=30.0 slope=0.0000 | HIT gap=0.00
2026-03-19 13:36:25,072 [INFO]     >>> HIT RECORDED: P3 (H9-L9) frac=main @ 23388.72
2026-03-19 13:36:25,073 [INFO]   [P2 (L11-H9)] main: lineP=23208.46 | bars_from_origin=30.0 slope=-12.2695 | BELOW gap=176.73
2026-03-19 13:36:25,073 [INFO]   [P2 (L11-H9)] 0.875: lineP=23349.25 | bars_from_origin=30.0 slope=-7.5768 | BELOW gap=35.95
2026-03-19 13:36:25,073 [INFO]   [P2 (L11-H9)] 0.75: lineP=23419.48 | bars_from_origin=30.0 slope=-5.2355 | ABOVE gap=6.43
2026-03-19 13:36:25,073 [INFO]   [P2 (L11-H9)] 0.5: lineP=23494.72 | bars_from_origin=30.0 slope=-2.7278 | ABOVE gap=81.67
2026-03-19 13:36:25,073 [INFO]   [P2 (L11-H9)] 0.25: lineP=23540.13 | bars_from_origin=30.0 slope=-1.2139 | ABOVE gap=127.08
2026-03-19 13:36:25,073 [INFO]   [P2 (L11-H9)] 0.125: lineP=23558.82 | bars_from_origin=30.0 slope=-0.5911 | ABOVE gap=145.77
2026-03-19 13:36:25,074 [INFO]   [P2 (L11-H9)] main: lineP=23527.45 | bars_from_origin=12.0 slope=0.0000 | ABOVE gap=114.40
2026-03-19 13:36:25,074 [INFO]   [P1 (L11-H10)] main: lineP=23141.86 | bars_from_origin=22.0 slope=-17.8201 | BELOW gap=243.34
2026-03-19 13:36:25,074 [INFO]   [P1 (L11-H10)] 0.875: lineP=23328.49 | bars_from_origin=22.0 slope=-9.3369 | BELOW gap=56.71
2026-03-19 13:36:25,074 [INFO]   [P1 (L11-H10)] 0.75: lineP=23400.96 | bars_from_origin=22.0 slope=-6.0426 | HIT gap=0.00
2026-03-19 13:36:25,074 [INFO]     >>> HIT RECORDED: P1 (L11-H10) frac=0.75 @ 23400.96
2026-03-19 13:36:25,074 [INFO]   [P1 (L11-H10)] 0.5: lineP=23468.23 | bars_from_origin=22.0 slope=-2.9849 | ABOVE gap=55.18
2026-03-19 13:36:25,074 [INFO]   [P1 (L11-H10)] 0.25: lineP=23505.23 | bars_from_origin=22.0 slope=-1.3032 | ABOVE gap=92.18
2026-03-19 13:36:25,075 [INFO]   [P1 (L11-H10)] 0.125: lineP=23519.99 | bars_from_origin=22.0 slope=-0.6322 | ABOVE gap=106.94
2026-03-19 13:36:25,075 [INFO]   [P1 (L11-H10)] main: lineP=23504.05 | bars_from_origin=12.0 slope=0.0000 | ABOVE gap=91.00
2026-03-19 13:36:25,075 [INFO]   [IntDet] Total hits this bar: 3
2026-03-19 13:36:25,075 [INFO] [Study] Emitting intersection event (DIRECT): {'time': 1773730380, 'fan': 'P3 (H9-L9)', 'fanIdentity': 'H9-L9', 'fraction': '1/4', 'price': 23397.83257512891, 'type': 'SUPPORT_TEST', 'details': 'Resting / Throwback'}
2026-03-19 13:36:25,078 [INFO] [Study] Emitting intersection event (DIRECT): {'time': 1773730380, 'fan': 'P3 (H9-L9)', 'fanIdentity': 'H9-L9', 'fraction': 'Horizontal', 'price': 23388.721199034655, 'type': 'SUPPORT_TEST', 'details': 'Resting / Throwback'}
2026-03-19 13:36:25,081 [INFO] [Study] Emitting intersection event (DIRECT): {'time': 1773730380, 'fan': 'P1 (L11-H10)', 'fanIdentity': 'L11-H10', 'fraction': '3/4', 'price': 23400.96370786398, 'type': 'SUPPORT_TEST', 'details': 'Resting / Throwback'}
2026-03-19 13:36:25,084 [INFO] [Tracking] FAKE OUT: Fan_L11_H10 0.75 (T+1 bars)
2026-03-19 13:36:25,086 [INFO] [IntDet] Bar 236 | 2026-03-17 12:27 | H=23408.75 L=23386.00 C=23392.45 | Fans=3 Lines=21
2026-03-19 13:36:25,086 [INFO]   [P3 (H9-L9)] main: lineP=23986.36 | bars_from_origin=49.0 slope=13.2195 | ABOVE gap=577.61
2026-03-19 13:36:25,086 [INFO]   [P3 (H9-L9)] 0.875: lineP=23726.90 | bars_from_origin=49.0 slope=7.9245 | ABOVE gap=318.15
2026-03-19 13:36:25,086 [INFO]   [P3 (H9-L9)] 0.75: lineP=23603.43 | bars_from_origin=49.0 slope=5.4047 | ABOVE gap=194.68
2026-03-19 13:36:25,086 [INFO]   [P3 (H9-L9)] 0.5: lineP=23475.04 | bars_from_origin=49.0 slope=2.7845 | ABOVE gap=66.29
2026-03-19 13:36:25,086 [INFO]   [P3 (H9-L9)] 0.25: lineP=23399.07 | bars_from_origin=49.0 slope=1.2340 | HIT gap=0.00
2026-03-19 13:36:25,086 [INFO]     >>> HIT RECORDED: P3 (H9-L9) frac=0.25 @ 23399.07
2026-03-19 13:36:25,086 [INFO]   [P3 (H9-L9)] 0.125: lineP=23368.02 | bars_from_origin=49.0 slope=0.6004 | BELOW gap=17.98
2026-03-19 13:36:25,087 [INFO]   [P3 (H9-L9)] main: lineP=23388.72 | bars_from_origin=31.0 slope=0.0000 | HIT gap=0.00
2026-03-19 13:36:25,087 [INFO]     >>> HIT RECORDED: P3 (H9-L9) frac=main @ 23388.72
2026-03-19 13:36:25,087 [INFO]   [P2 (L11-H9)] main: lineP=23196.20 | bars_from_origin=31.0 slope=-12.2695 | BELOW gap=189.80
2026-03-19 13:36:25,087 [INFO]   [P2 (L11-H9)] 0.875: lineP=23341.67 | bars_from_origin=31.0 slope=-7.5768 | BELOW gap=44.33
2026-03-19 13:36:25,087 [INFO]   [P2 (L11-H9)] 0.75: lineP=23414.25 | bars_from_origin=31.0 slope=-5.2355 | ABOVE gap=5.50
2026-03-19 13:36:25,087 [INFO]   [P2 (L11-H9)] 0.5: lineP=23491.99 | bars_from_origin=31.0 slope=-2.7278 | ABOVE gap=83.24
2026-03-19 13:36:25,087 [INFO]   [P2 (L11-H9)] 0.25: lineP=23538.92 | bars_from_origin=31.0 slope=-1.2139 | ABOVE gap=130.17
2026-03-19 13:36:25,087 [INFO]   [P2 (L11-H9)] 0.125: lineP=23558.23 | bars_from_origin=31.0 slope=-0.5911 | ABOVE gap=149.48
2026-03-19 13:36:25,087 [INFO]   [P2 (L11-H9)] main: lineP=23527.45 | bars_from_origin=13.0 slope=0.0000 | ABOVE gap=118.70
2026-03-19 13:36:25,088 [INFO]   [P1 (L11-H10)] main: lineP=23124.04 | bars_from_origin=23.0 slope=-17.8201 | BELOW gap=261.96
2026-03-19 13:36:25,088 [INFO]   [P1 (L11-H10)] 0.875: lineP=23319.15 | bars_from_origin=23.0 slope=-9.3369 | BELOW gap=66.85
2026-03-19 13:36:25,088 [INFO]   [P1 (L11-H10)] 0.75: lineP=23394.92 | bars_from_origin=23.0 slope=-6.0426 | HIT gap=0.00
2026-03-19 13:36:25,088 [INFO]     >>> HIT RECORDED: P1 (L11-H10) frac=0.75 @ 23394.92
2026-03-19 13:36:25,088 [INFO]   [P1 (L11-H10)] 0.5: lineP=23465.25 | bars_from_origin=23.0 slope=-2.9849 | ABOVE gap=56.50
2026-03-19 13:36:25,088 [INFO]   [P1 (L11-H10)] 0.25: lineP=23503.93 | bars_from_origin=23.0 slope=-1.3032 | ABOVE gap=95.18
2026-03-19 13:36:25,088 [INFO]   [P1 (L11-H10)] 0.125: lineP=23519.36 | bars_from_origin=23.0 slope=-0.6322 | ABOVE gap=110.61
2026-03-19 13:36:25,088 [INFO]   [P1 (L11-H10)] main: lineP=23504.05 | bars_from_origin=13.0 slope=0.0000 | ABOVE gap=95.30
2026-03-19 13:36:25,088 [INFO]   [IntDet] Total hits this bar: 3
2026-03-19 13:36:25,088 [INFO] [Study] Emitting intersection event (DIRECT): {'time': 1773730620, 'fan': 'P3 (H9-L9)', 'fanIdentity': 'H9-L9', 'fraction': '1/4', 'price': 23399.066595248783, 'type': 'CROSS_DOWN', 'details': 'Breakdown Attempt'}
2026-03-19 13:36:25,092 [INFO] [Study] Emitting intersection event (DIRECT): {'time': 1773730620, 'fan': 'P3 (H9-L9)', 'fanIdentity': 'H9-L9', 'fraction': 'Horizontal', 'price': 23388.721199034655, 'type': 'SUPPORT_TEST', 'details': 'Resting / Throwback'}
2026-03-19 13:36:25,095 [INFO] [Study] Emitting intersection event (DIRECT): {'time': 1773730620, 'fan': 'P1 (L11-H10)', 'fanIdentity': 'L11-H10', 'fraction': '3/4', 'price': 23394.921131374842, 'type': 'CROSS_DOWN', 'details': 'Breakdown Attempt'}
2026-03-19 13:36:25,100 [INFO] [Study] Removing invalidated/excess fan: Fan_H9_L9
2026-03-19 13:36:25,101 [INFO] [Study] Updating fan priority: Fan_L11_H9 -> P3 (L11-H9)
2026-03-19 13:36:25,101 [INFO] [Study] Updating fan priority: Fan_L11_H10 -> P2 (L11-H10)
2026-03-19 13:36:25,101 [INFO] [Study] Creating new fan: Fan_H11_L11 (P1 (H11-L11))
2026-03-19 13:36:25,101 [INFO] [AngleEngine] scale_ratio=3.6603, slope_per_bar=10.4835, visual_slope=2.8641, theta=70.75 deg
2026-03-19 13:36:25,101 [INFO] --- [AngleEngine] Fan Created: Fan_H11_L11 ---
2026-03-19 13:36:25,101 [INFO]   Origin: Bar 223, Time 1773727500, Price 23355.69921875
2026-03-19 13:36:25,102 [INFO]   Target: Bar 232, Time 1773729660, Price 23450.05078125
2026-03-19 13:36:25,102 [INFO]   Delta: db=9, dp_origin=94.35
2026-03-19 13:36:25,102 [INFO]   Scale Params: Ratio=3.6603, Radius=27.30 bars, Slope/Bar=10.4835
2026-03-19 13:36:25,102 [INFO]   Line 0.875: EndBar=1773729660 (approx), EndPrice=23417.42
2026-03-19 13:36:25,102 [INFO]   Line 0.75: EndBar=1773729660 (approx), EndPrice=23399.52
2026-03-19 13:36:25,102 [INFO]   Line 0.5: EndBar=1773729660 (approx), EndPrice=23379.09
2026-03-19 13:36:25,102 [INFO]   Line 0.25: EndBar=1773729660 (approx), EndPrice=23366.21
2026-03-19 13:36:25,102 [INFO]   Line 0.125: EndBar=1773729660 (approx), EndPrice=23360.83
2026-03-19 13:36:25,102 [INFO] [IntDet] Bar 237 | 2026-03-17 12:31 | H=23415.20 L=23380.35 C=23411.00 | Fans=3 Lines=21
2026-03-19 13:36:25,102 [INFO]   [P3 (L11-H9)] main: lineP=23183.93 | bars_from_origin=32.0 slope=-12.2695 | BELOW gap=196.42
2026-03-19 13:36:25,102 [INFO]   [P3 (L11-H9)] 0.875: lineP=23334.09 | bars_from_origin=32.0 slope=-7.5768 | BELOW gap=46.26
2026-03-19 13:36:25,103 [INFO]   [P3 (L11-H9)] 0.75: lineP=23409.01 | bars_from_origin=32.0 slope=-5.2355 | HIT gap=0.00
2026-03-19 13:36:25,103 [INFO]     >>> HIT RECORDED: P3 (L11-H9) frac=0.75 @ 23409.01
2026-03-19 13:36:25,103 [INFO]   [P3 (L11-H9)] 0.5: lineP=23489.26 | bars_from_origin=32.0 slope=-2.7278 | ABOVE gap=74.06
2026-03-19 13:36:25,103 [INFO]   [P3 (L11-H9)] 0.25: lineP=23537.71 | bars_from_origin=32.0 slope=-1.2139 | ABOVE gap=122.51
2026-03-19 13:36:25,103 [INFO]   [P3 (L11-H9)] 0.125: lineP=23557.64 | bars_from_origin=32.0 slope=-0.5911 | ABOVE gap=142.44
2026-03-19 13:36:25,103 [INFO]   [P3 (L11-H9)] main: lineP=23527.45 | bars_from_origin=14.0 slope=0.0000 | ABOVE gap=112.25
2026-03-19 13:36:25,103 [INFO]   [P2 (L11-H10)] main: lineP=23106.22 | bars_from_origin=24.0 slope=-17.8201 | BELOW gap=274.13
2026-03-19 13:36:25,103 [INFO]   [P2 (L11-H10)] 0.875: lineP=23309.81 | bars_from_origin=24.0 slope=-9.3369 | BELOW gap=70.54
2026-03-19 13:36:25,104 [INFO]   [P2 (L11-H10)] 0.75: lineP=23388.88 | bars_from_origin=24.0 slope=-6.0426 | HIT gap=0.00
2026-03-19 13:36:25,104 [INFO]     >>> HIT RECORDED: P2 (L11-H10) frac=0.75 @ 23388.88
2026-03-19 13:36:25,104 [INFO]   [P2 (L11-H10)] 0.5: lineP=23462.26 | bars_from_origin=24.0 slope=-2.9849 | ABOVE gap=47.06
2026-03-19 13:36:25,104 [INFO]   [P2 (L11-H10)] 0.25: lineP=23502.62 | bars_from_origin=24.0 slope=-1.3032 | ABOVE gap=87.42
2026-03-19 13:36:25,104 [INFO]   [P2 (L11-H10)] 0.125: lineP=23518.73 | bars_from_origin=24.0 slope=-0.6322 | ABOVE gap=103.53
2026-03-19 13:36:25,104 [INFO]   [P2 (L11-H10)] main: lineP=23504.05 | bars_from_origin=14.0 slope=0.0000 | ABOVE gap=88.85
2026-03-19 13:36:25,104 [INFO]   [P1 (H11-L11)] main: lineP=23502.47 | bars_from_origin=14.0 slope=10.4835 | ABOVE gap=87.27
2026-03-19 13:36:25,104 [INFO]   [P1 (H11-L11)] 0.875: lineP=23451.71 | bars_from_origin=14.0 slope=6.8578 | ABOVE gap=36.51
2026-03-19 13:36:25,105 [INFO]   [P1 (H11-L11)] 0.75: lineP=23423.86 | bars_from_origin=14.0 slope=4.8689 | ABOVE gap=8.66
2026-03-19 13:36:25,105 [INFO]   [P1 (H11-L11)] 0.5: lineP=23392.09 | bars_from_origin=14.0 slope=2.5990 | HIT gap=0.00
2026-03-19 13:36:25,105 [INFO]     >>> HIT RECORDED: P1 (H11-L11) frac=0.5 @ 23392.09
2026-03-19 13:36:25,105 [INFO]   [P1 (H11-L11)] 0.25: lineP=23372.04 | bars_from_origin=14.0 slope=1.1673 | BELOW gap=8.31
2026-03-19 13:36:25,105 [INFO]   [P1 (H11-L11)] 0.125: lineP=23363.67 | bars_from_origin=14.0 slope=0.5695 | BELOW gap=16.68
2026-03-19 13:36:25,105 [INFO]   [P1 (H11-L11)] main: lineP=23379.09 | bars_from_origin=5.0 slope=0.0000 | BELOW gap=1.26
2026-03-19 13:36:25,105 [INFO]   [IntDet] Total hits this bar: 3
2026-03-19 13:36:25,105 [INFO] [Study] Emitting intersection event (DIRECT): {'time': 1773730860, 'fan': 'P3 (L11-H9)', 'fanIdentity': 'L11-H9', 'fraction': '3/4', 'price': 23409.013254340065, 'type': 'CROSS_UP', 'details': 'Breakout Attempt'}
2026-03-19 13:36:25,108 [INFO] [Study] Emitting intersection event (DIRECT): {'time': 1773730860, 'fan': 'P2 (L11-H10)', 'fanIdentity': 'L11-H10', 'fraction': '3/4', 'price': 23388.878554885705, 'type': 'SUPPORT_TEST', 'details': 'Resting / Throwback'}
2026-03-19 13:36:25,111 [INFO] [Study] Emitting intersection event (DIRECT): {'time': 1773730860, 'fan': 'P1 (H11-L11)', 'fanIdentity': 'H11-L11', 'fraction': '1/2', 'price': 23392.085243047903, 'type': 'SUPPORT_TEST', 'details': 'Resting / Throwback'}
2026-03-19 13:36:25,114 [INFO] [Tracking] FAKE OUT: Fan_L11_H10 0.75 (T+1 bars)
2026-03-19 13:36:25,116 [INFO] [IntDet] Bar 238 | 2026-03-17 12:35 | H=23432.50 L=23409.85 C=23423.05 | Fans=3 Lines=21
2026-03-19 13:36:25,116 [INFO]   [P3 (L11-H9)] main: lineP=23171.66 | bars_from_origin=33.0 slope=-12.2695 | BELOW gap=238.19
2026-03-19 13:36:25,116 [INFO]   [P3 (L11-H9)] 0.875: lineP=23326.51 | bars_from_origin=33.0 slope=-7.5768 | BELOW gap=83.33
2026-03-19 13:36:25,116 [INFO]   [P3 (L11-H9)] 0.75: lineP=23403.78 | bars_from_origin=33.0 slope=-5.2355 | BELOW gap=6.07
2026-03-19 13:36:25,116 [INFO]   [P3 (L11-H9)] 0.5: lineP=23486.54 | bars_from_origin=33.0 slope=-2.7278 | ABOVE gap=54.04
2026-03-19 13:36:25,116 [INFO]   [P3 (L11-H9)] 0.25: lineP=23536.49 | bars_from_origin=33.0 slope=-1.2139 | ABOVE gap=103.99
2026-03-19 13:36:25,117 [INFO]   [P3 (L11-H9)] 0.125: lineP=23557.04 | bars_from_origin=33.0 slope=-0.5911 | ABOVE gap=124.54
2026-03-19 13:36:25,117 [INFO]   [P3 (L11-H9)] main: lineP=23527.45 | bars_from_origin=15.0 slope=0.0000 | ABOVE gap=94.95
2026-03-19 13:36:25,117 [INFO]   [P2 (L11-H10)] main: lineP=23088.40 | bars_from_origin=25.0 slope=-17.8201 | BELOW gap=321.45
2026-03-19 13:36:25,117 [INFO]   [P2 (L11-H10)] 0.875: lineP=23300.48 | bars_from_origin=25.0 slope=-9.3369 | BELOW gap=109.37
2026-03-19 13:36:25,117 [INFO]   [P2 (L11-H10)] 0.75: lineP=23382.84 | bars_from_origin=25.0 slope=-6.0426 | BELOW gap=27.01
2026-03-19 13:36:25,117 [INFO]   [P2 (L11-H10)] 0.5: lineP=23459.28 | bars_from_origin=25.0 slope=-2.9849 | ABOVE gap=26.78
2026-03-19 13:36:25,117 [INFO]   [P2 (L11-H10)] 0.25: lineP=23501.32 | bars_from_origin=25.0 slope=-1.3032 | ABOVE gap=68.82
2026-03-19 13:36:25,117 [INFO]   [P2 (L11-H10)] 0.125: lineP=23518.10 | bars_from_origin=25.0 slope=-0.6322 | ABOVE gap=85.60
2026-03-19 13:36:25,117 [INFO]   [P2 (L11-H10)] main: lineP=23504.05 | bars_from_origin=15.0 slope=0.0000 | ABOVE gap=71.55
2026-03-19 13:36:25,118 [INFO]   [P1 (H11-L11)] main: lineP=23512.95 | bars_from_origin=15.0 slope=10.4835 | ABOVE gap=80.45
2026-03-19 13:36:25,118 [INFO]   [P1 (H11-L11)] 0.875: lineP=23458.57 | bars_from_origin=15.0 slope=6.8578 | ABOVE gap=26.07
2026-03-19 13:36:25,118 [INFO]   [P1 (H11-L11)] 0.75: lineP=23428.73 | bars_from_origin=15.0 slope=4.8689 | HIT gap=0.00
2026-03-19 13:36:25,118 [INFO]     >>> HIT RECORDED: P1 (H11-L11) frac=0.75 @ 23428.73
2026-03-19 13:36:25,118 [INFO]   [P1 (H11-L11)] 0.5: lineP=23394.68 | bars_from_origin=15.0 slope=2.5990 | BELOW gap=15.17
2026-03-19 13:36:25,118 [INFO]   [P1 (H11-L11)] 0.25: lineP=23373.21 | bars_from_origin=15.0 slope=1.1673 | BELOW gap=36.64
2026-03-19 13:36:25,118 [INFO]   [P1 (H11-L11)] 0.125: lineP=23364.24 | bars_from_origin=15.0 slope=0.5695 | BELOW gap=45.61
2026-03-19 13:36:25,118 [INFO]   [P1 (H11-L11)] main: lineP=23379.09 | bars_from_origin=6.0 slope=0.0000 | BELOW gap=30.76
2026-03-19 13:36:25,118 [INFO]   [IntDet] Total hits this bar: 1
2026-03-19 13:36:25,118 [INFO] [Study] Emitting intersection event (DIRECT): {'time': 1773731100, 'fan': 'P1 (H11-L11)', 'fanIdentity': 'H11-L11', 'fraction': '3/4', 'price': 23428.73238473974, 'type': 'RESISTANCE_TEST', 'details': 'Rejection / Pullback'}
2026-03-19 13:36:25,121 [INFO] [Tracking] Breach CONFIRMED: Fan_L11_H9 0.75 up (T+1 bars)
2026-03-19 13:36:25,123 [INFO] [IntDet] Bar 239 | 2026-03-17 12:39 | H=23437.10 L=23412.85 C=23427.65 | Fans=3 Lines=21
2026-03-19 13:36:25,123 [INFO]   [P3 (L11-H9)] main: lineP=23159.39 | bars_from_origin=34.0 slope=-12.2695 | BELOW gap=253.46
2026-03-19 13:36:25,123 [INFO]   [P3 (L11-H9)] 0.875: lineP=23318.94 | bars_from_origin=34.0 slope=-7.5768 | BELOW gap=93.91
2026-03-19 13:36:25,123 [INFO]   [P3 (L11-H9)] 0.75: lineP=23398.54 | bars_from_origin=34.0 slope=-5.2355 | BELOW gap=14.31
2026-03-19 13:36:25,123 [INFO]   [P3 (L11-H9)] 0.5: lineP=23483.81 | bars_from_origin=34.0 slope=-2.7278 | ABOVE gap=46.71
2026-03-19 13:36:25,123 [INFO]   [P3 (L11-H9)] 0.25: lineP=23535.28 | bars_from_origin=34.0 slope=-1.2139 | ABOVE gap=98.18
2026-03-19 13:36:25,124 [INFO]   [P3 (L11-H9)] 0.125: lineP=23556.45 | bars_from_origin=34.0 slope=-0.5911 | ABOVE gap=119.35
2026-03-19 13:36:25,124 [INFO]   [P3 (L11-H9)] main: lineP=23527.45 | bars_from_origin=16.0 slope=0.0000 | ABOVE gap=90.35
2026-03-19 13:36:25,124 [INFO]   [P2 (L11-H10)] main: lineP=23070.58 | bars_from_origin=26.0 slope=-17.8201 | BELOW gap=342.27
2026-03-19 13:36:25,124 [INFO]   [P2 (L11-H10)] 0.875: lineP=23291.14 | bars_from_origin=26.0 slope=-9.3369 | BELOW gap=121.71
2026-03-19 13:36:25,124 [INFO]   [P2 (L11-H10)] 0.75: lineP=23376.79 | bars_from_origin=26.0 slope=-6.0426 | BELOW gap=36.06
2026-03-19 13:36:25,124 [INFO]   [P2 (L11-H10)] 0.5: lineP=23456.29 | bars_from_origin=26.0 slope=-2.9849 | ABOVE gap=19.19
2026-03-19 13:36:25,124 [INFO]   [P2 (L11-H10)] 0.25: lineP=23500.02 | bars_from_origin=26.0 slope=-1.3032 | ABOVE gap=62.92
2026-03-19 13:36:25,124 [INFO]   [P2 (L11-H10)] 0.125: lineP=23517.46 | bars_from_origin=26.0 slope=-0.6322 | ABOVE gap=80.36
2026-03-19 13:36:25,125 [INFO]   [P2 (L11-H10)] main: lineP=23504.05 | bars_from_origin=16.0 slope=0.0000 | ABOVE gap=66.95
2026-03-19 13:36:25,125 [INFO]   [P1 (H11-L11)] main: lineP=23523.44 | bars_from_origin=16.0 slope=10.4835 | ABOVE gap=86.34
2026-03-19 13:36:25,125 [INFO]   [P1 (H11-L11)] 0.875: lineP=23465.42 | bars_from_origin=16.0 slope=6.8578 | ABOVE gap=28.32
2026-03-19 13:36:25,125 [INFO]   [P1 (H11-L11)] 0.75: lineP=23433.60 | bars_from_origin=16.0 slope=4.8689 | HIT gap=0.00
2026-03-19 13:36:25,125 [INFO]     >>> HIT RECORDED: P1 (H11-L11) frac=0.75 @ 23433.60
2026-03-19 13:36:25,125 [INFO]   [P1 (H11-L11)] 0.5: lineP=23397.28 | bars_from_origin=16.0 slope=2.5990 | BELOW gap=15.57
2026-03-19 13:36:25,125 [INFO]   [P1 (H11-L11)] 0.25: lineP=23374.38 | bars_from_origin=16.0 slope=1.1673 | BELOW gap=38.47
2026-03-19 13:36:25,125 [INFO]   [P1 (H11-L11)] 0.125: lineP=23364.81 | bars_from_origin=16.0 slope=0.5695 | BELOW gap=48.04
2026-03-19 13:36:25,126 [INFO]   [P1 (H11-L11)] main: lineP=23379.09 | bars_from_origin=7.0 slope=0.0000 | BELOW gap=33.76
2026-03-19 13:36:25,126 [INFO]   [IntDet] Total hits this bar: 1
2026-03-19 13:36:25,126 [INFO] [Study] Emitting intersection event (DIRECT): {'time': 1773731340, 'fan': 'P1 (H11-L11)', 'fanIdentity': 'H11-L11', 'fraction': '3/4', 'price': 23433.601262472388, 'type': 'RESISTANCE_TEST', 'details': 'Rejection / Pullback'}
2026-03-19 13:36:25,130 [INFO] [Study] Removing invalidated/excess fan: Fan_H11_L11
2026-03-19 13:36:25,130 [INFO] [Study] Updating fan priority: Fan_L11_H9 -> P2 (L11-H9)
2026-03-19 13:36:25,130 [INFO] [Study] Updating fan priority: Fan_L11_H10 -> P1 (L11-H10)
2026-03-19 13:36:25,130 [INFO] [Study] Creating new fan: Fan_H9_L9 (P3 (H9-L9))
2026-03-19 13:36:25,130 [INFO] [AngleEngine] scale_ratio=3.6603, slope_per_bar=13.2195, visual_slope=3.6116, theta=74.52 deg
2026-03-19 13:36:25,131 [INFO] --- [AngleEngine] Fan Created: Fan_H9_L9 ---
2026-03-19 13:36:25,131 [INFO]   Origin: Bar 187, Time 1773655020, Price 23338.599609375
2026-03-19 13:36:25,131 [INFO]   Target: Bar 205, Time 1773723180, Price 23576.55078125
2026-03-19 13:36:25,131 [INFO]   Delta: db=18, dp_origin=237.95
2026-03-19 13:36:25,131 [INFO]   Scale Params: Ratio=3.6603, Radius=67.45 bars, Slope/Bar=13.2195
2026-03-19 13:36:25,132 [INFO]   Line 0.875: EndBar=1773723180 (approx), EndPrice=23481.24
2026-03-19 13:36:25,132 [INFO]   Line 0.75: EndBar=1773723180 (approx), EndPrice=23435.88
2026-03-19 13:36:25,132 [INFO]   Line 0.5: EndBar=1773723180 (approx), EndPrice=23388.72
2026-03-19 13:36:25,132 [INFO]   Line 0.25: EndBar=1773723180 (approx), EndPrice=23360.81
2026-03-19 13:36:25,132 [INFO]   Line 0.125: EndBar=1773723180 (approx), EndPrice=23349.41
2026-03-19 13:36:25,132 [INFO] [IntDet] Bar 240 | 2026-03-17 12:43 | H=23472.30 L=23420.40 C=23460.95 | Fans=3 Lines=21
2026-03-19 13:36:25,132 [INFO]   [P2 (L11-H9)] main: lineP=23147.12 | bars_from_origin=35.0 slope=-12.2695 | BELOW gap=273.28
2026-03-19 13:36:25,132 [INFO]   [P2 (L11-H9)] 0.875: lineP=23311.36 | bars_from_origin=35.0 slope=-7.5768 | BELOW gap=109.04
2026-03-19 13:36:25,132 [INFO]   [P2 (L11-H9)] 0.75: lineP=23393.31 | bars_from_origin=35.0 slope=-5.2355 | BELOW gap=27.09
2026-03-19 13:36:25,132 [INFO]   [P2 (L11-H9)] 0.5: lineP=23481.08 | bars_from_origin=35.0 slope=-2.7278 | ABOVE gap=8.78
2026-03-19 13:36:25,132 [INFO]   [P2 (L11-H9)] 0.25: lineP=23534.07 | bars_from_origin=35.0 slope=-1.2139 | ABOVE gap=61.76
2026-03-19 13:36:25,133 [INFO]   [P2 (L11-H9)] 0.125: lineP=23555.86 | bars_from_origin=35.0 slope=-0.5911 | ABOVE gap=83.56
2026-03-19 13:36:25,133 [INFO]   [P2 (L11-H9)] main: lineP=23527.45 | bars_from_origin=17.0 slope=0.0000 | ABOVE gap=55.15
2026-03-19 13:36:25,133 [INFO]   [P1 (L11-H10)] main: lineP=23052.76 | bars_from_origin=27.0 slope=-17.8201 | BELOW gap=367.64
2026-03-19 13:36:25,133 [INFO]   [P1 (L11-H10)] 0.875: lineP=23281.80 | bars_from_origin=27.0 slope=-9.3369 | BELOW gap=138.60
2026-03-19 13:36:25,133 [INFO]   [P1 (L11-H10)] 0.75: lineP=23370.75 | bars_from_origin=27.0 slope=-6.0426 | BELOW gap=49.65
2026-03-19 13:36:25,133 [INFO]   [P1 (L11-H10)] 0.5: lineP=23453.31 | bars_from_origin=27.0 slope=-2.9849 | HIT gap=0.00
2026-03-19 13:36:25,133 [INFO]     >>> HIT RECORDED: P1 (L11-H10) frac=0.5 @ 23453.31
2026-03-19 13:36:25,133 [INFO]   [P1 (L11-H10)] 0.25: lineP=23498.71 | bars_from_origin=27.0 slope=-1.3032 | ABOVE gap=26.41
2026-03-19 13:36:25,133 [INFO]   [P1 (L11-H10)] 0.125: lineP=23516.83 | bars_from_origin=27.0 slope=-0.6322 | ABOVE gap=44.53
2026-03-19 13:36:25,133 [INFO]   [P1 (L11-H10)] main: lineP=23504.05 | bars_from_origin=17.0 slope=0.0000 | ABOVE gap=31.75
2026-03-19 13:36:25,133 [INFO]   [P3 (H9-L9)] main: lineP=24039.23 | bars_from_origin=53.0 slope=13.2195 | ABOVE gap=566.93
2026-03-19 13:36:25,133 [INFO]   [P3 (H9-L9)] 0.875: lineP=23758.60 | bars_from_origin=53.0 slope=7.9245 | ABOVE gap=286.30
2026-03-19 13:36:25,133 [INFO]   [P3 (H9-L9)] 0.75: lineP=23625.05 | bars_from_origin=53.0 slope=5.4047 | ABOVE gap=152.75
2026-03-19 13:36:25,134 [INFO]   [P3 (H9-L9)] 0.5: lineP=23486.18 | bars_from_origin=53.0 slope=2.7845 | ABOVE gap=13.88
2026-03-19 13:36:25,134 [INFO]   [P3 (H9-L9)] 0.25: lineP=23404.00 | bars_from_origin=53.0 slope=1.2340 | BELOW gap=16.40
2026-03-19 13:36:25,134 [INFO]   [P3 (H9-L9)] 0.125: lineP=23370.42 | bars_from_origin=53.0 slope=0.6004 | BELOW gap=49.98
2026-03-19 13:36:25,134 [INFO]   [P3 (H9-L9)] main: lineP=23388.72 | bars_from_origin=35.0 slope=0.0000 | BELOW gap=31.68
2026-03-19 13:36:25,134 [INFO]   [IntDet] Total hits this bar: 1
2026-03-19 13:36:25,134 [INFO] [Study] Emitting intersection event (DIRECT): {'time': 1773731580, 'fan': 'P1 (L11-H10)', 'fanIdentity': 'L11-H10', 'fraction': '1/2', 'price': 23453.30859380792, 'type': 'CROSS_UP', 'details': 'Breakout Attempt'}
2026-03-19 13:36:25,138 [INFO] [IntDet] Bar 241 | 2026-03-17 12:47 | H=23496.20 L=23458.00 C=23483.20 | Fans=3 Lines=21
2026-03-19 13:36:25,138 [INFO]   [P2 (L11-H9)] main: lineP=23134.85 | bars_from_origin=36.0 slope=-12.2695 | BELOW gap=323.15
2026-03-19 13:36:25,138 [INFO]   [P2 (L11-H9)] 0.875: lineP=23303.78 | bars_from_origin=36.0 slope=-7.5768 | BELOW gap=154.22
2026-03-19 13:36:25,139 [INFO]   [P2 (L11-H9)] 0.75: lineP=23388.07 | bars_from_origin=36.0 slope=-5.2355 | BELOW gap=69.93
2026-03-19 13:36:25,139 [INFO]   [P2 (L11-H9)] 0.5: lineP=23478.35 | bars_from_origin=36.0 slope=-2.7278 | HIT gap=0.00
2026-03-19 13:36:25,139 [INFO]     >>> HIT RECORDED: P2 (L11-H9) frac=0.5 @ 23478.35
2026-03-19 13:36:25,139 [INFO]   [P2 (L11-H9)] 0.25: lineP=23532.85 | bars_from_origin=36.0 slope=-1.2139 | ABOVE gap=36.65
2026-03-19 13:36:25,139 [INFO]   [P2 (L11-H9)] 0.125: lineP=23555.27 | bars_from_origin=36.0 slope=-0.5911 | ABOVE gap=59.07
2026-03-19 13:36:25,139 [INFO]   [P2 (L11-H9)] main: lineP=23527.45 | bars_from_origin=18.0 slope=0.0000 | ABOVE gap=31.25
2026-03-19 13:36:25,139 [INFO]   [P1 (L11-H10)] main: lineP=23034.94 | bars_from_origin=28.0 slope=-17.8201 | BELOW gap=423.06
2026-03-19 13:36:25,140 [INFO]   [P1 (L11-H10)] 0.875: lineP=23272.47 | bars_from_origin=28.0 slope=-9.3369 | BELOW gap=185.53
2026-03-19 13:36:25,140 [INFO]   [P1 (L11-H10)] 0.75: lineP=23364.71 | bars_from_origin=28.0 slope=-6.0426 | BELOW gap=93.29
2026-03-19 13:36:25,140 [INFO]   [P1 (L11-H10)] 0.5: lineP=23450.32 | bars_from_origin=28.0 slope=-2.9849 | BELOW gap=7.68
2026-03-19 13:36:25,140 [INFO]   [P1 (L11-H10)] 0.25: lineP=23497.41 | bars_from_origin=28.0 slope=-1.3032 | ABOVE gap=1.21
2026-03-19 13:36:25,140 [INFO]   [P1 (L11-H10)] 0.125: lineP=23516.20 | bars_from_origin=28.0 slope=-0.6322 | ABOVE gap=20.00
2026-03-19 13:36:25,140 [INFO]   [P1 (L11-H10)] main: lineP=23504.05 | bars_from_origin=18.0 slope=0.0000 | ABOVE gap=7.85
2026-03-19 13:36:25,140 [INFO]   [P3 (H9-L9)] main: lineP=24052.45 | bars_from_origin=54.0 slope=13.2195 | ABOVE gap=556.25
2026-03-19 13:36:25,140 [INFO]   [P3 (H9-L9)] 0.875: lineP=23766.52 | bars_from_origin=54.0 slope=7.9245 | ABOVE gap=270.32
2026-03-19 13:36:25,140 [INFO]   [P3 (H9-L9)] 0.75: lineP=23630.45 | bars_from_origin=54.0 slope=5.4047 | ABOVE gap=134.25
2026-03-19 13:36:25,140 [INFO]   [P3 (H9-L9)] 0.5: lineP=23488.96 | bars_from_origin=54.0 slope=2.7845 | HIT gap=0.00
2026-03-19 13:36:25,140 [INFO]     >>> HIT RECORDED: P3 (H9-L9) frac=0.5 @ 23488.96
2026-03-19 13:36:25,141 [INFO]   [P3 (H9-L9)] 0.25: lineP=23405.24 | bars_from_origin=54.0 slope=1.2340 | BELOW gap=52.76
2026-03-19 13:36:25,141 [INFO]   [P3 (H9-L9)] 0.125: lineP=23371.02 | bars_from_origin=54.0 slope=0.6004 | BELOW gap=86.98
2026-03-19 13:36:25,141 [INFO]   [P3 (H9-L9)] main: lineP=23388.72 | bars_from_origin=36.0 slope=0.0000 | BELOW gap=69.28
2026-03-19 13:36:25,141 [INFO]   [IntDet] Total hits this bar: 2
2026-03-19 13:36:25,141 [INFO] [Study] Emitting intersection event (DIRECT): {'time': 1773731820, 'fan': 'P2 (L11-H9)', 'fanIdentity': 'L11-H9', 'fraction': '1/2', 'price': 23478.351750192975, 'type': 'CROSS_UP', 'details': 'Breakout Attempt'}
2026-03-19 13:36:25,144 [INFO] [Study] Emitting intersection event (DIRECT): {'time': 1773731820, 'fan': 'P3 (H9-L9)', 'fanIdentity': 'H9-L9', 'fraction': '1/2', 'price': 23488.964378353965, 'type': 'RESISTANCE_TEST', 'details': 'Rejection / Pullback'}
2026-03-19 13:36:25,147 [INFO] [Tracking] Breach CONFIRMED: Fan_L11_H10 0.5 up (T+1 bars)
2026-03-19 13:36:25,149 [INFO] [IntDet] Bar 242 | 2026-03-17 12:51 | H=23489.00 L=23459.75 C=23466.20 | Fans=3 Lines=21
2026-03-19 13:36:25,149 [INFO]   [P2 (L11-H9)] main: lineP=23122.58 | bars_from_origin=37.0 slope=-12.2695 | BELOW gap=337.17
2026-03-19 13:36:25,149 [INFO]   [P2 (L11-H9)] 0.875: lineP=23296.21 | bars_from_origin=37.0 slope=-7.5768 | BELOW gap=163.54
2026-03-19 13:36:25,149 [INFO]   [P2 (L11-H9)] 0.75: lineP=23382.84 | bars_from_origin=37.0 slope=-5.2355 | BELOW gap=76.91
2026-03-19 13:36:25,149 [INFO]   [P2 (L11-H9)] 0.5: lineP=23475.62 | bars_from_origin=37.0 slope=-2.7278 | HIT gap=0.00
2026-03-19 13:36:25,149 [INFO]     >>> HIT RECORDED: P2 (L11-H9) frac=0.5 @ 23475.62
2026-03-19 13:36:25,149 [INFO]   [P2 (L11-H9)] 0.25: lineP=23531.64 | bars_from_origin=37.0 slope=-1.2139 | ABOVE gap=42.64
2026-03-19 13:36:25,149 [INFO]   [P2 (L11-H9)] 0.125: lineP=23554.68 | bars_from_origin=37.0 slope=-0.5911 | ABOVE gap=65.68
2026-03-19 13:36:25,149 [INFO]   [P2 (L11-H9)] main: lineP=23527.45 | bars_from_origin=19.0 slope=0.0000 | ABOVE gap=38.45
2026-03-19 13:36:25,150 [INFO]   [P1 (L11-H10)] main: lineP=23017.12 | bars_from_origin=29.0 slope=-17.8201 | BELOW gap=442.63
2026-03-19 13:36:25,150 [INFO]   [P1 (L11-H10)] 0.875: lineP=23263.13 | bars_from_origin=29.0 slope=-9.3369 | BELOW gap=196.62
2026-03-19 13:36:25,150 [INFO]   [P1 (L11-H10)] 0.75: lineP=23358.67 | bars_from_origin=29.0 slope=-6.0426 | BELOW gap=101.08
2026-03-19 13:36:25,150 [INFO]   [P1 (L11-H10)] 0.5: lineP=23447.34 | bars_from_origin=29.0 slope=-2.9849 | BELOW gap=12.41
2026-03-19 13:36:25,150 [INFO]   [P1 (L11-H10)] 0.25: lineP=23496.11 | bars_from_origin=29.0 slope=-1.3032 | ABOVE gap=7.11
2026-03-19 13:36:25,150 [INFO]   [P1 (L11-H10)] 0.125: lineP=23515.57 | bars_from_origin=29.0 slope=-0.6322 | ABOVE gap=26.57
2026-03-19 13:36:25,150 [INFO]   [P1 (L11-H10)] main: lineP=23504.05 | bars_from_origin=19.0 slope=0.0000 | ABOVE gap=15.05
2026-03-19 13:36:25,150 [INFO]   [P3 (H9-L9)] main: lineP=24065.67 | bars_from_origin=55.0 slope=13.2195 | ABOVE gap=576.67
2026-03-19 13:36:25,150 [INFO]   [P3 (H9-L9)] 0.875: lineP=23774.45 | bars_from_origin=55.0 slope=7.9245 | ABOVE gap=285.45
2026-03-19 13:36:25,150 [INFO]   [P3 (H9-L9)] 0.75: lineP=23635.86 | bars_from_origin=55.0 slope=5.4047 | ABOVE gap=146.86
2026-03-19 13:36:25,151 [INFO]   [P3 (H9-L9)] 0.5: lineP=23491.75 | bars_from_origin=55.0 slope=2.7845 | ABOVE gap=2.75
2026-03-19 13:36:25,151 [INFO]   [P3 (H9-L9)] 0.25: lineP=23406.47 | bars_from_origin=55.0 slope=1.2340 | BELOW gap=53.28
2026-03-19 13:36:25,151 [INFO]   [P3 (H9-L9)] 0.125: lineP=23371.62 | bars_from_origin=55.0 slope=0.6004 | BELOW gap=88.13
2026-03-19 13:36:25,151 [INFO]   [P3 (H9-L9)] main: lineP=23388.72 | bars_from_origin=37.0 slope=0.0000 | BELOW gap=71.03
2026-03-19 13:36:25,151 [INFO]   [IntDet] Total hits this bar: 1
2026-03-19 13:36:25,151 [INFO] [Study] Emitting intersection event (DIRECT): {'time': 1773732060, 'fan': 'P2 (L11-H9)', 'fanIdentity': 'L11-H9', 'fraction': '1/2', 'price': 23475.62399933028, 'type': 'CROSS_DOWN', 'details': 'Breakdown Attempt'}
2026-03-19 13:36:25,154 [INFO] [Tracking] FAKE OUT: Fan_L11_H9 0.5 (T+1 bars)
2026-03-19 13:36:25,157 [INFO] [IntDet] Bar 243 | 2026-03-17 12:55 | H=23479.80 L=23456.95 C=23477.55 | Fans=3 Lines=21
2026-03-19 13:36:25,157 [INFO]   [P2 (L11-H9)] main: lineP=23110.31 | bars_from_origin=38.0 slope=-12.2695 | BELOW gap=346.64
2026-03-19 13:36:25,157 [INFO]   [P2 (L11-H9)] 0.875: lineP=23288.63 | bars_from_origin=38.0 slope=-7.5768 | BELOW gap=168.32
2026-03-19 13:36:25,157 [INFO]   [P2 (L11-H9)] 0.75: lineP=23377.60 | bars_from_origin=38.0 slope=-5.2355 | BELOW gap=79.35
2026-03-19 13:36:25,157 [INFO]   [P2 (L11-H9)] 0.5: lineP=23472.90 | bars_from_origin=38.0 slope=-2.7278 | HIT gap=0.00
2026-03-19 13:36:25,157 [INFO]     >>> HIT RECORDED: P2 (L11-H9) frac=0.5 @ 23472.90
2026-03-19 13:36:25,158 [INFO]   [P2 (L11-H9)] 0.25: lineP=23530.42 | bars_from_origin=38.0 slope=-1.2139 | ABOVE gap=50.62
2026-03-19 13:36:25,158 [INFO]   [P2 (L11-H9)] 0.125: lineP=23554.09 | bars_from_origin=38.0 slope=-0.5911 | ABOVE gap=74.29
2026-03-19 13:36:25,158 [INFO]   [P2 (L11-H9)] main: lineP=23527.45 | bars_from_origin=20.0 slope=0.0000 | ABOVE gap=47.65
2026-03-19 13:36:25,158 [INFO]   [P1 (L11-H10)] main: lineP=22999.30 | bars_from_origin=30.0 slope=-17.8201 | BELOW gap=457.65
2026-03-19 13:36:25,158 [INFO]   [P1 (L11-H10)] 0.875: lineP=23253.79 | bars_from_origin=30.0 slope=-9.3369 | BELOW gap=203.16
2026-03-19 13:36:25,158 [INFO]   [P1 (L11-H10)] 0.75: lineP=23352.62 | bars_from_origin=30.0 slope=-6.0426 | BELOW gap=104.33
2026-03-19 13:36:25,158 [INFO]   [P1 (L11-H10)] 0.5: lineP=23444.35 | bars_from_origin=30.0 slope=-2.9849 | BELOW gap=12.60
2026-03-19 13:36:25,158 [INFO]   [P1 (L11-H10)] 0.25: lineP=23494.80 | bars_from_origin=30.0 slope=-1.3032 | ABOVE gap=15.00
2026-03-19 13:36:25,159 [INFO]   [P1 (L11-H10)] 0.125: lineP=23514.93 | bars_from_origin=30.0 slope=-0.6322 | ABOVE gap=35.13
2026-03-19 13:36:25,159 [INFO]   [P1 (L11-H10)] main: lineP=23504.05 | bars_from_origin=20.0 slope=0.0000 | ABOVE gap=24.25
2026-03-19 13:36:25,159 [INFO]   [P3 (H9-L9)] main: lineP=24078.89 | bars_from_origin=56.0 slope=13.2195 | ABOVE gap=599.09
2026-03-19 13:36:25,159 [INFO]   [P3 (H9-L9)] 0.875: lineP=23782.37 | bars_from_origin=56.0 slope=7.9245 | ABOVE gap=302.57
2026-03-19 13:36:25,159 [INFO]   [P3 (H9-L9)] 0.75: lineP=23641.26 | bars_from_origin=56.0 slope=5.4047 | ABOVE gap=161.46
2026-03-19 13:36:25,159 [INFO]   [P3 (H9-L9)] 0.5: lineP=23494.53 | bars_from_origin=56.0 slope=2.7845 | ABOVE gap=14.73
2026-03-19 13:36:25,159 [INFO]   [P3 (H9-L9)] 0.25: lineP=23407.70 | bars_from_origin=56.0 slope=1.2340 | BELOW gap=49.24
2026-03-19 13:36:25,159 [INFO]   [P3 (H9-L9)] 0.125: lineP=23372.22 | bars_from_origin=56.0 slope=0.6004 | BELOW gap=84.73
2026-03-19 13:36:25,159 [INFO]   [P3 (H9-L9)] main: lineP=23388.72 | bars_from_origin=38.0 slope=0.0000 | BELOW gap=68.23
2026-03-19 13:36:25,159 [INFO]   [IntDet] Total hits this bar: 1
2026-03-19 13:36:25,160 [INFO] [Study] Emitting intersection event (DIRECT): {'time': 1773732300, 'fan': 'P2 (L11-H9)', 'fanIdentity': 'L11-H9', 'fraction': '1/2', 'price': 23472.896248467583, 'type': 'CROSS_UP', 'details': 'Breakout Attempt'}
2026-03-19 13:36:25,164 [INFO] [IntDet] Bar 244 | 2026-03-17 12:59 | H=23502.70 L=23474.60 C=23502.70 | Fans=3 Lines=21
2026-03-19 13:36:25,164 [INFO]   [P2 (L11-H9)] main: lineP=23098.04 | bars_from_origin=39.0 slope=-12.2695 | BELOW gap=376.56
2026-03-19 13:36:25,164 [INFO]   [P2 (L11-H9)] 0.875: lineP=23281.05 | bars_from_origin=39.0 slope=-7.5768 | BELOW gap=193.55
2026-03-19 13:36:25,164 [INFO]   [P2 (L11-H9)] 0.75: lineP=23372.36 | bars_from_origin=39.0 slope=-5.2355 | BELOW gap=102.24
2026-03-19 13:36:25,164 [INFO]   [P2 (L11-H9)] 0.5: lineP=23470.17 | bars_from_origin=39.0 slope=-2.7278 | BELOW gap=4.43
2026-03-19 13:36:25,165 [INFO]   [P2 (L11-H9)] 0.25: lineP=23529.21 | bars_from_origin=39.0 slope=-1.2139 | ABOVE gap=26.51
2026-03-19 13:36:25,165 [INFO]   [P2 (L11-H9)] 0.125: lineP=23553.50 | bars_from_origin=39.0 slope=-0.5911 | ABOVE gap=50.80
2026-03-19 13:36:25,165 [INFO]   [P2 (L11-H9)] main: lineP=23527.45 | bars_from_origin=21.0 slope=0.0000 | ABOVE gap=24.75
2026-03-19 13:36:25,165 [INFO]   [P1 (L11-H10)] main: lineP=22981.48 | bars_from_origin=31.0 slope=-17.8201 | BELOW gap=493.12
2026-03-19 13:36:25,165 [INFO]   [P1 (L11-H10)] 0.875: lineP=23244.46 | bars_from_origin=31.0 slope=-9.3369 | BELOW gap=230.14
2026-03-19 13:36:25,165 [INFO]   [P1 (L11-H10)] 0.75: lineP=23346.58 | bars_from_origin=31.0 slope=-6.0426 | BELOW gap=128.02
2026-03-19 13:36:25,165 [INFO]   [P1 (L11-H10)] 0.5: lineP=23441.37 | bars_from_origin=31.0 slope=-2.9849 | BELOW gap=33.23
2026-03-19 13:36:25,165 [INFO]   [P1 (L11-H10)] 0.25: lineP=23493.50 | bars_from_origin=31.0 slope=-1.3032 | HIT gap=0.00
2026-03-19 13:36:25,165 [INFO]     >>> HIT RECORDED: P1 (L11-H10) frac=0.25 @ 23493.50
2026-03-19 13:36:25,166 [INFO]   [P1 (L11-H10)] 0.125: lineP=23514.30 | bars_from_origin=31.0 slope=-0.6322 | ABOVE gap=11.60
2026-03-19 13:36:25,166 [INFO]   [P1 (L11-H10)] main: lineP=23504.05 | bars_from_origin=21.0 slope=0.0000 | ABOVE gap=1.35
2026-03-19 13:36:25,166 [INFO]   [P3 (H9-L9)] main: lineP=24092.11 | bars_from_origin=57.0 slope=13.2195 | ABOVE gap=589.41
2026-03-19 13:36:25,166 [INFO]   [P3 (H9-L9)] 0.875: lineP=23790.30 | bars_from_origin=57.0 slope=7.9245 | ABOVE gap=287.60
2026-03-19 13:36:25,166 [INFO]   [P3 (H9-L9)] 0.75: lineP=23646.67 | bars_from_origin=57.0 slope=5.4047 | ABOVE gap=143.97
2026-03-19 13:36:25,166 [INFO]   [P3 (H9-L9)] 0.5: lineP=23497.32 | bars_from_origin=57.0 slope=2.7845 | HIT gap=0.00
2026-03-19 13:36:25,167 [INFO]     >>> HIT RECORDED: P3 (H9-L9) frac=0.5 @ 23497.32
2026-03-19 13:36:25,167 [INFO]   [P3 (H9-L9)] 0.25: lineP=23408.94 | bars_from_origin=57.0 slope=1.2340 | BELOW gap=65.66
2026-03-19 13:36:25,167 [INFO]   [P3 (H9-L9)] 0.125: lineP=23372.82 | bars_from_origin=57.0 slope=0.6004 | BELOW gap=101.78
2026-03-19 13:36:25,167 [INFO]   [P3 (H9-L9)] main: lineP=23388.72 | bars_from_origin=39.0 slope=0.0000 | BELOW gap=85.88
2026-03-19 13:36:25,167 [INFO]   [IntDet] Total hits this bar: 2
2026-03-19 13:36:25,167 [INFO] [Study] Emitting intersection event (DIRECT): {'time': 1773732540, 'fan': 'P1 (L11-H10)', 'fanIdentity': 'L11-H10', 'fraction': '1/4', 'price': 23493.499844083388, 'type': 'CROSS_UP', 'details': 'Breakout Attempt'}
2026-03-19 13:36:25,170 [INFO] [Study] Emitting intersection event (DIRECT): {'time': 1773732540, 'fan': 'P3 (H9-L9)', 'fanIdentity': 'H9-L9', 'fraction': '1/2', 'price': 23497.317976630573, 'type': 'CROSS_UP', 'details': 'Breakout Attempt'}
2026-03-19 13:36:25,172 [INFO] [Tracking] Breach CONFIRMED: Fan_L11_H9 0.5 up (T+1 bars)
2026-03-19 13:36:25,174 [INFO] [IntDet] Bar 245 | 2026-03-17 13:03 | H=23512.55 L=23476.15 C=23483.90 | Fans=3 Lines=21
2026-03-19 13:36:25,175 [INFO]   [P2 (L11-H9)] main: lineP=23085.77 | bars_from_origin=40.0 slope=-12.2695 | BELOW gap=390.38
2026-03-19 13:36:25,175 [INFO]   [P2 (L11-H9)] 0.875: lineP=23273.48 | bars_from_origin=40.0 slope=-7.5768 | BELOW gap=202.67
2026-03-19 13:36:25,175 [INFO]   [P2 (L11-H9)] 0.75: lineP=23367.13 | bars_from_origin=40.0 slope=-5.2355 | BELOW gap=109.02
2026-03-19 13:36:25,175 [INFO]   [P2 (L11-H9)] 0.5: lineP=23467.44 | bars_from_origin=40.0 slope=-2.7278 | BELOW gap=8.71
2026-03-19 13:36:25,175 [INFO]   [P2 (L11-H9)] 0.25: lineP=23528.00 | bars_from_origin=40.0 slope=-1.2139 | ABOVE gap=15.44
2026-03-19 13:36:25,175 [INFO]   [P2 (L11-H9)] 0.125: lineP=23552.91 | bars_from_origin=40.0 slope=-0.5911 | ABOVE gap=40.36
2026-03-19 13:36:25,175 [INFO]   [P2 (L11-H9)] main: lineP=23527.45 | bars_from_origin=22.0 slope=0.0000 | ABOVE gap=14.90
2026-03-19 13:36:25,175 [INFO]   [P1 (L11-H10)] main: lineP=22963.66 | bars_from_origin=32.0 slope=-17.8201 | BELOW gap=512.49
2026-03-19 13:36:25,175 [INFO]   [P1 (L11-H10)] 0.875: lineP=23235.12 | bars_from_origin=32.0 slope=-9.3369 | BELOW gap=241.03
2026-03-19 13:36:25,176 [INFO]   [P1 (L11-H10)] 0.75: lineP=23340.54 | bars_from_origin=32.0 slope=-6.0426 | BELOW gap=135.61
2026-03-19 13:36:25,176 [INFO]   [P1 (L11-H10)] 0.5: lineP=23438.38 | bars_from_origin=32.0 slope=-2.9849 | BELOW gap=37.77
2026-03-19 13:36:25,176 [INFO]   [P1 (L11-H10)] 0.25: lineP=23492.20 | bars_from_origin=32.0 slope=-1.3032 | HIT gap=0.00
2026-03-19 13:36:25,176 [INFO]     >>> HIT RECORDED: P1 (L11-H10) frac=0.25 @ 23492.20
2026-03-19 13:36:25,176 [INFO]   [P1 (L11-H10)] 0.125: lineP=23513.67 | bars_from_origin=32.0 slope=-0.6322 | ABOVE gap=1.12
2026-03-19 13:36:25,176 [INFO]   [P1 (L11-H10)] main: lineP=23504.05 | bars_from_origin=22.0 slope=0.0000 | HIT gap=0.00
2026-03-19 13:36:25,176 [INFO]     >>> HIT RECORDED: P1 (L11-H10) frac=main @ 23504.05
2026-03-19 13:36:25,177 [INFO]   [P3 (H9-L9)] main: lineP=24105.33 | bars_from_origin=58.0 slope=13.2195 | ABOVE gap=592.78
2026-03-19 13:36:25,177 [INFO]   [P3 (H9-L9)] 0.875: lineP=23798.22 | bars_from_origin=58.0 slope=7.9245 | ABOVE gap=285.67
2026-03-19 13:36:25,177 [INFO]   [P3 (H9-L9)] 0.75: lineP=23652.07 | bars_from_origin=58.0 slope=5.4047 | ABOVE gap=139.52
2026-03-19 13:36:25,177 [INFO]   [P3 (H9-L9)] 0.5: lineP=23500.10 | bars_from_origin=58.0 slope=2.7845 | HIT gap=0.00
2026-03-19 13:36:25,177 [INFO]     >>> HIT RECORDED: P3 (H9-L9) frac=0.5 @ 23500.10
2026-03-19 13:36:25,177 [INFO]   [P3 (H9-L9)] 0.25: lineP=23410.17 | bars_from_origin=58.0 slope=1.2340 | BELOW gap=65.98
2026-03-19 13:36:25,177 [INFO]   [P3 (H9-L9)] 0.125: lineP=23373.42 | bars_from_origin=58.0 slope=0.6004 | BELOW gap=102.73
2026-03-19 13:36:25,177 [INFO]   [P3 (H9-L9)] main: lineP=23388.72 | bars_from_origin=40.0 slope=0.0000 | BELOW gap=87.43
2026-03-19 13:36:25,177 [INFO]   [IntDet] Total hits this bar: 3
2026-03-19 13:36:25,177 [INFO] [Study] Emitting intersection event (DIRECT): {'time': 1773732780, 'fan': 'P1 (L11-H10)', 'fanIdentity': 'L11-H10', 'fraction': '1/4', 'price': 23492.19660064656, 'type': 'CROSS_DOWN', 'details': 'Breakdown Attempt'}
2026-03-19 13:36:25,180 [INFO] [Study] Emitting intersection event (DIRECT): {'time': 1773732780, 'fan': 'P1 (L11-H10)', 'fanIdentity': 'L11-H10', 'fraction': 'Horizontal', 'price': 23504.051576989044, 'type': 'RESISTANCE_TEST', 'details': 'Rejection / Pullback'}
2026-03-19 13:36:25,183 [INFO] [Study] Emitting intersection event (DIRECT): {'time': 1773732780, 'fan': 'P3 (H9-L9)', 'fanIdentity': 'H9-L9', 'fraction': '1/2', 'price': 23500.102509389442, 'type': 'CROSS_DOWN', 'details': 'Breakdown Attempt'}
2026-03-19 13:36:25,185 [INFO] [Tracking] FAKE OUT: Fan_L11_H10 0.25 (T+1 bars)
2026-03-19 13:36:25,186 [INFO] [Tracking] FAKE OUT: Fan_H9_L9 0.5 (T+1 bars)
2026-03-19 13:36:25,187 [INFO] [IntDet] Bar 246 | 2026-03-17 13:07 | H=23526.00 L=23484.10 C=23520.75 | Fans=3 Lines=21
2026-03-19 13:36:25,187 [INFO]   [P2 (L11-H9)] main: lineP=23073.50 | bars_from_origin=41.0 slope=-12.2695 | BELOW gap=410.60
2026-03-19 13:36:25,187 [INFO]   [P2 (L11-H9)] 0.875: lineP=23265.90 | bars_from_origin=41.0 slope=-7.5768 | BELOW gap=218.20
2026-03-19 13:36:25,188 [INFO]   [P2 (L11-H9)] 0.75: lineP=23361.89 | bars_from_origin=41.0 slope=-5.2355 | BELOW gap=122.21
2026-03-19 13:36:25,188 [INFO]   [P2 (L11-H9)] 0.5: lineP=23464.71 | bars_from_origin=41.0 slope=-2.7278 | BELOW gap=19.39
2026-03-19 13:36:25,188 [INFO]   [P2 (L11-H9)] 0.25: lineP=23526.78 | bars_from_origin=41.0 slope=-1.2139 | ABOVE gap=0.78
2026-03-19 13:36:25,188 [INFO]   [P2 (L11-H9)] 0.125: lineP=23552.32 | bars_from_origin=41.0 slope=-0.5911 | ABOVE gap=26.32
2026-03-19 13:36:25,188 [INFO]   [P2 (L11-H9)] main: lineP=23527.45 | bars_from_origin=23.0 slope=0.0000 | ABOVE gap=1.45
2026-03-19 13:36:25,188 [INFO]   [P1 (L11-H10)] main: lineP=22945.84 | bars_from_origin=33.0 slope=-17.8201 | BELOW gap=538.26
2026-03-19 13:36:25,188 [INFO]   [P1 (L11-H10)] 0.875: lineP=23225.78 | bars_from_origin=33.0 slope=-9.3369 | BELOW gap=258.32
2026-03-19 13:36:25,188 [INFO]   [P1 (L11-H10)] 0.75: lineP=23334.50 | bars_from_origin=33.0 slope=-6.0426 | BELOW gap=149.60
2026-03-19 13:36:25,188 [INFO]   [P1 (L11-H10)] 0.5: lineP=23435.40 | bars_from_origin=33.0 slope=-2.9849 | BELOW gap=48.70
2026-03-19 13:36:25,188 [INFO]   [P1 (L11-H10)] 0.25: lineP=23490.89 | bars_from_origin=33.0 slope=-1.3032 | HIT gap=0.00
2026-03-19 13:36:25,189 [INFO]     >>> HIT RECORDED: P1 (L11-H10) frac=0.25 @ 23490.89
2026-03-19 13:36:25,189 [INFO]   [P1 (L11-H10)] 0.125: lineP=23513.04 | bars_from_origin=33.0 slope=-0.6322 | HIT gap=0.00
2026-03-19 13:36:25,189 [INFO]     >>> HIT RECORDED: P1 (L11-H10) frac=0.125 @ 23513.04
2026-03-19 13:36:25,189 [INFO]   [P1 (L11-H10)] main: lineP=23504.05 | bars_from_origin=23.0 slope=0.0000 | HIT gap=0.00
2026-03-19 13:36:25,189 [INFO]     >>> HIT RECORDED: P1 (L11-H10) frac=main @ 23504.05
2026-03-19 13:36:25,189 [INFO]   [P3 (H9-L9)] main: lineP=24118.55 | bars_from_origin=59.0 slope=13.2195 | ABOVE gap=592.55
2026-03-19 13:36:25,189 [INFO]   [P3 (H9-L9)] 0.875: lineP=23806.14 | bars_from_origin=59.0 slope=7.9245 | ABOVE gap=280.14
2026-03-19 13:36:25,189 [INFO]   [P3 (H9-L9)] 0.75: lineP=23657.48 | bars_from_origin=59.0 slope=5.4047 | ABOVE gap=131.48
2026-03-19 13:36:25,189 [INFO]   [P3 (H9-L9)] 0.5: lineP=23502.89 | bars_from_origin=59.0 slope=2.7845 | HIT gap=0.00
2026-03-19 13:36:25,189 [INFO]     >>> HIT RECORDED: P3 (H9-L9) frac=0.5 @ 23502.89
2026-03-19 13:36:25,190 [INFO]   [P3 (H9-L9)] 0.25: lineP=23411.41 | bars_from_origin=59.0 slope=1.2340 | BELOW gap=72.69
2026-03-19 13:36:25,190 [INFO]   [P3 (H9-L9)] 0.125: lineP=23374.02 | bars_from_origin=59.0 slope=0.6004 | BELOW gap=110.08
2026-03-19 13:36:25,190 [INFO]   [P3 (H9-L9)] main: lineP=23388.72 | bars_from_origin=41.0 slope=0.0000 | BELOW gap=95.38
2026-03-19 13:36:25,190 [INFO]   [IntDet] Total hits this bar: 4
2026-03-19 13:36:25,190 [INFO] [Study] Emitting intersection event (DIRECT): {'time': 1773733020, 'fan': 'P1 (L11-H10)', 'fanIdentity': 'L11-H10', 'fraction': '1/4', 'price': 23490.893357209734, 'type': 'CROSS_UP', 'details': 'Breakout Attempt'}
2026-03-19 13:36:25,193 [INFO] [Study] Emitting intersection event (DIRECT): {'time': 1773733020, 'fan': 'P1 (L11-H10)', 'fanIdentity': 'L11-H10', 'fraction': '1/8', 'price': 23513.03832405273, 'type': 'CROSS_UP', 'details': 'Breakout Attempt'}
2026-03-19 13:36:25,196 [INFO] [Study] Emitting intersection event (DIRECT): {'time': 1773733020, 'fan': 'P1 (L11-H10)', 'fanIdentity': 'L11-H10', 'fraction': 'Horizontal', 'price': 23504.051576989044, 'type': 'CROSS_UP', 'details': 'Breakout Attempt'}
2026-03-19 13:36:25,199 [INFO] [Study] Emitting intersection event (DIRECT): {'time': 1773733020, 'fan': 'P3 (H9-L9)', 'fanIdentity': 'H9-L9', 'fraction': '1/2', 'price': 23502.887042148315, 'type': 'CROSS_UP', 'details': 'Breakout Attempt'}
2026-03-19 13:36:25,203 [INFO] [IntDet] Bar 247 | 2026-03-17 13:11 | H=23533.50 L=23517.25 C=23531.60 | Fans=3 Lines=21
2026-03-19 13:36:25,203 [INFO]   [P2 (L11-H9)] main: lineP=23061.23 | bars_from_origin=42.0 slope=-12.2695 | BELOW gap=456.02
2026-03-19 13:36:25,204 [INFO]   [P2 (L11-H9)] 0.875: lineP=23258.32 | bars_from_origin=42.0 slope=-7.5768 | BELOW gap=258.93
2026-03-19 13:36:25,204 [INFO]   [P2 (L11-H9)] 0.75: lineP=23356.66 | bars_from_origin=42.0 slope=-5.2355 | BELOW gap=160.59
2026-03-19 13:36:25,204 [INFO]   [P2 (L11-H9)] 0.5: lineP=23461.99 | bars_from_origin=42.0 slope=-2.7278 | BELOW gap=55.26
2026-03-19 13:36:25,204 [INFO]   [P2 (L11-H9)] 0.25: lineP=23525.57 | bars_from_origin=42.0 slope=-1.2139 | HIT gap=0.00
2026-03-19 13:36:25,204 [INFO]     >>> HIT RECORDED: P2 (L11-H9) frac=0.25 @ 23525.57
2026-03-19 13:36:25,204 [INFO]   [P2 (L11-H9)] 0.125: lineP=23551.72 | bars_from_origin=42.0 slope=-0.5911 | ABOVE gap=18.22
2026-03-19 13:36:25,205 [INFO]   [P2 (L11-H9)] main: lineP=23527.45 | bars_from_origin=24.0 slope=0.0000 | HIT gap=0.00
2026-03-19 13:36:25,205 [INFO]     >>> HIT RECORDED: P2 (L11-H9) frac=main @ 23527.45
2026-03-19 13:36:25,205 [INFO]   [P1 (L11-H10)] main: lineP=22928.02 | bars_from_origin=34.0 slope=-17.8201 | BELOW gap=589.23
2026-03-19 13:36:25,205 [INFO]   [P1 (L11-H10)] 0.875: lineP=23216.44 | bars_from_origin=34.0 slope=-9.3369 | BELOW gap=300.81
2026-03-19 13:36:25,205 [INFO]   [P1 (L11-H10)] 0.75: lineP=23328.45 | bars_from_origin=34.0 slope=-6.0426 | BELOW gap=188.80
2026-03-19 13:36:25,205 [INFO]   [P1 (L11-H10)] 0.5: lineP=23432.41 | bars_from_origin=34.0 slope=-2.9849 | BELOW gap=84.84
2026-03-19 13:36:25,205 [INFO]   [P1 (L11-H10)] 0.25: lineP=23489.59 | bars_from_origin=34.0 slope=-1.3032 | BELOW gap=27.66
2026-03-19 13:36:25,205 [INFO]   [P1 (L11-H10)] 0.125: lineP=23512.41 | bars_from_origin=34.0 slope=-0.6322 | BELOW gap=4.84
2026-03-19 13:36:25,205 [INFO]   [P1 (L11-H10)] main: lineP=23504.05 | bars_from_origin=24.0 slope=0.0000 | BELOW gap=13.20
2026-03-19 13:36:25,205 [INFO]   [P3 (H9-L9)] main: lineP=24131.77 | bars_from_origin=60.0 slope=13.2195 | ABOVE gap=598.27
2026-03-19 13:36:25,206 [INFO]   [P3 (H9-L9)] 0.875: lineP=23814.07 | bars_from_origin=60.0 slope=7.9245 | ABOVE gap=280.57
2026-03-19 13:36:25,206 [INFO]   [P3 (H9-L9)] 0.75: lineP=23662.88 | bars_from_origin=60.0 slope=5.4047 | ABOVE gap=129.38
2026-03-19 13:36:25,206 [INFO]   [P3 (H9-L9)] 0.5: lineP=23505.67 | bars_from_origin=60.0 slope=2.7845 | BELOW gap=11.58
2026-03-19 13:36:25,206 [INFO]   [P3 (H9-L9)] 0.25: lineP=23412.64 | bars_from_origin=60.0 slope=1.2340 | BELOW gap=104.61
2026-03-19 13:36:25,206 [INFO]   [P3 (H9-L9)] 0.125: lineP=23374.62 | bars_from_origin=60.0 slope=0.6004 | BELOW gap=142.63
2026-03-19 13:36:25,206 [INFO]   [P3 (H9-L9)] main: lineP=23388.72 | bars_from_origin=42.0 slope=0.0000 | BELOW gap=128.53
2026-03-19 13:36:25,206 [INFO]   [IntDet] Total hits this bar: 2
2026-03-19 13:36:25,206 [INFO] [Study] Emitting intersection event (DIRECT): {'time': 1773733260, 'fan': 'P2 (L11-H9)', 'fanIdentity': 'L11-H9', 'fraction': '1/4', 'price': 23525.567993665616, 'type': 'CROSS_UP', 'details': 'Breakout Attempt'}
2026-03-19 13:36:25,209 [INFO] [Study] Emitting intersection event (DIRECT): {'time': 1773733260, 'fan': 'P2 (L11-H9)', 'fanIdentity': 'L11-H9', 'fraction': 'Horizontal', 'price': 23527.451265721487, 'type': 'CROSS_UP', 'details': 'Breakout Attempt'}
2026-03-19 13:36:25,213 [INFO] [Tracking] Breach CONFIRMED: Fan_L11_H10 0.25 up (T+1 bars)
2026-03-19 13:36:25,213 [INFO] [Tracking] Breach CONFIRMED: Fan_L11_H10 0.125 up (T+1 bars)
2026-03-19 13:36:25,213 [INFO] [Tracking] Breach CONFIRMED: Fan_L11_H10 Horizontal up (T+1 bars)
2026-03-19 13:36:25,213 [INFO] [Tracking] Breach CONFIRMED: Fan_H9_L9 0.5 up (T+1 bars)
2026-03-19 13:36:25,215 [INFO] [Study] Removing invalidated/excess fan: Fan_L11_H10
2026-03-19 13:36:25,215 [INFO] [Study] Updating fan priority: Fan_L11_H9 -> P1 (L11-H9)
2026-03-19 13:36:25,216 [INFO] [Study] Updating fan priority: Fan_H9_L9 -> P2 (H9-L9)
2026-03-19 13:36:25,216 [INFO] [Study] Creating new fan: Fan_H9_L8 (P3 (H9-L8))
2026-03-19 13:36:25,216 [INFO] [AngleEngine] scale_ratio=3.6603, slope_per_bar=9.0778, visual_slope=2.4801, theta=68.04 deg
2026-03-19 13:36:25,216 [INFO] --- [AngleEngine] Fan Created: Fan_H9_L8 ---
2026-03-19 13:36:25,216 [INFO]   Origin: Bar 151, Time 1773646380, Price 23086.349609375
2026-03-19 13:36:25,216 [INFO]   Target: Bar 205, Time 1773723180, Price 23576.55078125
2026-03-19 13:36:25,217 [INFO]   Delta: db=54, dp_origin=490.20
2026-03-19 13:36:25,217 [INFO]   Scale Params: Ratio=3.6603, Radius=144.40 bars, Slope/Bar=9.0778
2026-03-19 13:36:25,217 [INFO]   Line 0.875: EndBar=1773723180 (approx), EndPrice=23422.37
2026-03-19 13:36:25,217 [INFO]   Line 0.75: EndBar=1773723180 (approx), EndPrice=23330.70
2026-03-19 13:36:25,217 [INFO]   Line 0.5: EndBar=1773723180 (approx), EndPrice=23219.77
2026-03-19 13:36:25,217 [INFO]   Line 0.25: EndBar=1773723180 (approx), EndPrice=23146.82
2026-03-19 13:36:25,217 [INFO]   Line 0.125: EndBar=1773723180 (approx), EndPrice=23115.91
2026-03-19 13:36:25,217 [INFO] [IntDet] Bar 248 | 2026-03-17 13:15 | H=23557.80 L=23532.95 C=23551.30 | Fans=3 Lines=21
2026-03-19 13:36:25,217 [INFO]   [P1 (L11-H9)] main: lineP=23048.96 | bars_from_origin=43.0 slope=-12.2695 | BELOW gap=483.99
2026-03-19 13:36:25,217 [INFO]   [P1 (L11-H9)] 0.875: lineP=23250.75 | bars_from_origin=43.0 slope=-7.5768 | BELOW gap=282.20
2026-03-19 13:36:25,218 [INFO]   [P1 (L11-H9)] 0.75: lineP=23351.42 | bars_from_origin=43.0 slope=-5.2355 | BELOW gap=181.53
2026-03-19 13:36:25,218 [INFO]   [P1 (L11-H9)] 0.5: lineP=23459.26 | bars_from_origin=43.0 slope=-2.7278 | BELOW gap=73.69
2026-03-19 13:36:25,218 [INFO]   [P1 (L11-H9)] 0.25: lineP=23524.35 | bars_from_origin=43.0 slope=-1.2139 | BELOW gap=8.60
2026-03-19 13:36:25,218 [INFO]   [P1 (L11-H9)] 0.125: lineP=23551.13 | bars_from_origin=43.0 slope=-0.5911 | HIT gap=0.00
2026-03-19 13:36:25,218 [INFO]     >>> HIT RECORDED: P1 (L11-H9) frac=0.125 @ 23551.13
2026-03-19 13:36:25,218 [INFO]   [P1 (L11-H9)] main: lineP=23527.45 | bars_from_origin=25.0 slope=0.0000 | BELOW gap=5.50
2026-03-19 13:36:25,218 [INFO]   [P2 (H9-L9)] main: lineP=24144.99 | bars_from_origin=61.0 slope=13.2195 | ABOVE gap=587.19
2026-03-19 13:36:25,218 [INFO]   [P2 (H9-L9)] 0.875: lineP=23821.99 | bars_from_origin=61.0 slope=7.9245 | ABOVE gap=264.19
2026-03-19 13:36:25,218 [INFO]   [P2 (H9-L9)] 0.75: lineP=23668.29 | bars_from_origin=61.0 slope=5.4047 | ABOVE gap=110.49
2026-03-19 13:36:25,218 [INFO]   [P2 (H9-L9)] 0.5: lineP=23508.46 | bars_from_origin=61.0 slope=2.7845 | BELOW gap=24.49
2026-03-19 13:36:25,219 [INFO]   [P2 (H9-L9)] 0.25: lineP=23413.87 | bars_from_origin=61.0 slope=1.2340 | BELOW gap=119.07
2026-03-19 13:36:25,219 [INFO]   [P2 (H9-L9)] 0.125: lineP=23375.22 | bars_from_origin=61.0 slope=0.6004 | BELOW gap=157.72
2026-03-19 13:36:25,219 [INFO]   [P2 (H9-L9)] main: lineP=23388.72 | bars_from_origin=43.0 slope=0.0000 | BELOW gap=144.23
2026-03-19 13:36:25,219 [INFO]   [P3 (H9-L8)] main: lineP=23966.90 | bars_from_origin=97.0 slope=9.0778 | ABOVE gap=409.10
2026-03-19 13:36:25,219 [INFO]   [P3 (H9-L8)] 0.875: lineP=23689.95 | bars_from_origin=97.0 slope=6.2226 | ABOVE gap=132.15
2026-03-19 13:36:25,219 [INFO]   [P3 (H9-L8)] 0.75: lineP=23525.27 | bars_from_origin=97.0 slope=4.5249 | BELOW gap=7.68
2026-03-19 13:36:25,219 [INFO]   [P3 (H9-L8)] 0.5: lineP=23326.01 | bars_from_origin=97.0 slope=2.4708 | BELOW gap=206.94
2026-03-19 13:36:25,219 [INFO]   [P3 (H9-L8)] 0.25: lineP=23194.97 | bars_from_origin=97.0 slope=1.1198 | BELOW gap=337.98
2026-03-19 13:36:25,219 [INFO]   [P3 (H9-L8)] 0.125: lineP=23139.44 | bars_from_origin=97.0 slope=0.5474 | BELOW gap=393.51
2026-03-19 13:36:25,219 [INFO]   [P3 (H9-L8)] main: lineP=23219.77 | bars_from_origin=43.0 slope=0.0000 | BELOW gap=313.18
2026-03-19 13:36:25,220 [INFO]   [IntDet] Total hits this bar: 1
2026-03-19 13:36:25,220 [INFO] [Study] Emitting intersection event (DIRECT): {'time': 1773733500, 'fan': 'P1 (L11-H9)', 'fanIdentity': 'L11-H9', 'fraction': '1/8', 'price': 23551.133085376252, 'type': 'CROSS_UP', 'details': 'Breakout Attempt'}
2026-03-19 13:36:25,223 [INFO] [Tracking] Breach CONFIRMED: Fan_L11_H9 0.25 up (T+1 bars)
2026-03-19 13:36:25,223 [INFO] [Tracking] Breach CONFIRMED: Fan_L11_H9 Horizontal up (T+1 bars)
2026-03-19 13:36:25,226 [INFO] [IntDet] Bar 249 | 2026-03-17 13:19 | H=23560.20 L=23546.60 C=23548.65 | Fans=3 Lines=21
2026-03-19 13:36:25,226 [INFO]   [P1 (L11-H9)] main: lineP=23036.69 | bars_from_origin=44.0 slope=-12.2695 | BELOW gap=509.91
2026-03-19 13:36:25,226 [INFO]   [P1 (L11-H9)] 0.875: lineP=23243.17 | bars_from_origin=44.0 slope=-7.5768 | BELOW gap=303.43
2026-03-19 13:36:25,226 [INFO]   [P1 (L11-H9)] 0.75: lineP=23346.19 | bars_from_origin=44.0 slope=-5.2355 | BELOW gap=200.41
2026-03-19 13:36:25,226 [INFO]   [P1 (L11-H9)] 0.5: lineP=23456.53 | bars_from_origin=44.0 slope=-2.7278 | BELOW gap=90.07
2026-03-19 13:36:25,226 [INFO]   [P1 (L11-H9)] 0.25: lineP=23523.14 | bars_from_origin=44.0 slope=-1.2139 | BELOW gap=23.46
2026-03-19 13:36:25,226 [INFO]   [P1 (L11-H9)] 0.125: lineP=23550.54 | bars_from_origin=44.0 slope=-0.5911 | HIT gap=0.00
2026-03-19 13:36:25,226 [INFO]     >>> HIT RECORDED: P1 (L11-H9) frac=0.125 @ 23550.54
2026-03-19 13:36:25,226 [INFO]   [P1 (L11-H9)] main: lineP=23527.45 | bars_from_origin=26.0 slope=0.0000 | BELOW gap=19.15
2026-03-19 13:36:25,227 [INFO]   [P2 (H9-L9)] main: lineP=24158.21 | bars_from_origin=62.0 slope=13.2195 | ABOVE gap=598.01
2026-03-19 13:36:25,227 [INFO]   [P2 (H9-L9)] 0.875: lineP=23829.92 | bars_from_origin=62.0 slope=7.9245 | ABOVE gap=269.72
2026-03-19 13:36:25,227 [INFO]   [P2 (H9-L9)] 0.75: lineP=23673.69 | bars_from_origin=62.0 slope=5.4047 | ABOVE gap=113.49
2026-03-19 13:36:25,227 [INFO]   [P2 (H9-L9)] 0.5: lineP=23511.24 | bars_from_origin=62.0 slope=2.7845 | BELOW gap=35.36
2026-03-19 13:36:25,227 [INFO]   [P2 (H9-L9)] 0.25: lineP=23415.11 | bars_from_origin=62.0 slope=1.2340 | BELOW gap=131.49
2026-03-19 13:36:25,227 [INFO]   [P2 (H9-L9)] 0.125: lineP=23375.82 | bars_from_origin=62.0 slope=0.6004 | BELOW gap=170.77
2026-03-19 13:36:25,227 [INFO]   [P2 (H9-L9)] main: lineP=23388.72 | bars_from_origin=44.0 slope=0.0000 | BELOW gap=157.88
2026-03-19 13:36:25,227 [INFO]   [P3 (H9-L8)] main: lineP=23975.97 | bars_from_origin=98.0 slope=9.0778 | ABOVE gap=415.77
2026-03-19 13:36:25,227 [INFO]   [P3 (H9-L8)] 0.875: lineP=23696.17 | bars_from_origin=98.0 slope=6.2226 | ABOVE gap=135.97
2026-03-19 13:36:25,227 [INFO]   [P3 (H9-L8)] 0.75: lineP=23529.79 | bars_from_origin=98.0 slope=4.5249 | BELOW gap=16.81
2026-03-19 13:36:25,227 [INFO]   [P3 (H9-L8)] 0.5: lineP=23328.48 | bars_from_origin=98.0 slope=2.4708 | BELOW gap=218.12
2026-03-19 13:36:25,228 [INFO]   [P3 (H9-L8)] 0.25: lineP=23196.09 | bars_from_origin=98.0 slope=1.1198 | BELOW gap=350.51
2026-03-19 13:36:25,228 [INFO]   [P3 (H9-L8)] 0.125: lineP=23139.99 | bars_from_origin=98.0 slope=0.5474 | BELOW gap=406.61
2026-03-19 13:36:25,228 [INFO]   [P3 (H9-L8)] main: lineP=23219.77 | bars_from_origin=44.0 slope=0.0000 | BELOW gap=326.83
2026-03-19 13:36:25,228 [INFO]   [IntDet] Total hits this bar: 1
2026-03-19 13:36:25,228 [INFO] [Study] Emitting intersection event (DIRECT): {'time': 1773733740, 'fan': 'P1 (L11-H9)', 'fanIdentity': 'L11-H9', 'fraction': '1/8', 'price': 23550.541976169887, 'type': 'CROSS_DOWN', 'details': 'Breakdown Attempt'}
2026-03-19 13:36:25,231 [INFO] [Tracking] FAKE OUT: Fan_L11_H9 0.125 (T+1 bars)
2026-03-19 13:36:25,233 [INFO] [IntDet] Bar 250 | 2026-03-17 13:23 | H=23549.15 L=23530.70 C=23535.95 | Fans=3 Lines=21
2026-03-19 13:36:25,233 [INFO]   [P1 (L11-H9)] main: lineP=23024.42 | bars_from_origin=45.0 slope=-12.2695 | BELOW gap=506.28
2026-03-19 13:36:25,233 [INFO]   [P1 (L11-H9)] 0.875: lineP=23235.59 | bars_from_origin=45.0 slope=-7.5768 | BELOW gap=295.11
2026-03-19 13:36:25,233 [INFO]   [P1 (L11-H9)] 0.75: lineP=23340.95 | bars_from_origin=45.0 slope=-5.2355 | BELOW gap=189.75
2026-03-19 13:36:25,233 [INFO]   [P1 (L11-H9)] 0.5: lineP=23453.80 | bars_from_origin=45.0 slope=-2.7278 | BELOW gap=76.90
2026-03-19 13:36:25,234 [INFO]   [P1 (L11-H9)] 0.25: lineP=23521.93 | bars_from_origin=45.0 slope=-1.2139 | BELOW gap=8.77
2026-03-19 13:36:25,234 [INFO]   [P1 (L11-H9)] 0.125: lineP=23549.95 | bars_from_origin=45.0 slope=-0.5911 | ABOVE gap=0.80
2026-03-19 13:36:25,234 [INFO]   [P1 (L11-H9)] main: lineP=23527.45 | bars_from_origin=27.0 slope=0.0000 | BELOW gap=3.25
2026-03-19 13:36:25,234 [INFO]   [P2 (H9-L9)] main: lineP=24171.43 | bars_from_origin=63.0 slope=13.2195 | ABOVE gap=622.28
2026-03-19 13:36:25,234 [INFO]   [P2 (H9-L9)] 0.875: lineP=23837.84 | bars_from_origin=63.0 slope=7.9245 | ABOVE gap=288.69
2026-03-19 13:36:25,234 [INFO]   [P2 (H9-L9)] 0.75: lineP=23679.10 | bars_from_origin=63.0 slope=5.4047 | ABOVE gap=129.95
2026-03-19 13:36:25,234 [INFO]   [P2 (H9-L9)] 0.5: lineP=23514.03 | bars_from_origin=63.0 slope=2.7845 | BELOW gap=16.67
2026-03-19 13:36:25,234 [INFO]   [P2 (H9-L9)] 0.25: lineP=23416.34 | bars_from_origin=63.0 slope=1.2340 | BELOW gap=114.36
2026-03-19 13:36:25,234 [INFO]   [P2 (H9-L9)] 0.125: lineP=23376.43 | bars_from_origin=63.0 slope=0.6004 | BELOW gap=154.27
2026-03-19 13:36:25,235 [INFO]   [P2 (H9-L9)] main: lineP=23388.72 | bars_from_origin=45.0 slope=0.0000 | BELOW gap=141.98
2026-03-19 13:36:25,235 [INFO]   [P3 (H9-L8)] main: lineP=23985.05 | bars_from_origin=99.0 slope=9.0778 | ABOVE gap=435.90
2026-03-19 13:36:25,235 [INFO]   [P3 (H9-L8)] 0.875: lineP=23702.39 | bars_from_origin=99.0 slope=6.2226 | ABOVE gap=153.24
2026-03-19 13:36:25,235 [INFO]   [P3 (H9-L8)] 0.75: lineP=23534.32 | bars_from_origin=99.0 slope=4.5249 | HIT gap=0.00
2026-03-19 13:36:25,235 [INFO]     >>> HIT RECORDED: P3 (H9-L8) frac=0.75 @ 23534.32
2026-03-19 13:36:25,235 [INFO]   [P3 (H9-L8)] 0.5: lineP=23330.96 | bars_from_origin=99.0 slope=2.4708 | BELOW gap=199.74
2026-03-19 13:36:25,235 [INFO]   [P3 (H9-L8)] 0.25: lineP=23197.21 | bars_from_origin=99.0 slope=1.1198 | BELOW gap=333.49
2026-03-19 13:36:25,235 [INFO]   [P3 (H9-L8)] 0.125: lineP=23140.54 | bars_from_origin=99.0 slope=0.5474 | BELOW gap=390.16
2026-03-19 13:36:25,235 [INFO]   [P3 (H9-L8)] main: lineP=23219.77 | bars_from_origin=45.0 slope=0.0000 | BELOW gap=310.93
2026-03-19 13:36:25,235 [INFO]   [IntDet] Total hits this bar: 1
2026-03-19 13:36:25,236 [INFO] [Study] Emitting intersection event (DIRECT): {'time': 1773733980, 'fan': 'P3 (H9-L8)', 'fanIdentity': 'H9-L8', 'fraction': '3/4', 'price': 23534.318253283313, 'type': 'SUPPORT_TEST', 'details': 'Resting / Throwback'}
2026-03-19 13:36:25,240 [INFO] [IntDet] Bar 251 | 2026-03-17 13:27 | H=23574.85 L=23524.85 C=23574.10 | Fans=3 Lines=21
2026-03-19 13:36:25,240 [INFO]   [P1 (L11-H9)] main: lineP=23012.15 | bars_from_origin=46.0 slope=-12.2695 | BELOW gap=512.70
2026-03-19 13:36:25,240 [INFO]   [P1 (L11-H9)] 0.875: lineP=23228.02 | bars_from_origin=46.0 slope=-7.5768 | BELOW gap=296.83
2026-03-19 13:36:25,241 [INFO]   [P1 (L11-H9)] 0.75: lineP=23335.72 | bars_from_origin=46.0 slope=-5.2355 | BELOW gap=189.13
2026-03-19 13:36:25,241 [INFO]   [P1 (L11-H9)] 0.5: lineP=23451.07 | bars_from_origin=46.0 slope=-2.7278 | BELOW gap=73.78
2026-03-19 13:36:25,241 [INFO]   [P1 (L11-H9)] 0.25: lineP=23520.71 | bars_from_origin=46.0 slope=-1.2139 | BELOW gap=4.14
2026-03-19 13:36:25,241 [INFO]   [P1 (L11-H9)] 0.125: lineP=23549.36 | bars_from_origin=46.0 slope=-0.5911 | HIT gap=0.00
2026-03-19 13:36:25,241 [INFO]     >>> HIT RECORDED: P1 (L11-H9) frac=0.125 @ 23549.36
2026-03-19 13:36:25,241 [INFO]   [P1 (L11-H9)] main: lineP=23527.45 | bars_from_origin=28.0 slope=0.0000 | HIT gap=0.00
2026-03-19 13:36:25,241 [INFO]     >>> HIT RECORDED: P1 (L11-H9) frac=main @ 23527.45
2026-03-19 13:36:25,242 [INFO]   [P2 (H9-L9)] main: lineP=24184.65 | bars_from_origin=64.0 slope=13.2195 | ABOVE gap=609.80
2026-03-19 13:36:25,242 [INFO]   [P2 (H9-L9)] 0.875: lineP=23845.77 | bars_from_origin=64.0 slope=7.9245 | ABOVE gap=270.92
2026-03-19 13:36:25,242 [INFO]   [P2 (H9-L9)] 0.75: lineP=23684.50 | bars_from_origin=64.0 slope=5.4047 | ABOVE gap=109.65
2026-03-19 13:36:25,242 [INFO]   [P2 (H9-L9)] 0.5: lineP=23516.81 | bars_from_origin=64.0 slope=2.7845 | BELOW gap=8.04
2026-03-19 13:36:25,242 [INFO]   [P2 (H9-L9)] 0.25: lineP=23417.58 | bars_from_origin=64.0 slope=1.2340 | BELOW gap=107.27
2026-03-19 13:36:25,242 [INFO]   [P2 (H9-L9)] 0.125: lineP=23377.03 | bars_from_origin=64.0 slope=0.6004 | BELOW gap=147.82
2026-03-19 13:36:25,242 [INFO]   [P2 (H9-L9)] main: lineP=23388.72 | bars_from_origin=46.0 slope=0.0000 | BELOW gap=136.13
2026-03-19 13:36:25,242 [INFO]   [P3 (H9-L8)] main: lineP=23994.13 | bars_from_origin=100.0 slope=9.0778 | ABOVE gap=419.28
2026-03-19 13:36:25,242 [INFO]   [P3 (H9-L8)] 0.875: lineP=23708.61 | bars_from_origin=100.0 slope=6.2226 | ABOVE gap=133.76
2026-03-19 13:36:25,242 [INFO]   [P3 (H9-L8)] 0.75: lineP=23538.84 | bars_from_origin=100.0 slope=4.5249 | HIT gap=0.00
2026-03-19 13:36:25,243 [INFO]     >>> HIT RECORDED: P3 (H9-L8) frac=0.75 @ 23538.84
2026-03-19 13:36:25,243 [INFO]   [P3 (H9-L8)] 0.5: lineP=23333.43 | bars_from_origin=100.0 slope=2.4708 | BELOW gap=191.42
2026-03-19 13:36:25,243 [INFO]   [P3 (H9-L8)] 0.25: lineP=23198.33 | bars_from_origin=100.0 slope=1.1198 | BELOW gap=326.52
2026-03-19 13:36:25,243 [INFO]   [P3 (H9-L8)] 0.125: lineP=23141.09 | bars_from_origin=100.0 slope=0.5474 | BELOW gap=383.76
2026-03-19 13:36:25,243 [INFO]   [P3 (H9-L8)] main: lineP=23219.77 | bars_from_origin=46.0 slope=0.0000 | BELOW gap=305.08
2026-03-19 13:36:25,243 [INFO]   [IntDet] Total hits this bar: 3
2026-03-19 13:36:25,243 [INFO] [Study] Emitting intersection event (DIRECT): {'time': 1773734220, 'fan': 'P1 (L11-H9)', 'fanIdentity': 'L11-H9', 'fraction': '1/8', 'price': 23549.359757757153, 'type': 'CROSS_UP', 'details': 'Breakout Attempt'}
2026-03-19 13:36:25,247 [INFO] [Study] Emitting intersection event (DIRECT): {'time': 1773734220, 'fan': 'P1 (L11-H9)', 'fanIdentity': 'L11-H9', 'fraction': 'Horizontal', 'price': 23527.451265721487, 'type': 'SUPPORT_TEST', 'details': 'Resting / Throwback'}
2026-03-19 13:36:25,250 [INFO] [Study] Emitting intersection event (DIRECT): {'time': 1773734220, 'fan': 'P3 (H9-L8)', 'fanIdentity': 'H9-L8', 'fraction': '3/4', 'price': 23538.843189080366, 'type': 'CROSS_UP', 'details': 'Breakout Attempt'}
2026-03-19 13:36:25,256 [INFO] [Study] Removing invalidated/excess fan: Fan_L11_H9
2026-03-19 13:36:25,257 [INFO] [Study] Removing invalidated/excess fan: Fan_H9_L9
2026-03-19 13:36:25,257 [INFO] [Study] Removing invalidated/excess fan: Fan_H9_L8
2026-03-19 13:36:25,257 [INFO] [IntDet] Bar 252 | 2026-03-17 13:31 | H=23591.40 L=23546.15 C=23548.90 | Fans=0 Lines=0
2026-03-19 13:36:25,259 [INFO] [IntDet] Bar 253 | 2026-03-17 13:35 | H=23554.35 L=23538.70 C=23542.35 | Fans=0 Lines=0
2026-03-19 13:36:25,260 [INFO] [IntDet] Bar 254 | 2026-03-17 13:39 | H=23542.35 L=23504.15 C=23517.95 | Fans=0 Lines=0
2026-03-19 13:36:25,262 [INFO] [IntDet] Bar 255 | 2026-03-17 13:43 | H=23553.30 L=23517.55 C=23549.80 | Fans=0 Lines=0
2026-03-19 13:36:25,263 [INFO] [IntDet] Bar 256 | 2026-03-17 13:47 | H=23568.30 L=23537.90 C=23555.80 | Fans=0 Lines=0
2026-03-19 13:36:25,265 [INFO] [Study] Creating new fan: Fan_H12_L12 (P1 (H12-L12))
2026-03-19 13:36:25,265 [INFO] [AngleEngine] scale_ratio=3.6603, slope_per_bar=14.0701, visual_slope=3.8440, theta=75.42 deg
2026-03-19 13:36:25,265 [INFO] --- [AngleEngine] Fan Created: Fan_H12_L12 ---
2026-03-19 13:36:25,265 [INFO]   Origin: Bar 237, Time 1773730860, Price 23380.349609375
2026-03-19 13:36:25,265 [INFO]   Target: Bar 252, Time 1773734460, Price 23591.400390625
2026-03-19 13:36:25,265 [INFO]   Delta: db=15, dp_origin=211.05
2026-03-19 13:36:25,266 [INFO]   Scale Params: Ratio=3.6603, Radius=59.58 bars, Slope/Bar=14.0701
2026-03-19 13:36:25,266 [INFO]   Line 0.875: EndBar=1773734460 (approx), EndPrice=23503.61
2026-03-19 13:36:25,266 [INFO]   Line 0.75: EndBar=1773734460 (approx), EndPrice=23463.50
2026-03-19 13:36:25,266 [INFO]   Line 0.5: EndBar=1773734460 (approx), EndPrice=23422.80
2026-03-19 13:36:25,266 [INFO]   Line 0.25: EndBar=1773734460 (approx), EndPrice=23399.10
2026-03-19 13:36:25,266 [INFO]   Line 0.125: EndBar=1773734460 (approx), EndPrice=23389.47
2026-03-19 13:36:25,266 [INFO] [Study] Creating new fan: Fan_H12_L9 (P3 (H12-L9))
2026-03-19 13:36:25,266 [INFO] [AngleEngine] scale_ratio=3.6603, slope_per_bar=3.8892, visual_slope=1.0625, theta=46.74 deg
2026-03-19 13:36:25,267 [INFO] --- [AngleEngine] Fan Created: Fan_H12_L9 ---
2026-03-19 13:36:25,267 [INFO]   Origin: Bar 187, Time 1773655020, Price 23338.599609375
2026-03-19 13:36:25,267 [INFO]   Target: Bar 252, Time 1773734460, Price 23591.400390625
2026-03-19 13:36:25,267 [INFO]   Delta: db=65, dp_origin=252.80
2026-03-19 13:36:25,267 [INFO]   Scale Params: Ratio=3.6603, Radius=94.84 bars, Slope/Bar=3.8892
2026-03-19 13:36:25,267 [INFO]   Line 0.875: EndBar=1773734460 (approx), EndPrice=23544.65
2026-03-19 13:36:25,267 [INFO]   Line 0.75: EndBar=1773734460 (approx), EndPrice=23505.52
2026-03-19 13:36:25,267 [INFO]   Line 0.5: EndBar=1773734460 (approx), EndPrice=23441.40
2026-03-19 13:36:25,267 [INFO]   Line 0.25: EndBar=1773734460 (approx), EndPrice=23387.80
2026-03-19 13:36:25,268 [INFO]   Line 0.125: EndBar=1773734460 (approx), EndPrice=23362.94
2026-03-19 13:36:25,268 [INFO] [Study] Creating new fan: Fan_H12_L11 (P2 (H12-L11))
2026-03-19 13:36:25,268 [INFO] [AngleEngine] scale_ratio=3.6603, slope_per_bar=8.1276, visual_slope=2.2205, theta=65.76 deg
2026-03-19 13:36:25,269 [INFO] --- [AngleEngine] Fan Created: Fan_H12_L11 ---
2026-03-19 13:36:25,269 [INFO]   Origin: Bar 223, Time 1773727500, Price 23355.69921875
2026-03-19 13:36:25,269 [INFO]   Target: Bar 252, Time 1773734460, Price 23591.400390625
2026-03-19 13:36:25,269 [INFO]   Delta: db=29, dp_origin=235.70
2026-03-19 13:36:25,269 [INFO]   Scale Params: Ratio=3.6603, Radius=70.62 bars, Slope/Bar=8.1276
2026-03-19 13:36:25,269 [INFO]   Line 0.875: EndBar=1773734460 (approx), EndPrice=23522.55
2026-03-19 13:36:25,269 [INFO]   Line 0.75: EndBar=1773734460 (approx), EndPrice=23479.18
2026-03-19 13:36:25,269 [INFO]   Line 0.5: EndBar=1773734460 (approx), EndPrice=23424.31
2026-03-19 13:36:25,269 [INFO]   Line 0.25: EndBar=1773734460 (approx), EndPrice=23387.02
2026-03-19 13:36:25,269 [INFO]   Line 0.125: EndBar=1773734460 (approx), EndPrice=23371.03
2026-03-19 13:36:25,270 [INFO] [IntDet] Bar 257 | 2026-03-17 13:51 | H=23567.70 L=23547.60 C=23548.20 | Fans=3 Lines=21
2026-03-19 13:36:25,270 [INFO]   [P1 (H12-L12)] main: lineP=23661.75 | bars_from_origin=20.0 slope=14.0701 | ABOVE gap=94.05
2026-03-19 13:36:25,270 [INFO]   [P1 (H12-L12)] 0.875: lineP=23544.70 | bars_from_origin=20.0 slope=8.2175 | BELOW gap=2.90
2026-03-19 13:36:25,270 [INFO]   [P1 (H12-L12)] 0.75: lineP=23491.22 | bars_from_origin=20.0 slope=5.5434 | BELOW gap=56.38
2026-03-19 13:36:25,270 [INFO]   [P1 (H12-L12)] 0.5: lineP=23436.95 | bars_from_origin=20.0 slope=2.8299 | BELOW gap=110.65
2026-03-19 13:36:25,270 [INFO]   [P1 (H12-L12)] 0.25: lineP=23405.35 | bars_from_origin=20.0 slope=1.2500 | BELOW gap=142.25
2026-03-19 13:36:25,270 [INFO]   [P1 (H12-L12)] 0.125: lineP=23392.50 | bars_from_origin=20.0 slope=0.6077 | BELOW gap=155.10
2026-03-19 13:36:25,270 [INFO]   [P1 (H12-L12)] main: lineP=23422.80 | bars_from_origin=5.0 slope=0.0000 | BELOW gap=124.80
2026-03-19 13:36:25,270 [INFO]   [P3 (H12-L9)] main: lineP=23610.85 | bars_from_origin=70.0 slope=3.8892 | ABOVE gap=43.15
2026-03-19 13:36:25,270 [INFO]   [P3 (H12-L9)] 0.875: lineP=23560.50 | bars_from_origin=70.0 slope=3.1701 | HIT gap=0.00
2026-03-19 13:36:25,271 [INFO]     >>> HIT RECORDED: P3 (H12-L9) frac=0.875 @ 23560.50
2026-03-19 13:36:25,271 [INFO]   [P3 (H12-L9)] 0.75: lineP=23518.36 | bars_from_origin=70.0 slope=2.5680 | BELOW gap=29.24
2026-03-19 13:36:25,271 [INFO]   [P3 (H12-L9)] 0.5: lineP=23449.31 | bars_from_origin=70.0 slope=1.5816 | BELOW gap=98.29
2026-03-19 13:36:25,271 [INFO]   [P3 (H12-L9)] 0.25: lineP=23391.59 | bars_from_origin=70.0 slope=0.7570 | BELOW gap=156.01
2026-03-19 13:36:25,271 [INFO]   [P3 (H12-L9)] 0.125: lineP=23364.82 | bars_from_origin=70.0 slope=0.3745 | BELOW gap=182.78
2026-03-19 13:36:25,271 [INFO]   [P3 (H12-L9)] main: lineP=23441.40 | bars_from_origin=5.0 slope=0.0000 | BELOW gap=106.20
2026-03-19 13:36:25,271 [INFO]   [P2 (H12-L11)] main: lineP=23632.04 | bars_from_origin=34.0 slope=8.1276 | ABOVE gap=64.34
2026-03-19 13:36:25,271 [INFO]   [P2 (H12-L11)] 0.875: lineP=23551.32 | bars_from_origin=34.0 slope=5.7535 | HIT gap=0.00
2026-03-19 13:36:25,271 [INFO]     >>> HIT RECORDED: P2 (H12-L11) frac=0.875 @ 23551.32
2026-03-19 13:36:25,271 [INFO]   [P2 (H12-L11)] 0.75: lineP=23500.47 | bars_from_origin=34.0 slope=4.2580 | BELOW gap=47.13
2026-03-19 13:36:25,271 [INFO]   [P2 (H12-L11)] 0.5: lineP=23436.14 | bars_from_origin=34.0 slope=2.3659 | BELOW gap=111.46
2026-03-19 13:36:25,271 [INFO]   [P2 (H12-L11)] 0.25: lineP=23392.42 | bars_from_origin=34.0 slope=1.0800 | BELOW gap=155.18
2026-03-19 13:36:25,272 [INFO]   [P2 (H12-L11)] 0.125: lineP=23373.68 | bars_from_origin=34.0 slope=0.5287 | BELOW gap=173.92
2026-03-19 13:36:25,272 [INFO]   [P2 (H12-L11)] main: lineP=23424.31 | bars_from_origin=5.0 slope=0.0000 | BELOW gap=123.29
2026-03-19 13:36:25,272 [INFO]   [IntDet] Total hits this bar: 2
2026-03-19 13:36:25,272 [INFO] [Study] Emitting intersection event (DIRECT): {'time': 1773735660, 'fan': 'P3 (H12-L9)', 'fanIdentity': 'H12-L9', 'fraction': '7/8', 'price': 23560.504981515638, 'type': 'RESISTANCE_TEST', 'details': 'Rejection / Pullback'}
2026-03-19 13:36:25,279 [INFO] [Study] Emitting intersection event (DIRECT): {'time': 1773735660, 'fan': 'P2 (H12-L11)', 'fanIdentity': 'H12-L11', 'fraction': '7/8', 'price': 23551.318126943755, 'type': 'CROSS_DOWN', 'details': 'Breakdown Attempt'}
2026-03-19 13:36:25,286 [INFO] [Tracking] Fan validated: Fan_H12_L9 via reversal at bar 257
2026-03-19 13:36:25,286 [INFO] [Tracking] Fan validated: Fan_H12_L11 via breach at bar 257
2026-03-19 13:36:25,288 [INFO] [IntDet] Bar 258 | 2026-03-17 13:55 | H=23554.20 L=23531.05 C=23533.10 | Fans=3 Lines=21
2026-03-19 13:36:25,288 [INFO]   [P1 (H12-L12)] main: lineP=23675.82 | bars_from_origin=21.0 slope=14.0701 | ABOVE gap=121.62
2026-03-19 13:36:25,288 [INFO]   [P1 (H12-L12)] 0.875: lineP=23552.92 | bars_from_origin=21.0 slope=8.2175 | HIT gap=0.00
2026-03-19 13:36:25,288 [INFO]     >>> HIT RECORDED: P1 (H12-L12) frac=0.875 @ 23552.92
2026-03-19 13:36:25,288 [INFO]   [P1 (H12-L12)] 0.75: lineP=23496.76 | bars_from_origin=21.0 slope=5.5434 | BELOW gap=34.29
2026-03-19 13:36:25,288 [INFO]   [P1 (H12-L12)] 0.5: lineP=23439.78 | bars_from_origin=21.0 slope=2.8299 | BELOW gap=91.27
2026-03-19 13:36:25,288 [INFO]   [P1 (H12-L12)] 0.25: lineP=23406.60 | bars_from_origin=21.0 slope=1.2500 | BELOW gap=124.45
2026-03-19 13:36:25,288 [INFO]   [P1 (H12-L12)] 0.125: lineP=23393.11 | bars_from_origin=21.0 slope=0.6077 | BELOW gap=137.94
2026-03-19 13:36:25,288 [INFO]   [P1 (H12-L12)] main: lineP=23422.80 | bars_from_origin=6.0 slope=0.0000 | BELOW gap=108.25
2026-03-19 13:36:25,289 [INFO]   [P3 (H12-L9)] main: lineP=23614.74 | bars_from_origin=71.0 slope=3.8892 | ABOVE gap=60.54
2026-03-19 13:36:25,289 [INFO]   [P3 (H12-L9)] 0.875: lineP=23563.68 | bars_from_origin=71.0 slope=3.1701 | ABOVE gap=9.48
2026-03-19 13:36:25,289 [INFO]   [P3 (H12-L9)] 0.75: lineP=23520.93 | bars_from_origin=71.0 slope=2.5680 | BELOW gap=10.12
2026-03-19 13:36:25,289 [INFO]   [P3 (H12-L9)] 0.5: lineP=23450.89 | bars_from_origin=71.0 slope=1.5816 | BELOW gap=80.16
2026-03-19 13:36:25,289 [INFO]   [P3 (H12-L9)] 0.25: lineP=23392.34 | bars_from_origin=71.0 slope=0.7570 | BELOW gap=138.71
2026-03-19 13:36:25,289 [INFO]   [P3 (H12-L9)] 0.125: lineP=23365.19 | bars_from_origin=71.0 slope=0.3745 | BELOW gap=165.86
2026-03-19 13:36:25,289 [INFO]   [P3 (H12-L9)] main: lineP=23441.40 | bars_from_origin=6.0 slope=0.0000 | BELOW gap=89.65
2026-03-19 13:36:25,289 [INFO]   [P2 (H12-L11)] main: lineP=23640.17 | bars_from_origin=35.0 slope=8.1276 | ABOVE gap=85.97
2026-03-19 13:36:25,289 [INFO]   [P2 (H12-L11)] 0.875: lineP=23557.07 | bars_from_origin=35.0 slope=5.7535 | ABOVE gap=2.87
2026-03-19 13:36:25,289 [INFO]   [P2 (H12-L11)] 0.75: lineP=23504.73 | bars_from_origin=35.0 slope=4.2580 | BELOW gap=26.32
2026-03-19 13:36:25,289 [INFO]   [P2 (H12-L11)] 0.5: lineP=23438.51 | bars_from_origin=35.0 slope=2.3659 | BELOW gap=92.54
2026-03-19 13:36:25,290 [INFO]   [P2 (H12-L11)] 0.25: lineP=23393.50 | bars_from_origin=35.0 slope=1.0800 | BELOW gap=137.55
2026-03-19 13:36:25,290 [INFO]   [P2 (H12-L11)] 0.125: lineP=23374.20 | bars_from_origin=35.0 slope=0.5287 | BELOW gap=156.85
2026-03-19 13:36:25,290 [INFO]   [P2 (H12-L11)] main: lineP=23424.31 | bars_from_origin=6.0 slope=0.0000 | BELOW gap=106.74
2026-03-19 13:36:25,290 [INFO]   [IntDet] Total hits this bar: 1
2026-03-19 13:36:25,290 [INFO] [Study] Emitting intersection event (DIRECT): {'time': 1773735900, 'fan': 'P1 (H12-L12)', 'fanIdentity': 'H12-L12', 'fraction': '7/8', 'price': 23552.917925178615, 'type': 'RESISTANCE_TEST', 'details': 'Rejection / Pullback'}
2026-03-19 13:36:25,293 [INFO] [Tracking] Fan validated: Fan_H12_L12 via touch at bar 258
2026-03-19 13:36:25,293 [INFO] [Tracking] Breach CONFIRMED: Fan_H12_L11 0.875 down (T+1 bars)
2026-03-19 13:36:25,296 [INFO] [Study] Removing invalidated/excess fan: Fan_H12_L9
2026-03-19 13:36:25,296 [INFO] [Study] Creating new fan: Fan_L13_H12 (P1 (L13-H12))
2026-03-19 13:36:25,296 [INFO] [AngleEngine] scale_ratio=3.6603, slope_per_bar=-43.6250, visual_slope=-11.9184, theta=-85.20 deg
2026-03-19 13:36:25,297 [INFO] --- [AngleEngine] Fan Created: Fan_L13_H12 ---
2026-03-19 13:36:25,297 [INFO]   Origin: Bar 252, Time 1773734460, Price 23591.400390625
2026-03-19 13:36:25,297 [INFO]   Target: Bar 254, Time 1773734940, Price 23504.150390625
2026-03-19 13:36:25,297 [INFO]   Delta: db=2, dp_origin=-87.25
2026-03-19 13:36:25,297 [INFO]   Scale Params: Ratio=3.6603, Radius=23.92 bars, Slope/Bar=-43.6250
2026-03-19 13:36:25,297 [INFO]   Line 0.875: EndBar=1773734940 (approx), EndPrice=23564.91
2026-03-19 13:36:25,297 [INFO]   Line 0.75: EndBar=1773734940 (approx), EndPrice=23576.46
2026-03-19 13:36:25,297 [INFO]   Line 0.5: EndBar=1773734940 (approx), EndPrice=23584.67
2026-03-19 13:36:25,298 [INFO]   Line 0.25: EndBar=1773734940 (approx), EndPrice=23588.55
2026-03-19 13:36:25,298 [INFO]   Line 0.125: EndBar=1773734940 (approx), EndPrice=23590.02
2026-03-19 13:36:25,298 [INFO] [Study] Updating fan priority: Fan_H12_L12 -> P2 (H12-L12)
2026-03-19 13:36:25,298 [INFO] [Study] Updating fan priority: Fan_H12_L11 -> P3 (H12-L11)
2026-03-19 13:36:25,298 [INFO] [IntDet] Bar 259 | 2026-03-17 13:59 | H=23557.45 L=23532.80 C=23539.85 | Fans=3 Lines=21
2026-03-19 13:36:25,298 [INFO]   [P2 (H12-L12)] main: lineP=23689.89 | bars_from_origin=22.0 slope=14.0701 | ABOVE gap=132.44
2026-03-19 13:36:25,298 [INFO]   [P2 (H12-L12)] 0.875: lineP=23561.14 | bars_from_origin=22.0 slope=8.2175 | ABOVE gap=3.69
2026-03-19 13:36:25,298 [INFO]   [P2 (H12-L12)] 0.75: lineP=23502.30 | bars_from_origin=22.0 slope=5.5434 | BELOW gap=30.50
2026-03-19 13:36:25,299 [INFO]   [P2 (H12-L12)] 0.5: lineP=23442.61 | bars_from_origin=22.0 slope=2.8299 | BELOW gap=90.19
2026-03-19 13:36:25,299 [INFO]   [P2 (H12-L12)] 0.25: lineP=23407.85 | bars_from_origin=22.0 slope=1.2500 | BELOW gap=124.95
2026-03-19 13:36:25,299 [INFO]   [P2 (H12-L12)] 0.125: lineP=23393.72 | bars_from_origin=22.0 slope=0.6077 | BELOW gap=139.08
2026-03-19 13:36:25,299 [INFO]   [P2 (H12-L12)] main: lineP=23422.80 | bars_from_origin=7.0 slope=0.0000 | BELOW gap=110.00
2026-03-19 13:36:25,299 [INFO]   [P3 (H12-L11)] main: lineP=23648.29 | bars_from_origin=36.0 slope=8.1276 | ABOVE gap=90.84
2026-03-19 13:36:25,299 [INFO]   [P3 (H12-L11)] 0.875: lineP=23562.83 | bars_from_origin=36.0 slope=5.7535 | ABOVE gap=5.38
2026-03-19 13:36:25,299 [INFO]   [P3 (H12-L11)] 0.75: lineP=23508.99 | bars_from_origin=36.0 slope=4.2580 | BELOW gap=23.81
2026-03-19 13:36:25,299 [INFO]   [P3 (H12-L11)] 0.5: lineP=23440.87 | bars_from_origin=36.0 slope=2.3659 | BELOW gap=91.93
2026-03-19 13:36:25,299 [INFO]   [P3 (H12-L11)] 0.25: lineP=23394.58 | bars_from_origin=36.0 slope=1.0800 | BELOW gap=138.22
2026-03-19 13:36:25,299 [INFO]   [P3 (H12-L11)] 0.125: lineP=23374.73 | bars_from_origin=36.0 slope=0.5287 | BELOW gap=158.07
2026-03-19 13:36:25,299 [INFO]   [P3 (H12-L11)] main: lineP=23424.31 | bars_from_origin=7.0 slope=0.0000 | BELOW gap=108.49
2026-03-19 13:36:25,299 [INFO]   [P1 (L13-H12)] main: lineP=23286.03 | bars_from_origin=7.0 slope=-43.6250 | BELOW gap=246.78
2026-03-19 13:36:25,300 [INFO]   [P1 (L13-H12)] 0.875: lineP=23498.67 | bars_from_origin=7.0 slope=-13.2466 | BELOW gap=34.13
2026-03-19 13:36:25,300 [INFO]   [P1 (L13-H12)] 0.75: lineP=23539.09 | bars_from_origin=7.0 slope=-7.4726 | HIT gap=0.00
2026-03-19 13:36:25,300 [INFO]     >>> HIT RECORDED: P1 (L13-H12) frac=0.75 @ 23539.09
2026-03-19 13:36:25,300 [INFO]   [P1 (L13-H12)] 0.5: lineP=23567.84 | bars_from_origin=7.0 slope=-3.3660 | ABOVE gap=10.39
2026-03-19 13:36:25,300 [INFO]   [P1 (L13-H12)] 0.25: lineP=23581.41 | bars_from_origin=7.0 slope=-1.4272 | ABOVE gap=23.96
2026-03-19 13:36:25,300 [INFO]   [P1 (L13-H12)] 0.125: lineP=23586.58 | bars_from_origin=7.0 slope=-0.6883 | ABOVE gap=29.13
2026-03-19 13:36:25,300 [INFO]   [P1 (L13-H12)] main: lineP=23584.67 | bars_from_origin=5.0 slope=0.0000 | ABOVE gap=27.22
2026-03-19 13:36:25,301 [INFO]   [IntDet] Total hits this bar: 1
2026-03-19 13:36:25,301 [INFO] [Study] Emitting intersection event (DIRECT): {'time': 1773736140, 'fan': 'P1 (L13-H12)', 'fanIdentity': 'L13-H12', 'fraction': '3/4', 'price': 23539.092411144105, 'type': 'CROSS_UP', 'details': 'Breakout Attempt'}
2026-03-19 13:36:25,310 [INFO] [IntDet] Bar 260 | 2026-03-17 14:03 | H=23573.20 L=23537.25 C=23545.85 | Fans=3 Lines=21
2026-03-19 13:36:25,310 [INFO]   [P2 (H12-L12)] main: lineP=23703.96 | bars_from_origin=23.0 slope=14.0701 | ABOVE gap=130.76
2026-03-19 13:36:25,310 [INFO]   [P2 (H12-L12)] 0.875: lineP=23569.35 | bars_from_origin=23.0 slope=8.2175 | HIT gap=0.00
2026-03-19 13:36:25,310 [INFO]     >>> HIT RECORDED: P2 (H12-L12) frac=0.875 @ 23569.35
2026-03-19 13:36:25,310 [INFO]   [P2 (H12-L12)] 0.75: lineP=23507.85 | bars_from_origin=23.0 slope=5.5434 | BELOW gap=29.40
2026-03-19 13:36:25,310 [INFO]   [P2 (H12-L12)] 0.5: lineP=23445.44 | bars_from_origin=23.0 slope=2.8299 | BELOW gap=91.81
2026-03-19 13:36:25,310 [INFO]   [P2 (H12-L12)] 0.25: lineP=23409.10 | bars_from_origin=23.0 slope=1.2500 | BELOW gap=128.15
2026-03-19 13:36:25,311 [INFO]   [P2 (H12-L12)] 0.125: lineP=23394.33 | bars_from_origin=23.0 slope=0.6077 | BELOW gap=142.92
2026-03-19 13:36:25,311 [INFO]   [P2 (H12-L12)] main: lineP=23422.80 | bars_from_origin=8.0 slope=0.0000 | BELOW gap=114.45
2026-03-19 13:36:25,311 [INFO]   [P3 (H12-L11)] main: lineP=23656.42 | bars_from_origin=37.0 slope=8.1276 | ABOVE gap=83.22
2026-03-19 13:36:25,311 [INFO]   [P3 (H12-L11)] 0.875: lineP=23568.58 | bars_from_origin=37.0 slope=5.7535 | HIT gap=0.00
2026-03-19 13:36:25,311 [INFO]     >>> HIT RECORDED: P3 (H12-L11) frac=0.875 @ 23568.58
2026-03-19 13:36:25,311 [INFO]   [P3 (H12-L11)] 0.75: lineP=23513.24 | bars_from_origin=37.0 slope=4.2580 | BELOW gap=24.01
2026-03-19 13:36:25,311 [INFO]   [P3 (H12-L11)] 0.5: lineP=23443.24 | bars_from_origin=37.0 slope=2.3659 | BELOW gap=94.01
2026-03-19 13:36:25,311 [INFO]   [P3 (H12-L11)] 0.25: lineP=23395.66 | bars_from_origin=37.0 slope=1.0800 | BELOW gap=141.59
2026-03-19 13:36:25,311 [INFO]   [P3 (H12-L11)] 0.125: lineP=23375.26 | bars_from_origin=37.0 slope=0.5287 | BELOW gap=161.99
2026-03-19 13:36:25,311 [INFO]   [P3 (H12-L11)] main: lineP=23424.31 | bars_from_origin=8.0 slope=0.0000 | BELOW gap=112.94
2026-03-19 13:36:25,312 [INFO]   [P1 (L13-H12)] main: lineP=23242.40 | bars_from_origin=8.0 slope=-43.6250 | BELOW gap=294.85
2026-03-19 13:36:25,312 [INFO]   [P1 (L13-H12)] 0.875: lineP=23485.43 | bars_from_origin=8.0 slope=-13.2466 | BELOW gap=51.82
2026-03-19 13:36:25,312 [INFO]   [P1 (L13-H12)] 0.75: lineP=23531.62 | bars_from_origin=8.0 slope=-7.4726 | BELOW gap=5.63
2026-03-19 13:36:25,312 [INFO]   [P1 (L13-H12)] 0.5: lineP=23564.47 | bars_from_origin=8.0 slope=-3.3660 | HIT gap=0.00
2026-03-19 13:36:25,312 [INFO]     >>> HIT RECORDED: P1 (L13-H12) frac=0.5 @ 23564.47
2026-03-19 13:36:25,312 [INFO]   [P1 (L13-H12)] 0.25: lineP=23579.98 | bars_from_origin=8.0 slope=-1.4272 | ABOVE gap=6.78
2026-03-19 13:36:25,312 [INFO]   [P1 (L13-H12)] 0.125: lineP=23585.89 | bars_from_origin=8.0 slope=-0.6883 | ABOVE gap=12.69
2026-03-19 13:36:25,312 [INFO]   [P1 (L13-H12)] main: lineP=23584.67 | bars_from_origin=6.0 slope=0.0000 | ABOVE gap=11.47
2026-03-19 13:36:25,312 [INFO]   [IntDet] Total hits this bar: 3
2026-03-19 13:36:25,312 [INFO] [Study] Emitting intersection event (DIRECT): {'time': 1773736380, 'fan': 'P2 (H12-L12)', 'fanIdentity': 'H12-L12', 'fraction': '7/8', 'price': 23569.3530028742, 'type': 'RESISTANCE_TEST', 'details': 'Rejection / Pullback'}
2026-03-19 13:36:25,319 [INFO] [Study] Emitting intersection event (DIRECT): {'time': 1773736380, 'fan': 'P3 (H12-L11)', 'fanIdentity': 'H12-L11', 'fraction': '7/8', 'price': 23568.578618843207, 'type': 'RESISTANCE_TEST', 'details': 'Rejection / Pullback'}
2026-03-19 13:36:25,324 [INFO] [Study] Emitting intersection event (DIRECT): {'time': 1773736380, 'fan': 'P1 (L13-H12)', 'fanIdentity': 'L13-H12', 'fraction': '1/2', 'price': 23564.47200219291, 'type': 'RESISTANCE_TEST', 'details': 'Rejection / Pullback'}
2026-03-19 13:36:25,328 [INFO] [IntDet] Bar 261 | 2026-03-17 14:07 | H=23587.95 L=23544.10 C=23587.25 | Fans=3 Lines=21
2026-03-19 13:36:25,328 [INFO]   [P2 (H12-L12)] main: lineP=23718.03 | bars_from_origin=24.0 slope=14.0701 | ABOVE gap=130.08
2026-03-19 13:36:25,328 [INFO]   [P2 (H12-L12)] 0.875: lineP=23577.57 | bars_from_origin=24.0 slope=8.2175 | HIT gap=0.00
2026-03-19 13:36:25,329 [INFO]     >>> HIT RECORDED: P2 (H12-L12) frac=0.875 @ 23577.57
2026-03-19 13:36:25,329 [INFO]   [P2 (H12-L12)] 0.75: lineP=23513.39 | bars_from_origin=24.0 slope=5.5434 | BELOW gap=30.71
2026-03-19 13:36:25,329 [INFO]   [P2 (H12-L12)] 0.5: lineP=23448.27 | bars_from_origin=24.0 slope=2.8299 | BELOW gap=95.83
2026-03-19 13:36:25,329 [INFO]   [P2 (H12-L12)] 0.25: lineP=23410.35 | bars_from_origin=24.0 slope=1.2500 | BELOW gap=133.75
2026-03-19 13:36:25,329 [INFO]   [P2 (H12-L12)] 0.125: lineP=23394.94 | bars_from_origin=24.0 slope=0.6077 | BELOW gap=149.16
2026-03-19 13:36:25,329 [INFO]   [P2 (H12-L12)] main: lineP=23422.80 | bars_from_origin=9.0 slope=0.0000 | BELOW gap=121.30
2026-03-19 13:36:25,329 [INFO]   [P3 (H12-L11)] main: lineP=23664.55 | bars_from_origin=38.0 slope=8.1276 | ABOVE gap=76.60
2026-03-19 13:36:25,330 [INFO]   [P3 (H12-L11)] 0.875: lineP=23574.33 | bars_from_origin=38.0 slope=5.7535 | HIT gap=0.00
2026-03-19 13:36:25,330 [INFO]     >>> HIT RECORDED: P3 (H12-L11) frac=0.875 @ 23574.33
2026-03-19 13:36:25,330 [INFO]   [P3 (H12-L11)] 0.75: lineP=23517.50 | bars_from_origin=38.0 slope=4.2580 | BELOW gap=26.60
2026-03-19 13:36:25,330 [INFO]   [P3 (H12-L11)] 0.5: lineP=23445.60 | bars_from_origin=38.0 slope=2.3659 | BELOW gap=98.49
2026-03-19 13:36:25,330 [INFO]   [P3 (H12-L11)] 0.25: lineP=23396.74 | bars_from_origin=38.0 slope=1.0800 | BELOW gap=147.36
2026-03-19 13:36:25,330 [INFO]   [P3 (H12-L11)] 0.125: lineP=23375.79 | bars_from_origin=38.0 slope=0.5287 | BELOW gap=168.31
2026-03-19 13:36:25,330 [INFO]   [P3 (H12-L11)] main: lineP=23424.31 | bars_from_origin=9.0 slope=0.0000 | BELOW gap=119.79
2026-03-19 13:36:25,330 [INFO]   [P1 (L13-H12)] main: lineP=23198.78 | bars_from_origin=9.0 slope=-43.6250 | BELOW gap=345.32
2026-03-19 13:36:25,330 [INFO]   [P1 (L13-H12)] 0.875: lineP=23472.18 | bars_from_origin=9.0 slope=-13.2466 | BELOW gap=71.92
2026-03-19 13:36:25,330 [INFO]   [P1 (L13-H12)] 0.75: lineP=23524.15 | bars_from_origin=9.0 slope=-7.4726 | BELOW gap=19.95
2026-03-19 13:36:25,331 [INFO]   [P1 (L13-H12)] 0.5: lineP=23561.11 | bars_from_origin=9.0 slope=-3.3660 | HIT gap=0.00
2026-03-19 13:36:25,331 [INFO]     >>> HIT RECORDED: P1 (L13-H12) frac=0.5 @ 23561.11
2026-03-19 13:36:25,331 [INFO]   [P1 (L13-H12)] 0.25: lineP=23578.56 | bars_from_origin=9.0 slope=-1.4272 | HIT gap=0.00
2026-03-19 13:36:25,331 [INFO]     >>> HIT RECORDED: P1 (L13-H12) frac=0.25 @ 23578.56
2026-03-19 13:36:25,331 [INFO]   [P1 (L13-H12)] 0.125: lineP=23585.21 | bars_from_origin=9.0 slope=-0.6883 | HIT gap=0.00
2026-03-19 13:36:25,331 [INFO]     >>> HIT RECORDED: P1 (L13-H12) frac=0.125 @ 23585.21
2026-03-19 13:36:25,331 [INFO]   [P1 (L13-H12)] main: lineP=23584.67 | bars_from_origin=7.0 slope=0.0000 | HIT gap=0.00
2026-03-19 13:36:25,331 [INFO]     >>> HIT RECORDED: P1 (L13-H12) frac=main @ 23584.67
2026-03-19 13:36:25,331 [INFO]   [IntDet] Total hits this bar: 6
2026-03-19 13:36:25,331 [INFO] [Study] Emitting intersection event (DIRECT): {'time': 1773736620, 'fan': 'P2 (H12-L12)', 'fanIdentity': 'H12-L12', 'fraction': '7/8', 'price': 23577.57054172199, 'type': 'CROSS_UP', 'details': 'Breakout Attempt'}
2026-03-19 13:36:25,339 [INFO] [Study] Emitting intersection event (DIRECT): {'time': 1773736620, 'fan': 'P3 (H12-L11)', 'fanIdentity': 'H12-L11', 'fraction': '7/8', 'price': 23574.33211614302, 'type': 'CROSS_UP', 'details': 'Breakout Attempt'}
2026-03-19 13:36:25,345 [INFO] [Study] Emitting intersection event (DIRECT): {'time': 1773736620, 'fan': 'P1 (L13-H12)', 'fanIdentity': 'L13-H12', 'fraction': '1/2', 'price': 23561.1059536389, 'type': 'CROSS_UP', 'details': 'Breakout Attempt'}
2026-03-19 13:36:25,349 [INFO] [Study] Emitting intersection event (DIRECT): {'time': 1773736620, 'fan': 'P1 (L13-H12)', 'fanIdentity': 'L13-H12', 'fraction': '1/4', 'price': 23578.555922100735, 'type': 'CROSS_UP', 'details': 'Breakout Attempt'}
2026-03-19 13:36:25,353 [INFO] [Study] Emitting intersection event (DIRECT): {'time': 1773736620, 'fan': 'P1 (L13-H12)', 'fanIdentity': 'L13-H12', 'fraction': '1/8', 'price': 23585.205281733666, 'type': 'CROSS_UP', 'details': 'Breakout Attempt'}
2026-03-19 13:36:25,360 [INFO] [Study] Emitting intersection event (DIRECT): {'time': 1773736620, 'fan': 'P1 (L13-H12)', 'fanIdentity': 'L13-H12', 'fraction': 'Horizontal', 'price': 23584.668293516977, 'type': 'CROSS_UP', 'details': 'Breakout Attempt'}
2026-03-19 13:36:25,365 [INFO] [Tracking] Breach CONFIRMED: Fan_L13_H12 0.75 up (T+2 bars)
2026-03-19 13:36:25,367 [INFO] [Study] Removing invalidated/excess fan: Fan_H12_L12
2026-03-19 13:36:25,367 [INFO] [Study] Removing invalidated/excess fan: Fan_H12_L11
2026-03-19 13:36:25,367 [INFO] [Study] Removing invalidated/excess fan: Fan_L13_H12
2026-03-19 13:36:25,367 [INFO] [IntDet] Bar 262 | 2026-03-17 14:11 | H=23608.90 L=23586.25 C=23600.45 | Fans=0 Lines=0
2026-03-19 13:36:25,369 [INFO] [IntDet] Bar 263 | 2026-03-17 14:15 | H=23606.85 L=23551.15 C=23563.20 | Fans=0 Lines=0
2026-03-19 13:36:25,371 [INFO] [IntDet] Bar 264 | 2026-03-17 14:19 | H=23575.30 L=23540.30 C=23544.60 | Fans=0 Lines=0
2026-03-19 13:36:25,372 [INFO] [IntDet] Bar 265 | 2026-03-17 14:23 | H=23556.65 L=23526.85 C=23529.15 | Fans=0 Lines=0
2026-03-19 13:36:25,374 [INFO] [IntDet] Bar 266 | 2026-03-17 14:27 | H=23574.75 L=23529.25 C=23572.10 | Fans=0 Lines=0
2026-03-19 13:36:25,376 [INFO] [Study] Creating new fan: Fan_H13_L11 (P3 (H13-L11))
2026-03-19 13:36:25,376 [INFO] [AngleEngine] scale_ratio=3.6603, slope_per_bar=6.4923, visual_slope=1.7737, theta=60.59 deg
2026-03-19 13:36:25,376 [INFO] --- [AngleEngine] Fan Created: Fan_H13_L11 ---
2026-03-19 13:36:25,377 [INFO]   Origin: Bar 223, Time 1773727500, Price 23355.69921875
2026-03-19 13:36:25,377 [INFO]   Target: Bar 262, Time 1773736860, Price 23608.900390625
2026-03-19 13:36:25,377 [INFO]   Delta: db=39, dp_origin=253.20
2026-03-19 13:36:25,377 [INFO]   Scale Params: Ratio=3.6603, Radius=79.41 bars, Slope/Bar=6.4923
2026-03-19 13:36:25,378 [INFO]   Line 0.875: EndBar=1773736860 (approx), EndPrice=23545.23
2026-03-19 13:36:25,378 [INFO]   Line 0.75: EndBar=1773736860 (approx), EndPrice=23500.66
2026-03-19 13:36:25,378 [INFO]   Line 0.5: EndBar=1773736860 (approx), EndPrice=23439.09
2026-03-19 13:36:25,378 [INFO]   Line 0.25: EndBar=1773736860 (approx), EndPrice=23394.34
2026-03-19 13:36:25,378 [INFO]   Line 0.125: EndBar=1773736860 (approx), EndPrice=23374.68
2026-03-19 13:36:25,378 [INFO] [Study] Creating new fan: Fan_H13_L12 (P2 (H13-L12))
2026-03-19 13:36:25,378 [INFO] [AngleEngine] scale_ratio=3.6603, slope_per_bar=9.1420, visual_slope=2.4976, theta=68.18 deg
2026-03-19 13:36:25,379 [INFO] --- [AngleEngine] Fan Created: Fan_H13_L12 ---
2026-03-19 13:36:25,379 [INFO]   Origin: Bar 237, Time 1773730860, Price 23380.349609375
2026-03-19 13:36:25,379 [INFO]   Target: Bar 262, Time 1773736860, Price 23608.900390625
2026-03-19 13:36:25,380 [INFO]   Delta: db=25, dp_origin=228.55
2026-03-19 13:36:25,380 [INFO]   Scale Params: Ratio=3.6603, Radius=67.26 bars, Slope/Bar=9.1420
2026-03-19 13:36:25,380 [INFO]   Line 0.875: EndBar=1773736860 (approx), EndPrice=23536.68
2026-03-19 13:36:25,380 [INFO]   Line 0.75: EndBar=1773736860 (approx), EndPrice=23493.90
2026-03-19 13:36:25,380 [INFO]   Line 0.5: EndBar=1773736860 (approx), EndPrice=23442.28
2026-03-19 13:36:25,380 [INFO]   Line 0.25: EndBar=1773736860 (approx), EndPrice=23408.40
2026-03-19 13:36:25,380 [INFO]   Line 0.125: EndBar=1773736860 (approx), EndPrice=23394.06
2026-03-19 13:36:25,380 [INFO] [Study] Creating new fan: Fan_H13_L13 (P1 (H13-L13))
2026-03-19 13:36:25,380 [INFO] [AngleEngine] scale_ratio=3.6603, slope_per_bar=13.0938, visual_slope=3.5772, theta=74.38 deg
2026-03-19 13:36:25,381 [INFO] --- [AngleEngine] Fan Created: Fan_H13_L13 ---
2026-03-19 13:36:25,381 [INFO]   Origin: Bar 254, Time 1773734940, Price 23504.150390625
2026-03-19 13:36:25,381 [INFO]   Target: Bar 262, Time 1773736860, Price 23608.900390625
2026-03-19 13:36:25,381 [INFO]   Delta: db=8, dp_origin=104.75
2026-03-19 13:36:25,381 [INFO]   Scale Params: Ratio=3.6603, Radius=29.72 bars, Slope/Bar=13.0938
2026-03-19 13:36:25,381 [INFO]   Line 0.875: EndBar=1773736860 (approx), EndPrice=23567.19
2026-03-19 13:36:25,381 [INFO]   Line 0.75: EndBar=1773736860 (approx), EndPrice=23547.22
2026-03-19 13:36:25,381 [INFO]   Line 0.5: EndBar=1773736860 (approx), EndPrice=23526.37
2026-03-19 13:36:25,382 [INFO]   Line 0.25: EndBar=1773736860 (approx), EndPrice=23514.00
2026-03-19 13:36:25,382 [INFO]   Line 0.125: EndBar=1773736860 (approx), EndPrice=23508.94
2026-03-19 13:36:25,382 [INFO] [IntDet] Bar 267 | 2026-03-17 14:31 | H=23587.80 L=23566.65 C=23580.10 | Fans=3 Lines=21
2026-03-19 13:36:25,382 [INFO]   [P3 (H13-L11)] main: lineP=23641.36 | bars_from_origin=44.0 slope=6.4923 | ABOVE gap=53.56
2026-03-19 13:36:25,382 [INFO]   [P3 (H13-L11)] 0.875: lineP=23569.52 | bars_from_origin=44.0 slope=4.8597 | HIT gap=0.00
2026-03-19 13:36:25,382 [INFO]     >>> HIT RECORDED: P3 (H13-L11) frac=0.875 @ 23569.52
2026-03-19 13:36:25,382 [INFO]   [P3 (H13-L11)] 0.75: lineP=23519.24 | bars_from_origin=44.0 slope=3.7169 | BELOW gap=47.41
2026-03-19 13:36:25,382 [INFO]   [P3 (H13-L11)] 0.5: lineP=23449.79 | bars_from_origin=44.0 slope=2.1383 | BELOW gap=116.87
2026-03-19 13:36:25,382 [INFO]   [P3 (H13-L11)] 0.25: lineP=23399.30 | bars_from_origin=44.0 slope=0.9908 | BELOW gap=167.36
2026-03-19 13:36:25,382 [INFO]   [P3 (H13-L11)] 0.125: lineP=23377.11 | bars_from_origin=44.0 slope=0.4867 | BELOW gap=189.54
2026-03-19 13:36:25,382 [INFO]   [P3 (H13-L11)] main: lineP=23439.09 | bars_from_origin=5.0 slope=0.0000 | BELOW gap=127.56
2026-03-19 13:36:25,383 [INFO]   [P2 (H13-L12)] main: lineP=23654.61 | bars_from_origin=30.0 slope=9.1420 | ABOVE gap=66.81
2026-03-19 13:36:25,383 [INFO]   [P2 (H13-L12)] 0.875: lineP=23567.94 | bars_from_origin=30.0 slope=6.2531 | HIT gap=0.00
2026-03-19 13:36:25,383 [INFO]     >>> HIT RECORDED: P2 (H13-L12) frac=0.875 @ 23567.94
2026-03-19 13:36:25,383 [INFO]   [P2 (H13-L12)] 0.75: lineP=23516.61 | bars_from_origin=30.0 slope=4.5419 | BELOW gap=50.04
2026-03-19 13:36:25,383 [INFO]   [P2 (H13-L12)] 0.5: lineP=23454.67 | bars_from_origin=30.0 slope=2.4773 | BELOW gap=111.98
2026-03-19 13:36:25,383 [INFO]   [P2 (H13-L12)] 0.25: lineP=23414.02 | bars_from_origin=30.0 slope=1.1222 | BELOW gap=152.63
2026-03-19 13:36:25,383 [INFO]   [P2 (H13-L12)] 0.125: lineP=23396.80 | bars_from_origin=30.0 slope=0.5485 | BELOW gap=169.85
2026-03-19 13:36:25,383 [INFO]   [P2 (H13-L12)] main: lineP=23442.28 | bars_from_origin=5.0 slope=0.0000 | BELOW gap=124.37
2026-03-19 13:36:25,383 [INFO]   [P1 (H13-L13)] main: lineP=23674.37 | bars_from_origin=13.0 slope=13.0938 | ABOVE gap=86.57
2026-03-19 13:36:25,383 [INFO]   [P1 (H13-L13)] 0.875: lineP=23606.59 | bars_from_origin=13.0 slope=7.8797 | ABOVE gap=18.79
2026-03-19 13:36:25,383 [INFO]   [P1 (H13-L13)] 0.75: lineP=23574.13 | bars_from_origin=13.0 slope=5.3832 | HIT gap=0.00
2026-03-19 13:36:25,383 [INFO]     >>> HIT RECORDED: P1 (H13-L13) frac=0.75 @ 23574.13
2026-03-19 13:36:25,384 [INFO]   [P1 (H13-L13)] 0.5: lineP=23540.26 | bars_from_origin=13.0 slope=2.7774 | BELOW gap=26.39
2026-03-19 13:36:25,384 [INFO]   [P1 (H13-L13)] 0.25: lineP=23520.16 | bars_from_origin=13.0 slope=1.2315 | BELOW gap=46.49
2026-03-19 13:36:25,384 [INFO]   [P1 (H13-L13)] 0.125: lineP=23511.94 | bars_from_origin=13.0 slope=0.5992 | BELOW gap=54.71
2026-03-19 13:36:25,384 [INFO]   [P1 (H13-L13)] main: lineP=23526.37 | bars_from_origin=5.0 slope=0.0000 | BELOW gap=40.28
2026-03-19 13:36:25,384 [INFO]   [IntDet] Total hits this bar: 3
2026-03-19 13:36:25,384 [INFO] [Study] Emitting intersection event (DIRECT): {'time': 1773738060, 'fan': 'P3 (H13-L11)', 'fanIdentity': 'H13-L11', 'fraction': '7/8', 'price': 23569.52459308743, 'type': 'SUPPORT_TEST', 'details': 'Resting / Throwback'}
2026-03-19 13:36:25,393 [INFO] [Study] Emitting intersection event (DIRECT): {'time': 1773738060, 'fan': 'P2 (H13-L12)', 'fanIdentity': 'H13-L12', 'fraction': '7/8', 'price': 23567.94396951511, 'type': 'SUPPORT_TEST', 'details': 'Resting / Throwback'}
2026-03-19 13:36:25,398 [INFO] [Study] Emitting intersection event (DIRECT): {'time': 1773738060, 'fan': 'P1 (H13-L13)', 'fanIdentity': 'H13-L13', 'fraction': '3/4', 'price': 23574.132300765243, 'type': 'CROSS_UP', 'details': 'Breakout Attempt'}
2026-03-19 13:36:25,403 [INFO] [Tracking] Fan validated: Fan_H13_L11 via reversal at bar 267
2026-03-19 13:36:25,404 [INFO] [Tracking] Fan validated: Fan_H13_L12 via reversal at bar 267
2026-03-19 13:36:25,408 [INFO] [IntDet] Bar 268 | 2026-03-17 14:35 | H=23600.15 L=23575.10 C=23591.35 | Fans=3 Lines=21
2026-03-19 13:36:25,408 [INFO]   [P3 (H13-L11)] main: lineP=23647.85 | bars_from_origin=45.0 slope=6.4923 | ABOVE gap=47.70
2026-03-19 13:36:25,408 [INFO]   [P3 (H13-L11)] 0.875: lineP=23574.38 | bars_from_origin=45.0 slope=4.8597 | BELOW gap=0.72
2026-03-19 13:36:25,409 [INFO]   [P3 (H13-L11)] 0.75: lineP=23522.96 | bars_from_origin=45.0 slope=3.7169 | BELOW gap=52.14
2026-03-19 13:36:25,409 [INFO]   [P3 (H13-L11)] 0.5: lineP=23451.92 | bars_from_origin=45.0 slope=2.1383 | BELOW gap=123.18
2026-03-19 13:36:25,409 [INFO]   [P3 (H13-L11)] 0.25: lineP=23400.29 | bars_from_origin=45.0 slope=0.9908 | BELOW gap=174.81
2026-03-19 13:36:25,409 [INFO]   [P3 (H13-L11)] 0.125: lineP=23377.60 | bars_from_origin=45.0 slope=0.4867 | BELOW gap=197.50
2026-03-19 13:36:25,409 [INFO]   [P3 (H13-L11)] main: lineP=23439.09 | bars_from_origin=6.0 slope=0.0000 | BELOW gap=136.01
2026-03-19 13:36:25,410 [INFO]   [P2 (H13-L12)] main: lineP=23663.75 | bars_from_origin=31.0 slope=9.1420 | ABOVE gap=63.60
2026-03-19 13:36:25,410 [INFO]   [P2 (H13-L12)] 0.875: lineP=23574.20 | bars_from_origin=31.0 slope=6.2531 | BELOW gap=0.90
2026-03-19 13:36:25,410 [INFO]   [P2 (H13-L12)] 0.75: lineP=23521.15 | bars_from_origin=31.0 slope=4.5419 | BELOW gap=53.95
2026-03-19 13:36:25,410 [INFO]   [P2 (H13-L12)] 0.5: lineP=23457.14 | bars_from_origin=31.0 slope=2.4773 | BELOW gap=117.95
2026-03-19 13:36:25,410 [INFO]   [P2 (H13-L12)] 0.25: lineP=23415.14 | bars_from_origin=31.0 slope=1.1222 | BELOW gap=159.96
2026-03-19 13:36:25,411 [INFO]   [P2 (H13-L12)] 0.125: lineP=23397.35 | bars_from_origin=31.0 slope=0.5485 | BELOW gap=177.75
2026-03-19 13:36:25,411 [INFO]   [P2 (H13-L12)] main: lineP=23442.28 | bars_from_origin=6.0 slope=0.0000 | BELOW gap=132.82
2026-03-19 13:36:25,411 [INFO]   [P1 (H13-L13)] main: lineP=23687.46 | bars_from_origin=14.0 slope=13.0938 | ABOVE gap=87.31
2026-03-19 13:36:25,411 [INFO]   [P1 (H13-L13)] 0.875: lineP=23614.47 | bars_from_origin=14.0 slope=7.8797 | ABOVE gap=14.32
2026-03-19 13:36:25,411 [INFO]   [P1 (H13-L13)] 0.75: lineP=23579.52 | bars_from_origin=14.0 slope=5.3832 | HIT gap=0.00
2026-03-19 13:36:25,411 [INFO]     >>> HIT RECORDED: P1 (H13-L13) frac=0.75 @ 23579.52
2026-03-19 13:36:25,411 [INFO]   [P1 (H13-L13)] 0.5: lineP=23543.03 | bars_from_origin=14.0 slope=2.7774 | BELOW gap=32.07
2026-03-19 13:36:25,411 [INFO]   [P1 (H13-L13)] 0.25: lineP=23521.39 | bars_from_origin=14.0 slope=1.2315 | BELOW gap=53.71
2026-03-19 13:36:25,412 [INFO]   [P1 (H13-L13)] 0.125: lineP=23512.54 | bars_from_origin=14.0 slope=0.5992 | BELOW gap=62.56
2026-03-19 13:36:25,412 [INFO]   [P1 (H13-L13)] main: lineP=23526.37 | bars_from_origin=6.0 slope=0.0000 | BELOW gap=48.73
2026-03-19 13:36:25,412 [INFO]   [IntDet] Total hits this bar: 1
2026-03-19 13:36:25,412 [INFO] [Study] Emitting intersection event (DIRECT): {'time': 1773738300, 'fan': 'P1 (H13-L13)', 'fanIdentity': 'H13-L13', 'fraction': '3/4', 'price': 23579.515524622184, 'type': 'CROSS_UP', 'details': 'Breakout Attempt'}
2026-03-19 13:36:25,418 [INFO] [Tracking] Breach CONFIRMED: Fan_H13_L13 0.75 up (T+1 bars)
2026-03-19 13:36:25,421 [INFO] [Study] Removing invalidated/excess fan: Fan_H13_L13
2026-03-19 13:36:25,421 [INFO] [Study] Removing invalidated/excess fan: Fan_H13_L12
2026-03-19 13:36:25,422 [INFO] [Study] Removing invalidated/excess fan: Fan_H13_L11
2026-03-19 13:36:25,422 [INFO] [IntDet] Bar 269 | 2026-03-17 14:39 | H=23614.70 L=23584.85 C=23586.45 | Fans=0 Lines=0
2026-03-19 13:36:25,424 [INFO] [IntDet] Bar 270 | 2026-03-17 14:43 | H=23594.70 L=23577.20 C=23590.20 | Fans=0 Lines=0
2026-03-19 13:36:25,426 [INFO] [IntDet] Bar 271 | 2026-03-17 14:47 | H=23614.35 L=23567.55 C=23612.35 | Fans=0 Lines=0
2026-03-19 13:36:25,429 [INFO] [IntDet] Bar 272 | 2026-03-17 14:51 | H=23623.50 L=23592.10 C=23623.15 | Fans=0 Lines=0
2026-03-19 13:36:25,431 [INFO] [IntDet] Bar 273 | 2026-03-17 14:55 | H=23643.35 L=23621.95 C=23643.35 | Fans=0 Lines=0
2026-03-19 13:36:25,434 [INFO] [IntDet] Bar 274 | 2026-03-17 14:59 | H=23656.20 L=23595.70 C=23595.70 | Fans=0 Lines=0
2026-03-19 13:36:25,437 [INFO] [IntDet] Bar 275 | 2026-03-17 15:03 | H=23595.40 L=23569.25 C=23587.05 | Fans=0 Lines=0
2026-03-19 13:36:25,439 [INFO] [IntDet] Bar 276 | 2026-03-17 15:07 | H=23614.60 L=23568.40 C=23571.25 | Fans=0 Lines=0
2026-03-19 13:36:25,441 [INFO] [IntDet] Bar 277 | 2026-03-17 15:11 | H=23610.70 L=23567.50 C=23607.50 | Fans=0 Lines=0
2026-03-19 13:36:25,443 [INFO] [IntDet] Bar 278 | 2026-03-17 15:15 | H=23607.65 L=23546.55 C=23557.75 | Fans=0 Lines=0
2026-03-19 13:36:25,446 [INFO] [Study] Creating new fan: Fan_H14_L12 (P3 (H14-L12))
2026-03-19 13:36:25,446 [INFO] [AngleEngine] scale_ratio=3.6603, slope_per_bar=7.4554, visual_slope=2.0368, theta=63.85 deg
2026-03-19 13:36:25,447 [INFO] --- [AngleEngine] Fan Created: Fan_H14_L12 ---
2026-03-19 13:36:25,447 [INFO]   Origin: Bar 237, Time 1773730860, Price 23380.349609375
2026-03-19 13:36:25,447 [INFO]   Target: Bar 274, Time 1773739740, Price 23656.19921875
2026-03-19 13:36:25,448 [INFO]   Delta: db=37, dp_origin=275.85
2026-03-19 13:36:25,448 [INFO]   Scale Params: Ratio=3.6603, Radius=83.96 bars, Slope/Bar=7.4554
2026-03-19 13:36:25,448 [INFO]   Line 0.875: EndBar=1773739740 (approx), EndPrice=23580.15
2026-03-19 13:36:25,449 [INFO]   Line 0.75: EndBar=1773739740 (approx), EndPrice=23530.17
2026-03-19 13:36:25,449 [INFO]   Line 0.5: EndBar=1773739740 (approx), EndPrice=23464.73
2026-03-19 13:36:25,449 [INFO]   Line 0.25: EndBar=1773739740 (approx), EndPrice=23419.09
2026-03-19 13:36:25,449 [INFO]   Line 0.125: EndBar=1773739740 (approx), EndPrice=23399.34
2026-03-19 13:36:25,450 [INFO] [Study] Creating new fan: Fan_H14_L13 (P2 (H14-L13))
2026-03-19 13:36:25,450 [INFO] [AngleEngine] scale_ratio=3.6603, slope_per_bar=7.6024, visual_slope=2.0770, theta=64.29 deg
2026-03-19 13:36:25,450 [INFO] --- [AngleEngine] Fan Created: Fan_H14_L13 ---
2026-03-19 13:36:25,450 [INFO]   Origin: Bar 254, Time 1773734940, Price 23504.150390625
2026-03-19 13:36:25,451 [INFO]   Target: Bar 274, Time 1773739740, Price 23656.19921875
2026-03-19 13:36:25,451 [INFO]   Delta: db=20, dp_origin=152.05
2026-03-19 13:36:25,451 [INFO]   Scale Params: Ratio=3.6603, Radius=46.10 bars, Slope/Bar=7.6024
2026-03-19 13:36:25,451 [INFO]   Line 0.875: EndBar=1773739740 (approx), EndPrice=23613.73
2026-03-19 13:36:25,451 [INFO]   Line 0.75: EndBar=1773739740 (approx), EndPrice=23586.08
2026-03-19 13:36:25,451 [INFO]   Line 0.5: EndBar=1773739740 (approx), EndPrice=23550.15
2026-03-19 13:36:25,452 [INFO]   Line 0.25: EndBar=1773739740 (approx), EndPrice=23525.24
2026-03-19 13:36:25,452 [INFO]   Line 0.125: EndBar=1773739740 (approx), EndPrice=23514.49
2026-03-19 13:36:25,452 [INFO] [Study] Creating new fan: Fan_H14_L14 (P1 (H14-L14))
2026-03-19 13:36:25,452 [INFO] [AngleEngine] scale_ratio=3.6603, slope_per_bar=14.3722, visual_slope=3.9265, theta=75.71 deg
2026-03-19 13:36:25,453 [INFO] --- [AngleEngine] Fan Created: Fan_H14_L14 ---
2026-03-19 13:36:25,453 [INFO]   Origin: Bar 265, Time 1773737580, Price 23526.849609375
2026-03-19 13:36:25,453 [INFO]   Target: Bar 274, Time 1773739740, Price 23656.19921875
2026-03-19 13:36:25,453 [INFO]   Delta: db=9, dp_origin=129.35
2026-03-19 13:36:25,453 [INFO]   Scale Params: Ratio=3.6603, Radius=36.47 bars, Slope/Bar=14.3722
2026-03-19 13:36:25,453 [INFO]   Line 0.875: EndBar=1773739740 (approx), EndPrice=23601.71
2026-03-19 13:36:25,453 [INFO]   Line 0.75: EndBar=1773739740 (approx), EndPrice=23577.16
2026-03-19 13:36:25,453 [INFO]   Line 0.5: EndBar=1773739740 (approx), EndPrice=23552.45
2026-03-19 13:36:25,454 [INFO]   Line 0.25: EndBar=1773739740 (approx), EndPrice=23538.15
2026-03-19 13:36:25,454 [INFO]   Line 0.125: EndBar=1773739740 (approx), EndPrice=23532.34
2026-03-19 13:36:25,454 [INFO] [IntDet] Bar 279 | 2026-03-17 15:19 | H=23580.55 L=23550.15 C=23559.55 | Fans=3 Lines=21
2026-03-19 13:36:25,454 [INFO]   [P3 (H14-L12)] main: lineP=23693.48 | bars_from_origin=42.0 slope=7.4554 | ABOVE gap=112.93
2026-03-19 13:36:25,454 [INFO]   [P3 (H14-L12)] 0.875: lineP=23607.15 | bars_from_origin=42.0 slope=5.4000 | ABOVE gap=26.60
2026-03-19 13:36:25,454 [INFO]   [P3 (H14-L12)] 0.75: lineP=23550.42 | bars_from_origin=42.0 slope=4.0492 | HIT gap=0.00
2026-03-19 13:36:25,455 [INFO]     >>> HIT RECORDED: P3 (H14-L12) frac=0.75 @ 23550.42
2026-03-19 13:36:25,455 [INFO]   [P3 (H14-L12)] 0.5: lineP=23476.13 | bars_from_origin=42.0 slope=2.2806 | BELOW gap=74.02
2026-03-19 13:36:25,455 [INFO]   [P3 (H14-L12)] 0.25: lineP=23424.32 | bars_from_origin=42.0 slope=1.0470 | BELOW gap=125.83
2026-03-19 13:36:25,455 [INFO]   [P3 (H14-L12)] 0.125: lineP=23401.90 | bars_from_origin=42.0 slope=0.5132 | BELOW gap=148.25
2026-03-19 13:36:25,455 [INFO]   [P3 (H14-L12)] main: lineP=23464.73 | bars_from_origin=5.0 slope=0.0000 | BELOW gap=85.42
2026-03-19 13:36:25,455 [INFO]   [P2 (H14-L13)] main: lineP=23694.21 | bars_from_origin=25.0 slope=7.6024 | ABOVE gap=113.66
2026-03-19 13:36:25,455 [INFO]   [P2 (H14-L13)] 0.875: lineP=23641.12 | bars_from_origin=25.0 slope=5.4790 | ABOVE gap=60.57
2026-03-19 13:36:25,455 [INFO]   [P2 (H14-L13)] 0.75: lineP=23606.56 | bars_from_origin=25.0 slope=4.0964 | ABOVE gap=26.01
2026-03-19 13:36:25,456 [INFO]   [P2 (H14-L13)] 0.5: lineP=23561.65 | bars_from_origin=25.0 slope=2.3001 | HIT gap=0.00
2026-03-19 13:36:25,456 [INFO]     >>> HIT RECORDED: P2 (H14-L13) frac=0.5 @ 23561.65
2026-03-19 13:36:25,456 [INFO]   [P2 (H14-L13)] 0.25: lineP=23530.52 | bars_from_origin=25.0 slope=1.0546 | BELOW gap=19.63
2026-03-19 13:36:25,456 [INFO]   [P2 (H14-L13)] 0.125: lineP=23517.07 | bars_from_origin=25.0 slope=0.5168 | BELOW gap=33.08
2026-03-19 13:36:25,456 [INFO]   [P2 (H14-L13)] main: lineP=23550.15 | bars_from_origin=5.0 slope=0.0000 | HIT gap=0.00
2026-03-19 13:36:25,456 [INFO]     >>> HIT RECORDED: P2 (H14-L13) frac=main @ 23550.15
2026-03-19 13:36:25,456 [INFO]   [P1 (H14-L14)] main: lineP=23728.06 | bars_from_origin=14.0 slope=14.3722 | ABOVE gap=147.51
2026-03-19 13:36:25,456 [INFO]   [P1 (H14-L14)] 0.875: lineP=23643.30 | bars_from_origin=14.0 slope=8.3178 | ABOVE gap=62.75
2026-03-19 13:36:25,457 [INFO]   [P1 (H14-L14)] 0.75: lineP=23605.11 | bars_from_origin=14.0 slope=5.5901 | ABOVE gap=24.56
2026-03-19 13:36:25,457 [INFO]   [P1 (H14-L14)] 0.5: lineP=23566.68 | bars_from_origin=14.0 slope=2.8449 | HIT gap=0.00
2026-03-19 13:36:25,457 [INFO]     >>> HIT RECORDED: P1 (H14-L14) frac=0.5 @ 23566.68
2026-03-19 13:36:25,457 [INFO]   [P1 (H14-L14)] 0.25: lineP=23544.42 | bars_from_origin=14.0 slope=1.2552 | BELOW gap=5.73
2026-03-19 13:36:25,457 [INFO]   [P1 (H14-L14)] 0.125: lineP=23535.39 | bars_from_origin=14.0 slope=0.6102 | BELOW gap=14.76
2026-03-19 13:36:25,457 [INFO]   [P1 (H14-L14)] main: lineP=23552.45 | bars_from_origin=5.0 slope=0.0000 | HIT gap=0.00
2026-03-19 13:36:25,458 [INFO]     >>> HIT RECORDED: P1 (H14-L14) frac=main @ 23552.45
2026-03-19 13:36:25,458 [INFO]   [IntDet] Total hits this bar: 5
2026-03-19 13:36:25,458 [INFO] [Study] Emitting intersection event (DIRECT): {'time': 1773740940, 'fan': 'P3 (H14-L12)', 'fanIdentity': 'H14-L12', 'fraction': '3/4', 'price': 23550.417883402315, 'type': 'SUPPORT_TEST', 'details': 'Resting / Throwback'}
2026-03-19 13:36:25,462 [INFO] [Study] Emitting intersection event (DIRECT): {'time': 1773740940, 'fan': 'P2 (H14-L13)', 'fanIdentity': 'H14-L13', 'fraction': '1/2', 'price': 23561.65410723435, 'type': 'RESISTANCE_TEST', 'details': 'Rejection / Pullback'}
2026-03-19 13:36:25,466 [INFO] [Study] Emitting intersection event (DIRECT): {'time': 1773740940, 'fan': 'P2 (H14-L13)', 'fanIdentity': 'H14-L13', 'fraction': 'Horizontal', 'price': 23550.15336391248, 'type': 'SUPPORT_TEST', 'details': 'Resting / Throwback'}
2026-03-19 13:36:25,470 [INFO] [Study] Emitting intersection event (DIRECT): {'time': 1773740940, 'fan': 'P1 (H14-L14)', 'fanIdentity': 'H14-L14', 'fraction': '1/2', 'price': 23566.67874372951, 'type': 'RESISTANCE_TEST', 'details': 'Rejection / Pullback'}
2026-03-19 13:36:25,473 [INFO] [Study] Emitting intersection event (DIRECT): {'time': 1773740940, 'fan': 'P1 (H14-L14)', 'fanIdentity': 'H14-L14', 'fraction': 'Horizontal', 'price': 23552.454052888614, 'type': 'SUPPORT_TEST', 'details': 'Resting / Throwback'}
2026-03-19 13:36:25,478 [INFO] [IntDet] Bar 280 | 2026-03-17 15:23 | H=23561.70 L=23552.70 C=23558.10 | Fans=3 Lines=21
2026-03-19 13:36:25,478 [INFO]   [P3 (H14-L12)] main: lineP=23700.93 | bars_from_origin=43.0 slope=7.4554 | ABOVE gap=139.23
2026-03-19 13:36:25,478 [INFO]   [P3 (H14-L12)] 0.875: lineP=23612.55 | bars_from_origin=43.0 slope=5.4000 | ABOVE gap=50.85
2026-03-19 13:36:25,478 [INFO]   [P3 (H14-L12)] 0.75: lineP=23554.47 | bars_from_origin=43.0 slope=4.0492 | HIT gap=0.00
2026-03-19 13:36:25,478 [INFO]     >>> HIT RECORDED: P3 (H14-L12) frac=0.75 @ 23554.47
2026-03-19 13:36:25,478 [INFO]   [P3 (H14-L12)] 0.5: lineP=23478.41 | bars_from_origin=43.0 slope=2.2806 | BELOW gap=74.28
2026-03-19 13:36:25,479 [INFO]   [P3 (H14-L12)] 0.25: lineP=23425.37 | bars_from_origin=43.0 slope=1.0470 | BELOW gap=127.33
2026-03-19 13:36:25,479 [INFO]   [P3 (H14-L12)] 0.125: lineP=23402.42 | bars_from_origin=43.0 slope=0.5132 | BELOW gap=150.28
2026-03-19 13:36:25,479 [INFO]   [P3 (H14-L12)] main: lineP=23464.73 | bars_from_origin=6.0 slope=0.0000 | BELOW gap=87.97
2026-03-19 13:36:25,479 [INFO]   [P2 (H14-L13)] main: lineP=23701.81 | bars_from_origin=26.0 slope=7.6024 | ABOVE gap=140.11
2026-03-19 13:36:25,479 [INFO]   [P2 (H14-L13)] 0.875: lineP=23646.60 | bars_from_origin=26.0 slope=5.4790 | ABOVE gap=84.90
2026-03-19 13:36:25,480 [INFO]   [P2 (H14-L13)] 0.75: lineP=23610.66 | bars_from_origin=26.0 slope=4.0964 | ABOVE gap=48.96
2026-03-19 13:36:25,480 [INFO]   [P2 (H14-L13)] 0.5: lineP=23563.95 | bars_from_origin=26.0 slope=2.3001 | ABOVE gap=2.26
2026-03-19 13:36:25,480 [INFO]   [P2 (H14-L13)] 0.25: lineP=23531.57 | bars_from_origin=26.0 slope=1.0546 | BELOW gap=21.13
2026-03-19 13:36:25,480 [INFO]   [P2 (H14-L13)] 0.125: lineP=23517.59 | bars_from_origin=26.0 slope=0.5168 | BELOW gap=35.11
2026-03-19 13:36:25,480 [INFO]   [P2 (H14-L13)] main: lineP=23550.15 | bars_from_origin=6.0 slope=0.0000 | BELOW gap=2.55
2026-03-19 13:36:25,480 [INFO]   [P1 (H14-L14)] main: lineP=23742.43 | bars_from_origin=15.0 slope=14.3722 | ABOVE gap=180.73
2026-03-19 13:36:25,480 [INFO]   [P1 (H14-L14)] 0.875: lineP=23651.62 | bars_from_origin=15.0 slope=8.3178 | ABOVE gap=89.92
2026-03-19 13:36:25,480 [INFO]   [P1 (H14-L14)] 0.75: lineP=23610.70 | bars_from_origin=15.0 slope=5.5901 | ABOVE gap=49.00
2026-03-19 13:36:25,480 [INFO]   [P1 (H14-L14)] 0.5: lineP=23569.52 | bars_from_origin=15.0 slope=2.8449 | ABOVE gap=7.82
2026-03-19 13:36:25,480 [INFO]   [P1 (H14-L14)] 0.25: lineP=23545.68 | bars_from_origin=15.0 slope=1.2552 | BELOW gap=7.02
2026-03-19 13:36:25,481 [INFO]   [P1 (H14-L14)] 0.125: lineP=23536.00 | bars_from_origin=15.0 slope=0.6102 | BELOW gap=16.70
2026-03-19 13:36:25,481 [INFO]   [P1 (H14-L14)] main: lineP=23552.45 | bars_from_origin=6.0 slope=0.0000 | BELOW gap=0.25
2026-03-19 13:36:25,481 [INFO]   [IntDet] Total hits this bar: 1
2026-03-19 13:36:25,481 [INFO] [Study] Emitting intersection event (DIRECT): {'time': 1773741180, 'fan': 'P3 (H14-L12)', 'fanIdentity': 'H14-L12', 'fraction': '3/4', 'price': 23554.467128022014, 'type': 'SUPPORT_TEST', 'details': 'Resting / Throwback'}
2026-03-19 13:36:25,486 [INFO] [IntDet] Bar 281 | 2026-03-17 15:27 | H=23568.40 L=23554.75 C=23557.50 | Fans=3 Lines=21
2026-03-19 13:36:25,487 [INFO]   [P3 (H14-L12)] main: lineP=23708.39 | bars_from_origin=44.0 slope=7.4554 | ABOVE gap=139.99
2026-03-19 13:36:25,487 [INFO]   [P3 (H14-L12)] 0.875: lineP=23617.95 | bars_from_origin=44.0 slope=5.4000 | ABOVE gap=49.55
2026-03-19 13:36:25,487 [INFO]   [P3 (H14-L12)] 0.75: lineP=23558.52 | bars_from_origin=44.0 slope=4.0492 | HIT gap=0.00
2026-03-19 13:36:25,487 [INFO]     >>> HIT RECORDED: P3 (H14-L12) frac=0.75 @ 23558.52
2026-03-19 13:36:25,487 [INFO]   [P3 (H14-L12)] 0.5: lineP=23480.70 | bars_from_origin=44.0 slope=2.2806 | BELOW gap=74.05
2026-03-19 13:36:25,487 [INFO]   [P3 (H14-L12)] 0.25: lineP=23426.42 | bars_from_origin=44.0 slope=1.0470 | BELOW gap=128.33
2026-03-19 13:36:25,487 [INFO]   [P3 (H14-L12)] 0.125: lineP=23402.93 | bars_from_origin=44.0 slope=0.5132 | BELOW gap=151.82
2026-03-19 13:36:25,487 [INFO]   [P3 (H14-L12)] main: lineP=23464.73 | bars_from_origin=7.0 slope=0.0000 | BELOW gap=90.02
2026-03-19 13:36:25,488 [INFO]   [P2 (H14-L13)] main: lineP=23709.42 | bars_from_origin=27.0 slope=7.6024 | ABOVE gap=141.02
2026-03-19 13:36:25,488 [INFO]   [P2 (H14-L13)] 0.875: lineP=23652.08 | bars_from_origin=27.0 slope=5.4790 | ABOVE gap=83.68
2026-03-19 13:36:25,488 [INFO]   [P2 (H14-L13)] 0.75: lineP=23614.75 | bars_from_origin=27.0 slope=4.0964 | ABOVE gap=46.35
2026-03-19 13:36:25,488 [INFO]   [P2 (H14-L13)] 0.5: lineP=23566.25 | bars_from_origin=27.0 slope=2.3001 | HIT gap=0.00
2026-03-19 13:36:25,488 [INFO]     >>> HIT RECORDED: P2 (H14-L13) frac=0.5 @ 23566.25
2026-03-19 13:36:25,488 [INFO]   [P2 (H14-L13)] 0.25: lineP=23532.62 | bars_from_origin=27.0 slope=1.0546 | BELOW gap=22.13
2026-03-19 13:36:25,488 [INFO]   [P2 (H14-L13)] 0.125: lineP=23518.10 | bars_from_origin=27.0 slope=0.5168 | BELOW gap=36.65
2026-03-19 13:36:25,488 [INFO]   [P2 (H14-L13)] main: lineP=23550.15 | bars_from_origin=7.0 slope=0.0000 | BELOW gap=4.60
2026-03-19 13:36:25,489 [INFO]   [P1 (H14-L14)] main: lineP=23756.80 | bars_from_origin=16.0 slope=14.3722 | ABOVE gap=188.40
2026-03-19 13:36:25,489 [INFO]   [P1 (H14-L14)] 0.875: lineP=23659.93 | bars_from_origin=16.0 slope=8.3178 | ABOVE gap=91.53
2026-03-19 13:36:25,489 [INFO]   [P1 (H14-L14)] 0.75: lineP=23616.29 | bars_from_origin=16.0 slope=5.5901 | ABOVE gap=47.89
2026-03-19 13:36:25,489 [INFO]   [P1 (H14-L14)] 0.5: lineP=23572.37 | bars_from_origin=16.0 slope=2.8449 | ABOVE gap=3.97
2026-03-19 13:36:25,489 [INFO]   [P1 (H14-L14)] 0.25: lineP=23546.93 | bars_from_origin=16.0 slope=1.2552 | BELOW gap=7.82
2026-03-19 13:36:25,489 [INFO]   [P1 (H14-L14)] 0.125: lineP=23536.61 | bars_from_origin=16.0 slope=0.6102 | BELOW gap=18.14
2026-03-19 13:36:25,489 [INFO]   [P1 (H14-L14)] main: lineP=23552.45 | bars_from_origin=7.0 slope=0.0000 | BELOW gap=2.30
2026-03-19 13:36:25,489 [INFO]   [IntDet] Total hits this bar: 2
2026-03-19 13:36:25,489 [INFO] [Study] Emitting intersection event (DIRECT): {'time': 1773741420, 'fan': 'P3 (H14-L12)', 'fanIdentity': 'H14-L12', 'fraction': '3/4', 'price': 23558.516372641712, 'type': 'CROSS_DOWN', 'details': 'Breakdown Attempt'}
2026-03-19 13:36:25,495 [INFO] [Study] Emitting intersection event (DIRECT): {'time': 1773741420, 'fan': 'P2 (H14-L13)', 'fanIdentity': 'H14-L13', 'fraction': '1/2', 'price': 23566.254404563097, 'type': 'RESISTANCE_TEST', 'details': 'Rejection / Pullback'}
2026-03-19 13:36:25,502 [INFO] [Study] Removing invalidated/excess fan: Fan_H14_L14
2026-03-19 13:36:25,502 [INFO] [Study] Removing invalidated/excess fan: Fan_H14_L13
2026-03-19 13:36:25,502 [INFO] [Study] Removing invalidated/excess fan: Fan_H14_L12
2026-03-19 13:36:25,503 [INFO] [IntDet] Bar 282 | 2026-03-18 09:15 | H=23725.50 L=23630.25 C=23719.15 | Fans=0 Lines=0
2026-03-19 13:36:25,505 [INFO] [IntDet] Bar 283 | 2026-03-18 09:19 | H=23738.45 L=23690.05 C=23693.45 | Fans=0 Lines=0
2026-03-19 13:36:25,506 [INFO] [IntDet] Bar 284 | 2026-03-18 09:23 | H=23713.30 L=23667.30 C=23684.00 | Fans=0 Lines=0
2026-03-19 13:36:25,508 [INFO] [IntDet] Bar 285 | 2026-03-18 09:27 | H=23733.40 L=23684.55 C=23732.20 | Fans=0 Lines=0
2026-03-19 13:36:25,510 [INFO] [IntDet] Bar 286 | 2026-03-18 09:31 | H=23735.05 L=23719.65 C=23725.30 | Fans=0 Lines=0
2026-03-19 13:36:25,511 [INFO] [IntDet] Bar 287 | 2026-03-18 09:35 | H=23729.35 L=23715.70 C=23719.55 | Fans=0 Lines=0
2026-03-19 13:36:25,514 [INFO] [Study] Creating new fan: Fan_H15_L13 (P3 (H15-L13))
2026-03-19 13:36:25,514 [INFO] [AngleEngine] scale_ratio=3.6603, slope_per_bar=8.0793, visual_slope=2.2073, theta=65.63 deg
2026-03-19 13:36:25,514 [INFO] --- [AngleEngine] Fan Created: Fan_H15_L13 ---
2026-03-19 13:36:25,514 [INFO]   Origin: Bar 254, Time 1773734940, Price 23504.150390625
2026-03-19 13:36:25,514 [INFO]   Target: Bar 283, Time 1773805740, Price 23738.44921875
2026-03-19 13:36:25,514 [INFO]   Delta: db=29, dp_origin=234.30
2026-03-19 13:36:25,515 [INFO]   Scale Params: Ratio=3.6603, Radius=70.27 bars, Slope/Bar=8.0793
2026-03-19 13:36:25,515 [INFO]   Line 0.875: EndBar=1773805740 (approx), EndPrice=23670.28
2026-03-19 13:36:25,515 [INFO]   Line 0.75: EndBar=1773805740 (approx), EndPrice=23627.21
2026-03-19 13:36:25,515 [INFO]   Line 0.5: EndBar=1773805740 (approx), EndPrice=23572.59
2026-03-19 13:36:25,515 [INFO]   Line 0.25: EndBar=1773805740 (approx), EndPrice=23535.41
2026-03-19 13:36:25,515 [INFO]   Line 0.125: EndBar=1773805740 (approx), EndPrice=23519.45
2026-03-19 13:36:25,515 [INFO] [Study] Creating new fan: Fan_H15_L15 (P1 (H15-L15))
2026-03-19 13:36:25,515 [INFO] [AngleEngine] scale_ratio=3.6603, slope_per_bar=38.3797, visual_slope=10.4854, theta=84.55 deg
2026-03-19 13:36:25,516 [INFO] --- [AngleEngine] Fan Created: Fan_H15_L15 ---
2026-03-19 13:36:25,516 [INFO]   Origin: Bar 278, Time 1773740700, Price 23546.55078125
2026-03-19 13:36:25,516 [INFO]   Target: Bar 283, Time 1773805740, Price 23738.44921875
2026-03-19 13:36:25,516 [INFO]   Delta: db=5, dp_origin=191.90
2026-03-19 13:36:25,516 [INFO]   Scale Params: Ratio=3.6603, Radius=52.66 bars, Slope/Bar=38.3797
2026-03-19 13:36:25,516 [INFO]   Line 0.875: EndBar=1773805740 (approx), EndPrice=23610.30
2026-03-19 13:36:25,516 [INFO]   Line 0.75: EndBar=1773805740 (approx), EndPrice=23583.12
2026-03-19 13:36:25,517 [INFO]   Line 0.5: EndBar=1773805740 (approx), EndPrice=23563.19
2026-03-19 13:36:25,517 [INFO]   Line 0.25: EndBar=1773805740 (approx), EndPrice=23553.63
2026-03-19 13:36:25,517 [INFO]   Line 0.125: EndBar=1773805740 (approx), EndPrice=23549.97
2026-03-19 13:36:25,517 [INFO] [Study] Creating new fan: Fan_H15_L14 (P2 (H15-L14))
2026-03-19 13:36:25,517 [INFO] [AngleEngine] scale_ratio=3.6603, slope_per_bar=11.7555, visual_slope=3.2116, theta=72.71 deg
2026-03-19 13:36:25,517 [INFO] --- [AngleEngine] Fan Created: Fan_H15_L14 ---
2026-03-19 13:36:25,517 [INFO]   Origin: Bar 265, Time 1773737580, Price 23526.849609375
2026-03-19 13:36:25,518 [INFO]   Target: Bar 283, Time 1773805740, Price 23738.44921875
2026-03-19 13:36:25,518 [INFO]   Delta: db=18, dp_origin=211.60
2026-03-19 13:36:25,518 [INFO]   Scale Params: Ratio=3.6603, Radius=60.55 bars, Slope/Bar=11.7555
2026-03-19 13:36:25,518 [INFO]   Line 0.875: EndBar=1773805740 (approx), EndPrice=23659.67
2026-03-19 13:36:25,518 [INFO]   Line 0.75: EndBar=1773805740 (approx), EndPrice=23619.32
2026-03-19 13:36:25,518 [INFO]   Line 0.5: EndBar=1773805740 (approx), EndPrice=23575.34
2026-03-19 13:36:25,518 [INFO]   Line 0.25: EndBar=1773805740 (approx), EndPrice=23548.48
2026-03-19 13:36:25,518 [INFO]   Line 0.125: EndBar=1773805740 (approx), EndPrice=23537.39
2026-03-19 13:36:25,518 [INFO] [IntDet] Bar 288 | 2026-03-18 09:39 | H=23718.70 L=23700.10 C=23712.50 | Fans=3 Lines=21
2026-03-19 13:36:25,518 [INFO]   [P3 (H15-L13)] main: lineP=23778.85 | bars_from_origin=34.0 slope=8.0793 | ABOVE gap=60.15
2026-03-19 13:36:25,519 [INFO]   [P3 (H15-L13)] 0.875: lineP=23698.93 | bars_from_origin=34.0 slope=5.7287 | BELOW gap=1.17
2026-03-19 13:36:25,519 [INFO]   [P3 (H15-L13)] 0.75: lineP=23648.43 | bars_from_origin=34.0 slope=4.2435 | BELOW gap=51.67
2026-03-19 13:36:25,519 [INFO]   [P3 (H15-L13)] 0.5: lineP=23584.39 | bars_from_origin=34.0 slope=2.3601 | BELOW gap=115.70
2026-03-19 13:36:25,519 [INFO]   [P3 (H15-L13)] 0.25: lineP=23540.79 | bars_from_origin=34.0 slope=1.0778 | BELOW gap=159.31
2026-03-19 13:36:25,519 [INFO]   [P3 (H15-L13)] 0.125: lineP=23522.09 | bars_from_origin=34.0 slope=0.5277 | BELOW gap=178.01
2026-03-19 13:36:25,519 [INFO]   [P3 (H15-L13)] main: lineP=23572.59 | bars_from_origin=5.0 slope=0.0000 | BELOW gap=127.51
2026-03-19 13:36:25,519 [INFO]   [P1 (H15-L15)] main: lineP=23930.35 | bars_from_origin=10.0 slope=38.3797 | ABOVE gap=211.65
2026-03-19 13:36:25,519 [INFO]   [P1 (H15-L15)] 0.875: lineP=23674.06 | bars_from_origin=10.0 slope=12.7508 | BELOW gap=26.04
2026-03-19 13:36:25,519 [INFO]   [P1 (H15-L15)] 0.75: lineP=23619.69 | bars_from_origin=10.0 slope=7.3139 | BELOW gap=80.41
2026-03-19 13:36:25,519 [INFO]   [P1 (H15-L15)] 0.5: lineP=23579.83 | bars_from_origin=10.0 slope=3.3278 | BELOW gap=120.27
2026-03-19 13:36:25,520 [INFO]   [P1 (H15-L15)] 0.25: lineP=23560.70 | bars_from_origin=10.0 slope=1.4152 | BELOW gap=139.40
2026-03-19 13:36:25,520 [INFO]   [P1 (H15-L15)] 0.125: lineP=23553.38 | bars_from_origin=10.0 slope=0.6830 | BELOW gap=146.72
2026-03-19 13:36:25,520 [INFO]   [P1 (H15-L15)] main: lineP=23563.19 | bars_from_origin=5.0 slope=0.0000 | BELOW gap=136.91
2026-03-19 13:36:25,520 [INFO]   [P2 (H15-L14)] main: lineP=23797.23 | bars_from_origin=23.0 slope=11.7555 | ABOVE gap=78.53
2026-03-19 13:36:25,520 [INFO]   [P2 (H15-L14)] 0.875: lineP=23696.57 | bars_from_origin=23.0 slope=7.3791 | BELOW gap=3.53
2026-03-19 13:36:25,520 [INFO]   [P2 (H15-L14)] 0.75: lineP=23645.00 | bars_from_origin=23.0 slope=5.1370 | BELOW gap=55.10
2026-03-19 13:36:25,520 [INFO]   [P2 (H15-L14)] 0.5: lineP=23588.81 | bars_from_origin=23.0 slope=2.6939 | BELOW gap=111.29
2026-03-19 13:36:25,520 [INFO]   [P2 (H15-L14)] 0.25: lineP=23554.49 | bars_from_origin=23.0 slope=1.2018 | BELOW gap=145.61
2026-03-19 13:36:25,520 [INFO]   [P2 (H15-L14)] 0.125: lineP=23540.32 | bars_from_origin=23.0 slope=0.5855 | BELOW gap=159.78
2026-03-19 13:36:25,520 [INFO]   [P2 (H15-L14)] main: lineP=23575.34 | bars_from_origin=5.0 slope=0.0000 | BELOW gap=124.76
2026-03-19 13:36:25,523 [INFO] [IntDet] Bar 289 | 2026-03-18 09:43 | H=23731.10 L=23704.45 C=23708.50 | Fans=3 Lines=21
2026-03-19 13:36:25,523 [INFO]   [P3 (H15-L13)] main: lineP=23786.92 | bars_from_origin=35.0 slope=8.0793 | ABOVE gap=55.83
2026-03-19 13:36:25,523 [INFO]   [P3 (H15-L13)] 0.875: lineP=23704.65 | bars_from_origin=35.0 slope=5.7287 | HIT gap=0.00
2026-03-19 13:36:25,523 [INFO]     >>> HIT RECORDED: P3 (H15-L13) frac=0.875 @ 23704.65
2026-03-19 13:36:25,523 [INFO]   [P3 (H15-L13)] 0.75: lineP=23652.67 | bars_from_origin=35.0 slope=4.2435 | BELOW gap=51.77
2026-03-19 13:36:25,523 [INFO]   [P3 (H15-L13)] 0.5: lineP=23586.75 | bars_from_origin=35.0 slope=2.3601 | BELOW gap=117.69
2026-03-19 13:36:25,523 [INFO]   [P3 (H15-L13)] 0.25: lineP=23541.87 | bars_from_origin=35.0 slope=1.0778 | BELOW gap=162.58
2026-03-19 13:36:25,523 [INFO]   [P3 (H15-L13)] 0.125: lineP=23522.62 | bars_from_origin=35.0 slope=0.5277 | BELOW gap=181.83
2026-03-19 13:36:25,523 [INFO]   [P3 (H15-L13)] main: lineP=23572.59 | bars_from_origin=6.0 slope=0.0000 | BELOW gap=131.86
2026-03-19 13:36:25,523 [INFO]   [P1 (H15-L15)] main: lineP=23968.73 | bars_from_origin=11.0 slope=38.3797 | ABOVE gap=237.63
2026-03-19 13:36:25,524 [INFO]   [P1 (H15-L15)] 0.875: lineP=23686.81 | bars_from_origin=11.0 slope=12.7508 | BELOW gap=17.64
2026-03-19 13:36:25,524 [INFO]   [P1 (H15-L15)] 0.75: lineP=23627.00 | bars_from_origin=11.0 slope=7.3139 | BELOW gap=77.45
2026-03-19 13:36:25,524 [INFO]   [P1 (H15-L15)] 0.5: lineP=23583.16 | bars_from_origin=11.0 slope=3.3278 | BELOW gap=121.29
2026-03-19 13:36:25,524 [INFO]   [P1 (H15-L15)] 0.25: lineP=23562.12 | bars_from_origin=11.0 slope=1.4152 | BELOW gap=142.33
2026-03-19 13:36:25,524 [INFO]   [P1 (H15-L15)] 0.125: lineP=23554.06 | bars_from_origin=11.0 slope=0.6830 | BELOW gap=150.39
2026-03-19 13:36:25,524 [INFO]   [P1 (H15-L15)] main: lineP=23563.19 | bars_from_origin=6.0 slope=0.0000 | BELOW gap=141.26
2026-03-19 13:36:25,524 [INFO]   [P2 (H15-L14)] main: lineP=23808.98 | bars_from_origin=24.0 slope=11.7555 | ABOVE gap=77.88
2026-03-19 13:36:25,524 [INFO]   [P2 (H15-L14)] 0.875: lineP=23703.95 | bars_from_origin=24.0 slope=7.3791 | BELOW gap=0.50
2026-03-19 13:36:25,524 [INFO]   [P2 (H15-L14)] 0.75: lineP=23650.14 | bars_from_origin=24.0 slope=5.1370 | BELOW gap=54.31
2026-03-19 13:36:25,525 [INFO]   [P2 (H15-L14)] 0.5: lineP=23591.50 | bars_from_origin=24.0 slope=2.6939 | BELOW gap=112.95
2026-03-19 13:36:25,525 [INFO]   [P2 (H15-L14)] 0.25: lineP=23555.69 | bars_from_origin=24.0 slope=1.2018 | BELOW gap=148.76
2026-03-19 13:36:25,525 [INFO]   [P2 (H15-L14)] 0.125: lineP=23540.90 | bars_from_origin=24.0 slope=0.5855 | BELOW gap=163.55
2026-03-19 13:36:25,525 [INFO]   [P2 (H15-L14)] main: lineP=23575.34 | bars_from_origin=6.0 slope=0.0000 | BELOW gap=129.11
2026-03-19 13:36:25,525 [INFO]   [IntDet] Total hits this bar: 1
2026-03-19 13:36:25,525 [INFO] [Study] Emitting intersection event (DIRECT): {'time': 1773807180, 'fan': 'P3 (H15-L13)', 'fanIdentity': 'H15-L13', 'fraction': '7/8', 'price': 23704.65447302087, 'type': 'SUPPORT_TEST', 'details': 'Resting / Throwback'}
2026-03-19 13:36:25,529 [INFO] [Tracking] Fan validated: Fan_H15_L13 via reversal at bar 289
2026-03-19 13:36:25,531 [INFO] [Study] Removing invalidated/excess fan: Fan_H15_L15
2026-03-19 13:36:25,532 [INFO] [Study] Removing invalidated/excess fan: Fan_H15_L14
2026-03-19 13:36:25,532 [INFO] [Study] Removing invalidated/excess fan: Fan_H15_L13
2026-03-19 13:36:25,532 [INFO] [IntDet] Bar 290 | 2026-03-18 09:47 | H=23752.25 L=23704.90 C=23751.65 | Fans=0 Lines=0
2026-03-19 13:36:25,534 [INFO] [IntDet] Bar 291 | 2026-03-18 09:51 | H=23754.35 L=23720.85 C=23724.35 | Fans=0 Lines=0
2026-03-19 13:36:25,535 [INFO] [IntDet] Bar 292 | 2026-03-18 09:55 | H=23725.20 L=23669.55 C=23684.90 | Fans=0 Lines=0
2026-03-19 13:36:25,537 [INFO] [IntDet] Bar 293 | 2026-03-18 09:59 | H=23695.65 L=23668.40 C=23669.80 | Fans=0 Lines=0
2026-03-19 13:36:25,539 [INFO] [IntDet] Bar 294 | 2026-03-18 10:03 | H=23671.05 L=23643.30 C=23653.30 | Fans=0 Lines=0
2026-03-19 13:36:25,542 [INFO] [IntDet] Bar 295 | 2026-03-18 10:07 | H=23664.00 L=23640.85 C=23642.30 | Fans=0 Lines=0
2026-03-19 13:36:25,544 [INFO] [Study] Creating new fan: Fan_H15_L13 (P3 (H15-L13))
2026-03-19 13:36:25,544 [INFO] [AngleEngine] scale_ratio=3.6603, slope_per_bar=6.7621, visual_slope=1.8474, theta=61.57 deg
2026-03-19 13:36:25,545 [INFO] --- [AngleEngine] Fan Created: Fan_H15_L13 ---
2026-03-19 13:36:25,545 [INFO]   Origin: Bar 254, Time 1773734940, Price 23504.150390625
2026-03-19 13:36:25,545 [INFO]   Target: Bar 291, Time 1773807660, Price 23754.349609375
2026-03-19 13:36:25,545 [INFO]   Delta: db=37, dp_origin=250.20
2026-03-19 13:36:25,545 [INFO]   Scale Params: Ratio=3.6603, Radius=77.73 bars, Slope/Bar=6.7621
2026-03-19 13:36:25,545 [INFO]   Line 0.875: EndBar=1773807660 (approx), EndPrice=23689.72
2026-03-19 13:36:25,546 [INFO]   Line 0.75: EndBar=1773807660 (approx), EndPrice=23645.28
2026-03-19 13:36:25,546 [INFO]   Line 0.5: EndBar=1773807660 (approx), EndPrice=23584.84
2026-03-19 13:36:25,546 [INFO]   Line 0.25: EndBar=1773807660 (approx), EndPrice=23541.44
2026-03-19 13:36:25,546 [INFO]   Line 0.125: EndBar=1773807660 (approx), EndPrice=23522.45
2026-03-19 13:36:25,546 [INFO] [Study] Creating new fan: Fan_H15_L15 (P1 (H15-L15))
2026-03-19 13:36:25,546 [INFO] [AngleEngine] scale_ratio=3.6603, slope_per_bar=15.9845, visual_slope=4.3670, theta=77.10 deg
2026-03-19 13:36:25,547 [INFO] --- [AngleEngine] Fan Created: Fan_H15_L15 ---
2026-03-19 13:36:25,547 [INFO]   Origin: Bar 278, Time 1773740700, Price 23546.55078125
2026-03-19 13:36:25,547 [INFO]   Target: Bar 291, Time 1773807660, Price 23754.349609375
2026-03-19 13:36:25,547 [INFO]   Delta: db=13, dp_origin=207.80
2026-03-19 13:36:25,547 [INFO]   Scale Params: Ratio=3.6603, Radius=58.24 bars, Slope/Bar=15.9845
2026-03-19 13:36:25,547 [INFO]   Line 0.875: EndBar=1773807660 (approx), EndPrice=23661.23
2026-03-19 13:36:25,548 [INFO]   Line 0.75: EndBar=1773807660 (approx), EndPrice=23622.19
2026-03-19 13:36:25,548 [INFO]   Line 0.5: EndBar=1773807660 (approx), EndPrice=23584.47
2026-03-19 13:36:25,548 [INFO]   Line 0.25: EndBar=1773807660 (approx), EndPrice=23563.19
2026-03-19 13:36:25,548 [INFO]   Line 0.125: EndBar=1773807660 (approx), EndPrice=23554.63
2026-03-19 13:36:25,549 [INFO] [Study] Creating new fan: Fan_H15_L14 (P2 (H15-L14))
2026-03-19 13:36:25,549 [INFO] [AngleEngine] scale_ratio=3.6603, slope_per_bar=8.7500, visual_slope=2.3905, theta=67.30 deg
2026-03-19 13:36:25,549 [INFO] --- [AngleEngine] Fan Created: Fan_H15_L14 ---
2026-03-19 13:36:25,549 [INFO]   Origin: Bar 265, Time 1773737580, Price 23526.849609375
2026-03-19 13:36:25,550 [INFO]   Target: Bar 291, Time 1773807660, Price 23754.349609375
2026-03-19 13:36:25,550 [INFO]   Delta: db=26, dp_origin=227.50
2026-03-19 13:36:25,550 [INFO]   Scale Params: Ratio=3.6603, Radius=67.37 bars, Slope/Bar=8.7500
2026-03-19 13:36:25,550 [INFO]   Line 0.875: EndBar=1773807660 (approx), EndPrice=23684.53
2026-03-19 13:36:25,550 [INFO]   Line 0.75: EndBar=1773807660 (approx), EndPrice=23642.19
2026-03-19 13:36:25,550 [INFO]   Line 0.5: EndBar=1773807660 (approx), EndPrice=23590.20
2026-03-19 13:36:25,551 [INFO]   Line 0.25: EndBar=1773807660 (approx), EndPrice=23555.63
2026-03-19 13:36:25,551 [INFO]   Line 0.125: EndBar=1773807660 (approx), EndPrice=23540.92
2026-03-19 13:36:25,551 [INFO] [IntDet] Bar 296 | 2026-03-18 10:11 | H=23666.30 L=23640.70 C=23664.30 | Fans=3 Lines=21
2026-03-19 13:36:25,551 [INFO]   [P3 (H15-L13)] main: lineP=23788.16 | bars_from_origin=42.0 slope=6.7621 | ABOVE gap=121.86
2026-03-19 13:36:25,551 [INFO]   [P3 (H15-L13)] 0.875: lineP=23714.79 | bars_from_origin=42.0 slope=5.0153 | ABOVE gap=48.49
2026-03-19 13:36:25,551 [INFO]   [P3 (H15-L13)] 0.75: lineP=23664.35 | bars_from_origin=42.0 slope=3.8143 | HIT gap=0.00
2026-03-19 13:36:25,551 [INFO]     >>> HIT RECORDED: P3 (H15-L13) frac=0.75 @ 23664.35
2026-03-19 13:36:25,552 [INFO]   [P3 (H15-L13)] 0.5: lineP=23595.75 | bars_from_origin=42.0 slope=2.1808 | BELOW gap=44.95
2026-03-19 13:36:25,552 [INFO]   [P3 (H15-L13)] 0.25: lineP=23546.48 | bars_from_origin=42.0 slope=1.0078 | BELOW gap=94.22
2026-03-19 13:36:25,552 [INFO]   [P3 (H15-L13)] 0.125: lineP=23524.93 | bars_from_origin=42.0 slope=0.4947 | BELOW gap=115.77
2026-03-19 13:36:25,552 [INFO]   [P3 (H15-L13)] main: lineP=23584.84 | bars_from_origin=5.0 slope=0.0000 | BELOW gap=55.86
2026-03-19 13:36:25,552 [INFO]   [P1 (H15-L15)] main: lineP=23834.27 | bars_from_origin=18.0 slope=15.9845 | ABOVE gap=167.97
2026-03-19 13:36:25,552 [INFO]   [P1 (H15-L15)] 0.875: lineP=23705.33 | bars_from_origin=18.0 slope=8.8212 | ABOVE gap=39.03
2026-03-19 13:36:25,552 [INFO]   [P1 (H15-L15)] 0.75: lineP=23651.28 | bars_from_origin=18.0 slope=5.8185 | HIT gap=0.00
2026-03-19 13:36:25,552 [INFO]     >>> HIT RECORDED: P1 (H15-L15) frac=0.75 @ 23651.28
2026-03-19 13:36:25,552 [INFO]   [P1 (H15-L15)] 0.5: lineP=23599.05 | bars_from_origin=18.0 slope=2.9169 | BELOW gap=41.64
2026-03-19 13:36:25,552 [INFO]   [P1 (H15-L15)] 0.25: lineP=23569.59 | bars_from_origin=18.0 slope=1.2801 | BELOW gap=71.11
2026-03-19 13:36:25,553 [INFO]   [P1 (H15-L15)] 0.125: lineP=23557.74 | bars_from_origin=18.0 slope=0.6216 | BELOW gap=82.96
2026-03-19 13:36:25,553 [INFO]   [P1 (H15-L15)] main: lineP=23584.47 | bars_from_origin=5.0 slope=0.0000 | BELOW gap=56.23
2026-03-19 13:36:25,553 [INFO]   [P2 (H15-L14)] main: lineP=23798.10 | bars_from_origin=31.0 slope=8.7500 | ABOVE gap=131.80
2026-03-19 13:36:25,553 [INFO]   [P2 (H15-L14)] 0.875: lineP=23714.85 | bars_from_origin=31.0 slope=6.0646 | ABOVE gap=48.55
2026-03-19 13:36:25,553 [INFO]   [P2 (H15-L14)] 0.75: lineP=23664.37 | bars_from_origin=31.0 slope=4.4363 | HIT gap=0.00
2026-03-19 13:36:25,553 [INFO]     >>> HIT RECORDED: P2 (H15-L14) frac=0.75 @ 23664.37
2026-03-19 13:36:25,553 [INFO]   [P2 (H15-L14)] 0.5: lineP=23602.38 | bars_from_origin=31.0 slope=2.4365 | BELOW gap=38.32
2026-03-19 13:36:25,553 [INFO]   [P2 (H15-L14)] 0.25: lineP=23561.16 | bars_from_origin=31.0 slope=1.1068 | BELOW gap=79.54
2026-03-19 13:36:25,554 [INFO]   [P2 (H15-L14)] 0.125: lineP=23543.63 | bars_from_origin=31.0 slope=0.5413 | BELOW gap=97.07
2026-03-19 13:36:25,554 [INFO]   [P2 (H15-L14)] main: lineP=23590.20 | bars_from_origin=5.0 slope=0.0000 | BELOW gap=50.50
2026-03-19 13:36:25,554 [INFO]   [IntDet] Total hits this bar: 3
2026-03-19 13:36:25,554 [INFO] [Study] Emitting intersection event (DIRECT): {'time': 1773808860, 'fan': 'P3 (H15-L13)', 'fanIdentity': 'H15-L13', 'fraction': '3/4', 'price': 23664.350509379576, 'type': 'RESISTANCE_TEST', 'details': 'Rejection / Pullback'}
2026-03-19 13:36:25,558 [INFO] [Study] Emitting intersection event (DIRECT): {'time': 1773808860, 'fan': 'P1 (H15-L15)', 'fanIdentity': 'H15-L15', 'fraction': '3/4', 'price': 23651.283013049, 'type': 'CROSS_UP', 'details': 'Breakout Attempt'}
2026-03-19 13:36:25,562 [INFO] [Study] Emitting intersection event (DIRECT): {'time': 1773808860, 'fan': 'P2 (H15-L14)', 'fanIdentity': 'H15-L14', 'fraction': '3/4', 'price': 23664.374615999615, 'type': 'RESISTANCE_TEST', 'details': 'Rejection / Pullback'}
2026-03-19 13:36:25,568 [INFO] [IntDet] Bar 297 | 2026-03-18 10:15 | H=23704.40 L=23664.65 C=23703.80 | Fans=3 Lines=21
2026-03-19 13:36:25,568 [INFO]   [P3 (H15-L13)] main: lineP=23794.92 | bars_from_origin=43.0 slope=6.7621 | ABOVE gap=90.52
2026-03-19 13:36:25,569 [INFO]   [P3 (H15-L13)] 0.875: lineP=23719.81 | bars_from_origin=43.0 slope=5.0153 | ABOVE gap=15.41
2026-03-19 13:36:25,569 [INFO]   [P3 (H15-L13)] 0.75: lineP=23668.16 | bars_from_origin=43.0 slope=3.8143 | HIT gap=0.00
2026-03-19 13:36:25,569 [INFO]     >>> HIT RECORDED: P3 (H15-L13) frac=0.75 @ 23668.16
2026-03-19 13:36:25,569 [INFO]   [P3 (H15-L13)] 0.5: lineP=23597.93 | bars_from_origin=43.0 slope=2.1808 | BELOW gap=66.72
2026-03-19 13:36:25,569 [INFO]   [P3 (H15-L13)] 0.25: lineP=23547.48 | bars_from_origin=43.0 slope=1.0078 | BELOW gap=117.17
2026-03-19 13:36:25,569 [INFO]   [P3 (H15-L13)] 0.125: lineP=23525.42 | bars_from_origin=43.0 slope=0.4947 | BELOW gap=139.23
2026-03-19 13:36:25,569 [INFO]   [P3 (H15-L13)] main: lineP=23584.84 | bars_from_origin=6.0 slope=0.0000 | BELOW gap=79.81
2026-03-19 13:36:25,569 [INFO]   [P1 (H15-L15)] main: lineP=23850.26 | bars_from_origin=19.0 slope=15.9845 | ABOVE gap=145.86
2026-03-19 13:36:25,570 [INFO]   [P1 (H15-L15)] 0.875: lineP=23714.15 | bars_from_origin=19.0 slope=8.8212 | ABOVE gap=9.75
2026-03-19 13:36:25,570 [INFO]   [P1 (H15-L15)] 0.75: lineP=23657.10 | bars_from_origin=19.0 slope=5.8185 | BELOW gap=7.55
2026-03-19 13:36:25,570 [INFO]   [P1 (H15-L15)] 0.5: lineP=23601.97 | bars_from_origin=19.0 slope=2.9169 | BELOW gap=62.68
2026-03-19 13:36:25,570 [INFO]   [P1 (H15-L15)] 0.25: lineP=23570.87 | bars_from_origin=19.0 slope=1.2801 | BELOW gap=93.78
2026-03-19 13:36:25,570 [INFO]   [P1 (H15-L15)] 0.125: lineP=23558.36 | bars_from_origin=19.0 slope=0.6216 | BELOW gap=106.29
2026-03-19 13:36:25,570 [INFO]   [P1 (H15-L15)] main: lineP=23584.47 | bars_from_origin=6.0 slope=0.0000 | BELOW gap=80.18
2026-03-19 13:36:25,570 [INFO]   [P2 (H15-L14)] main: lineP=23806.85 | bars_from_origin=32.0 slope=8.7500 | ABOVE gap=102.45
2026-03-19 13:36:25,570 [INFO]   [P2 (H15-L14)] 0.875: lineP=23720.92 | bars_from_origin=32.0 slope=6.0646 | ABOVE gap=16.52
2026-03-19 13:36:25,570 [INFO]   [P2 (H15-L14)] 0.75: lineP=23668.81 | bars_from_origin=32.0 slope=4.4363 | HIT gap=0.00
2026-03-19 13:36:25,570 [INFO]     >>> HIT RECORDED: P2 (H15-L14) frac=0.75 @ 23668.81
2026-03-19 13:36:25,571 [INFO]   [P2 (H15-L14)] 0.5: lineP=23604.82 | bars_from_origin=32.0 slope=2.4365 | BELOW gap=59.83
2026-03-19 13:36:25,571 [INFO]   [P2 (H15-L14)] 0.25: lineP=23562.27 | bars_from_origin=32.0 slope=1.1068 | BELOW gap=102.38
2026-03-19 13:36:25,571 [INFO]   [P2 (H15-L14)] 0.125: lineP=23544.17 | bars_from_origin=32.0 slope=0.5413 | BELOW gap=120.48
2026-03-19 13:36:25,571 [INFO]   [P2 (H15-L14)] main: lineP=23590.20 | bars_from_origin=6.0 slope=0.0000 | BELOW gap=74.45
2026-03-19 13:36:25,571 [INFO]   [IntDet] Total hits this bar: 2
2026-03-19 13:36:25,571 [INFO] [Study] Emitting intersection event (DIRECT): {'time': 1773809100, 'fan': 'P3 (H15-L13)', 'fanIdentity': 'H15-L13', 'fraction': '3/4', 'price': 23668.164797921352, 'type': 'CROSS_UP', 'details': 'Breakout Attempt'}
2026-03-19 13:36:25,576 [INFO] [Study] Emitting intersection event (DIRECT): {'time': 1773809100, 'fan': 'P2 (H15-L14)', 'fanIdentity': 'H15-L14', 'fraction': '3/4', 'price': 23668.81090653589, 'type': 'CROSS_UP', 'details': 'Breakout Attempt'}
2026-03-19 13:36:25,583 [INFO] [Tracking] Breach CONFIRMED: Fan_H15_L15 0.75 up (T+1 bars)
2026-03-19 13:36:25,585 [INFO] [IntDet] Bar 298 | 2026-03-18 10:19 | H=23720.20 L=23701.35 C=23717.40 | Fans=3 Lines=21
2026-03-19 13:36:25,585 [INFO]   [P3 (H15-L13)] main: lineP=23801.68 | bars_from_origin=44.0 slope=6.7621 | ABOVE gap=81.49
2026-03-19 13:36:25,585 [INFO]   [P3 (H15-L13)] 0.875: lineP=23724.82 | bars_from_origin=44.0 slope=5.0153 | ABOVE gap=4.62
2026-03-19 13:36:25,585 [INFO]   [P3 (H15-L13)] 0.75: lineP=23671.98 | bars_from_origin=44.0 slope=3.8143 | BELOW gap=29.37
2026-03-19 13:36:25,586 [INFO]   [P3 (H15-L13)] 0.5: lineP=23600.11 | bars_from_origin=44.0 slope=2.1808 | BELOW gap=101.24
2026-03-19 13:36:25,586 [INFO]   [P3 (H15-L13)] 0.25: lineP=23548.49 | bars_from_origin=44.0 slope=1.0078 | BELOW gap=152.86
2026-03-19 13:36:25,586 [INFO]   [P3 (H15-L13)] 0.125: lineP=23525.92 | bars_from_origin=44.0 slope=0.4947 | BELOW gap=175.43
2026-03-19 13:36:25,586 [INFO]   [P3 (H15-L13)] main: lineP=23584.84 | bars_from_origin=7.0 slope=0.0000 | BELOW gap=116.51
2026-03-19 13:36:25,586 [INFO]   [P1 (H15-L15)] main: lineP=23866.24 | bars_from_origin=20.0 slope=15.9845 | ABOVE gap=146.04
2026-03-19 13:36:25,586 [INFO]   [P1 (H15-L15)] 0.875: lineP=23722.98 | bars_from_origin=20.0 slope=8.8212 | ABOVE gap=2.78
2026-03-19 13:36:25,586 [INFO]   [P1 (H15-L15)] 0.75: lineP=23662.92 | bars_from_origin=20.0 slope=5.8185 | BELOW gap=38.43
2026-03-19 13:36:25,586 [INFO]   [P1 (H15-L15)] 0.5: lineP=23604.89 | bars_from_origin=20.0 slope=2.9169 | BELOW gap=96.46
2026-03-19 13:36:25,586 [INFO]   [P1 (H15-L15)] 0.25: lineP=23572.15 | bars_from_origin=20.0 slope=1.2801 | BELOW gap=129.20
2026-03-19 13:36:25,586 [INFO]   [P1 (H15-L15)] 0.125: lineP=23558.98 | bars_from_origin=20.0 slope=0.6216 | BELOW gap=142.37
2026-03-19 13:36:25,587 [INFO]   [P1 (H15-L15)] main: lineP=23584.47 | bars_from_origin=7.0 slope=0.0000 | BELOW gap=116.88
2026-03-19 13:36:25,587 [INFO]   [P2 (H15-L14)] main: lineP=23815.60 | bars_from_origin=33.0 slope=8.7500 | ABOVE gap=95.40
2026-03-19 13:36:25,587 [INFO]   [P2 (H15-L14)] 0.875: lineP=23726.98 | bars_from_origin=33.0 slope=6.0646 | ABOVE gap=6.78
2026-03-19 13:36:25,587 [INFO]   [P2 (H15-L14)] 0.75: lineP=23673.25 | bars_from_origin=33.0 slope=4.4363 | BELOW gap=28.10
2026-03-19 13:36:25,587 [INFO]   [P2 (H15-L14)] 0.5: lineP=23607.25 | bars_from_origin=33.0 slope=2.4365 | BELOW gap=94.10
2026-03-19 13:36:25,587 [INFO]   [P2 (H15-L14)] 0.25: lineP=23563.38 | bars_from_origin=33.0 slope=1.1068 | BELOW gap=137.97
2026-03-19 13:36:25,587 [INFO]   [P2 (H15-L14)] 0.125: lineP=23544.71 | bars_from_origin=33.0 slope=0.5413 | BELOW gap=156.64
2026-03-19 13:36:25,588 [INFO]   [P2 (H15-L14)] main: lineP=23590.20 | bars_from_origin=7.0 slope=0.0000 | BELOW gap=111.15
2026-03-19 13:36:25,588 [INFO] [Tracking] Breach CONFIRMED: Fan_H15_L13 0.75 up (T+1 bars)
2026-03-19 13:36:25,588 [INFO] [Tracking] Breach CONFIRMED: Fan_H15_L14 0.75 up (T+1 bars)
2026-03-19 13:36:25,590 [INFO] [IntDet] Bar 299 | 2026-03-18 10:23 | H=23737.55 L=23717.30 C=23737.55 | Fans=3 Lines=21
2026-03-19 13:36:25,590 [INFO]   [P3 (H15-L13)] main: lineP=23808.45 | bars_from_origin=45.0 slope=6.7621 | ABOVE gap=70.90
2026-03-19 13:36:25,590 [INFO]   [P3 (H15-L13)] 0.875: lineP=23729.84 | bars_from_origin=45.0 slope=5.0153 | HIT gap=0.00
2026-03-19 13:36:25,591 [INFO]     >>> HIT RECORDED: P3 (H15-L13) frac=0.875 @ 23729.84
2026-03-19 13:36:25,591 [INFO]   [P3 (H15-L13)] 0.75: lineP=23675.79 | bars_from_origin=45.0 slope=3.8143 | BELOW gap=41.51
2026-03-19 13:36:25,591 [INFO]   [P3 (H15-L13)] 0.5: lineP=23602.29 | bars_from_origin=45.0 slope=2.1808 | BELOW gap=115.01
2026-03-19 13:36:25,591 [INFO]   [P3 (H15-L13)] 0.25: lineP=23549.50 | bars_from_origin=45.0 slope=1.0078 | BELOW gap=167.80
2026-03-19 13:36:25,591 [INFO]   [P3 (H15-L13)] 0.125: lineP=23526.41 | bars_from_origin=45.0 slope=0.4947 | BELOW gap=190.89
2026-03-19 13:36:25,591 [INFO]   [P3 (H15-L13)] main: lineP=23584.84 | bars_from_origin=8.0 slope=0.0000 | BELOW gap=132.46
2026-03-19 13:36:25,591 [INFO]   [P1 (H15-L15)] main: lineP=23882.23 | bars_from_origin=21.0 slope=15.9845 | ABOVE gap=144.68
2026-03-19 13:36:25,591 [INFO]   [P1 (H15-L15)] 0.875: lineP=23731.80 | bars_from_origin=21.0 slope=8.8212 | HIT gap=0.00
2026-03-19 13:36:25,592 [INFO]     >>> HIT RECORDED: P1 (H15-L15) frac=0.875 @ 23731.80
2026-03-19 13:36:25,592 [INFO]   [P1 (H15-L15)] 0.75: lineP=23668.74 | bars_from_origin=21.0 slope=5.8185 | BELOW gap=48.56
2026-03-19 13:36:25,592 [INFO]   [P1 (H15-L15)] 0.5: lineP=23607.81 | bars_from_origin=21.0 slope=2.9169 | BELOW gap=109.50
2026-03-19 13:36:25,592 [INFO]   [P1 (H15-L15)] 0.25: lineP=23573.43 | bars_from_origin=21.0 slope=1.2801 | BELOW gap=143.87
2026-03-19 13:36:25,592 [INFO]   [P1 (H15-L15)] 0.125: lineP=23559.60 | bars_from_origin=21.0 slope=0.6216 | BELOW gap=157.70
2026-03-19 13:36:25,593 [INFO]   [P1 (H15-L15)] main: lineP=23584.47 | bars_from_origin=8.0 slope=0.0000 | BELOW gap=132.83
2026-03-19 13:36:25,593 [INFO]   [P2 (H15-L14)] main: lineP=23824.35 | bars_from_origin=34.0 slope=8.7500 | ABOVE gap=86.80
2026-03-19 13:36:25,593 [INFO]   [P2 (H15-L14)] 0.875: lineP=23733.05 | bars_from_origin=34.0 slope=6.0646 | HIT gap=0.00
2026-03-19 13:36:25,593 [INFO]     >>> HIT RECORDED: P2 (H15-L14) frac=0.875 @ 23733.05
2026-03-19 13:36:25,593 [INFO]   [P2 (H15-L14)] 0.75: lineP=23677.68 | bars_from_origin=34.0 slope=4.4363 | BELOW gap=39.62
2026-03-19 13:36:25,594 [INFO]   [P2 (H15-L14)] 0.5: lineP=23609.69 | bars_from_origin=34.0 slope=2.4365 | BELOW gap=107.61
2026-03-19 13:36:25,594 [INFO]   [P2 (H15-L14)] 0.25: lineP=23564.48 | bars_from_origin=34.0 slope=1.1068 | BELOW gap=152.82
2026-03-19 13:36:25,594 [INFO]   [P2 (H15-L14)] 0.125: lineP=23545.25 | bars_from_origin=34.0 slope=0.5413 | BELOW gap=172.05
2026-03-19 13:36:25,594 [INFO]   [P2 (H15-L14)] main: lineP=23590.20 | bars_from_origin=8.0 slope=0.0000 | BELOW gap=127.10
2026-03-19 13:36:25,594 [INFO]   [IntDet] Total hits this bar: 3
2026-03-19 13:36:25,595 [INFO] [Study] Emitting intersection event (DIRECT): {'time': 1773809580, 'fan': 'P3 (H15-L13)', 'fanIdentity': 'H15-L13', 'fraction': '7/8', 'price': 23729.837968325497, 'type': 'CROSS_UP', 'details': 'Breakout Attempt'}
2026-03-19 13:36:25,598 [INFO] [Study] Emitting intersection event (DIRECT): {'time': 1773809580, 'fan': 'P1 (H15-L15)', 'fanIdentity': 'H15-L15', 'fraction': '7/8', 'price': 23731.797010970582, 'type': 'CROSS_UP', 'details': 'Breakout Attempt'}
2026-03-19 13:36:25,605 [INFO] [Study] Emitting intersection event (DIRECT): {'time': 1773809580, 'fan': 'P2 (H15-L14)', 'fanIdentity': 'H15-L14', 'fraction': '7/8', 'price': 23733.047541392138, 'type': 'CROSS_UP', 'details': 'Breakout Attempt'}
2026-03-19 13:36:25,608 [INFO] [Tracking] Fan validated: Fan_H15_L13 via breach at bar 299
2026-03-19 13:36:25,608 [INFO] [Tracking] Fan validated: Fan_H15_L15 via breach at bar 299
2026-03-19 13:36:25,608 [INFO] [Tracking] Fan validated: Fan_H15_L14 via breach at bar 299
2026-03-19 13:36:25,610 [INFO] [IntDet] Bar 300 | 2026-03-18 10:27 | H=23737.85 L=23715.95 C=23716.05 | Fans=3 Lines=21
2026-03-19 13:36:25,611 [INFO]   [P3 (H15-L13)] main: lineP=23815.21 | bars_from_origin=46.0 slope=6.7621 | ABOVE gap=77.36
2026-03-19 13:36:25,611 [INFO]   [P3 (H15-L13)] 0.875: lineP=23734.85 | bars_from_origin=46.0 slope=5.0153 | HIT gap=0.00
2026-03-19 13:36:25,611 [INFO]     >>> HIT RECORDED: P3 (H15-L13) frac=0.875 @ 23734.85
2026-03-19 13:36:25,611 [INFO]   [P3 (H15-L13)] 0.75: lineP=23679.61 | bars_from_origin=46.0 slope=3.8143 | BELOW gap=36.34
2026-03-19 13:36:25,611 [INFO]   [P3 (H15-L13)] 0.5: lineP=23604.47 | bars_from_origin=46.0 slope=2.1808 | BELOW gap=111.48
2026-03-19 13:36:25,611 [INFO]   [P3 (H15-L13)] 0.25: lineP=23550.51 | bars_from_origin=46.0 slope=1.0078 | BELOW gap=165.44
2026-03-19 13:36:25,611 [INFO]   [P3 (H15-L13)] 0.125: lineP=23526.91 | bars_from_origin=46.0 slope=0.4947 | BELOW gap=189.04
2026-03-19 13:36:25,611 [INFO]   [P3 (H15-L13)] main: lineP=23584.84 | bars_from_origin=9.0 slope=0.0000 | BELOW gap=131.11
2026-03-19 13:36:25,612 [INFO]   [P1 (H15-L15)] main: lineP=23898.21 | bars_from_origin=22.0 slope=15.9845 | ABOVE gap=160.36
2026-03-19 13:36:25,612 [INFO]   [P1 (H15-L15)] 0.875: lineP=23740.62 | bars_from_origin=22.0 slope=8.8212 | ABOVE gap=2.77
2026-03-19 13:36:25,612 [INFO]   [P1 (H15-L15)] 0.75: lineP=23674.56 | bars_from_origin=22.0 slope=5.8185 | BELOW gap=41.39
2026-03-19 13:36:25,612 [INFO]   [P1 (H15-L15)] 0.5: lineP=23610.72 | bars_from_origin=22.0 slope=2.9169 | BELOW gap=105.23
2026-03-19 13:36:25,612 [INFO]   [P1 (H15-L15)] 0.25: lineP=23574.71 | bars_from_origin=22.0 slope=1.2801 | BELOW gap=141.24
2026-03-19 13:36:25,612 [INFO]   [P1 (H15-L15)] 0.125: lineP=23560.23 | bars_from_origin=22.0 slope=0.6216 | BELOW gap=155.72
2026-03-19 13:36:25,612 [INFO]   [P1 (H15-L15)] main: lineP=23584.47 | bars_from_origin=9.0 slope=0.0000 | BELOW gap=131.48
2026-03-19 13:36:25,612 [INFO]   [P2 (H15-L14)] main: lineP=23833.10 | bars_from_origin=35.0 slope=8.7500 | ABOVE gap=95.25
2026-03-19 13:36:25,612 [INFO]   [P2 (H15-L14)] 0.875: lineP=23739.11 | bars_from_origin=35.0 slope=6.0646 | ABOVE gap=1.26
2026-03-19 13:36:25,612 [INFO]   [P2 (H15-L14)] 0.75: lineP=23682.12 | bars_from_origin=35.0 slope=4.4363 | BELOW gap=33.83
2026-03-19 13:36:25,612 [INFO]   [P2 (H15-L14)] 0.5: lineP=23612.13 | bars_from_origin=35.0 slope=2.4365 | BELOW gap=103.82
2026-03-19 13:36:25,613 [INFO]   [P2 (H15-L14)] 0.25: lineP=23565.59 | bars_from_origin=35.0 slope=1.1068 | BELOW gap=150.36
2026-03-19 13:36:25,613 [INFO]   [P2 (H15-L14)] 0.125: lineP=23545.80 | bars_from_origin=35.0 slope=0.5413 | BELOW gap=170.15
2026-03-19 13:36:25,613 [INFO]   [P2 (H15-L14)] main: lineP=23590.20 | bars_from_origin=9.0 slope=0.0000 | BELOW gap=125.75
2026-03-19 13:36:25,613 [INFO]   [IntDet] Total hits this bar: 1
2026-03-19 13:36:25,613 [INFO] [Study] Emitting intersection event (DIRECT): {'time': 1773809820, 'fan': 'P3 (H15-L13)', 'fanIdentity': 'H15-L13', 'fraction': '7/8', 'price': 23734.853247829953, 'type': 'CROSS_DOWN', 'details': 'Breakdown Attempt'}
2026-03-19 13:36:25,617 [INFO] [Tracking] FAKE OUT: Fan_H15_L13 0.875 (T+1 bars)
2026-03-19 13:36:25,617 [INFO] [Tracking] FAKE OUT: Fan_H15_L15 0.875 (T+1 bars)
2026-03-19 13:36:25,617 [INFO] [Tracking] FAKE OUT: Fan_H15_L14 0.875 (T+1 bars)
2026-03-19 13:36:25,619 [INFO] [Study] Removing invalidated/excess fan: Fan_H15_L13
2026-03-19 13:36:25,620 [INFO] [Study] Creating new fan: Fan_L16_H15 (P1 (L16-H15))
2026-03-19 13:36:25,620 [INFO] [AngleEngine] scale_ratio=3.6603, slope_per_bar=-22.7301, visual_slope=-6.2099, theta=-80.85 deg
2026-03-19 13:36:25,620 [INFO] --- [AngleEngine] Fan Created: Fan_L16_H15 ---
2026-03-19 13:36:25,620 [INFO]   Origin: Bar 291, Time 1773807660, Price 23754.349609375
2026-03-19 13:36:25,621 [INFO]   Target: Bar 296, Time 1773808860, Price 23640.69921875
2026-03-19 13:36:25,621 [INFO]   Delta: db=5, dp_origin=-113.65
2026-03-19 13:36:25,621 [INFO]   Scale Params: Ratio=3.6603, Radius=31.45 bars, Slope/Bar=-22.7301
2026-03-19 13:36:25,621 [INFO]   Line 0.875: EndBar=1773808860 (approx), EndPrice=23701.96
2026-03-19 13:36:25,621 [INFO]   Line 0.75: EndBar=1773808860 (approx), EndPrice=23721.82
2026-03-19 13:36:25,621 [INFO]   Line 0.5: EndBar=1773808860 (approx), EndPrice=23738.76
2026-03-19 13:36:25,621 [INFO]   Line 0.25: EndBar=1773808860 (approx), EndPrice=23747.61
2026-03-19 13:36:25,621 [INFO]   Line 0.125: EndBar=1773808860 (approx), EndPrice=23751.09
2026-03-19 13:36:25,621 [INFO] [Study] Updating fan priority: Fan_H15_L15 -> P2 (H15-L15)
2026-03-19 13:36:25,622 [INFO] [Study] Updating fan priority: Fan_H15_L14 -> P3 (H15-L14)
2026-03-19 13:36:25,622 [INFO] [IntDet] Bar 301 | 2026-03-18 10:31 | H=23739.45 L=23713.45 C=23732.15 | Fans=3 Lines=21
2026-03-19 13:36:25,622 [INFO]   [P2 (H15-L15)] main: lineP=23914.19 | bars_from_origin=23.0 slope=15.9845 | ABOVE gap=174.75
2026-03-19 13:36:25,622 [INFO]   [P2 (H15-L15)] 0.875: lineP=23749.44 | bars_from_origin=23.0 slope=8.8212 | ABOVE gap=9.99
2026-03-19 13:36:25,622 [INFO]   [P2 (H15-L15)] 0.75: lineP=23680.38 | bars_from_origin=23.0 slope=5.8185 | BELOW gap=33.07
2026-03-19 13:36:25,622 [INFO]   [P2 (H15-L15)] 0.5: lineP=23613.64 | bars_from_origin=23.0 slope=2.9169 | BELOW gap=99.81
2026-03-19 13:36:25,622 [INFO]   [P2 (H15-L15)] 0.25: lineP=23575.99 | bars_from_origin=23.0 slope=1.2801 | BELOW gap=137.46
2026-03-19 13:36:25,622 [INFO]   [P2 (H15-L15)] 0.125: lineP=23560.85 | bars_from_origin=23.0 slope=0.6216 | BELOW gap=152.60
2026-03-19 13:36:25,622 [INFO]   [P2 (H15-L15)] main: lineP=23584.47 | bars_from_origin=10.0 slope=0.0000 | BELOW gap=128.98
2026-03-19 13:36:25,622 [INFO]   [P3 (H15-L14)] main: lineP=23841.85 | bars_from_origin=36.0 slope=8.7500 | ABOVE gap=102.40
2026-03-19 13:36:25,622 [INFO]   [P3 (H15-L14)] 0.875: lineP=23745.18 | bars_from_origin=36.0 slope=6.0646 | ABOVE gap=5.73
2026-03-19 13:36:25,622 [INFO]   [P3 (H15-L14)] 0.75: lineP=23686.56 | bars_from_origin=36.0 slope=4.4363 | BELOW gap=26.89
2026-03-19 13:36:25,623 [INFO]   [P3 (H15-L14)] 0.5: lineP=23614.56 | bars_from_origin=36.0 slope=2.4365 | BELOW gap=98.89
2026-03-19 13:36:25,623 [INFO]   [P3 (H15-L14)] 0.25: lineP=23566.70 | bars_from_origin=36.0 slope=1.1068 | BELOW gap=146.75
2026-03-19 13:36:25,623 [INFO]   [P3 (H15-L14)] 0.125: lineP=23546.34 | bars_from_origin=36.0 slope=0.5413 | BELOW gap=167.11
2026-03-19 13:36:25,623 [INFO]   [P3 (H15-L14)] main: lineP=23590.20 | bars_from_origin=10.0 slope=0.0000 | BELOW gap=123.25
2026-03-19 13:36:25,623 [INFO]   [P1 (L16-H15)] main: lineP=23527.05 | bars_from_origin=10.0 slope=-22.7301 | BELOW gap=186.40
2026-03-19 13:36:25,623 [INFO]   [P1 (L16-H15)] 0.875: lineP=23649.56 | bars_from_origin=10.0 slope=-10.4788 | BELOW gap=63.89
2026-03-19 13:36:25,623 [INFO]   [P1 (L16-H15)] 0.75: lineP=23689.29 | bars_from_origin=10.0 slope=-6.5063 | BELOW gap=24.16
2026-03-19 13:36:25,623 [INFO]   [P1 (L16-H15)] 0.5: lineP=23723.17 | bars_from_origin=10.0 slope=-3.1180 | HIT gap=0.00
2026-03-19 13:36:25,623 [INFO]     >>> HIT RECORDED: P1 (L16-H15) frac=0.5 @ 23723.17
2026-03-19 13:36:25,623 [INFO]   [P1 (L16-H15)] 0.25: lineP=23740.87 | bars_from_origin=10.0 slope=-1.3477 | ABOVE gap=1.42
2026-03-19 13:36:25,623 [INFO]   [P1 (L16-H15)] 0.125: lineP=23747.83 | bars_from_origin=10.0 slope=-0.6524 | ABOVE gap=8.38
2026-03-19 13:36:25,624 [INFO]   [P1 (L16-H15)] main: lineP=23738.76 | bars_from_origin=5.0 slope=0.0000 | HIT gap=0.00
2026-03-19 13:36:25,624 [INFO]     >>> HIT RECORDED: P1 (L16-H15) frac=main @ 23738.76
2026-03-19 13:36:25,624 [INFO]   [IntDet] Total hits this bar: 2
2026-03-19 13:36:25,624 [INFO] [Study] Emitting intersection event (DIRECT): {'time': 1773810060, 'fan': 'P1 (L16-H15)', 'fanIdentity': 'L16-H15', 'fraction': '1/2', 'price': 23723.169359977655, 'type': 'CROSS_UP', 'details': 'Breakout Attempt'}
2026-03-19 13:36:25,627 [INFO] [Study] Emitting intersection event (DIRECT): {'time': 1773810060, 'fan': 'P1 (L16-H15)', 'fanIdentity': 'L16-H15', 'fraction': 'Horizontal', 'price': 23738.759484676328, 'type': 'RESISTANCE_TEST', 'details': 'Rejection / Pullback'}
2026-03-19 13:36:25,632 [INFO] [IntDet] Bar 302 | 2026-03-18 10:35 | H=23746.00 L=23723.00 C=23743.05 | Fans=3 Lines=21
2026-03-19 13:36:25,632 [INFO]   [P2 (H15-L15)] main: lineP=23930.18 | bars_from_origin=24.0 slope=15.9845 | ABOVE gap=184.18
2026-03-19 13:36:25,633 [INFO]   [P2 (H15-L15)] 0.875: lineP=23758.26 | bars_from_origin=24.0 slope=8.8212 | ABOVE gap=12.26
2026-03-19 13:36:25,633 [INFO]   [P2 (H15-L15)] 0.75: lineP=23686.19 | bars_from_origin=24.0 slope=5.8185 | BELOW gap=36.81
2026-03-19 13:36:25,633 [INFO]   [P2 (H15-L15)] 0.5: lineP=23616.56 | bars_from_origin=24.0 slope=2.9169 | BELOW gap=106.44
2026-03-19 13:36:25,633 [INFO]   [P2 (H15-L15)] 0.25: lineP=23577.27 | bars_from_origin=24.0 slope=1.2801 | BELOW gap=145.73
2026-03-19 13:36:25,633 [INFO]   [P2 (H15-L15)] 0.125: lineP=23561.47 | bars_from_origin=24.0 slope=0.6216 | BELOW gap=161.53
2026-03-19 13:36:25,633 [INFO]   [P2 (H15-L15)] main: lineP=23584.47 | bars_from_origin=11.0 slope=0.0000 | BELOW gap=138.53
2026-03-19 13:36:25,633 [INFO]   [P3 (H15-L14)] main: lineP=23850.60 | bars_from_origin=37.0 slope=8.7500 | ABOVE gap=104.60
2026-03-19 13:36:25,633 [INFO]   [P3 (H15-L14)] 0.875: lineP=23751.24 | bars_from_origin=37.0 slope=6.0646 | ABOVE gap=5.24
2026-03-19 13:36:25,633 [INFO]   [P3 (H15-L14)] 0.75: lineP=23690.99 | bars_from_origin=37.0 slope=4.4363 | BELOW gap=32.01
2026-03-19 13:36:25,634 [INFO]   [P3 (H15-L14)] 0.5: lineP=23617.00 | bars_from_origin=37.0 slope=2.4365 | BELOW gap=106.00
2026-03-19 13:36:25,634 [INFO]   [P3 (H15-L14)] 0.25: lineP=23567.80 | bars_from_origin=37.0 slope=1.1068 | BELOW gap=155.20
2026-03-19 13:36:25,634 [INFO]   [P3 (H15-L14)] 0.125: lineP=23546.88 | bars_from_origin=37.0 slope=0.5413 | BELOW gap=176.12
2026-03-19 13:36:25,634 [INFO]   [P3 (H15-L14)] main: lineP=23590.20 | bars_from_origin=11.0 slope=0.0000 | BELOW gap=132.80
2026-03-19 13:36:25,634 [INFO]   [P1 (L16-H15)] main: lineP=23504.32 | bars_from_origin=11.0 slope=-22.7301 | BELOW gap=218.68
2026-03-19 13:36:25,634 [INFO]   [P1 (L16-H15)] 0.875: lineP=23639.08 | bars_from_origin=11.0 slope=-10.4788 | BELOW gap=83.92
2026-03-19 13:36:25,634 [INFO]   [P1 (L16-H15)] 0.75: lineP=23682.78 | bars_from_origin=11.0 slope=-6.5063 | BELOW gap=40.22
2026-03-19 13:36:25,634 [INFO]   [P1 (L16-H15)] 0.5: lineP=23720.05 | bars_from_origin=11.0 slope=-3.1180 | BELOW gap=2.95
2026-03-19 13:36:25,634 [INFO]   [P1 (L16-H15)] 0.25: lineP=23739.53 | bars_from_origin=11.0 slope=-1.3477 | HIT gap=0.00
2026-03-19 13:36:25,634 [INFO]     >>> HIT RECORDED: P1 (L16-H15) frac=0.25 @ 23739.53
2026-03-19 13:36:25,635 [INFO]   [P1 (L16-H15)] 0.125: lineP=23747.17 | bars_from_origin=11.0 slope=-0.6524 | ABOVE gap=1.17
2026-03-19 13:36:25,635 [INFO]   [P1 (L16-H15)] main: lineP=23738.76 | bars_from_origin=6.0 slope=0.0000 | HIT gap=0.00
2026-03-19 13:36:25,635 [INFO]     >>> HIT RECORDED: P1 (L16-H15) frac=main @ 23738.76
2026-03-19 13:36:25,635 [INFO]   [IntDet] Total hits this bar: 2
2026-03-19 13:36:25,635 [INFO] [Study] Emitting intersection event (DIRECT): {'time': 1773810300, 'fan': 'P1 (L16-H15)', 'fanIdentity': 'L16-H15', 'fraction': '1/4', 'price': 23739.525225391248, 'type': 'CROSS_UP', 'details': 'Breakout Attempt'}
2026-03-19 13:36:25,640 [INFO] [Study] Emitting intersection event (DIRECT): {'time': 1773810300, 'fan': 'P1 (L16-H15)', 'fanIdentity': 'L16-H15', 'fraction': 'Horizontal', 'price': 23738.759484676328, 'type': 'CROSS_UP', 'details': 'Breakout Attempt'}
2026-03-19 13:36:25,646 [INFO] [Tracking] Breach CONFIRMED: Fan_L16_H15 0.5 up (T+1 bars)
2026-03-19 13:36:25,649 [INFO] [IntDet] Bar 303 | 2026-03-18 10:39 | H=23745.15 L=23728.40 C=23732.65 | Fans=3 Lines=21
2026-03-19 13:36:25,649 [INFO]   [P2 (H15-L15)] main: lineP=23946.16 | bars_from_origin=25.0 slope=15.9845 | ABOVE gap=201.01
2026-03-19 13:36:25,649 [INFO]   [P2 (H15-L15)] 0.875: lineP=23767.08 | bars_from_origin=25.0 slope=8.8212 | ABOVE gap=21.93
2026-03-19 13:36:25,649 [INFO]   [P2 (H15-L15)] 0.75: lineP=23692.01 | bars_from_origin=25.0 slope=5.8185 | BELOW gap=36.39
2026-03-19 13:36:25,649 [INFO]   [P2 (H15-L15)] 0.5: lineP=23619.47 | bars_from_origin=25.0 slope=2.9169 | BELOW gap=108.93
2026-03-19 13:36:25,649 [INFO]   [P2 (H15-L15)] 0.25: lineP=23578.55 | bars_from_origin=25.0 slope=1.2801 | BELOW gap=149.85
2026-03-19 13:36:25,649 [INFO]   [P2 (H15-L15)] 0.125: lineP=23562.09 | bars_from_origin=25.0 slope=0.6216 | BELOW gap=166.31
2026-03-19 13:36:25,649 [INFO]   [P2 (H15-L15)] main: lineP=23584.47 | bars_from_origin=12.0 slope=0.0000 | BELOW gap=143.93
2026-03-19 13:36:25,649 [INFO]   [P3 (H15-L14)] main: lineP=23859.35 | bars_from_origin=38.0 slope=8.7500 | ABOVE gap=114.20
2026-03-19 13:36:25,649 [INFO]   [P3 (H15-L14)] 0.875: lineP=23757.31 | bars_from_origin=38.0 slope=6.0646 | ABOVE gap=12.16
2026-03-19 13:36:25,650 [INFO]   [P3 (H15-L14)] 0.75: lineP=23695.43 | bars_from_origin=38.0 slope=4.4363 | BELOW gap=32.97
2026-03-19 13:36:25,650 [INFO]   [P3 (H15-L14)] 0.5: lineP=23619.44 | bars_from_origin=38.0 slope=2.4365 | BELOW gap=108.96
2026-03-19 13:36:25,650 [INFO]   [P3 (H15-L14)] 0.25: lineP=23568.91 | bars_from_origin=38.0 slope=1.1068 | BELOW gap=159.49
2026-03-19 13:36:25,650 [INFO]   [P3 (H15-L14)] 0.125: lineP=23547.42 | bars_from_origin=38.0 slope=0.5413 | BELOW gap=180.98
2026-03-19 13:36:25,650 [INFO]   [P3 (H15-L14)] main: lineP=23590.20 | bars_from_origin=12.0 slope=0.0000 | BELOW gap=138.20
2026-03-19 13:36:25,650 [INFO]   [P1 (L16-H15)] main: lineP=23481.59 | bars_from_origin=12.0 slope=-22.7301 | BELOW gap=246.81
2026-03-19 13:36:25,651 [INFO]   [P1 (L16-H15)] 0.875: lineP=23628.60 | bars_from_origin=12.0 slope=-10.4788 | BELOW gap=99.80
2026-03-19 13:36:25,651 [INFO]   [P1 (L16-H15)] 0.75: lineP=23676.27 | bars_from_origin=12.0 slope=-6.5063 | BELOW gap=52.13
2026-03-19 13:36:25,651 [INFO]   [P1 (L16-H15)] 0.5: lineP=23716.93 | bars_from_origin=12.0 slope=-3.1180 | BELOW gap=11.47
2026-03-19 13:36:25,651 [INFO]   [P1 (L16-H15)] 0.25: lineP=23738.18 | bars_from_origin=12.0 slope=-1.3477 | HIT gap=0.00
2026-03-19 13:36:25,651 [INFO]     >>> HIT RECORDED: P1 (L16-H15) frac=0.25 @ 23738.18
2026-03-19 13:36:25,651 [INFO]   [P1 (L16-H15)] 0.125: lineP=23746.52 | bars_from_origin=12.0 slope=-0.6524 | ABOVE gap=1.37
2026-03-19 13:36:25,651 [INFO]   [P1 (L16-H15)] main: lineP=23738.76 | bars_from_origin=7.0 slope=0.0000 | HIT gap=0.00
2026-03-19 13:36:25,651 [INFO]     >>> HIT RECORDED: P1 (L16-H15) frac=main @ 23738.76
2026-03-19 13:36:25,652 [INFO]   [IntDet] Total hits this bar: 2
2026-03-19 13:36:25,652 [INFO] [Study] Emitting intersection event (DIRECT): {'time': 1773810540, 'fan': 'P1 (L16-H15)', 'fanIdentity': 'L16-H15', 'fraction': '1/4', 'price': 23738.177554119997, 'type': 'CROSS_DOWN', 'details': 'Breakdown Attempt'}
2026-03-19 13:36:25,655 [INFO] [Study] Emitting intersection event (DIRECT): {'time': 1773810540, 'fan': 'P1 (L16-H15)', 'fanIdentity': 'L16-H15', 'fraction': 'Horizontal', 'price': 23738.759484676328, 'type': 'CROSS_DOWN', 'details': 'Breakdown Attempt'}
2026-03-19 13:36:25,657 [INFO] [Tracking] FAKE OUT: Fan_L16_H15 0.25 (T+1 bars)
2026-03-19 13:36:25,658 [INFO] [Tracking] FAKE OUT: Fan_L16_H15 Horizontal (T+1 bars)
2026-03-19 13:36:25,661 [INFO] [IntDet] Bar 304 | 2026-03-18 10:43 | H=23739.85 L=23718.30 C=23736.00 | Fans=3 Lines=21
2026-03-19 13:36:25,661 [INFO]   [P2 (H15-L15)] main: lineP=23962.15 | bars_from_origin=26.0 slope=15.9845 | ABOVE gap=222.30
2026-03-19 13:36:25,661 [INFO]   [P2 (H15-L15)] 0.875: lineP=23775.90 | bars_from_origin=26.0 slope=8.8212 | ABOVE gap=36.05
2026-03-19 13:36:25,661 [INFO]   [P2 (H15-L15)] 0.75: lineP=23697.83 | bars_from_origin=26.0 slope=5.8185 | BELOW gap=20.47
2026-03-19 13:36:25,661 [INFO]   [P2 (H15-L15)] 0.5: lineP=23622.39 | bars_from_origin=26.0 slope=2.9169 | BELOW gap=95.91
2026-03-19 13:36:25,661 [INFO]   [P2 (H15-L15)] 0.25: lineP=23579.83 | bars_from_origin=26.0 slope=1.2801 | BELOW gap=138.47
2026-03-19 13:36:25,661 [INFO]   [P2 (H15-L15)] 0.125: lineP=23562.71 | bars_from_origin=26.0 slope=0.6216 | BELOW gap=155.59
2026-03-19 13:36:25,661 [INFO]   [P2 (H15-L15)] main: lineP=23584.47 | bars_from_origin=13.0 slope=0.0000 | BELOW gap=133.83
2026-03-19 13:36:25,661 [INFO]   [P3 (H15-L14)] main: lineP=23868.10 | bars_from_origin=39.0 slope=8.7500 | ABOVE gap=128.25
2026-03-19 13:36:25,661 [INFO]   [P3 (H15-L14)] 0.875: lineP=23763.37 | bars_from_origin=39.0 slope=6.0646 | ABOVE gap=23.52
2026-03-19 13:36:25,661 [INFO]   [P3 (H15-L14)] 0.75: lineP=23699.86 | bars_from_origin=39.0 slope=4.4363 | BELOW gap=18.44
2026-03-19 13:36:25,661 [INFO]   [P3 (H15-L14)] 0.5: lineP=23621.87 | bars_from_origin=39.0 slope=2.4365 | BELOW gap=96.43
2026-03-19 13:36:25,662 [INFO]   [P3 (H15-L14)] 0.25: lineP=23570.02 | bars_from_origin=39.0 slope=1.1068 | BELOW gap=148.28
2026-03-19 13:36:25,662 [INFO]   [P3 (H15-L14)] 0.125: lineP=23547.96 | bars_from_origin=39.0 slope=0.5413 | BELOW gap=170.34
2026-03-19 13:36:25,662 [INFO]   [P3 (H15-L14)] main: lineP=23590.20 | bars_from_origin=13.0 slope=0.0000 | BELOW gap=128.10
2026-03-19 13:36:25,662 [INFO]   [P1 (L16-H15)] main: lineP=23458.86 | bars_from_origin=13.0 slope=-22.7301 | BELOW gap=259.44
2026-03-19 13:36:25,662 [INFO]   [P1 (L16-H15)] 0.875: lineP=23618.12 | bars_from_origin=13.0 slope=-10.4788 | BELOW gap=100.18
2026-03-19 13:36:25,662 [INFO]   [P1 (L16-H15)] 0.75: lineP=23669.77 | bars_from_origin=13.0 slope=-6.5063 | BELOW gap=48.53
2026-03-19 13:36:25,662 [INFO]   [P1 (L16-H15)] 0.5: lineP=23713.82 | bars_from_origin=13.0 slope=-3.1180 | BELOW gap=4.49
2026-03-19 13:36:25,662 [INFO]   [P1 (L16-H15)] 0.25: lineP=23736.83 | bars_from_origin=13.0 slope=-1.3477 | HIT gap=0.00
2026-03-19 13:36:25,662 [INFO]     >>> HIT RECORDED: P1 (L16-H15) frac=0.25 @ 23736.83
2026-03-19 13:36:25,662 [INFO]   [P1 (L16-H15)] 0.125: lineP=23745.87 | bars_from_origin=13.0 slope=-0.6524 | ABOVE gap=6.02
2026-03-19 13:36:25,662 [INFO]   [P1 (L16-H15)] main: lineP=23738.76 | bars_from_origin=8.0 slope=0.0000 | HIT gap=0.00
2026-03-19 13:36:25,662 [INFO]     >>> HIT RECORDED: P1 (L16-H15) frac=main @ 23738.76
2026-03-19 13:36:25,663 [INFO]   [IntDet] Total hits this bar: 2
2026-03-19 13:36:25,663 [INFO] [Study] Emitting intersection event (DIRECT): {'time': 1773810780, 'fan': 'P1 (L16-H15)', 'fanIdentity': 'L16-H15', 'fraction': '1/4', 'price': 23736.82988284875, 'type': 'RESISTANCE_TEST', 'details': 'Rejection / Pullback'}
2026-03-19 13:36:25,667 [INFO] [Study] Emitting intersection event (DIRECT): {'time': 1773810780, 'fan': 'P1 (L16-H15)', 'fanIdentity': 'L16-H15', 'fraction': 'Horizontal', 'price': 23738.759484676328, 'type': 'RESISTANCE_TEST', 'details': 'Rejection / Pullback'}
2026-03-19 13:36:25,671 [INFO] [Study] Removing invalidated/excess fan: Fan_H15_L15
2026-03-19 13:36:25,671 [INFO] [Study] Removing invalidated/excess fan: Fan_H15_L14
2026-03-19 13:36:25,672 [INFO] [Study] Removing invalidated/excess fan: Fan_L16_H15
2026-03-19 13:36:25,672 [INFO] [IntDet] Bar 305 | 2026-03-18 10:47 | H=23765.00 L=23732.20 C=23753.30 | Fans=0 Lines=0
2026-03-19 13:36:25,674 [INFO] [IntDet] Bar 306 | 2026-03-18 10:51 | H=23769.65 L=23752.65 C=23768.15 | Fans=0 Lines=0
2026-03-19 13:36:25,676 [INFO] [IntDet] Bar 307 | 2026-03-18 10:55 | H=23777.90 L=23764.20 C=23768.60 | Fans=0 Lines=0
2026-03-19 13:36:25,678 [INFO] [IntDet] Bar 308 | 2026-03-18 10:59 | H=23780.60 L=23764.15 C=23775.50 | Fans=0 Lines=0
2026-03-19 13:36:25,680 [INFO] [IntDet] Bar 309 | 2026-03-18 11:03 | H=23785.95 L=23768.55 C=23770.35 | Fans=0 Lines=0
2026-03-19 13:36:25,682 [INFO] [IntDet] Bar 310 | 2026-03-18 11:07 | H=23783.45 L=23764.55 C=23783.40 | Fans=0 Lines=0
2026-03-19 13:36:25,684 [INFO] [IntDet] Bar 311 | 2026-03-18 11:11 | H=23790.75 L=23768.45 C=23785.30 | Fans=0 Lines=0
2026-03-19 13:36:25,686 [INFO] [IntDet] Bar 312 | 2026-03-18 11:15 | H=23785.95 L=23770.60 C=23776.50 | Fans=0 Lines=0
2026-03-19 13:36:25,688 [INFO] [IntDet] Bar 313 | 2026-03-18 11:19 | H=23799.40 L=23776.90 C=23781.85 | Fans=0 Lines=0
2026-03-19 13:36:25,690 [INFO] [IntDet] Bar 314 | 2026-03-18 11:23 | H=23800.85 L=23779.75 C=23784.00 | Fans=0 Lines=0
2026-03-19 13:36:25,692 [INFO] [IntDet] Bar 315 | 2026-03-18 11:27 | H=23805.80 L=23782.80 C=23795.80 | Fans=0 Lines=0
2026-03-19 13:36:25,694 [INFO] [IntDet] Bar 316 | 2026-03-18 11:31 | H=23804.35 L=23791.65 C=23791.65 | Fans=0 Lines=0
2026-03-19 13:36:25,697 [INFO] [IntDet] Bar 317 | 2026-03-18 11:35 | H=23811.55 L=23783.10 C=23811.55 | Fans=0 Lines=0
2026-03-19 13:36:25,699 [INFO] [IntDet] Bar 318 | 2026-03-18 11:39 | H=23835.10 L=23810.35 C=23823.40 | Fans=0 Lines=0
2026-03-19 13:36:25,702 [INFO] [IntDet] Bar 319 | 2026-03-18 11:43 | H=23833.45 L=23808.35 C=23810.80 | Fans=0 Lines=0
2026-03-19 13:36:25,704 [INFO] [IntDet] Bar 320 | 2026-03-18 11:47 | H=23818.00 L=23803.55 C=23812.95 | Fans=0 Lines=0
2026-03-19 13:36:25,706 [INFO] [IntDet] Bar 321 | 2026-03-18 11:51 | H=23822.50 L=23807.15 C=23820.55 | Fans=0 Lines=0
2026-03-19 13:36:25,708 [INFO] [IntDet] Bar 322 | 2026-03-18 11:55 | H=23821.30 L=23806.50 C=23810.50 | Fans=0 Lines=0
2026-03-19 13:36:25,711 [INFO] [Study] Creating new fan: Fan_H16_L14 (P3 (H16-L14))
2026-03-19 13:36:25,711 [INFO] [AngleEngine] scale_ratio=3.6603, slope_per_bar=5.8160, visual_slope=1.5890, theta=57.82 deg
2026-03-19 13:36:25,711 [INFO] --- [AngleEngine] Fan Created: Fan_H16_L14 ---
2026-03-19 13:36:25,712 [INFO]   Origin: Bar 265, Time 1773737580, Price 23526.849609375
2026-03-19 13:36:25,712 [INFO]   Target: Bar 318, Time 1773814140, Price 23835.099609375
2026-03-19 13:36:25,712 [INFO]   Delta: db=53, dp_origin=308.25
2026-03-19 13:36:25,712 [INFO]   Scale Params: Ratio=3.6603, Radius=99.50 bars, Slope/Bar=5.8160
2026-03-19 13:36:25,713 [INFO]   Line 0.875: EndBar=1773814140 (approx), EndPrice=23762.93
2026-03-19 13:36:25,713 [INFO]   Line 0.75: EndBar=1773814140 (approx), EndPrice=23710.06
2026-03-19 13:36:25,713 [INFO]   Line 0.5: EndBar=1773814140 (approx), EndPrice=23633.98
2026-03-19 13:36:25,713 [INFO]   Line 0.25: EndBar=1773814140 (approx), EndPrice=23576.85
2026-03-19 13:36:25,713 [INFO]   Line 0.125: EndBar=1773814140 (approx), EndPrice=23551.45
2026-03-19 13:36:25,713 [INFO] [Study] Creating new fan: Fan_H16_L15 (P2 (H16-L15))
2026-03-19 13:36:25,714 [INFO] [AngleEngine] scale_ratio=3.6603, slope_per_bar=7.2137, visual_slope=1.9708, theta=63.10 deg
2026-03-19 13:36:25,714 [INFO] --- [AngleEngine] Fan Created: Fan_H16_L15 ---
2026-03-19 13:36:25,714 [INFO]   Origin: Bar 278, Time 1773740700, Price 23546.55078125
2026-03-19 13:36:25,715 [INFO]   Target: Bar 318, Time 1773814140, Price 23835.099609375
2026-03-19 13:36:25,715 [INFO]   Delta: db=40, dp_origin=288.55
2026-03-19 13:36:25,715 [INFO]   Scale Params: Ratio=3.6603, Radius=88.40 bars, Slope/Bar=7.2137
2026-03-19 13:36:25,715 [INFO]   Line 0.875: EndBar=1773814140 (approx), EndPrice=23757.28
2026-03-19 13:36:25,715 [INFO]   Line 0.75: EndBar=1773814140 (approx), EndPrice=23705.34
2026-03-19 13:36:25,715 [INFO]   Line 0.5: EndBar=1773814140 (approx), EndPrice=23636.44
2026-03-19 13:36:25,715 [INFO]   Line 0.25: EndBar=1773814140 (approx), EndPrice=23587.91
2026-03-19 13:36:25,715 [INFO]   Line 0.125: EndBar=1773814140 (approx), EndPrice=23566.83
2026-03-19 13:36:25,715 [INFO] [Study] Creating new fan: Fan_H16_L16 (P1 (H16-L16))
2026-03-19 13:36:25,716 [INFO] [AngleEngine] scale_ratio=3.6603, slope_per_bar=8.8364, visual_slope=2.4141, theta=67.50 deg
2026-03-19 13:36:25,716 [INFO] --- [AngleEngine] Fan Created: Fan_H16_L16 ---
2026-03-19 13:36:25,716 [INFO]   Origin: Bar 296, Time 1773808860, Price 23640.69921875
2026-03-19 13:36:25,716 [INFO]   Target: Bar 318, Time 1773814140, Price 23835.099609375
2026-03-19 13:36:25,717 [INFO]   Delta: db=22, dp_origin=194.40
2026-03-19 13:36:25,717 [INFO]   Scale Params: Ratio=3.6603, Radius=57.49 bars, Slope/Bar=8.8364
2026-03-19 13:36:25,717 [INFO]   Line 0.875: EndBar=1773814140 (approx), EndPrice=23775.05
2026-03-19 13:36:25,717 [INFO]   Line 0.75: EndBar=1773814140 (approx), EndPrice=23738.82
2026-03-19 13:36:25,717 [INFO]   Line 0.5: EndBar=1773814140 (approx), EndPrice=23694.50
2026-03-19 13:36:25,717 [INFO]   Line 0.25: EndBar=1773814140 (approx), EndPrice=23665.13
2026-03-19 13:36:25,717 [INFO]   Line 0.125: EndBar=1773814140 (approx), EndPrice=23652.64
2026-03-19 13:36:25,717 [INFO] [IntDet] Bar 323 | 2026-03-18 11:59 | H=23811.30 L=23790.60 C=23794.55 | Fans=3 Lines=21
2026-03-19 13:36:25,718 [INFO]   [P3 (H16-L14)] main: lineP=23864.18 | bars_from_origin=58.0 slope=5.8160 | ABOVE gap=52.88
2026-03-19 13:36:25,718 [INFO]   [P3 (H16-L14)] 0.875: lineP=23785.20 | bars_from_origin=58.0 slope=4.4544 | BELOW gap=5.40
2026-03-19 13:36:25,718 [INFO]   [P3 (H16-L14)] 0.75: lineP=23727.34 | bars_from_origin=58.0 slope=3.4568 | BELOW gap=63.26
2026-03-19 13:36:25,718 [INFO]   [P3 (H16-L14)] 0.5: lineP=23644.08 | bars_from_origin=58.0 slope=2.0213 | BELOW gap=146.52
2026-03-19 13:36:25,718 [INFO]   [P3 (H16-L14)] 0.25: lineP=23581.57 | bars_from_origin=58.0 slope=0.9435 | BELOW gap=209.03
2026-03-19 13:36:25,718 [INFO]   [P3 (H16-L14)] 0.125: lineP=23553.77 | bars_from_origin=58.0 slope=0.4642 | BELOW gap=236.83
2026-03-19 13:36:25,718 [INFO]   [P3 (H16-L14)] main: lineP=23633.98 | bars_from_origin=5.0 slope=0.0000 | BELOW gap=156.62
2026-03-19 13:36:25,718 [INFO]   [P2 (H16-L15)] main: lineP=23871.17 | bars_from_origin=45.0 slope=7.2137 | ABOVE gap=59.87
2026-03-19 13:36:25,718 [INFO]   [P2 (H16-L15)] 0.875: lineP=23783.62 | bars_from_origin=45.0 slope=5.2683 | BELOW gap=6.97
2026-03-19 13:36:25,718 [INFO]   [P2 (H16-L15)] 0.75: lineP=23725.19 | bars_from_origin=45.0 slope=3.9697 | BELOW gap=65.41
2026-03-19 13:36:25,718 [INFO]   [P2 (H16-L15)] 0.5: lineP=23647.68 | bars_from_origin=45.0 slope=2.2473 | BELOW gap=142.92
2026-03-19 13:36:25,719 [INFO]   [P2 (H16-L15)] 0.25: lineP=23593.08 | bars_from_origin=45.0 slope=1.0340 | BELOW gap=197.52
2026-03-19 13:36:25,719 [INFO]   [P2 (H16-L15)] 0.125: lineP=23569.37 | bars_from_origin=45.0 slope=0.5071 | BELOW gap=221.23
2026-03-19 13:36:25,719 [INFO]   [P2 (H16-L15)] main: lineP=23636.44 | bars_from_origin=5.0 slope=0.0000 | BELOW gap=154.16
2026-03-19 13:36:25,719 [INFO]   [P1 (H16-L16)] main: lineP=23879.28 | bars_from_origin=27.0 slope=8.8364 | ABOVE gap=67.98
2026-03-19 13:36:25,719 [INFO]   [P1 (H16-L16)] 0.875: lineP=23805.58 | bars_from_origin=27.0 slope=6.1067 | HIT gap=0.00
2026-03-19 13:36:25,719 [INFO]     >>> HIT RECORDED: P1 (H16-L16) frac=0.875 @ 23805.58
2026-03-19 13:36:25,719 [INFO]   [P1 (H16-L16)] 0.75: lineP=23761.12 | bars_from_origin=27.0 slope=4.4600 | BELOW gap=29.48
2026-03-19 13:36:25,719 [INFO]   [P1 (H16-L16)] 0.5: lineP=23706.73 | bars_from_origin=27.0 slope=2.4457 | BELOW gap=83.87
2026-03-19 13:36:25,719 [INFO]   [P1 (H16-L16)] 0.25: lineP=23670.68 | bars_from_origin=27.0 slope=1.1103 | BELOW gap=119.92
2026-03-19 13:36:25,719 [INFO]   [P1 (H16-L16)] 0.125: lineP=23655.36 | bars_from_origin=27.0 slope=0.5429 | BELOW gap=135.24
2026-03-19 13:36:25,719 [INFO]   [P1 (H16-L16)] main: lineP=23694.50 | bars_from_origin=5.0 slope=0.0000 | BELOW gap=96.10
2026-03-19 13:36:25,720 [INFO]   [IntDet] Total hits this bar: 1
2026-03-19 13:36:25,720 [INFO] [Study] Emitting intersection event (DIRECT): {'time': 1773815340, 'fan': 'P1 (H16-L16)', 'fanIdentity': 'H16-L16', 'fraction': '7/8', 'price': 23805.579170645, 'type': 'CROSS_DOWN', 'details': 'Breakdown Attempt'}
2026-03-19 13:36:25,727 [INFO] [Tracking] Fan validated: Fan_H16_L16 via breach at bar 323
2026-03-19 13:36:25,730 [INFO] [IntDet] Bar 324 | 2026-03-18 12:03 | H=23797.55 L=23787.00 C=23789.15 | Fans=3 Lines=21
2026-03-19 13:36:25,730 [INFO]   [P3 (H16-L14)] main: lineP=23870.00 | bars_from_origin=59.0 slope=5.8160 | ABOVE gap=72.45
2026-03-19 13:36:25,730 [INFO]   [P3 (H16-L14)] 0.875: lineP=23789.66 | bars_from_origin=59.0 slope=4.4544 | HIT gap=0.00
2026-03-19 13:36:25,730 [INFO]     >>> HIT RECORDED: P3 (H16-L14) frac=0.875 @ 23789.66
2026-03-19 13:36:25,730 [INFO]   [P3 (H16-L14)] 0.75: lineP=23730.80 | bars_from_origin=59.0 slope=3.4568 | BELOW gap=56.20
2026-03-19 13:36:25,730 [INFO]   [P3 (H16-L14)] 0.5: lineP=23646.10 | bars_from_origin=59.0 slope=2.0213 | BELOW gap=140.90
2026-03-19 13:36:25,730 [INFO]   [P3 (H16-L14)] 0.25: lineP=23582.52 | bars_from_origin=59.0 slope=0.9435 | BELOW gap=204.48
2026-03-19 13:36:25,730 [INFO]   [P3 (H16-L14)] 0.125: lineP=23554.23 | bars_from_origin=59.0 slope=0.4642 | BELOW gap=232.77
2026-03-19 13:36:25,730 [INFO]   [P3 (H16-L14)] main: lineP=23633.98 | bars_from_origin=6.0 slope=0.0000 | BELOW gap=153.02
2026-03-19 13:36:25,731 [INFO]   [P2 (H16-L15)] main: lineP=23878.38 | bars_from_origin=46.0 slope=7.2137 | ABOVE gap=80.83
2026-03-19 13:36:25,731 [INFO]   [P2 (H16-L15)] 0.875: lineP=23788.89 | bars_from_origin=46.0 slope=5.2683 | HIT gap=0.00
2026-03-19 13:36:25,731 [INFO]     >>> HIT RECORDED: P2 (H16-L15) frac=0.875 @ 23788.89
2026-03-19 13:36:25,731 [INFO]   [P2 (H16-L15)] 0.75: lineP=23729.16 | bars_from_origin=46.0 slope=3.9697 | BELOW gap=57.84
2026-03-19 13:36:25,731 [INFO]   [P2 (H16-L15)] 0.5: lineP=23649.93 | bars_from_origin=46.0 slope=2.2473 | BELOW gap=137.07
2026-03-19 13:36:25,731 [INFO]   [P2 (H16-L15)] 0.25: lineP=23594.11 | bars_from_origin=46.0 slope=1.0340 | BELOW gap=192.89
2026-03-19 13:36:25,731 [INFO]   [P2 (H16-L15)] 0.125: lineP=23569.88 | bars_from_origin=46.0 slope=0.5071 | BELOW gap=217.12
2026-03-19 13:36:25,731 [INFO]   [P2 (H16-L15)] main: lineP=23636.44 | bars_from_origin=6.0 slope=0.0000 | BELOW gap=150.56
2026-03-19 13:36:25,731 [INFO]   [P1 (H16-L16)] main: lineP=23888.12 | bars_from_origin=28.0 slope=8.8364 | ABOVE gap=90.57
2026-03-19 13:36:25,731 [INFO]   [P1 (H16-L16)] 0.875: lineP=23811.69 | bars_from_origin=28.0 slope=6.1067 | ABOVE gap=14.14
2026-03-19 13:36:25,731 [INFO]   [P1 (H16-L16)] 0.75: lineP=23765.58 | bars_from_origin=28.0 slope=4.4600 | BELOW gap=21.42
2026-03-19 13:36:25,732 [INFO]   [P1 (H16-L16)] 0.5: lineP=23709.18 | bars_from_origin=28.0 slope=2.4457 | BELOW gap=77.82
2026-03-19 13:36:25,732 [INFO]   [P1 (H16-L16)] 0.25: lineP=23671.79 | bars_from_origin=28.0 slope=1.1103 | BELOW gap=115.21
2026-03-19 13:36:25,732 [INFO]   [P1 (H16-L16)] 0.125: lineP=23655.90 | bars_from_origin=28.0 slope=0.5429 | BELOW gap=131.10
2026-03-19 13:36:25,732 [INFO]   [P1 (H16-L16)] main: lineP=23694.50 | bars_from_origin=6.0 slope=0.0000 | BELOW gap=92.50
2026-03-19 13:36:25,732 [INFO]   [IntDet] Total hits this bar: 2
2026-03-19 13:36:25,732 [INFO] [Study] Emitting intersection event (DIRECT): {'time': 1773815580, 'fan': 'P3 (H16-L14)', 'fanIdentity': 'H16-L14', 'fraction': '7/8', 'price': 23789.657156466605, 'type': 'CROSS_DOWN', 'details': 'Breakdown Attempt'}
2026-03-19 13:36:25,735 [INFO] [Study] Emitting intersection event (DIRECT): {'time': 1773815580, 'fan': 'P2 (H16-L15)', 'fanIdentity': 'H16-L15', 'fraction': '7/8', 'price': 23788.893274588943, 'type': 'SUPPORT_TEST', 'details': 'Resting / Throwback'}
2026-03-19 13:36:25,740 [INFO] [Tracking] Fan validated: Fan_H16_L14 via breach at bar 324
2026-03-19 13:36:25,740 [INFO] [Tracking] Fan validated: Fan_H16_L15 via touch at bar 324
2026-03-19 13:36:25,740 [INFO] [Tracking] Breach CONFIRMED: Fan_H16_L16 0.875 down (T+1 bars)
2026-03-19 13:36:25,743 [INFO] [IntDet] Bar 325 | 2026-03-18 12:07 | H=23789.85 L=23777.55 C=23782.70 | Fans=3 Lines=21
2026-03-19 13:36:25,743 [INFO]   [P3 (H16-L14)] main: lineP=23875.81 | bars_from_origin=60.0 slope=5.8160 | ABOVE gap=85.96
2026-03-19 13:36:25,743 [INFO]   [P3 (H16-L14)] 0.875: lineP=23794.11 | bars_from_origin=60.0 slope=4.4544 | ABOVE gap=4.26
2026-03-19 13:36:25,743 [INFO]   [P3 (H16-L14)] 0.75: lineP=23734.26 | bars_from_origin=60.0 slope=3.4568 | BELOW gap=43.30
2026-03-19 13:36:25,744 [INFO]   [P3 (H16-L14)] 0.5: lineP=23648.13 | bars_from_origin=60.0 slope=2.0213 | BELOW gap=129.43
2026-03-19 13:36:25,744 [INFO]   [P3 (H16-L14)] 0.25: lineP=23583.46 | bars_from_origin=60.0 slope=0.9435 | BELOW gap=194.09
2026-03-19 13:36:25,744 [INFO]   [P3 (H16-L14)] 0.125: lineP=23554.70 | bars_from_origin=60.0 slope=0.4642 | BELOW gap=222.85
2026-03-19 13:36:25,744 [INFO]   [P3 (H16-L14)] main: lineP=23633.98 | bars_from_origin=7.0 slope=0.0000 | BELOW gap=143.57
2026-03-19 13:36:25,744 [INFO]   [P2 (H16-L15)] main: lineP=23885.60 | bars_from_origin=47.0 slope=7.2137 | ABOVE gap=95.75
2026-03-19 13:36:25,744 [INFO]   [P2 (H16-L15)] 0.875: lineP=23794.16 | bars_from_origin=47.0 slope=5.2683 | ABOVE gap=4.31
2026-03-19 13:36:25,744 [INFO]   [P2 (H16-L15)] 0.75: lineP=23733.13 | bars_from_origin=47.0 slope=3.9697 | BELOW gap=44.42
2026-03-19 13:36:25,744 [INFO]   [P2 (H16-L15)] 0.5: lineP=23652.17 | bars_from_origin=47.0 slope=2.2473 | BELOW gap=125.38
2026-03-19 13:36:25,745 [INFO]   [P2 (H16-L15)] 0.25: lineP=23595.15 | bars_from_origin=47.0 slope=1.0340 | BELOW gap=182.40
2026-03-19 13:36:25,745 [INFO]   [P2 (H16-L15)] 0.125: lineP=23570.38 | bars_from_origin=47.0 slope=0.5071 | BELOW gap=207.17
2026-03-19 13:36:25,745 [INFO]   [P2 (H16-L15)] main: lineP=23636.44 | bars_from_origin=7.0 slope=0.0000 | BELOW gap=141.11
2026-03-19 13:36:25,745 [INFO]   [P1 (H16-L16)] main: lineP=23896.95 | bars_from_origin=29.0 slope=8.8364 | ABOVE gap=107.10
2026-03-19 13:36:25,745 [INFO]   [P1 (H16-L16)] 0.875: lineP=23817.79 | bars_from_origin=29.0 slope=6.1067 | ABOVE gap=27.94
2026-03-19 13:36:25,745 [INFO]   [P1 (H16-L16)] 0.75: lineP=23770.04 | bars_from_origin=29.0 slope=4.4600 | BELOW gap=7.51
2026-03-19 13:36:25,745 [INFO]   [P1 (H16-L16)] 0.5: lineP=23711.62 | bars_from_origin=29.0 slope=2.4457 | BELOW gap=65.93
2026-03-19 13:36:25,745 [INFO]   [P1 (H16-L16)] 0.25: lineP=23672.90 | bars_from_origin=29.0 slope=1.1103 | BELOW gap=104.65
2026-03-19 13:36:25,745 [INFO]   [P1 (H16-L16)] 0.125: lineP=23656.44 | bars_from_origin=29.0 slope=0.5429 | BELOW gap=121.11
2026-03-19 13:36:25,746 [INFO]   [P1 (H16-L16)] main: lineP=23694.50 | bars_from_origin=7.0 slope=0.0000 | BELOW gap=83.05
2026-03-19 13:36:25,746 [INFO] [Tracking] Breach CONFIRMED: Fan_H16_L14 0.875 down (T+1 bars)
2026-03-19 13:36:25,748 [INFO] [IntDet] Bar 326 | 2026-03-18 12:11 | H=23789.55 L=23772.15 C=23779.65 | Fans=3 Lines=21
2026-03-19 13:36:25,748 [INFO]   [P3 (H16-L14)] main: lineP=23881.63 | bars_from_origin=61.0 slope=5.8160 | ABOVE gap=92.08
2026-03-19 13:36:25,748 [INFO]   [P3 (H16-L14)] 0.875: lineP=23798.57 | bars_from_origin=61.0 slope=4.4544 | ABOVE gap=9.02
2026-03-19 13:36:25,748 [INFO]   [P3 (H16-L14)] 0.75: lineP=23737.71 | bars_from_origin=61.0 slope=3.4568 | BELOW gap=34.44
2026-03-19 13:36:25,748 [INFO]   [P3 (H16-L14)] 0.5: lineP=23650.15 | bars_from_origin=61.0 slope=2.0213 | BELOW gap=122.00
2026-03-19 13:36:25,748 [INFO]   [P3 (H16-L14)] 0.25: lineP=23584.40 | bars_from_origin=61.0 slope=0.9435 | BELOW gap=187.75
2026-03-19 13:36:25,749 [INFO]   [P3 (H16-L14)] 0.125: lineP=23555.16 | bars_from_origin=61.0 slope=0.4642 | BELOW gap=216.99
2026-03-19 13:36:25,749 [INFO]   [P3 (H16-L14)] main: lineP=23633.98 | bars_from_origin=8.0 slope=0.0000 | BELOW gap=138.17
2026-03-19 13:36:25,749 [INFO]   [P2 (H16-L15)] main: lineP=23892.81 | bars_from_origin=48.0 slope=7.2137 | ABOVE gap=103.26
2026-03-19 13:36:25,749 [INFO]   [P2 (H16-L15)] 0.875: lineP=23799.43 | bars_from_origin=48.0 slope=5.2683 | ABOVE gap=9.88
2026-03-19 13:36:25,749 [INFO]   [P2 (H16-L15)] 0.75: lineP=23737.10 | bars_from_origin=48.0 slope=3.9697 | BELOW gap=35.05
2026-03-19 13:36:25,749 [INFO]   [P2 (H16-L15)] 0.5: lineP=23654.42 | bars_from_origin=48.0 slope=2.2473 | BELOW gap=117.73
2026-03-19 13:36:25,749 [INFO]   [P2 (H16-L15)] 0.25: lineP=23596.18 | bars_from_origin=48.0 slope=1.0340 | BELOW gap=175.97
2026-03-19 13:36:25,749 [INFO]   [P2 (H16-L15)] 0.125: lineP=23570.89 | bars_from_origin=48.0 slope=0.5071 | BELOW gap=201.26
2026-03-19 13:36:25,749 [INFO]   [P2 (H16-L15)] main: lineP=23636.44 | bars_from_origin=8.0 slope=0.0000 | BELOW gap=135.71
2026-03-19 13:36:25,749 [INFO]   [P1 (H16-L16)] main: lineP=23905.79 | bars_from_origin=30.0 slope=8.8364 | ABOVE gap=116.24
2026-03-19 13:36:25,749 [INFO]   [P1 (H16-L16)] 0.875: lineP=23823.90 | bars_from_origin=30.0 slope=6.1067 | ABOVE gap=34.35
2026-03-19 13:36:25,750 [INFO]   [P1 (H16-L16)] 0.75: lineP=23774.50 | bars_from_origin=30.0 slope=4.4600 | HIT gap=0.00
2026-03-19 13:36:25,750 [INFO]     >>> HIT RECORDED: P1 (H16-L16) frac=0.75 @ 23774.50
2026-03-19 13:36:25,750 [INFO]   [P1 (H16-L16)] 0.5: lineP=23714.07 | bars_from_origin=30.0 slope=2.4457 | BELOW gap=58.08
2026-03-19 13:36:25,750 [INFO]   [P1 (H16-L16)] 0.25: lineP=23674.01 | bars_from_origin=30.0 slope=1.1103 | BELOW gap=98.14
2026-03-19 13:36:25,750 [INFO]   [P1 (H16-L16)] 0.125: lineP=23656.99 | bars_from_origin=30.0 slope=0.5429 | BELOW gap=115.16
2026-03-19 13:36:25,750 [INFO]   [P1 (H16-L16)] main: lineP=23694.50 | bars_from_origin=8.0 slope=0.0000 | BELOW gap=77.65
2026-03-19 13:36:25,750 [INFO]   [IntDet] Total hits this bar: 1
2026-03-19 13:36:25,750 [INFO] [Study] Emitting intersection event (DIRECT): {'time': 1773816060, 'fan': 'P1 (H16-L16)', 'fanIdentity': 'H16-L16', 'fraction': '3/4', 'price': 23774.498887943377, 'type': 'SUPPORT_TEST', 'details': 'Resting / Throwback'}
2026-03-19 13:36:25,756 [INFO] [IntDet] Bar 327 | 2026-03-18 12:15 | H=23786.25 L=23775.15 C=23785.90 | Fans=3 Lines=21
2026-03-19 13:36:25,756 [INFO]   [P3 (H16-L14)] main: lineP=23887.44 | bars_from_origin=62.0 slope=5.8160 | ABOVE gap=101.19
2026-03-19 13:36:25,756 [INFO]   [P3 (H16-L14)] 0.875: lineP=23803.02 | bars_from_origin=62.0 slope=4.4544 | ABOVE gap=16.77
2026-03-19 13:36:25,757 [INFO]   [P3 (H16-L14)] 0.75: lineP=23741.17 | bars_from_origin=62.0 slope=3.4568 | BELOW gap=33.98
2026-03-19 13:36:25,757 [INFO]   [P3 (H16-L14)] 0.5: lineP=23652.17 | bars_from_origin=62.0 slope=2.0213 | BELOW gap=122.98
2026-03-19 13:36:25,757 [INFO]   [P3 (H16-L14)] 0.25: lineP=23585.35 | bars_from_origin=62.0 slope=0.9435 | BELOW gap=189.80
2026-03-19 13:36:25,757 [INFO]   [P3 (H16-L14)] 0.125: lineP=23555.63 | bars_from_origin=62.0 slope=0.4642 | BELOW gap=219.52
2026-03-19 13:36:25,757 [INFO]   [P3 (H16-L14)] main: lineP=23633.98 | bars_from_origin=9.0 slope=0.0000 | BELOW gap=141.17
2026-03-19 13:36:25,757 [INFO]   [P2 (H16-L15)] main: lineP=23900.02 | bars_from_origin=49.0 slope=7.2137 | ABOVE gap=113.77
2026-03-19 13:36:25,757 [INFO]   [P2 (H16-L15)] 0.875: lineP=23804.70 | bars_from_origin=49.0 slope=5.2683 | ABOVE gap=18.45
2026-03-19 13:36:25,757 [INFO]   [P2 (H16-L15)] 0.75: lineP=23741.07 | bars_from_origin=49.0 slope=3.9697 | BELOW gap=34.08
2026-03-19 13:36:25,757 [INFO]   [P2 (H16-L15)] 0.5: lineP=23656.67 | bars_from_origin=49.0 slope=2.2473 | BELOW gap=118.48
2026-03-19 13:36:25,758 [INFO]   [P2 (H16-L15)] 0.25: lineP=23597.22 | bars_from_origin=49.0 slope=1.0340 | BELOW gap=177.93
2026-03-19 13:36:25,758 [INFO]   [P2 (H16-L15)] 0.125: lineP=23571.40 | bars_from_origin=49.0 slope=0.5071 | BELOW gap=203.75
2026-03-19 13:36:25,758 [INFO]   [P2 (H16-L15)] main: lineP=23636.44 | bars_from_origin=9.0 slope=0.0000 | BELOW gap=138.71
2026-03-19 13:36:25,758 [INFO]   [P1 (H16-L16)] main: lineP=23914.63 | bars_from_origin=31.0 slope=8.8364 | ABOVE gap=128.38
2026-03-19 13:36:25,758 [INFO]   [P1 (H16-L16)] 0.875: lineP=23830.01 | bars_from_origin=31.0 slope=6.1067 | ABOVE gap=43.76
2026-03-19 13:36:25,758 [INFO]   [P1 (H16-L16)] 0.75: lineP=23778.96 | bars_from_origin=31.0 slope=4.4600 | HIT gap=0.00
2026-03-19 13:36:25,758 [INFO]     >>> HIT RECORDED: P1 (H16-L16) frac=0.75 @ 23778.96
2026-03-19 13:36:25,758 [INFO]   [P1 (H16-L16)] 0.5: lineP=23716.52 | bars_from_origin=31.0 slope=2.4457 | BELOW gap=58.63
2026-03-19 13:36:25,758 [INFO]   [P1 (H16-L16)] 0.25: lineP=23675.12 | bars_from_origin=31.0 slope=1.1103 | BELOW gap=100.03
2026-03-19 13:36:25,759 [INFO]   [P1 (H16-L16)] 0.125: lineP=23657.53 | bars_from_origin=31.0 slope=0.5429 | BELOW gap=117.62
2026-03-19 13:36:25,759 [INFO]   [P1 (H16-L16)] main: lineP=23694.50 | bars_from_origin=9.0 slope=0.0000 | BELOW gap=80.65
2026-03-19 13:36:25,759 [INFO]   [IntDet] Total hits this bar: 1
2026-03-19 13:36:25,759 [INFO] [Study] Emitting intersection event (DIRECT): {'time': 1773816300, 'fan': 'P1 (H16-L16)', 'fanIdentity': 'H16-L16', 'fraction': '3/4', 'price': 23778.95887691649, 'type': 'SUPPORT_TEST', 'details': 'Resting / Throwback'}
2026-03-19 13:36:25,766 [INFO] [IntDet] Bar 328 | 2026-03-18 12:19 | H=23788.80 L=23776.40 C=23781.30 | Fans=3 Lines=21
2026-03-19 13:36:25,767 [INFO]   [P3 (H16-L14)] main: lineP=23893.26 | bars_from_origin=63.0 slope=5.8160 | ABOVE gap=104.46
2026-03-19 13:36:25,767 [INFO]   [P3 (H16-L14)] 0.875: lineP=23807.47 | bars_from_origin=63.0 slope=4.4544 | ABOVE gap=18.67
2026-03-19 13:36:25,767 [INFO]   [P3 (H16-L14)] 0.75: lineP=23744.63 | bars_from_origin=63.0 slope=3.4568 | BELOW gap=31.77
2026-03-19 13:36:25,767 [INFO]   [P3 (H16-L14)] 0.5: lineP=23654.19 | bars_from_origin=63.0 slope=2.0213 | BELOW gap=122.21
2026-03-19 13:36:25,767 [INFO]   [P3 (H16-L14)] 0.25: lineP=23586.29 | bars_from_origin=63.0 slope=0.9435 | BELOW gap=190.11
2026-03-19 13:36:25,767 [INFO]   [P3 (H16-L14)] 0.125: lineP=23556.09 | bars_from_origin=63.0 slope=0.4642 | BELOW gap=220.31
2026-03-19 13:36:25,767 [INFO]   [P3 (H16-L14)] main: lineP=23633.98 | bars_from_origin=10.0 slope=0.0000 | BELOW gap=142.42
2026-03-19 13:36:25,767 [INFO]   [P2 (H16-L15)] main: lineP=23907.24 | bars_from_origin=50.0 slope=7.2137 | ABOVE gap=118.44
2026-03-19 13:36:25,768 [INFO]   [P2 (H16-L15)] 0.875: lineP=23809.97 | bars_from_origin=50.0 slope=5.2683 | ABOVE gap=21.17
2026-03-19 13:36:25,768 [INFO]   [P2 (H16-L15)] 0.75: lineP=23745.04 | bars_from_origin=50.0 slope=3.9697 | BELOW gap=31.36
2026-03-19 13:36:25,768 [INFO]   [P2 (H16-L15)] 0.5: lineP=23658.91 | bars_from_origin=50.0 slope=2.2473 | BELOW gap=117.49
2026-03-19 13:36:25,768 [INFO]   [P2 (H16-L15)] 0.25: lineP=23598.25 | bars_from_origin=50.0 slope=1.0340 | BELOW gap=178.15
2026-03-19 13:36:25,768 [INFO]   [P2 (H16-L15)] 0.125: lineP=23571.90 | bars_from_origin=50.0 slope=0.5071 | BELOW gap=204.50
2026-03-19 13:36:25,768 [INFO]   [P2 (H16-L15)] main: lineP=23636.44 | bars_from_origin=10.0 slope=0.0000 | BELOW gap=139.96
2026-03-19 13:36:25,768 [INFO]   [P1 (H16-L16)] main: lineP=23923.46 | bars_from_origin=32.0 slope=8.8364 | ABOVE gap=134.66
2026-03-19 13:36:25,769 [INFO]   [P1 (H16-L16)] 0.875: lineP=23836.11 | bars_from_origin=32.0 slope=6.1067 | ABOVE gap=47.31
2026-03-19 13:36:25,769 [INFO]   [P1 (H16-L16)] 0.75: lineP=23783.42 | bars_from_origin=32.0 slope=4.4600 | HIT gap=0.00
2026-03-19 13:36:25,769 [INFO]     >>> HIT RECORDED: P1 (H16-L16) frac=0.75 @ 23783.42
2026-03-19 13:36:25,769 [INFO]   [P1 (H16-L16)] 0.5: lineP=23718.96 | bars_from_origin=32.0 slope=2.4457 | BELOW gap=57.44
2026-03-19 13:36:25,769 [INFO]   [P1 (H16-L16)] 0.25: lineP=23676.23 | bars_from_origin=32.0 slope=1.1103 | BELOW gap=100.17
2026-03-19 13:36:25,769 [INFO]   [P1 (H16-L16)] 0.125: lineP=23658.07 | bars_from_origin=32.0 slope=0.5429 | BELOW gap=118.33
2026-03-19 13:36:25,769 [INFO]   [P1 (H16-L16)] main: lineP=23694.50 | bars_from_origin=10.0 slope=0.0000 | BELOW gap=81.90
2026-03-19 13:36:25,769 [INFO]   [IntDet] Total hits this bar: 1
2026-03-19 13:36:25,770 [INFO] [Study] Emitting intersection event (DIRECT): {'time': 1773816540, 'fan': 'P1 (H16-L16)', 'fanIdentity': 'H16-L16', 'fraction': '3/4', 'price': 23783.418865889602, 'type': 'CROSS_DOWN', 'details': 'Breakdown Attempt'}
2026-03-19 13:36:25,777 [INFO] [IntDet] Bar 329 | 2026-03-18 12:23 | H=23787.15 L=23762.60 C=23767.10 | Fans=3 Lines=21
2026-03-19 13:36:25,778 [INFO]   [P3 (H16-L14)] main: lineP=23899.08 | bars_from_origin=64.0 slope=5.8160 | ABOVE gap=111.93
2026-03-19 13:36:25,778 [INFO]   [P3 (H16-L14)] 0.875: lineP=23811.93 | bars_from_origin=64.0 slope=4.4544 | ABOVE gap=24.78
2026-03-19 13:36:25,778 [INFO]   [P3 (H16-L14)] 0.75: lineP=23748.08 | bars_from_origin=64.0 slope=3.4568 | BELOW gap=14.52
2026-03-19 13:36:25,778 [INFO]   [P3 (H16-L14)] 0.5: lineP=23656.21 | bars_from_origin=64.0 slope=2.0213 | BELOW gap=106.39
2026-03-19 13:36:25,778 [INFO]   [P3 (H16-L14)] 0.25: lineP=23587.23 | bars_from_origin=64.0 slope=0.9435 | BELOW gap=175.37
2026-03-19 13:36:25,778 [INFO]   [P3 (H16-L14)] 0.125: lineP=23556.56 | bars_from_origin=64.0 slope=0.4642 | BELOW gap=206.04
2026-03-19 13:36:25,778 [INFO]   [P3 (H16-L14)] main: lineP=23633.98 | bars_from_origin=11.0 slope=0.0000 | BELOW gap=128.62
2026-03-19 13:36:25,778 [INFO]   [P2 (H16-L15)] main: lineP=23914.45 | bars_from_origin=51.0 slope=7.2137 | ABOVE gap=127.30
2026-03-19 13:36:25,778 [INFO]   [P2 (H16-L15)] 0.875: lineP=23815.23 | bars_from_origin=51.0 slope=5.2683 | ABOVE gap=28.08
2026-03-19 13:36:25,779 [INFO]   [P2 (H16-L15)] 0.75: lineP=23749.01 | bars_from_origin=51.0 slope=3.9697 | BELOW gap=13.59
2026-03-19 13:36:25,779 [INFO]   [P2 (H16-L15)] 0.5: lineP=23661.16 | bars_from_origin=51.0 slope=2.2473 | BELOW gap=101.44
2026-03-19 13:36:25,779 [INFO]   [P2 (H16-L15)] 0.25: lineP=23599.28 | bars_from_origin=51.0 slope=1.0340 | BELOW gap=163.32
2026-03-19 13:36:25,779 [INFO]   [P2 (H16-L15)] 0.125: lineP=23572.41 | bars_from_origin=51.0 slope=0.5071 | BELOW gap=190.19
2026-03-19 13:36:25,779 [INFO]   [P2 (H16-L15)] main: lineP=23636.44 | bars_from_origin=11.0 slope=0.0000 | BELOW gap=126.16
2026-03-19 13:36:25,779 [INFO]   [P1 (H16-L16)] main: lineP=23932.30 | bars_from_origin=33.0 slope=8.8364 | ABOVE gap=145.15
2026-03-19 13:36:25,779 [INFO]   [P1 (H16-L16)] 0.875: lineP=23842.22 | bars_from_origin=33.0 slope=6.1067 | ABOVE gap=55.07
2026-03-19 13:36:25,779 [INFO]   [P1 (H16-L16)] 0.75: lineP=23787.88 | bars_from_origin=33.0 slope=4.4600 | ABOVE gap=0.73
2026-03-19 13:36:25,780 [INFO]   [P1 (H16-L16)] 0.5: lineP=23721.41 | bars_from_origin=33.0 slope=2.4457 | BELOW gap=41.19
2026-03-19 13:36:25,780 [INFO]   [P1 (H16-L16)] 0.25: lineP=23677.34 | bars_from_origin=33.0 slope=1.1103 | BELOW gap=85.26
2026-03-19 13:36:25,780 [INFO]   [P1 (H16-L16)] 0.125: lineP=23658.62 | bars_from_origin=33.0 slope=0.5429 | BELOW gap=103.98
2026-03-19 13:36:25,780 [INFO]   [P1 (H16-L16)] main: lineP=23694.50 | bars_from_origin=11.0 slope=0.0000 | BELOW gap=68.10
2026-03-19 13:36:25,780 [INFO] [Tracking] Breach CONFIRMED: Fan_H16_L16 0.75 down (T+1 bars)
2026-03-19 13:36:25,782 [INFO] [IntDet] Bar 330 | 2026-03-18 12:27 | H=23781.45 L=23760.90 C=23780.00 | Fans=3 Lines=21
2026-03-19 13:36:25,783 [INFO]   [P3 (H16-L14)] main: lineP=23904.89 | bars_from_origin=65.0 slope=5.8160 | ABOVE gap=123.44
2026-03-19 13:36:25,783 [INFO]   [P3 (H16-L14)] 0.875: lineP=23816.38 | bars_from_origin=65.0 slope=4.4544 | ABOVE gap=34.93
2026-03-19 13:36:25,783 [INFO]   [P3 (H16-L14)] 0.75: lineP=23751.54 | bars_from_origin=65.0 slope=3.4568 | BELOW gap=9.36
2026-03-19 13:36:25,783 [INFO]   [P3 (H16-L14)] 0.5: lineP=23658.23 | bars_from_origin=65.0 slope=2.0213 | BELOW gap=102.67
2026-03-19 13:36:25,783 [INFO]   [P3 (H16-L14)] 0.25: lineP=23588.18 | bars_from_origin=65.0 slope=0.9435 | BELOW gap=172.72
2026-03-19 13:36:25,783 [INFO]   [P3 (H16-L14)] 0.125: lineP=23557.02 | bars_from_origin=65.0 slope=0.4642 | BELOW gap=203.88
2026-03-19 13:36:25,783 [INFO]   [P3 (H16-L14)] main: lineP=23633.98 | bars_from_origin=12.0 slope=0.0000 | BELOW gap=126.92
2026-03-19 13:36:25,783 [INFO]   [P2 (H16-L15)] main: lineP=23921.66 | bars_from_origin=52.0 slope=7.2137 | ABOVE gap=140.22
2026-03-19 13:36:25,783 [INFO]   [P2 (H16-L15)] 0.875: lineP=23820.50 | bars_from_origin=52.0 slope=5.2683 | ABOVE gap=39.05
2026-03-19 13:36:25,783 [INFO]   [P2 (H16-L15)] 0.75: lineP=23752.98 | bars_from_origin=52.0 slope=3.9697 | BELOW gap=7.92
2026-03-19 13:36:25,783 [INFO]   [P2 (H16-L15)] 0.5: lineP=23663.41 | bars_from_origin=52.0 slope=2.2473 | BELOW gap=97.49
2026-03-19 13:36:25,784 [INFO]   [P2 (H16-L15)] 0.25: lineP=23600.32 | bars_from_origin=52.0 slope=1.0340 | BELOW gap=160.58
2026-03-19 13:36:25,784 [INFO]   [P2 (H16-L15)] 0.125: lineP=23572.92 | bars_from_origin=52.0 slope=0.5071 | BELOW gap=187.98
2026-03-19 13:36:25,784 [INFO]   [P2 (H16-L15)] main: lineP=23636.44 | bars_from_origin=12.0 slope=0.0000 | BELOW gap=124.46
2026-03-19 13:36:25,784 [INFO]   [P1 (H16-L16)] main: lineP=23941.14 | bars_from_origin=34.0 slope=8.8364 | ABOVE gap=159.69
2026-03-19 13:36:25,784 [INFO]   [P1 (H16-L16)] 0.875: lineP=23848.33 | bars_from_origin=34.0 slope=6.1067 | ABOVE gap=66.88
2026-03-19 13:36:25,784 [INFO]   [P1 (H16-L16)] 0.75: lineP=23792.34 | bars_from_origin=34.0 slope=4.4600 | ABOVE gap=10.89
2026-03-19 13:36:25,784 [INFO]   [P1 (H16-L16)] 0.5: lineP=23723.85 | bars_from_origin=34.0 slope=2.4457 | BELOW gap=37.05
2026-03-19 13:36:25,784 [INFO]   [P1 (H16-L16)] 0.25: lineP=23678.45 | bars_from_origin=34.0 slope=1.1103 | BELOW gap=82.45
2026-03-19 13:36:25,784 [INFO]   [P1 (H16-L16)] 0.125: lineP=23659.16 | bars_from_origin=34.0 slope=0.5429 | BELOW gap=101.74
2026-03-19 13:36:25,784 [INFO]   [P1 (H16-L16)] main: lineP=23694.50 | bars_from_origin=12.0 slope=0.0000 | BELOW gap=66.40
2026-03-19 13:36:25,787 [INFO] [IntDet] Bar 331 | 2026-03-18 12:31 | H=23789.95 L=23775.70 C=23780.85 | Fans=3 Lines=21
2026-03-19 13:36:25,787 [INFO]   [P3 (H16-L14)] main: lineP=23910.71 | bars_from_origin=66.0 slope=5.8160 | ABOVE gap=120.76
2026-03-19 13:36:25,787 [INFO]   [P3 (H16-L14)] 0.875: lineP=23820.84 | bars_from_origin=66.0 slope=4.4544 | ABOVE gap=30.89
2026-03-19 13:36:25,787 [INFO]   [P3 (H16-L14)] 0.75: lineP=23755.00 | bars_from_origin=66.0 slope=3.4568 | BELOW gap=20.70
2026-03-19 13:36:25,787 [INFO]   [P3 (H16-L14)] 0.5: lineP=23660.25 | bars_from_origin=66.0 slope=2.0213 | BELOW gap=115.45
2026-03-19 13:36:25,787 [INFO]   [P3 (H16-L14)] 0.25: lineP=23589.12 | bars_from_origin=66.0 slope=0.9435 | BELOW gap=186.58
2026-03-19 13:36:25,788 [INFO]   [P3 (H16-L14)] 0.125: lineP=23557.48 | bars_from_origin=66.0 slope=0.4642 | BELOW gap=218.22
2026-03-19 13:36:25,788 [INFO]   [P3 (H16-L14)] main: lineP=23633.98 | bars_from_origin=13.0 slope=0.0000 | BELOW gap=141.72
2026-03-19 13:36:25,788 [INFO]   [P2 (H16-L15)] main: lineP=23928.88 | bars_from_origin=53.0 slope=7.2137 | ABOVE gap=138.93
2026-03-19 13:36:25,788 [INFO]   [P2 (H16-L15)] 0.875: lineP=23825.77 | bars_from_origin=53.0 slope=5.2683 | ABOVE gap=35.82
2026-03-19 13:36:25,788 [INFO]   [P2 (H16-L15)] 0.75: lineP=23756.95 | bars_from_origin=53.0 slope=3.9697 | BELOW gap=18.75
2026-03-19 13:36:25,788 [INFO]   [P2 (H16-L15)] 0.5: lineP=23665.66 | bars_from_origin=53.0 slope=2.2473 | BELOW gap=110.04
2026-03-19 13:36:25,788 [INFO]   [P2 (H16-L15)] 0.25: lineP=23601.35 | bars_from_origin=53.0 slope=1.0340 | BELOW gap=174.35
2026-03-19 13:36:25,788 [INFO]   [P2 (H16-L15)] 0.125: lineP=23573.43 | bars_from_origin=53.0 slope=0.5071 | BELOW gap=202.27
2026-03-19 13:36:25,788 [INFO]   [P2 (H16-L15)] main: lineP=23636.44 | bars_from_origin=13.0 slope=0.0000 | BELOW gap=139.26
2026-03-19 13:36:25,788 [INFO]   [P1 (H16-L16)] main: lineP=23949.97 | bars_from_origin=35.0 slope=8.8364 | ABOVE gap=160.02
2026-03-19 13:36:25,788 [INFO]   [P1 (H16-L16)] 0.875: lineP=23854.43 | bars_from_origin=35.0 slope=6.1067 | ABOVE gap=64.48
2026-03-19 13:36:25,789 [INFO]   [P1 (H16-L16)] 0.75: lineP=23796.80 | bars_from_origin=35.0 slope=4.4600 | ABOVE gap=6.85
2026-03-19 13:36:25,789 [INFO]   [P1 (H16-L16)] 0.5: lineP=23726.30 | bars_from_origin=35.0 slope=2.4457 | BELOW gap=49.40
2026-03-19 13:36:25,789 [INFO]   [P1 (H16-L16)] 0.25: lineP=23679.56 | bars_from_origin=35.0 slope=1.1103 | BELOW gap=96.14
2026-03-19 13:36:25,789 [INFO]   [P1 (H16-L16)] 0.125: lineP=23659.70 | bars_from_origin=35.0 slope=0.5429 | BELOW gap=116.00
2026-03-19 13:36:25,789 [INFO]   [P1 (H16-L16)] main: lineP=23694.50 | bars_from_origin=13.0 slope=0.0000 | BELOW gap=81.19
2026-03-19 13:36:25,792 [INFO] [IntDet] Bar 332 | 2026-03-18 12:35 | H=23788.80 L=23765.30 C=23772.20 | Fans=3 Lines=21
2026-03-19 13:36:25,792 [INFO]   [P3 (H16-L14)] main: lineP=23916.52 | bars_from_origin=67.0 slope=5.8160 | ABOVE gap=127.72
2026-03-19 13:36:25,792 [INFO]   [P3 (H16-L14)] 0.875: lineP=23825.29 | bars_from_origin=67.0 slope=4.4544 | ABOVE gap=36.49
2026-03-19 13:36:25,792 [INFO]   [P3 (H16-L14)] 0.75: lineP=23758.45 | bars_from_origin=67.0 slope=3.4568 | BELOW gap=6.85
2026-03-19 13:36:25,792 [INFO]   [P3 (H16-L14)] 0.5: lineP=23662.27 | bars_from_origin=67.0 slope=2.0213 | BELOW gap=103.03
2026-03-19 13:36:25,793 [INFO]   [P3 (H16-L14)] 0.25: lineP=23590.06 | bars_from_origin=67.0 slope=0.9435 | BELOW gap=175.24
2026-03-19 13:36:25,793 [INFO]   [P3 (H16-L14)] 0.125: lineP=23557.95 | bars_from_origin=67.0 slope=0.4642 | BELOW gap=207.35
2026-03-19 13:36:25,793 [INFO]   [P3 (H16-L14)] main: lineP=23633.98 | bars_from_origin=14.0 slope=0.0000 | BELOW gap=131.32
2026-03-19 13:36:25,793 [INFO]   [P2 (H16-L15)] main: lineP=23936.09 | bars_from_origin=54.0 slope=7.2137 | ABOVE gap=147.29
2026-03-19 13:36:25,793 [INFO]   [P2 (H16-L15)] 0.875: lineP=23831.04 | bars_from_origin=54.0 slope=5.2683 | ABOVE gap=42.24
2026-03-19 13:36:25,793 [INFO]   [P2 (H16-L15)] 0.75: lineP=23760.92 | bars_from_origin=54.0 slope=3.9697 | BELOW gap=4.38
2026-03-19 13:36:25,793 [INFO]   [P2 (H16-L15)] 0.5: lineP=23667.90 | bars_from_origin=54.0 slope=2.2473 | BELOW gap=97.40
2026-03-19 13:36:25,793 [INFO]   [P2 (H16-L15)] 0.25: lineP=23602.39 | bars_from_origin=54.0 slope=1.0340 | BELOW gap=162.92
2026-03-19 13:36:25,794 [INFO]   [P2 (H16-L15)] 0.125: lineP=23573.93 | bars_from_origin=54.0 slope=0.5071 | BELOW gap=191.37
2026-03-19 13:36:25,794 [INFO]   [P2 (H16-L15)] main: lineP=23636.44 | bars_from_origin=14.0 slope=0.0000 | BELOW gap=128.86
2026-03-19 13:36:25,794 [INFO]   [P1 (H16-L16)] main: lineP=23958.81 | bars_from_origin=36.0 slope=8.8364 | ABOVE gap=170.01
2026-03-19 13:36:25,794 [INFO]   [P1 (H16-L16)] 0.875: lineP=23860.54 | bars_from_origin=36.0 slope=6.1067 | ABOVE gap=71.74
2026-03-19 13:36:25,794 [INFO]   [P1 (H16-L16)] 0.75: lineP=23801.26 | bars_from_origin=36.0 slope=4.4600 | ABOVE gap=12.46
2026-03-19 13:36:25,794 [INFO]   [P1 (H16-L16)] 0.5: lineP=23728.74 | bars_from_origin=36.0 slope=2.4457 | BELOW gap=36.56
2026-03-19 13:36:25,794 [INFO]   [P1 (H16-L16)] 0.25: lineP=23680.67 | bars_from_origin=36.0 slope=1.1103 | BELOW gap=84.63
2026-03-19 13:36:25,794 [INFO]   [P1 (H16-L16)] 0.125: lineP=23660.25 | bars_from_origin=36.0 slope=0.5429 | BELOW gap=105.06
2026-03-19 13:36:25,794 [INFO]   [P1 (H16-L16)] main: lineP=23694.50 | bars_from_origin=14.0 slope=0.0000 | BELOW gap=70.80
2026-03-19 13:36:25,797 [INFO] [IntDet] Bar 333 | 2026-03-18 12:39 | H=23774.20 L=23762.40 C=23771.65 | Fans=3 Lines=21
2026-03-19 13:36:25,797 [INFO]   [P3 (H16-L14)] main: lineP=23922.34 | bars_from_origin=68.0 slope=5.8160 | ABOVE gap=148.14
2026-03-19 13:36:25,797 [INFO]   [P3 (H16-L14)] 0.875: lineP=23829.75 | bars_from_origin=68.0 slope=4.4544 | ABOVE gap=55.55
2026-03-19 13:36:25,797 [INFO]   [P3 (H16-L14)] 0.75: lineP=23761.91 | bars_from_origin=68.0 slope=3.4568 | BELOW gap=0.49
2026-03-19 13:36:25,797 [INFO]   [P3 (H16-L14)] 0.5: lineP=23664.30 | bars_from_origin=68.0 slope=2.0213 | BELOW gap=98.11
2026-03-19 13:36:25,797 [INFO]   [P3 (H16-L14)] 0.25: lineP=23591.01 | bars_from_origin=68.0 slope=0.9435 | BELOW gap=171.39
2026-03-19 13:36:25,798 [INFO]   [P3 (H16-L14)] 0.125: lineP=23558.41 | bars_from_origin=68.0 slope=0.4642 | BELOW gap=203.99
2026-03-19 13:36:25,798 [INFO]   [P3 (H16-L14)] main: lineP=23633.98 | bars_from_origin=15.0 slope=0.0000 | BELOW gap=128.42
2026-03-19 13:36:25,798 [INFO]   [P2 (H16-L15)] main: lineP=23943.31 | bars_from_origin=55.0 slope=7.2137 | ABOVE gap=169.11
2026-03-19 13:36:25,798 [INFO]   [P2 (H16-L15)] 0.875: lineP=23836.31 | bars_from_origin=55.0 slope=5.2683 | ABOVE gap=62.11
2026-03-19 13:36:25,798 [INFO]   [P2 (H16-L15)] 0.75: lineP=23764.89 | bars_from_origin=55.0 slope=3.9697 | HIT gap=0.00
2026-03-19 13:36:25,798 [INFO]     >>> HIT RECORDED: P2 (H16-L15) frac=0.75 @ 23764.89
2026-03-19 13:36:25,798 [INFO]   [P2 (H16-L15)] 0.5: lineP=23670.15 | bars_from_origin=55.0 slope=2.2473 | BELOW gap=92.25
2026-03-19 13:36:25,798 [INFO]   [P2 (H16-L15)] 0.25: lineP=23603.42 | bars_from_origin=55.0 slope=1.0340 | BELOW gap=158.98
2026-03-19 13:36:25,798 [INFO]   [P2 (H16-L15)] 0.125: lineP=23574.44 | bars_from_origin=55.0 slope=0.5071 | BELOW gap=187.96
2026-03-19 13:36:25,798 [INFO]   [P2 (H16-L15)] main: lineP=23636.44 | bars_from_origin=15.0 slope=0.0000 | BELOW gap=125.96
2026-03-19 13:36:25,799 [INFO]   [P1 (H16-L16)] main: lineP=23967.65 | bars_from_origin=37.0 slope=8.8364 | ABOVE gap=193.45
2026-03-19 13:36:25,799 [INFO]   [P1 (H16-L16)] 0.875: lineP=23866.65 | bars_from_origin=37.0 slope=6.1067 | ABOVE gap=92.45
2026-03-19 13:36:25,799 [INFO]   [P1 (H16-L16)] 0.75: lineP=23805.72 | bars_from_origin=37.0 slope=4.4600 | ABOVE gap=31.52
2026-03-19 13:36:25,799 [INFO]   [P1 (H16-L16)] 0.5: lineP=23731.19 | bars_from_origin=37.0 slope=2.4457 | BELOW gap=31.21
2026-03-19 13:36:25,799 [INFO]   [P1 (H16-L16)] 0.25: lineP=23681.78 | bars_from_origin=37.0 slope=1.1103 | BELOW gap=80.62
2026-03-19 13:36:25,799 [INFO]   [P1 (H16-L16)] 0.125: lineP=23660.79 | bars_from_origin=37.0 slope=0.5429 | BELOW gap=101.61
2026-03-19 13:36:25,799 [INFO]   [P1 (H16-L16)] main: lineP=23694.50 | bars_from_origin=15.0 slope=0.0000 | BELOW gap=67.90
2026-03-19 13:36:25,799 [INFO]   [IntDet] Total hits this bar: 1
2026-03-19 13:36:25,799 [INFO] [Study] Emitting intersection event (DIRECT): {'time': 1773817740, 'fan': 'P2 (H16-L15)', 'fanIdentity': 'H16-L15', 'fraction': '3/4', 'price': 23764.885801719505, 'type': 'SUPPORT_TEST', 'details': 'Resting / Throwback'}
2026-03-19 13:36:25,811 [INFO] [IntDet] Bar 334 | 2026-03-18 12:43 | H=23778.35 L=23767.80 C=23772.85 | Fans=3 Lines=21
2026-03-19 13:36:25,811 [INFO]   [P3 (H16-L14)] main: lineP=23928.16 | bars_from_origin=69.0 slope=5.8160 | ABOVE gap=149.81
2026-03-19 13:36:25,811 [INFO]   [P3 (H16-L14)] 0.875: lineP=23834.20 | bars_from_origin=69.0 slope=4.4544 | ABOVE gap=55.85
2026-03-19 13:36:25,811 [INFO]   [P3 (H16-L14)] 0.75: lineP=23765.37 | bars_from_origin=69.0 slope=3.4568 | BELOW gap=2.43
2026-03-19 13:36:25,811 [INFO]   [P3 (H16-L14)] 0.5: lineP=23666.32 | bars_from_origin=69.0 slope=2.0213 | BELOW gap=101.48
2026-03-19 13:36:25,811 [INFO]   [P3 (H16-L14)] 0.25: lineP=23591.95 | bars_from_origin=69.0 slope=0.9435 | BELOW gap=175.85
2026-03-19 13:36:25,811 [INFO]   [P3 (H16-L14)] 0.125: lineP=23558.88 | bars_from_origin=69.0 slope=0.4642 | BELOW gap=208.92
2026-03-19 13:36:25,811 [INFO]   [P3 (H16-L14)] main: lineP=23633.98 | bars_from_origin=16.0 slope=0.0000 | BELOW gap=133.82
2026-03-19 13:36:25,811 [INFO]   [P2 (H16-L15)] main: lineP=23950.52 | bars_from_origin=56.0 slope=7.2137 | ABOVE gap=172.17
2026-03-19 13:36:25,812 [INFO]   [P2 (H16-L15)] 0.875: lineP=23841.58 | bars_from_origin=56.0 slope=5.2683 | ABOVE gap=63.23
2026-03-19 13:36:25,812 [INFO]   [P2 (H16-L15)] 0.75: lineP=23768.86 | bars_from_origin=56.0 slope=3.9697 | HIT gap=0.00
2026-03-19 13:36:25,812 [INFO]     >>> HIT RECORDED: P2 (H16-L15) frac=0.75 @ 23768.86
2026-03-19 13:36:25,812 [INFO]   [P2 (H16-L15)] 0.5: lineP=23672.40 | bars_from_origin=56.0 slope=2.2473 | BELOW gap=95.40
2026-03-19 13:36:25,812 [INFO]   [P2 (H16-L15)] 0.25: lineP=23604.45 | bars_from_origin=56.0 slope=1.0340 | BELOW gap=163.35
2026-03-19 13:36:25,812 [INFO]   [P2 (H16-L15)] 0.125: lineP=23574.95 | bars_from_origin=56.0 slope=0.5071 | BELOW gap=192.85
2026-03-19 13:36:25,812 [INFO]   [P2 (H16-L15)] main: lineP=23636.44 | bars_from_origin=16.0 slope=0.0000 | BELOW gap=131.36
2026-03-19 13:36:25,812 [INFO]   [P1 (H16-L16)] main: lineP=23976.48 | bars_from_origin=38.0 slope=8.8364 | ABOVE gap=198.13
2026-03-19 13:36:25,812 [INFO]   [P1 (H16-L16)] 0.875: lineP=23872.75 | bars_from_origin=38.0 slope=6.1067 | ABOVE gap=94.40
2026-03-19 13:36:25,813 [INFO]   [P1 (H16-L16)] 0.75: lineP=23810.18 | bars_from_origin=38.0 slope=4.4600 | ABOVE gap=31.83
2026-03-19 13:36:25,813 [INFO]   [P1 (H16-L16)] 0.5: lineP=23733.64 | bars_from_origin=38.0 slope=2.4457 | BELOW gap=34.17
2026-03-19 13:36:25,813 [INFO]   [P1 (H16-L16)] 0.25: lineP=23682.89 | bars_from_origin=38.0 slope=1.1103 | BELOW gap=84.91
2026-03-19 13:36:25,813 [INFO]   [P1 (H16-L16)] 0.125: lineP=23661.33 | bars_from_origin=38.0 slope=0.5429 | BELOW gap=106.47
2026-03-19 13:36:25,813 [INFO]   [P1 (H16-L16)] main: lineP=23694.50 | bars_from_origin=16.0 slope=0.0000 | BELOW gap=73.30
2026-03-19 13:36:25,813 [INFO]   [IntDet] Total hits this bar: 1
2026-03-19 13:36:25,813 [INFO] [Study] Emitting intersection event (DIRECT): {'time': 1773817980, 'fan': 'P2 (H16-L15)', 'fanIdentity': 'H16-L15', 'fraction': '3/4', 'price': 23768.855529364406, 'type': 'SUPPORT_TEST', 'details': 'Resting / Throwback'}
2026-03-19 13:36:25,822 [INFO] [Study] Removing invalidated/excess fan: Fan_H16_L14
2026-03-19 13:36:25,822 [INFO] [Study] Creating new fan: Fan_L17_H16 (P1 (L17-H16))
2026-03-19 13:36:25,823 [INFO] [AngleEngine] scale_ratio=3.6603, slope_per_bar=-6.1833, visual_slope=-1.6893, theta=-59.38 deg
2026-03-19 13:36:25,823 [INFO] --- [AngleEngine] Fan Created: Fan_L17_H16 ---
2026-03-19 13:36:25,823 [INFO]   Origin: Bar 318, Time 1773814140, Price 23835.099609375
2026-03-19 13:36:25,823 [INFO]   Target: Bar 330, Time 1773817020, Price 23760.900390625
2026-03-19 13:36:25,823 [INFO]   Delta: db=12, dp_origin=-74.20
2026-03-19 13:36:25,823 [INFO]   Scale Params: Ratio=3.6603, Radius=23.56 bars, Slope/Bar=-6.1833
2026-03-19 13:36:25,824 [INFO]   Line 0.875: EndBar=1773817020 (approx), EndPrice=23778.97
2026-03-19 13:36:25,824 [INFO]   Line 0.75: EndBar=1773817020 (approx), EndPrice=23791.89
2026-03-19 13:36:25,824 [INFO]   Line 0.5: EndBar=1773817020 (approx), EndPrice=23810.06
2026-03-19 13:36:25,824 [INFO]   Line 0.25: EndBar=1773817020 (approx), EndPrice=23823.46
2026-03-19 13:36:25,824 [INFO]   Line 0.125: EndBar=1773817020 (approx), EndPrice=23829.38
2026-03-19 13:36:25,824 [INFO] [Study] Updating fan priority: Fan_H16_L15 -> P3 (H16-L15)
2026-03-19 13:36:25,824 [INFO] [Study] Updating fan priority: Fan_H16_L16 -> P2 (H16-L16)
2026-03-19 13:36:25,824 [INFO] [IntDet] Bar 335 | 2026-03-18 12:47 | H=23790.60 L=23764.95 C=23789.30 | Fans=3 Lines=21
2026-03-19 13:36:25,825 [INFO]   [P3 (H16-L15)] main: lineP=23957.73 | bars_from_origin=57.0 slope=7.2137 | ABOVE gap=167.13
2026-03-19 13:36:25,825 [INFO]   [P3 (H16-L15)] 0.875: lineP=23846.84 | bars_from_origin=57.0 slope=5.2683 | ABOVE gap=56.25
2026-03-19 13:36:25,825 [INFO]   [P3 (H16-L15)] 0.75: lineP=23772.83 | bars_from_origin=57.0 slope=3.9697 | HIT gap=0.00
2026-03-19 13:36:25,825 [INFO]     >>> HIT RECORDED: P3 (H16-L15) frac=0.75 @ 23772.83
2026-03-19 13:36:25,825 [INFO]   [P3 (H16-L15)] 0.5: lineP=23674.65 | bars_from_origin=57.0 slope=2.2473 | BELOW gap=90.30
2026-03-19 13:36:25,825 [INFO]   [P3 (H16-L15)] 0.25: lineP=23605.49 | bars_from_origin=57.0 slope=1.0340 | BELOW gap=159.46
2026-03-19 13:36:25,825 [INFO]   [P3 (H16-L15)] 0.125: lineP=23575.45 | bars_from_origin=57.0 slope=0.5071 | BELOW gap=189.50
2026-03-19 13:36:25,825 [INFO]   [P3 (H16-L15)] main: lineP=23636.44 | bars_from_origin=17.0 slope=0.0000 | BELOW gap=128.51
2026-03-19 13:36:25,825 [INFO]   [P2 (H16-L16)] main: lineP=23985.32 | bars_from_origin=39.0 slope=8.8364 | ABOVE gap=194.72
2026-03-19 13:36:25,825 [INFO]   [P2 (H16-L16)] 0.875: lineP=23878.86 | bars_from_origin=39.0 slope=6.1067 | ABOVE gap=88.26
2026-03-19 13:36:25,826 [INFO]   [P2 (H16-L16)] 0.75: lineP=23814.64 | bars_from_origin=39.0 slope=4.4600 | ABOVE gap=24.04
2026-03-19 13:36:25,826 [INFO]   [P2 (H16-L16)] 0.5: lineP=23736.08 | bars_from_origin=39.0 slope=2.4457 | BELOW gap=28.87
2026-03-19 13:36:25,826 [INFO]   [P2 (H16-L16)] 0.25: lineP=23684.00 | bars_from_origin=39.0 slope=1.1103 | BELOW gap=80.95
2026-03-19 13:36:25,826 [INFO]   [P2 (H16-L16)] 0.125: lineP=23661.87 | bars_from_origin=39.0 slope=0.5429 | BELOW gap=103.08
2026-03-19 13:36:25,826 [INFO]   [P2 (H16-L16)] main: lineP=23694.50 | bars_from_origin=17.0 slope=0.0000 | BELOW gap=70.44
2026-03-19 13:36:25,826 [INFO]   [P1 (L17-H16)] main: lineP=23729.98 | bars_from_origin=17.0 slope=-6.1833 | BELOW gap=34.97
2026-03-19 13:36:25,826 [INFO]   [P1 (L17-H16)] 0.875: lineP=23755.59 | bars_from_origin=17.0 slope=-4.6772 | BELOW gap=9.36
2026-03-19 13:36:25,827 [INFO]   [P1 (L17-H16)] 0.75: lineP=23773.88 | bars_from_origin=17.0 slope=-3.6010 | HIT gap=0.00
2026-03-19 13:36:25,827 [INFO]     >>> HIT RECORDED: P1 (L17-H16) frac=0.75 @ 23773.88
2026-03-19 13:36:25,827 [INFO]   [P1 (L17-H16)] 0.5: lineP=23799.62 | bars_from_origin=17.0 slope=-2.0868 | ABOVE gap=9.02
2026-03-19 13:36:25,827 [INFO]   [P1 (L17-H16)] 0.25: lineP=23818.61 | bars_from_origin=17.0 slope=-0.9701 | ABOVE gap=28.01
2026-03-19 13:36:25,827 [INFO]   [P1 (L17-H16)] 0.125: lineP=23826.99 | bars_from_origin=17.0 slope=-0.4768 | ABOVE gap=36.39
2026-03-19 13:36:25,827 [INFO]   [P1 (L17-H16)] main: lineP=23810.06 | bars_from_origin=5.0 slope=0.0000 | ABOVE gap=19.46
2026-03-19 13:36:25,827 [INFO]   [IntDet] Total hits this bar: 2
2026-03-19 13:36:25,827 [INFO] [Study] Emitting intersection event (DIRECT): {'time': 1773818220, 'fan': 'P3 (H16-L15)', 'fanIdentity': 'H16-L15', 'fraction': '3/4', 'price': 23772.825257009306, 'type': 'CROSS_UP', 'details': 'Breakout Attempt'}
2026-03-19 13:36:25,834 [INFO] [Study] Emitting intersection event (DIRECT): {'time': 1773818220, 'fan': 'P1 (L17-H16)', 'fanIdentity': 'L17-H16', 'fraction': '3/4', 'price': 23773.8831368928, 'type': 'CROSS_UP', 'details': 'Breakout Attempt'}
2026-03-19 13:36:25,841 [INFO] [IntDet] Bar 336 | 2026-03-18 12:51 | H=23794.50 L=23768.35 C=23772.45 | Fans=3 Lines=21
2026-03-19 13:36:25,841 [INFO]   [P3 (H16-L15)] main: lineP=23964.95 | bars_from_origin=58.0 slope=7.2137 | ABOVE gap=170.45
2026-03-19 13:36:25,841 [INFO]   [P3 (H16-L15)] 0.875: lineP=23852.11 | bars_from_origin=58.0 slope=5.2683 | ABOVE gap=57.61
2026-03-19 13:36:25,841 [INFO]   [P3 (H16-L15)] 0.75: lineP=23776.79 | bars_from_origin=58.0 slope=3.9697 | HIT gap=0.00
2026-03-19 13:36:25,841 [INFO]     >>> HIT RECORDED: P3 (H16-L15) frac=0.75 @ 23776.79
2026-03-19 13:36:25,842 [INFO]   [P3 (H16-L15)] 0.5: lineP=23676.89 | bars_from_origin=58.0 slope=2.2473 | BELOW gap=91.46
2026-03-19 13:36:25,842 [INFO]   [P3 (H16-L15)] 0.25: lineP=23606.52 | bars_from_origin=58.0 slope=1.0340 | BELOW gap=161.83
2026-03-19 13:36:25,842 [INFO]   [P3 (H16-L15)] 0.125: lineP=23575.96 | bars_from_origin=58.0 slope=0.5071 | BELOW gap=192.39
2026-03-19 13:36:25,842 [INFO]   [P3 (H16-L15)] main: lineP=23636.44 | bars_from_origin=18.0 slope=0.0000 | BELOW gap=131.91
2026-03-19 13:36:25,842 [INFO]   [P2 (H16-L16)] main: lineP=23994.15 | bars_from_origin=40.0 slope=8.8364 | ABOVE gap=199.65
2026-03-19 13:36:25,842 [INFO]   [P2 (H16-L16)] 0.875: lineP=23884.97 | bars_from_origin=40.0 slope=6.1067 | ABOVE gap=90.47
2026-03-19 13:36:25,843 [INFO]   [P2 (H16-L16)] 0.75: lineP=23819.10 | bars_from_origin=40.0 slope=4.4600 | ABOVE gap=24.60
2026-03-19 13:36:25,843 [INFO]   [P2 (H16-L16)] 0.5: lineP=23738.53 | bars_from_origin=40.0 slope=2.4457 | BELOW gap=29.82
2026-03-19 13:36:25,843 [INFO]   [P2 (H16-L16)] 0.25: lineP=23685.11 | bars_from_origin=40.0 slope=1.1103 | BELOW gap=83.24
2026-03-19 13:36:25,843 [INFO]   [P2 (H16-L16)] 0.125: lineP=23662.42 | bars_from_origin=40.0 slope=0.5429 | BELOW gap=105.93
2026-03-19 13:36:25,843 [INFO]   [P2 (H16-L16)] main: lineP=23694.50 | bars_from_origin=18.0 slope=0.0000 | BELOW gap=73.85
2026-03-19 13:36:25,844 [INFO]   [P1 (L17-H16)] main: lineP=23723.80 | bars_from_origin=18.0 slope=-6.1833 | BELOW gap=44.55
2026-03-19 13:36:25,844 [INFO]   [P1 (L17-H16)] 0.875: lineP=23750.91 | bars_from_origin=18.0 slope=-4.6772 | BELOW gap=17.44
2026-03-19 13:36:25,844 [INFO]   [P1 (L17-H16)] 0.75: lineP=23770.28 | bars_from_origin=18.0 slope=-3.6010 | HIT gap=0.00
2026-03-19 13:36:25,844 [INFO]     >>> HIT RECORDED: P1 (L17-H16) frac=0.75 @ 23770.28
2026-03-19 13:36:25,844 [INFO]   [P1 (L17-H16)] 0.5: lineP=23797.54 | bars_from_origin=18.0 slope=-2.0868 | ABOVE gap=3.04
2026-03-19 13:36:25,844 [INFO]   [P1 (L17-H16)] 0.25: lineP=23817.64 | bars_from_origin=18.0 slope=-0.9701 | ABOVE gap=23.14
2026-03-19 13:36:25,844 [INFO]   [P1 (L17-H16)] 0.125: lineP=23826.52 | bars_from_origin=18.0 slope=-0.4768 | ABOVE gap=32.02
2026-03-19 13:36:25,844 [INFO]   [P1 (L17-H16)] main: lineP=23810.06 | bars_from_origin=6.0 slope=0.0000 | ABOVE gap=15.56
2026-03-19 13:36:25,844 [INFO]   [IntDet] Total hits this bar: 2
2026-03-19 13:36:25,844 [INFO] [Study] Emitting intersection event (DIRECT): {'time': 1773818460, 'fan': 'P3 (H16-L15)', 'fanIdentity': 'H16-L15', 'fraction': '3/4', 'price': 23776.794984654207, 'type': 'CROSS_DOWN', 'details': 'Breakdown Attempt'}
2026-03-19 13:36:25,848 [INFO] [Study] Emitting intersection event (DIRECT): {'time': 1773818460, 'fan': 'P1 (L17-H16)', 'fanIdentity': 'L17-H16', 'fraction': '3/4', 'price': 23770.28216792326, 'type': 'SUPPORT_TEST', 'details': 'Resting / Throwback'}
2026-03-19 13:36:25,854 [INFO] [Tracking] FAKE OUT: Fan_H16_L15 0.75 (T+1 bars)
2026-03-19 13:36:25,854 [INFO] [Tracking] FAKE OUT: Fan_L17_H16 0.75 (T+1 bars)
2026-03-19 13:36:25,857 [INFO] [IntDet] Bar 337 | 2026-03-18 12:55 | H=23780.65 L=23765.75 C=23780.65 | Fans=3 Lines=21
2026-03-19 13:36:25,857 [INFO]   [P3 (H16-L15)] main: lineP=23972.16 | bars_from_origin=59.0 slope=7.2137 | ABOVE gap=191.51
2026-03-19 13:36:25,857 [INFO]   [P3 (H16-L15)] 0.875: lineP=23857.38 | bars_from_origin=59.0 slope=5.2683 | ABOVE gap=76.73
2026-03-19 13:36:25,857 [INFO]   [P3 (H16-L15)] 0.75: lineP=23780.76 | bars_from_origin=59.0 slope=3.9697 | ABOVE gap=0.11
2026-03-19 13:36:25,857 [INFO]   [P3 (H16-L15)] 0.5: lineP=23679.14 | bars_from_origin=59.0 slope=2.2473 | BELOW gap=86.61
2026-03-19 13:36:25,857 [INFO]   [P3 (H16-L15)] 0.25: lineP=23607.56 | bars_from_origin=59.0 slope=1.0340 | BELOW gap=158.19
2026-03-19 13:36:25,857 [INFO]   [P3 (H16-L15)] 0.125: lineP=23576.47 | bars_from_origin=59.0 slope=0.5071 | BELOW gap=189.28
2026-03-19 13:36:25,858 [INFO]   [P3 (H16-L15)] main: lineP=23636.44 | bars_from_origin=19.0 slope=0.0000 | BELOW gap=129.31
2026-03-19 13:36:25,858 [INFO]   [P2 (H16-L16)] main: lineP=24002.99 | bars_from_origin=41.0 slope=8.8364 | ABOVE gap=222.34
2026-03-19 13:36:25,858 [INFO]   [P2 (H16-L16)] 0.875: lineP=23891.07 | bars_from_origin=41.0 slope=6.1067 | ABOVE gap=110.42
2026-03-19 13:36:25,858 [INFO]   [P2 (H16-L16)] 0.75: lineP=23823.56 | bars_from_origin=41.0 slope=4.4600 | ABOVE gap=42.91
2026-03-19 13:36:25,858 [INFO]   [P2 (H16-L16)] 0.5: lineP=23740.97 | bars_from_origin=41.0 slope=2.4457 | BELOW gap=24.78
2026-03-19 13:36:25,858 [INFO]   [P2 (H16-L16)] 0.25: lineP=23686.22 | bars_from_origin=41.0 slope=1.1103 | BELOW gap=79.53
2026-03-19 13:36:25,858 [INFO]   [P2 (H16-L16)] 0.125: lineP=23662.96 | bars_from_origin=41.0 slope=0.5429 | BELOW gap=102.79
2026-03-19 13:36:25,858 [INFO]   [P2 (H16-L16)] main: lineP=23694.50 | bars_from_origin=19.0 slope=0.0000 | BELOW gap=71.25
2026-03-19 13:36:25,859 [INFO]   [P1 (L17-H16)] main: lineP=23717.62 | bars_from_origin=19.0 slope=-6.1833 | BELOW gap=48.13
2026-03-19 13:36:25,859 [INFO]   [P1 (L17-H16)] 0.875: lineP=23746.23 | bars_from_origin=19.0 slope=-4.6772 | BELOW gap=19.52
2026-03-19 13:36:25,859 [INFO]   [P1 (L17-H16)] 0.75: lineP=23766.68 | bars_from_origin=19.0 slope=-3.6010 | HIT gap=0.00
2026-03-19 13:36:25,859 [INFO]     >>> HIT RECORDED: P1 (L17-H16) frac=0.75 @ 23766.68
2026-03-19 13:36:25,859 [INFO]   [P1 (L17-H16)] 0.5: lineP=23795.45 | bars_from_origin=19.0 slope=-2.0868 | ABOVE gap=14.80
2026-03-19 13:36:25,859 [INFO]   [P1 (L17-H16)] 0.25: lineP=23816.67 | bars_from_origin=19.0 slope=-0.9701 | ABOVE gap=36.02
2026-03-19 13:36:25,859 [INFO]   [P1 (L17-H16)] 0.125: lineP=23826.04 | bars_from_origin=19.0 slope=-0.4768 | ABOVE gap=45.39
2026-03-19 13:36:25,859 [INFO]   [P1 (L17-H16)] main: lineP=23810.06 | bars_from_origin=7.0 slope=0.0000 | ABOVE gap=29.41
2026-03-19 13:36:25,859 [INFO]   [IntDet] Total hits this bar: 1
2026-03-19 13:36:25,860 [INFO] [Study] Emitting intersection event (DIRECT): {'time': 1773818700, 'fan': 'P1 (L17-H16)', 'fanIdentity': 'L17-H16', 'fraction': '3/4', 'price': 23766.68119895372, 'type': 'SUPPORT_TEST', 'details': 'Resting / Throwback'}
2026-03-19 13:36:25,868 [INFO] [IntDet] Bar 338 | 2026-03-18 12:59 | H=23795.35 L=23774.40 C=23783.80 | Fans=3 Lines=21
2026-03-19 13:36:25,868 [INFO]   [P3 (H16-L15)] main: lineP=23979.37 | bars_from_origin=60.0 slope=7.2137 | ABOVE gap=184.02
2026-03-19 13:36:25,868 [INFO]   [P3 (H16-L15)] 0.875: lineP=23862.65 | bars_from_origin=60.0 slope=5.2683 | ABOVE gap=67.30
2026-03-19 13:36:25,869 [INFO]   [P3 (H16-L15)] 0.75: lineP=23784.73 | bars_from_origin=60.0 slope=3.9697 | HIT gap=0.00
2026-03-19 13:36:25,869 [INFO]     >>> HIT RECORDED: P3 (H16-L15) frac=0.75 @ 23784.73
2026-03-19 13:36:25,869 [INFO]   [P3 (H16-L15)] 0.5: lineP=23681.39 | bars_from_origin=60.0 slope=2.2473 | BELOW gap=93.01
2026-03-19 13:36:25,869 [INFO]   [P3 (H16-L15)] 0.25: lineP=23608.59 | bars_from_origin=60.0 slope=1.0340 | BELOW gap=165.81
2026-03-19 13:36:25,869 [INFO]   [P3 (H16-L15)] 0.125: lineP=23576.97 | bars_from_origin=60.0 slope=0.5071 | BELOW gap=197.43
2026-03-19 13:36:25,870 [INFO]   [P3 (H16-L15)] main: lineP=23636.44 | bars_from_origin=20.0 slope=0.0000 | BELOW gap=137.96
2026-03-19 13:36:25,870 [INFO]   [P2 (H16-L16)] main: lineP=24011.83 | bars_from_origin=42.0 slope=8.8364 | ABOVE gap=216.48
2026-03-19 13:36:25,870 [INFO]   [P2 (H16-L16)] 0.875: lineP=23897.18 | bars_from_origin=42.0 slope=6.1067 | ABOVE gap=101.83
2026-03-19 13:36:25,870 [INFO]   [P2 (H16-L16)] 0.75: lineP=23828.02 | bars_from_origin=42.0 slope=4.4600 | ABOVE gap=32.67
2026-03-19 13:36:25,870 [INFO]   [P2 (H16-L16)] 0.5: lineP=23743.42 | bars_from_origin=42.0 slope=2.4457 | BELOW gap=30.98
2026-03-19 13:36:25,870 [INFO]   [P2 (H16-L16)] 0.25: lineP=23687.33 | bars_from_origin=42.0 slope=1.1103 | BELOW gap=87.07
2026-03-19 13:36:25,870 [INFO]   [P2 (H16-L16)] 0.125: lineP=23663.50 | bars_from_origin=42.0 slope=0.5429 | BELOW gap=110.90
2026-03-19 13:36:25,870 [INFO]   [P2 (H16-L16)] main: lineP=23694.50 | bars_from_origin=20.0 slope=0.0000 | BELOW gap=79.90
2026-03-19 13:36:25,870 [INFO]   [P1 (L17-H16)] main: lineP=23711.43 | bars_from_origin=20.0 slope=-6.1833 | BELOW gap=62.97
2026-03-19 13:36:25,870 [INFO]   [P1 (L17-H16)] 0.875: lineP=23741.56 | bars_from_origin=20.0 slope=-4.6772 | BELOW gap=32.84
2026-03-19 13:36:25,871 [INFO]   [P1 (L17-H16)] 0.75: lineP=23763.08 | bars_from_origin=20.0 slope=-3.6010 | BELOW gap=11.32
2026-03-19 13:36:25,871 [INFO]   [P1 (L17-H16)] 0.5: lineP=23793.36 | bars_from_origin=20.0 slope=-2.0868 | HIT gap=0.00
2026-03-19 13:36:25,871 [INFO]     >>> HIT RECORDED: P1 (L17-H16) frac=0.5 @ 23793.36
2026-03-19 13:36:25,871 [INFO]   [P1 (L17-H16)] 0.25: lineP=23815.70 | bars_from_origin=20.0 slope=-0.9701 | ABOVE gap=20.35
2026-03-19 13:36:25,871 [INFO]   [P1 (L17-H16)] 0.125: lineP=23825.56 | bars_from_origin=20.0 slope=-0.4768 | ABOVE gap=30.21
2026-03-19 13:36:25,871 [INFO]   [P1 (L17-H16)] main: lineP=23810.06 | bars_from_origin=8.0 slope=0.0000 | ABOVE gap=14.71
2026-03-19 13:36:25,871 [INFO]   [IntDet] Total hits this bar: 2
2026-03-19 13:36:25,871 [INFO] [Study] Emitting intersection event (DIRECT): {'time': 1773818940, 'fan': 'P3 (H16-L15)', 'fanIdentity': 'H16-L15', 'fraction': '3/4', 'price': 23784.734439944004, 'type': 'RESISTANCE_TEST', 'details': 'Rejection / Pullback'}
2026-03-19 13:36:25,877 [INFO] [Study] Emitting intersection event (DIRECT): {'time': 1773818940, 'fan': 'P1 (L17-H16)', 'fanIdentity': 'L17-H16', 'fraction': '1/2', 'price': 23793.3641282647, 'type': 'RESISTANCE_TEST', 'details': 'Rejection / Pullback'}
2026-03-19 13:36:25,885 [INFO] [IntDet] Bar 339 | 2026-03-18 13:03 | H=23798.20 L=23775.80 C=23778.30 | Fans=3 Lines=21
2026-03-19 13:36:25,885 [INFO]   [P3 (H16-L15)] main: lineP=23986.59 | bars_from_origin=61.0 slope=7.2137 | ABOVE gap=188.39
2026-03-19 13:36:25,885 [INFO]   [P3 (H16-L15)] 0.875: lineP=23867.92 | bars_from_origin=61.0 slope=5.2683 | ABOVE gap=69.72
2026-03-19 13:36:25,886 [INFO]   [P3 (H16-L15)] 0.75: lineP=23788.70 | bars_from_origin=61.0 slope=3.9697 | HIT gap=0.00
2026-03-19 13:36:25,886 [INFO]     >>> HIT RECORDED: P3 (H16-L15) frac=0.75 @ 23788.70
2026-03-19 13:36:25,886 [INFO]   [P3 (H16-L15)] 0.5: lineP=23683.63 | bars_from_origin=61.0 slope=2.2473 | BELOW gap=92.17
2026-03-19 13:36:25,886 [INFO]   [P3 (H16-L15)] 0.25: lineP=23609.62 | bars_from_origin=61.0 slope=1.0340 | BELOW gap=166.18
2026-03-19 13:36:25,886 [INFO]   [P3 (H16-L15)] 0.125: lineP=23577.48 | bars_from_origin=61.0 slope=0.5071 | BELOW gap=198.32
2026-03-19 13:36:25,886 [INFO]   [P3 (H16-L15)] main: lineP=23636.44 | bars_from_origin=21.0 slope=0.0000 | BELOW gap=139.36
2026-03-19 13:36:25,887 [INFO]   [P2 (H16-L16)] main: lineP=24020.66 | bars_from_origin=43.0 slope=8.8364 | ABOVE gap=222.46
2026-03-19 13:36:25,887 [INFO]   [P2 (H16-L16)] 0.875: lineP=23903.29 | bars_from_origin=43.0 slope=6.1067 | ABOVE gap=105.09
2026-03-19 13:36:25,887 [INFO]   [P2 (H16-L16)] 0.75: lineP=23832.48 | bars_from_origin=43.0 slope=4.4600 | ABOVE gap=34.28
2026-03-19 13:36:25,887 [INFO]   [P2 (H16-L16)] 0.5: lineP=23745.86 | bars_from_origin=43.0 slope=2.4457 | BELOW gap=29.94
2026-03-19 13:36:25,887 [INFO]   [P2 (H16-L16)] 0.25: lineP=23688.44 | bars_from_origin=43.0 slope=1.1103 | BELOW gap=87.36
2026-03-19 13:36:25,888 [INFO]   [P2 (H16-L16)] 0.125: lineP=23664.05 | bars_from_origin=43.0 slope=0.5429 | BELOW gap=111.75
2026-03-19 13:36:25,888 [INFO]   [P2 (H16-L16)] main: lineP=23694.50 | bars_from_origin=21.0 slope=0.0000 | BELOW gap=81.30
2026-03-19 13:36:25,888 [INFO]   [P1 (L17-H16)] main: lineP=23705.25 | bars_from_origin=21.0 slope=-6.1833 | BELOW gap=70.55
2026-03-19 13:36:25,888 [INFO]   [P1 (L17-H16)] 0.875: lineP=23736.88 | bars_from_origin=21.0 slope=-4.6772 | BELOW gap=38.92
2026-03-19 13:36:25,888 [INFO]   [P1 (L17-H16)] 0.75: lineP=23759.48 | bars_from_origin=21.0 slope=-3.6010 | BELOW gap=16.32
2026-03-19 13:36:25,888 [INFO]   [P1 (L17-H16)] 0.5: lineP=23791.28 | bars_from_origin=21.0 slope=-2.0868 | HIT gap=0.00
2026-03-19 13:36:25,888 [INFO]     >>> HIT RECORDED: P1 (L17-H16) frac=0.5 @ 23791.28
2026-03-19 13:36:25,888 [INFO]   [P1 (L17-H16)] 0.25: lineP=23814.73 | bars_from_origin=21.0 slope=-0.9701 | ABOVE gap=16.53
2026-03-19 13:36:25,888 [INFO]   [P1 (L17-H16)] 0.125: lineP=23825.09 | bars_from_origin=21.0 slope=-0.4768 | ABOVE gap=26.89
2026-03-19 13:36:25,888 [INFO]   [P1 (L17-H16)] main: lineP=23810.06 | bars_from_origin=9.0 slope=0.0000 | ABOVE gap=11.86
2026-03-19 13:36:25,888 [INFO]   [IntDet] Total hits this bar: 2
2026-03-19 13:36:25,889 [INFO] [Study] Emitting intersection event (DIRECT): {'time': 1773819180, 'fan': 'P3 (H16-L15)', 'fanIdentity': 'H16-L15', 'fraction': '3/4', 'price': 23788.704167588905, 'type': 'RESISTANCE_TEST', 'details': 'Rejection / Pullback'}
2026-03-19 13:36:25,899 [INFO] [Study] Emitting intersection event (DIRECT): {'time': 1773819180, 'fan': 'P1 (L17-H16)', 'fanIdentity': 'L17-H16', 'fraction': '1/2', 'price': 23791.277354209185, 'type': 'RESISTANCE_TEST', 'details': 'Rejection / Pullback'}
2026-03-19 13:36:25,906 [INFO] [IntDet] Bar 340 | 2026-03-18 13:07 | H=23782.55 L=23766.40 C=23779.35 | Fans=3 Lines=21
2026-03-19 13:36:25,906 [INFO]   [P3 (H16-L15)] main: lineP=23993.80 | bars_from_origin=62.0 slope=7.2137 | ABOVE gap=211.25
2026-03-19 13:36:25,907 [INFO]   [P3 (H16-L15)] 0.875: lineP=23873.19 | bars_from_origin=62.0 slope=5.2683 | ABOVE gap=90.64
2026-03-19 13:36:25,907 [INFO]   [P3 (H16-L15)] 0.75: lineP=23792.67 | bars_from_origin=62.0 slope=3.9697 | ABOVE gap=10.12
2026-03-19 13:36:25,907 [INFO]   [P3 (H16-L15)] 0.5: lineP=23685.88 | bars_from_origin=62.0 slope=2.2473 | BELOW gap=80.52
2026-03-19 13:36:25,907 [INFO]   [P3 (H16-L15)] 0.25: lineP=23610.66 | bars_from_origin=62.0 slope=1.0340 | BELOW gap=155.74
2026-03-19 13:36:25,907 [INFO]   [P3 (H16-L15)] 0.125: lineP=23577.99 | bars_from_origin=62.0 slope=0.5071 | BELOW gap=188.41
2026-03-19 13:36:25,907 [INFO]   [P3 (H16-L15)] main: lineP=23636.44 | bars_from_origin=22.0 slope=0.0000 | BELOW gap=129.96
2026-03-19 13:36:25,907 [INFO]   [P2 (H16-L16)] main: lineP=24029.50 | bars_from_origin=44.0 slope=8.8364 | ABOVE gap=246.95
2026-03-19 13:36:25,907 [INFO]   [P2 (H16-L16)] 0.875: lineP=23909.39 | bars_from_origin=44.0 slope=6.1067 | ABOVE gap=126.84
2026-03-19 13:36:25,907 [INFO]   [P2 (H16-L16)] 0.75: lineP=23836.94 | bars_from_origin=44.0 slope=4.4600 | ABOVE gap=54.39
2026-03-19 13:36:25,908 [INFO]   [P2 (H16-L16)] 0.5: lineP=23748.31 | bars_from_origin=44.0 slope=2.4457 | BELOW gap=18.09
2026-03-19 13:36:25,908 [INFO]   [P2 (H16-L16)] 0.25: lineP=23689.55 | bars_from_origin=44.0 slope=1.1103 | BELOW gap=76.85
2026-03-19 13:36:25,908 [INFO]   [P2 (H16-L16)] 0.125: lineP=23664.59 | bars_from_origin=44.0 slope=0.5429 | BELOW gap=101.81
2026-03-19 13:36:25,908 [INFO]   [P2 (H16-L16)] main: lineP=23694.50 | bars_from_origin=22.0 slope=0.0000 | BELOW gap=71.90
2026-03-19 13:36:25,908 [INFO]   [P1 (L17-H16)] main: lineP=23699.07 | bars_from_origin=22.0 slope=-6.1833 | BELOW gap=67.33
2026-03-19 13:36:25,908 [INFO]   [P1 (L17-H16)] 0.875: lineP=23732.20 | bars_from_origin=22.0 slope=-4.6772 | BELOW gap=34.20
2026-03-19 13:36:25,908 [INFO]   [P1 (L17-H16)] 0.75: lineP=23755.88 | bars_from_origin=22.0 slope=-3.6010 | BELOW gap=10.52
2026-03-19 13:36:25,908 [INFO]   [P1 (L17-H16)] 0.5: lineP=23789.19 | bars_from_origin=22.0 slope=-2.0868 | ABOVE gap=6.64
2026-03-19 13:36:25,909 [INFO]   [P1 (L17-H16)] 0.25: lineP=23813.76 | bars_from_origin=22.0 slope=-0.9701 | ABOVE gap=31.21
2026-03-19 13:36:25,909 [INFO]   [P1 (L17-H16)] 0.125: lineP=23824.61 | bars_from_origin=22.0 slope=-0.4768 | ABOVE gap=42.06
2026-03-19 13:36:25,909 [INFO]   [P1 (L17-H16)] main: lineP=23810.06 | bars_from_origin=10.0 slope=0.0000 | ABOVE gap=27.51
2026-03-19 13:36:25,912 [INFO] [IntDet] Bar 341 | 2026-03-18 13:11 | H=23803.20 L=23779.40 C=23803.20 | Fans=3 Lines=21
2026-03-19 13:36:25,912 [INFO]   [P3 (H16-L15)] main: lineP=24001.02 | bars_from_origin=63.0 slope=7.2137 | ABOVE gap=197.82
2026-03-19 13:36:25,912 [INFO]   [P3 (H16-L15)] 0.875: lineP=23878.45 | bars_from_origin=63.0 slope=5.2683 | ABOVE gap=75.26
2026-03-19 13:36:25,912 [INFO]   [P3 (H16-L15)] 0.75: lineP=23796.64 | bars_from_origin=63.0 slope=3.9697 | HIT gap=0.00
2026-03-19 13:36:25,912 [INFO]     >>> HIT RECORDED: P3 (H16-L15) frac=0.75 @ 23796.64
2026-03-19 13:36:25,912 [INFO]   [P3 (H16-L15)] 0.5: lineP=23688.13 | bars_from_origin=63.0 slope=2.2473 | BELOW gap=91.27
2026-03-19 13:36:25,912 [INFO]   [P3 (H16-L15)] 0.25: lineP=23611.69 | bars_from_origin=63.0 slope=1.0340 | BELOW gap=167.71
2026-03-19 13:36:25,913 [INFO]   [P3 (H16-L15)] 0.125: lineP=23578.50 | bars_from_origin=63.0 slope=0.5071 | BELOW gap=200.90
2026-03-19 13:36:25,913 [INFO]   [P3 (H16-L15)] main: lineP=23636.44 | bars_from_origin=23.0 slope=0.0000 | BELOW gap=142.96
2026-03-19 13:36:25,913 [INFO]   [P2 (H16-L16)] main: lineP=24038.34 | bars_from_origin=45.0 slope=8.8364 | ABOVE gap=235.14
2026-03-19 13:36:25,913 [INFO]   [P2 (H16-L16)] 0.875: lineP=23915.50 | bars_from_origin=45.0 slope=6.1067 | ABOVE gap=112.30
2026-03-19 13:36:25,913 [INFO]   [P2 (H16-L16)] 0.75: lineP=23841.40 | bars_from_origin=45.0 slope=4.4600 | ABOVE gap=38.20
2026-03-19 13:36:25,913 [INFO]   [P2 (H16-L16)] 0.5: lineP=23750.76 | bars_from_origin=45.0 slope=2.4457 | BELOW gap=28.64
2026-03-19 13:36:25,913 [INFO]   [P2 (H16-L16)] 0.25: lineP=23690.66 | bars_from_origin=45.0 slope=1.1103 | BELOW gap=88.74
2026-03-19 13:36:25,913 [INFO]   [P2 (H16-L16)] 0.125: lineP=23665.13 | bars_from_origin=45.0 slope=0.5429 | BELOW gap=114.27
2026-03-19 13:36:25,914 [INFO]   [P2 (H16-L16)] main: lineP=23694.50 | bars_from_origin=23.0 slope=0.0000 | BELOW gap=84.90
2026-03-19 13:36:25,914 [INFO]   [P1 (L17-H16)] main: lineP=23692.88 | bars_from_origin=23.0 slope=-6.1833 | BELOW gap=86.52
2026-03-19 13:36:25,914 [INFO]   [P1 (L17-H16)] 0.875: lineP=23727.52 | bars_from_origin=23.0 slope=-4.6772 | BELOW gap=51.88
2026-03-19 13:36:25,914 [INFO]   [P1 (L17-H16)] 0.75: lineP=23752.28 | bars_from_origin=23.0 slope=-3.6010 | BELOW gap=27.12
2026-03-19 13:36:25,914 [INFO]   [P1 (L17-H16)] 0.5: lineP=23787.10 | bars_from_origin=23.0 slope=-2.0868 | HIT gap=0.00
2026-03-19 13:36:25,914 [INFO]     >>> HIT RECORDED: P1 (L17-H16) frac=0.5 @ 23787.10
2026-03-19 13:36:25,914 [INFO]   [P1 (L17-H16)] 0.25: lineP=23812.79 | bars_from_origin=23.0 slope=-0.9701 | ABOVE gap=9.59
2026-03-19 13:36:25,914 [INFO]   [P1 (L17-H16)] 0.125: lineP=23824.13 | bars_from_origin=23.0 slope=-0.4768 | ABOVE gap=20.93
2026-03-19 13:36:25,915 [INFO]   [P1 (L17-H16)] main: lineP=23810.06 | bars_from_origin=11.0 slope=0.0000 | ABOVE gap=6.86
2026-03-19 13:36:25,915 [INFO]   [IntDet] Total hits this bar: 2
2026-03-19 13:36:25,915 [INFO] [Study] Emitting intersection event (DIRECT): {'time': 1773819660, 'fan': 'P3 (H16-L15)', 'fanIdentity': 'H16-L15', 'fraction': '3/4', 'price': 23796.643622878706, 'type': 'CROSS_UP', 'details': 'Breakout Attempt'}
2026-03-19 13:36:25,920 [INFO] [Study] Emitting intersection event (DIRECT): {'time': 1773819660, 'fan': 'P1 (L17-H16)', 'fanIdentity': 'L17-H16', 'fraction': '1/2', 'price': 23787.103806098155, 'type': 'CROSS_UP', 'details': 'Breakout Attempt'}
2026-03-19 13:36:25,928 [INFO] [IntDet] Bar 342 | 2026-03-18 13:15 | H=23810.20 L=23792.40 C=23799.65 | Fans=3 Lines=21
2026-03-19 13:36:25,928 [INFO]   [P3 (H16-L15)] main: lineP=24008.23 | bars_from_origin=64.0 slope=7.2137 | ABOVE gap=198.03
2026-03-19 13:36:25,929 [INFO]   [P3 (H16-L15)] 0.875: lineP=23883.72 | bars_from_origin=64.0 slope=5.2683 | ABOVE gap=73.52
2026-03-19 13:36:25,929 [INFO]   [P3 (H16-L15)] 0.75: lineP=23800.61 | bars_from_origin=64.0 slope=3.9697 | HIT gap=0.00
2026-03-19 13:36:25,929 [INFO]     >>> HIT RECORDED: P3 (H16-L15) frac=0.75 @ 23800.61
2026-03-19 13:36:25,929 [INFO]   [P3 (H16-L15)] 0.5: lineP=23690.38 | bars_from_origin=64.0 slope=2.2473 | BELOW gap=102.02
2026-03-19 13:36:25,929 [INFO]   [P3 (H16-L15)] 0.25: lineP=23612.73 | bars_from_origin=64.0 slope=1.0340 | BELOW gap=179.68
2026-03-19 13:36:25,929 [INFO]   [P3 (H16-L15)] 0.125: lineP=23579.00 | bars_from_origin=64.0 slope=0.5071 | BELOW gap=213.40
2026-03-19 13:36:25,930 [INFO]   [P3 (H16-L15)] main: lineP=23636.44 | bars_from_origin=24.0 slope=0.0000 | BELOW gap=155.96
2026-03-19 13:36:25,930 [INFO]   [P2 (H16-L16)] main: lineP=24047.17 | bars_from_origin=46.0 slope=8.8364 | ABOVE gap=236.97
2026-03-19 13:36:25,930 [INFO]   [P2 (H16-L16)] 0.875: lineP=23921.61 | bars_from_origin=46.0 slope=6.1067 | ABOVE gap=111.41
2026-03-19 13:36:25,930 [INFO]   [P2 (H16-L16)] 0.75: lineP=23845.86 | bars_from_origin=46.0 slope=4.4600 | ABOVE gap=35.66
2026-03-19 13:36:25,930 [INFO]   [P2 (H16-L16)] 0.5: lineP=23753.20 | bars_from_origin=46.0 slope=2.4457 | BELOW gap=39.20
2026-03-19 13:36:25,930 [INFO]   [P2 (H16-L16)] 0.25: lineP=23691.77 | bars_from_origin=46.0 slope=1.1103 | BELOW gap=100.63
2026-03-19 13:36:25,930 [INFO]   [P2 (H16-L16)] 0.125: lineP=23665.67 | bars_from_origin=46.0 slope=0.5429 | BELOW gap=126.73
2026-03-19 13:36:25,930 [INFO]   [P2 (H16-L16)] main: lineP=23694.50 | bars_from_origin=24.0 slope=0.0000 | BELOW gap=97.90
2026-03-19 13:36:25,930 [INFO]   [P1 (L17-H16)] main: lineP=23686.70 | bars_from_origin=24.0 slope=-6.1833 | BELOW gap=105.70
2026-03-19 13:36:25,931 [INFO]   [P1 (L17-H16)] 0.875: lineP=23722.85 | bars_from_origin=24.0 slope=-4.6772 | BELOW gap=69.55
2026-03-19 13:36:25,931 [INFO]   [P1 (L17-H16)] 0.75: lineP=23748.68 | bars_from_origin=24.0 slope=-3.6010 | BELOW gap=43.72
2026-03-19 13:36:25,931 [INFO]   [P1 (L17-H16)] 0.5: lineP=23785.02 | bars_from_origin=24.0 slope=-2.0868 | BELOW gap=7.38
2026-03-19 13:36:25,931 [INFO]   [P1 (L17-H16)] 0.25: lineP=23811.82 | bars_from_origin=24.0 slope=-0.9701 | ABOVE gap=1.62
2026-03-19 13:36:25,931 [INFO]   [P1 (L17-H16)] 0.125: lineP=23823.66 | bars_from_origin=24.0 slope=-0.4768 | ABOVE gap=13.46
2026-03-19 13:36:25,931 [INFO]   [P1 (L17-H16)] main: lineP=23810.06 | bars_from_origin=12.0 slope=0.0000 | HIT gap=0.00
2026-03-19 13:36:25,931 [INFO]     >>> HIT RECORDED: P1 (L17-H16) frac=main @ 23810.06
2026-03-19 13:36:25,932 [INFO]   [IntDet] Total hits this bar: 2
2026-03-19 13:36:25,932 [INFO] [Study] Emitting intersection event (DIRECT): {'time': 1773819900, 'fan': 'P3 (H16-L15)', 'fanIdentity': 'H16-L15', 'fraction': '3/4', 'price': 23800.613350523607, 'type': 'CROSS_DOWN', 'details': 'Breakdown Attempt'}
2026-03-19 13:36:25,938 [INFO] [Study] Emitting intersection event (DIRECT): {'time': 1773819900, 'fan': 'P1 (L17-H16)', 'fanIdentity': 'L17-H16', 'fraction': 'Horizontal', 'price': 23810.05832070882, 'type': 'RESISTANCE_TEST', 'details': 'Rejection / Pullback'}
2026-03-19 13:36:25,946 [INFO] [IntDet] Bar 343 | 2026-03-18 13:19 | H=23827.25 L=23795.70 C=23827.15 | Fans=3 Lines=21
2026-03-19 13:36:25,946 [INFO]   [P3 (H16-L15)] main: lineP=24015.44 | bars_from_origin=65.0 slope=7.2137 | ABOVE gap=188.19
2026-03-19 13:36:25,946 [INFO]   [P3 (H16-L15)] 0.875: lineP=23888.99 | bars_from_origin=65.0 slope=5.2683 | ABOVE gap=61.74
2026-03-19 13:36:25,947 [INFO]   [P3 (H16-L15)] 0.75: lineP=23804.58 | bars_from_origin=65.0 slope=3.9697 | HIT gap=0.00
2026-03-19 13:36:25,947 [INFO]     >>> HIT RECORDED: P3 (H16-L15) frac=0.75 @ 23804.58
2026-03-19 13:36:25,947 [INFO]   [P3 (H16-L15)] 0.5: lineP=23692.62 | bars_from_origin=65.0 slope=2.2473 | BELOW gap=103.08
2026-03-19 13:36:25,947 [INFO]   [P3 (H16-L15)] 0.25: lineP=23613.76 | bars_from_origin=65.0 slope=1.0340 | BELOW gap=181.94
2026-03-19 13:36:25,947 [INFO]   [P3 (H16-L15)] 0.125: lineP=23579.51 | bars_from_origin=65.0 slope=0.5071 | BELOW gap=216.19
2026-03-19 13:36:25,947 [INFO]   [P3 (H16-L15)] main: lineP=23636.44 | bars_from_origin=25.0 slope=0.0000 | BELOW gap=159.26
2026-03-19 13:36:25,948 [INFO]   [P2 (H16-L16)] main: lineP=24056.01 | bars_from_origin=47.0 slope=8.8364 | ABOVE gap=228.76
2026-03-19 13:36:25,948 [INFO]   [P2 (H16-L16)] 0.875: lineP=23927.71 | bars_from_origin=47.0 slope=6.1067 | ABOVE gap=100.46
2026-03-19 13:36:25,948 [INFO]   [P2 (H16-L16)] 0.75: lineP=23850.32 | bars_from_origin=47.0 slope=4.4600 | ABOVE gap=23.07
2026-03-19 13:36:25,948 [INFO]   [P2 (H16-L16)] 0.5: lineP=23755.65 | bars_from_origin=47.0 slope=2.4457 | BELOW gap=40.05
2026-03-19 13:36:25,948 [INFO]   [P2 (H16-L16)] 0.25: lineP=23692.88 | bars_from_origin=47.0 slope=1.1103 | BELOW gap=102.81
2026-03-19 13:36:25,948 [INFO]   [P2 (H16-L16)] 0.125: lineP=23666.22 | bars_from_origin=47.0 slope=0.5429 | BELOW gap=129.48
2026-03-19 13:36:25,949 [INFO]   [P2 (H16-L16)] main: lineP=23694.50 | bars_from_origin=25.0 slope=0.0000 | BELOW gap=101.19
2026-03-19 13:36:25,949 [INFO]   [P1 (L17-H16)] main: lineP=23680.52 | bars_from_origin=25.0 slope=-6.1833 | BELOW gap=115.18
2026-03-19 13:36:25,949 [INFO]   [P1 (L17-H16)] 0.875: lineP=23718.17 | bars_from_origin=25.0 slope=-4.6772 | BELOW gap=77.53
2026-03-19 13:36:25,949 [INFO]   [P1 (L17-H16)] 0.75: lineP=23745.08 | bars_from_origin=25.0 slope=-3.6010 | BELOW gap=50.62
2026-03-19 13:36:25,949 [INFO]   [P1 (L17-H16)] 0.5: lineP=23782.93 | bars_from_origin=25.0 slope=-2.0868 | BELOW gap=12.77
2026-03-19 13:36:25,949 [INFO]   [P1 (L17-H16)] 0.25: lineP=23810.85 | bars_from_origin=25.0 slope=-0.9701 | HIT gap=0.00
2026-03-19 13:36:25,949 [INFO]     >>> HIT RECORDED: P1 (L17-H16) frac=0.25 @ 23810.85
2026-03-19 13:36:25,949 [INFO]   [P1 (L17-H16)] 0.125: lineP=23823.18 | bars_from_origin=25.0 slope=-0.4768 | HIT gap=0.00
2026-03-19 13:36:25,950 [INFO]     >>> HIT RECORDED: P1 (L17-H16) frac=0.125 @ 23823.18
2026-03-19 13:36:25,950 [INFO]   [P1 (L17-H16)] main: lineP=23810.06 | bars_from_origin=13.0 slope=0.0000 | HIT gap=0.00
2026-03-19 13:36:25,950 [INFO]     >>> HIT RECORDED: P1 (L17-H16) frac=main @ 23810.06
2026-03-19 13:36:25,950 [INFO]   [IntDet] Total hits this bar: 4
2026-03-19 13:36:25,950 [INFO] [Study] Emitting intersection event (DIRECT): {'time': 1773820140, 'fan': 'P3 (H16-L15)', 'fanIdentity': 'H16-L15', 'fraction': '3/4', 'price': 23804.583078168507, 'type': 'CROSS_UP', 'details': 'Breakout Attempt'}
2026-03-19 13:36:25,956 [INFO] [Study] Emitting intersection event (DIRECT): {'time': 1773820140, 'fan': 'P1 (L17-H16)', 'fanIdentity': 'L17-H16', 'fraction': '1/4', 'price': 23810.847175234714, 'type': 'CROSS_UP', 'details': 'Breakout Attempt'}
2026-03-19 13:36:25,961 [INFO] [Study] Emitting intersection event (DIRECT): {'time': 1773820140, 'fan': 'P1 (L17-H16)', 'fanIdentity': 'L17-H16', 'fraction': '1/8', 'price': 23823.179169168892, 'type': 'CROSS_UP', 'details': 'Breakout Attempt'}
2026-03-19 13:36:25,967 [INFO] [Study] Emitting intersection event (DIRECT): {'time': 1773820140, 'fan': 'P1 (L17-H16)', 'fanIdentity': 'L17-H16', 'fraction': 'Horizontal', 'price': 23810.05832070882, 'type': 'CROSS_UP', 'details': 'Breakout Attempt'}
2026-03-19 13:36:25,972 [INFO] [Tracking] Breach CONFIRMED: Fan_H16_L15 0.75 up (T+2 bars)
2026-03-19 13:36:25,973 [INFO] [Tracking] Breach CONFIRMED: Fan_L17_H16 0.5 up (T+2 bars)
2026-03-19 13:36:25,975 [INFO] [Study] Removing invalidated/excess fan: Fan_H16_L16
2026-03-19 13:36:25,976 [INFO] [Study] Removing invalidated/excess fan: Fan_H16_L15
2026-03-19 13:36:25,976 [INFO] [Study] Removing invalidated/excess fan: Fan_L17_H16
2026-03-19 13:36:25,976 [INFO] [IntDet] Bar 344 | 2026-03-18 13:23 | H=23836.65 L=23814.70 C=23815.50 | Fans=0 Lines=0
2026-03-19 13:36:25,979 [INFO] [IntDet] Bar 345 | 2026-03-18 13:27 | H=23826.45 L=23810.35 C=23819.35 | Fans=0 Lines=0
2026-03-19 13:36:25,982 [INFO] [IntDet] Bar 346 | 2026-03-18 13:31 | H=23837.40 L=23816.00 C=23833.15 | Fans=0 Lines=0
2026-03-19 13:36:25,984 [INFO] [IntDet] Bar 347 | 2026-03-18 13:35 | H=23840.15 L=23824.15 C=23829.90 | Fans=0 Lines=0
2026-03-19 13:36:25,987 [INFO] [IntDet] Bar 348 | 2026-03-18 13:39 | H=23843.25 L=23829.10 C=23831.60 | Fans=0 Lines=0
2026-03-19 13:36:25,989 [INFO] [IntDet] Bar 349 | 2026-03-18 13:43 | H=23845.45 L=23826.35 C=23828.10 | Fans=0 Lines=0
2026-03-19 13:36:25,991 [INFO] [IntDet] Bar 350 | 2026-03-18 13:47 | H=23834.85 L=23819.05 C=23829.65 | Fans=0 Lines=0
2026-03-19 13:36:25,994 [INFO] [IntDet] Bar 351 | 2026-03-18 13:51 | H=23850.55 L=23825.80 C=23845.80 | Fans=0 Lines=0
2026-03-19 13:36:25,997 [INFO] [IntDet] Bar 352 | 2026-03-18 13:55 | H=23858.75 L=23838.65 C=23839.45 | Fans=0 Lines=0
2026-03-19 13:36:26,000 [INFO] [IntDet] Bar 353 | 2026-03-18 13:59 | H=23851.50 L=23831.20 C=23840.35 | Fans=0 Lines=0
2026-03-19 13:36:26,002 [INFO] [IntDet] Bar 354 | 2026-03-18 14:03 | H=23842.05 L=23819.75 C=23829.10 | Fans=0 Lines=0
2026-03-19 13:36:26,005 [INFO] [IntDet] Bar 355 | 2026-03-18 14:07 | H=23836.05 L=23812.95 C=23831.70 | Fans=0 Lines=0
2026-03-19 13:36:26,007 [INFO] [IntDet] Bar 356 | 2026-03-18 14:11 | H=23833.25 L=23809.60 C=23817.65 | Fans=0 Lines=0
2026-03-19 13:36:26,011 [INFO] [Study] Creating new fan: Fan_H17_L16 (P2 (H17-L16))
2026-03-19 13:36:26,011 [INFO] [AngleEngine] scale_ratio=3.6603, slope_per_bar=3.8938, visual_slope=1.0638, theta=46.77 deg
2026-03-19 13:36:26,012 [INFO] --- [AngleEngine] Fan Created: Fan_H17_L16 ---
2026-03-19 13:36:26,012 [INFO]   Origin: Bar 296, Time 1773808860, Price 23640.69921875
2026-03-19 13:36:26,012 [INFO]   Target: Bar 352, Time 1773822300, Price 23858.75
2026-03-19 13:36:26,012 [INFO]   Delta: db=56, dp_origin=218.05
2026-03-19 13:36:26,013 [INFO]   Scale Params: Ratio=3.6603, Radius=81.76 bars, Slope/Bar=3.8938
2026-03-19 13:36:26,013 [INFO]   Line 0.875: EndBar=1773822300 (approx), EndPrice=23818.41
2026-03-19 13:36:26,013 [INFO]   Line 0.75: EndBar=1773822300 (approx), EndPrice=23784.64
2026-03-19 13:36:26,013 [INFO]   Line 0.5: EndBar=1773822300 (approx), EndPrice=23729.34
2026-03-19 13:36:26,014 [INFO]   Line 0.25: EndBar=1773822300 (approx), EndPrice=23683.12
2026-03-19 13:36:26,014 [INFO]   Line 0.125: EndBar=1773822300 (approx), EndPrice=23661.69
2026-03-19 13:36:26,014 [INFO] [Study] Creating new fan: Fan_H17_L17 (P1 (H17-L17))
2026-03-19 13:36:26,014 [INFO] [AngleEngine] scale_ratio=3.6603, slope_per_bar=4.4477, visual_slope=1.2151, theta=50.55 deg
2026-03-19 13:36:26,014 [INFO] --- [AngleEngine] Fan Created: Fan_H17_L17 ---
2026-03-19 13:36:26,015 [INFO]   Origin: Bar 330, Time 1773817020, Price 23760.900390625
2026-03-19 13:36:26,015 [INFO]   Target: Bar 352, Time 1773822300, Price 23858.75
2026-03-19 13:36:26,015 [INFO]   Delta: db=22, dp_origin=97.85
2026-03-19 13:36:26,015 [INFO]   Scale Params: Ratio=3.6603, Radius=34.62 bars, Slope/Bar=4.4477
2026-03-19 13:36:26,015 [INFO]   Line 0.875: EndBar=1773822300 (approx), EndPrice=23839.29
2026-03-19 13:36:26,015 [INFO]   Line 0.75: EndBar=1773822300 (approx), EndPrice=23823.61
2026-03-19 13:36:26,015 [INFO]   Line 0.5: EndBar=1773822300 (approx), EndPrice=23798.92
2026-03-19 13:36:26,015 [INFO]   Line 0.25: EndBar=1773822300 (approx), EndPrice=23778.95
2026-03-19 13:36:26,015 [INFO]   Line 0.125: EndBar=1773822300 (approx), EndPrice=23769.82
2026-03-19 13:36:26,016 [INFO] [Study] Creating new fan: Fan_H17_L15 (P3 (H17-L15))
2026-03-19 13:36:26,016 [INFO] [AngleEngine] scale_ratio=3.6603, slope_per_bar=4.2189, visual_slope=1.1526, theta=49.06 deg
2026-03-19 13:36:26,016 [INFO] --- [AngleEngine] Fan Created: Fan_H17_L15 ---
2026-03-19 13:36:26,016 [INFO]   Origin: Bar 278, Time 1773740700, Price 23546.55078125
2026-03-19 13:36:26,017 [INFO]   Target: Bar 352, Time 1773822300, Price 23858.75
2026-03-19 13:36:26,017 [INFO]   Delta: db=74, dp_origin=312.20
2026-03-19 13:36:26,017 [INFO]   Scale Params: Ratio=3.6603, Radius=112.92 bars, Slope/Bar=4.2189
2026-03-19 13:36:26,017 [INFO]   Line 0.875: EndBar=1773822300 (approx), EndPrice=23798.46
2026-03-19 13:36:26,017 [INFO]   Line 0.75: EndBar=1773822300 (approx), EndPrice=23749.12
2026-03-19 13:36:26,017 [INFO]   Line 0.5: EndBar=1773822300 (approx), EndPrice=23670.15
2026-03-19 13:36:26,017 [INFO]   Line 0.25: EndBar=1773822300 (approx), EndPrice=23605.43
2026-03-19 13:36:26,017 [INFO]   Line 0.125: EndBar=1773822300 (approx), EndPrice=23575.65
2026-03-19 13:36:26,017 [INFO] [IntDet] Bar 357 | 2026-03-18 14:15 | H=23845.60 L=23811.10 C=23837.50 | Fans=3 Lines=21
2026-03-19 13:36:26,017 [INFO]   [P2 (H17-L16)] main: lineP=23878.22 | bars_from_origin=61.0 slope=3.8938 | ABOVE gap=32.62
2026-03-19 13:36:26,018 [INFO]   [P2 (H17-L16)] 0.875: lineP=23834.27 | bars_from_origin=61.0 slope=3.1733 | HIT gap=0.00
2026-03-19 13:36:26,018 [INFO]     >>> HIT RECORDED: P2 (H17-L16) frac=0.875 @ 23834.27
2026-03-19 13:36:26,018 [INFO]   [P2 (H17-L16)] 0.75: lineP=23797.49 | bars_from_origin=61.0 slope=2.5704 | BELOW gap=13.61
2026-03-19 13:36:26,018 [INFO]   [P2 (H17-L16)] 0.5: lineP=23737.25 | bars_from_origin=61.0 slope=1.5828 | BELOW gap=73.85
2026-03-19 13:36:26,018 [INFO]   [P2 (H17-L16)] 0.25: lineP=23686.91 | bars_from_origin=61.0 slope=0.7575 | BELOW gap=124.19
2026-03-19 13:36:26,018 [INFO]   [P2 (H17-L16)] 0.125: lineP=23663.56 | bars_from_origin=61.0 slope=0.3748 | BELOW gap=147.54
2026-03-19 13:36:26,018 [INFO]   [P2 (H17-L16)] main: lineP=23729.34 | bars_from_origin=5.0 slope=0.0000 | BELOW gap=81.76
2026-03-19 13:36:26,018 [INFO]   [P1 (H17-L17)] main: lineP=23880.99 | bars_from_origin=27.0 slope=4.4477 | ABOVE gap=35.39
2026-03-19 13:36:26,018 [INFO]   [P1 (H17-L17)] 0.875: lineP=23857.10 | bars_from_origin=27.0 slope=3.5630 | ABOVE gap=11.50
2026-03-19 13:36:26,018 [INFO]   [P1 (H17-L17)] 0.75: lineP=23837.86 | bars_from_origin=27.0 slope=2.8505 | HIT gap=0.00
2026-03-19 13:36:26,019 [INFO]     >>> HIT RECORDED: P1 (H17-L17) frac=0.75 @ 23837.86
2026-03-19 13:36:26,019 [INFO]   [P1 (H17-L17)] 0.5: lineP=23807.56 | bars_from_origin=27.0 slope=1.7281 | BELOW gap=3.54
2026-03-19 13:36:26,019 [INFO]   [P1 (H17-L17)] 0.25: lineP=23783.06 | bars_from_origin=27.0 slope=0.8206 | BELOW gap=28.04
2026-03-19 13:36:26,019 [INFO]   [P1 (H17-L17)] 0.125: lineP=23771.84 | bars_from_origin=27.0 slope=0.4053 | BELOW gap=39.26
2026-03-19 13:36:26,019 [INFO]   [P1 (H17-L17)] main: lineP=23798.92 | bars_from_origin=5.0 slope=0.0000 | BELOW gap=12.18
2026-03-19 13:36:26,019 [INFO]   [P3 (H17-L15)] main: lineP=23879.84 | bars_from_origin=79.0 slope=4.2189 | ABOVE gap=34.24
2026-03-19 13:36:26,019 [INFO]   [P3 (H17-L15)] 0.875: lineP=23815.48 | bars_from_origin=79.0 slope=3.4041 | HIT gap=0.00
2026-03-19 13:36:26,019 [INFO]     >>> HIT RECORDED: P3 (H17-L15) frac=0.875 @ 23815.48
2026-03-19 13:36:26,019 [INFO]   [P3 (H17-L15)] 0.75: lineP=23762.81 | bars_from_origin=79.0 slope=2.7374 | BELOW gap=48.29
2026-03-19 13:36:26,020 [INFO]   [P3 (H17-L15)] 0.5: lineP=23678.50 | bars_from_origin=79.0 slope=1.6702 | BELOW gap=132.60
2026-03-19 13:36:26,020 [INFO]   [P3 (H17-L15)] 0.25: lineP=23609.41 | bars_from_origin=79.0 slope=0.7957 | BELOW gap=201.69
2026-03-19 13:36:26,020 [INFO]   [P3 (H17-L15)] 0.125: lineP=23577.62 | bars_from_origin=79.0 slope=0.3932 | BELOW gap=233.48
2026-03-19 13:36:26,020 [INFO]   [P3 (H17-L15)] main: lineP=23670.15 | bars_from_origin=5.0 slope=0.0000 | BELOW gap=140.95
2026-03-19 13:36:26,020 [INFO]   [IntDet] Total hits this bar: 3
2026-03-19 13:36:26,020 [INFO] [Study] Emitting intersection event (DIRECT): {'time': 1773823500, 'fan': 'P2 (H17-L16)', 'fanIdentity': 'H17-L16', 'fraction': '7/8', 'price': 23834.27223153544, 'type': 'CROSS_UP', 'details': 'Breakout Attempt'}
2026-03-19 13:36:26,026 [INFO] [Study] Emitting intersection event (DIRECT): {'time': 1773823500, 'fan': 'P1 (H17-L17)', 'fanIdentity': 'H17-L17', 'fraction': '3/4', 'price': 23837.864129659072, 'type': 'RESISTANCE_TEST', 'details': 'Rejection / Pullback'}
2026-03-19 13:36:26,031 [INFO] [Study] Emitting intersection event (DIRECT): {'time': 1773823500, 'fan': 'P3 (H17-L15)', 'fanIdentity': 'H17-L15', 'fraction': '7/8', 'price': 23815.478194149055, 'type': 'SUPPORT_TEST', 'details': 'Resting / Throwback'}
2026-03-19 13:36:26,035 [INFO] [Tracking] Fan validated: Fan_H17_L16 via breach at bar 357
2026-03-19 13:36:26,035 [INFO] [Tracking] Fan validated: Fan_H17_L15 via touch at bar 357
2026-03-19 13:36:26,038 [INFO] [IntDet] Bar 358 | 2026-03-18 14:19 | H=23852.60 L=23833.15 C=23843.55 | Fans=3 Lines=21
2026-03-19 13:36:26,039 [INFO]   [P2 (H17-L16)] main: lineP=23882.11 | bars_from_origin=62.0 slope=3.8938 | ABOVE gap=29.51
2026-03-19 13:36:26,039 [INFO]   [P2 (H17-L16)] 0.875: lineP=23837.45 | bars_from_origin=62.0 slope=3.1733 | HIT gap=0.00
2026-03-19 13:36:26,039 [INFO]     >>> HIT RECORDED: P2 (H17-L16) frac=0.875 @ 23837.45
2026-03-19 13:36:26,039 [INFO]   [P2 (H17-L16)] 0.75: lineP=23800.06 | bars_from_origin=62.0 slope=2.5704 | BELOW gap=33.09
2026-03-19 13:36:26,039 [INFO]   [P2 (H17-L16)] 0.5: lineP=23738.83 | bars_from_origin=62.0 slope=1.5828 | BELOW gap=94.32
2026-03-19 13:36:26,039 [INFO]   [P2 (H17-L16)] 0.25: lineP=23687.67 | bars_from_origin=62.0 slope=0.7575 | BELOW gap=145.49
2026-03-19 13:36:26,039 [INFO]   [P2 (H17-L16)] 0.125: lineP=23663.94 | bars_from_origin=62.0 slope=0.3748 | BELOW gap=169.21
2026-03-19 13:36:26,039 [INFO]   [P2 (H17-L16)] main: lineP=23729.34 | bars_from_origin=6.0 slope=0.0000 | BELOW gap=103.81
2026-03-19 13:36:26,039 [INFO]   [P1 (H17-L17)] main: lineP=23885.44 | bars_from_origin=28.0 slope=4.4477 | ABOVE gap=32.84
2026-03-19 13:36:26,040 [INFO]   [P1 (H17-L17)] 0.875: lineP=23860.67 | bars_from_origin=28.0 slope=3.5630 | ABOVE gap=8.07
2026-03-19 13:36:26,040 [INFO]   [P1 (H17-L17)] 0.75: lineP=23840.71 | bars_from_origin=28.0 slope=2.8505 | HIT gap=0.00
2026-03-19 13:36:26,040 [INFO]     >>> HIT RECORDED: P1 (H17-L17) frac=0.75 @ 23840.71
2026-03-19 13:36:26,040 [INFO]   [P1 (H17-L17)] 0.5: lineP=23809.29 | bars_from_origin=28.0 slope=1.7281 | BELOW gap=23.86
2026-03-19 13:36:26,040 [INFO]   [P1 (H17-L17)] 0.25: lineP=23783.88 | bars_from_origin=28.0 slope=0.8206 | BELOW gap=49.27
2026-03-19 13:36:26,040 [INFO]   [P1 (H17-L17)] 0.125: lineP=23772.25 | bars_from_origin=28.0 slope=0.4053 | BELOW gap=60.90
2026-03-19 13:36:26,040 [INFO]   [P1 (H17-L17)] main: lineP=23798.92 | bars_from_origin=6.0 slope=0.0000 | BELOW gap=34.23
2026-03-19 13:36:26,041 [INFO]   [P3 (H17-L15)] main: lineP=23884.06 | bars_from_origin=80.0 slope=4.2189 | ABOVE gap=31.46
2026-03-19 13:36:26,042 [INFO]   [P3 (H17-L15)] 0.875: lineP=23818.88 | bars_from_origin=80.0 slope=3.4041 | BELOW gap=14.27
2026-03-19 13:36:26,042 [INFO]   [P3 (H17-L15)] 0.75: lineP=23765.54 | bars_from_origin=80.0 slope=2.7374 | BELOW gap=67.61
2026-03-19 13:36:26,042 [INFO]   [P3 (H17-L15)] 0.5: lineP=23680.17 | bars_from_origin=80.0 slope=1.6702 | BELOW gap=152.98
2026-03-19 13:36:26,042 [INFO]   [P3 (H17-L15)] 0.25: lineP=23610.20 | bars_from_origin=80.0 slope=0.7957 | BELOW gap=222.95
2026-03-19 13:36:26,043 [INFO]   [P3 (H17-L15)] 0.125: lineP=23578.01 | bars_from_origin=80.0 slope=0.3932 | BELOW gap=255.14
2026-03-19 13:36:26,043 [INFO]   [P3 (H17-L15)] main: lineP=23670.15 | bars_from_origin=6.0 slope=0.0000 | BELOW gap=163.00
2026-03-19 13:36:26,043 [INFO]   [IntDet] Total hits this bar: 2
2026-03-19 13:36:26,043 [INFO] [Study] Emitting intersection event (DIRECT): {'time': 1773823740, 'fan': 'P2 (H17-L16)', 'fanIdentity': 'H17-L16', 'fraction': '7/8', 'price': 23837.445559613887, 'type': 'CROSS_UP', 'details': 'Breakout Attempt'}
2026-03-19 13:36:26,048 [INFO] [Study] Emitting intersection event (DIRECT): {'time': 1773823740, 'fan': 'P1 (H17-L17)', 'fanIdentity': 'H17-L17', 'fraction': '3/4', 'price': 23840.71463851219, 'type': 'CROSS_UP', 'details': 'Breakout Attempt'}
2026-03-19 13:36:26,057 [INFO] [Study] Removing invalidated/excess fan: Fan_H17_L17
2026-03-19 13:36:26,057 [INFO] [Study] Removing invalidated/excess fan: Fan_H17_L16
2026-03-19 13:36:26,057 [INFO] [Study] Removing invalidated/excess fan: Fan_H17_L15
2026-03-19 13:36:26,057 [INFO] [IntDet] Bar 359 | 2026-03-18 14:23 | H=23861.80 L=23838.35 C=23859.25 | Fans=0 Lines=0
2026-03-19 13:36:26,060 [INFO] [IntDet] Bar 360 | 2026-03-18 14:27 | H=23860.05 L=23830.15 C=23830.50 | Fans=0 Lines=0
2026-03-19 13:36:26,063 [INFO] [IntDet] Bar 361 | 2026-03-18 14:31 | H=23840.05 L=23795.80 C=23796.15 | Fans=0 Lines=0
2026-03-19 13:36:26,065 [INFO] [IntDet] Bar 362 | 2026-03-18 14:35 | H=23805.70 L=23786.95 C=23798.65 | Fans=0 Lines=0
2026-03-19 13:36:26,068 [INFO] [IntDet] Bar 363 | 2026-03-18 14:39 | H=23811.40 L=23793.00 C=23793.80 | Fans=0 Lines=0
2026-03-19 13:36:26,071 [INFO] [Study] Creating new fan: Fan_H17_L16 (P2 (H17-L16))
2026-03-19 13:36:26,071 [INFO] [AngleEngine] scale_ratio=3.6603, slope_per_bar=3.5095, visual_slope=0.9588, theta=43.80 deg
2026-03-19 13:36:26,072 [INFO] --- [AngleEngine] Fan Created: Fan_H17_L16 ---
2026-03-19 13:36:26,072 [INFO]   Origin: Bar 296, Time 1773808860, Price 23640.69921875
2026-03-19 13:36:26,072 [INFO]   Target: Bar 359, Time 1773823980, Price 23861.80078125
2026-03-19 13:36:26,072 [INFO]   Delta: db=63, dp_origin=221.10
2026-03-19 13:36:26,073 [INFO]   Scale Params: Ratio=3.6603, Radius=87.28 bars, Slope/Bar=3.5095
2026-03-19 13:36:26,073 [INFO]   Line 0.875: EndBar=1773823980 (approx), EndPrice=23822.95
2026-03-19 13:36:26,073 [INFO]   Line 0.75: EndBar=1773823980 (approx), EndPrice=23789.58
2026-03-19 13:36:26,073 [INFO]   Line 0.5: EndBar=1773823980 (approx), EndPrice=23733.39
2026-03-19 13:36:26,073 [INFO]   Line 0.25: EndBar=1773823980 (approx), EndPrice=23685.31
2026-03-19 13:36:26,073 [INFO]   Line 0.125: EndBar=1773823980 (approx), EndPrice=23662.80
2026-03-19 13:36:26,074 [INFO] [Study] Creating new fan: Fan_H17_L17 (P1 (H17-L17))
2026-03-19 13:36:26,074 [INFO] [AngleEngine] scale_ratio=3.6603, slope_per_bar=3.4793, visual_slope=0.9506, theta=43.55 deg
2026-03-19 13:36:26,074 [INFO] --- [AngleEngine] Fan Created: Fan_H17_L17 ---
2026-03-19 13:36:26,074 [INFO]   Origin: Bar 330, Time 1773817020, Price 23760.900390625
2026-03-19 13:36:26,075 [INFO]   Target: Bar 359, Time 1773823980, Price 23861.80078125
2026-03-19 13:36:26,075 [INFO]   Delta: db=29, dp_origin=100.90
2026-03-19 13:36:26,075 [INFO]   Scale Params: Ratio=3.6603, Radius=40.01 bars, Slope/Bar=3.4793
2026-03-19 13:36:26,075 [INFO]   Line 0.875: EndBar=1773823980 (approx), EndPrice=23844.14
2026-03-19 13:36:26,075 [INFO]   Line 0.75: EndBar=1773823980 (approx), EndPrice=23828.94
2026-03-19 13:36:26,075 [INFO]   Line 0.5: EndBar=1773823980 (approx), EndPrice=23803.30
2026-03-19 13:36:26,075 [INFO]   Line 0.25: EndBar=1773823980 (approx), EndPrice=23781.32
2026-03-19 13:36:26,075 [INFO]   Line 0.125: EndBar=1773823980 (approx), EndPrice=23771.02
2026-03-19 13:36:26,075 [INFO] [Study] Creating new fan: Fan_H17_L15 (P3 (H17-L15))
2026-03-19 13:36:26,076 [INFO] [AngleEngine] scale_ratio=3.6603, slope_per_bar=3.8920, visual_slope=1.0633, theta=46.76 deg
2026-03-19 13:36:26,076 [INFO] --- [AngleEngine] Fan Created: Fan_H17_L15 ---
2026-03-19 13:36:26,076 [INFO]   Origin: Bar 278, Time 1773740700, Price 23546.55078125
2026-03-19 13:36:26,076 [INFO]   Target: Bar 359, Time 1773823980, Price 23861.80078125
2026-03-19 13:36:26,076 [INFO]   Delta: db=81, dp_origin=315.25
2026-03-19 13:36:26,076 [INFO]   Scale Params: Ratio=3.6603, Radius=118.23 bars, Slope/Bar=3.8920
2026-03-19 13:36:26,077 [INFO]   Line 0.875: EndBar=1773823980 (approx), EndPrice=23803.49
2026-03-19 13:36:26,077 [INFO]   Line 0.75: EndBar=1773823980 (approx), EndPrice=23754.67
2026-03-19 13:36:26,077 [INFO]   Line 0.5: EndBar=1773823980 (approx), EndPrice=23674.72
2026-03-19 13:36:26,077 [INFO]   Line 0.25: EndBar=1773823980 (approx), EndPrice=23607.89
2026-03-19 13:36:26,077 [INFO]   Line 0.125: EndBar=1773823980 (approx), EndPrice=23576.90
2026-03-19 13:36:26,077 [INFO] [IntDet] Bar 364 | 2026-03-18 14:43 | H=23802.55 L=23775.55 C=23799.60 | Fans=3 Lines=21
2026-03-19 13:36:26,077 [INFO]   [P2 (H17-L16)] main: lineP=23879.35 | bars_from_origin=68.0 slope=3.5095 | ABOVE gap=76.80
2026-03-19 13:36:26,078 [INFO]   [P2 (H17-L16)] 0.875: lineP=23837.42 | bars_from_origin=68.0 slope=2.8929 | ABOVE gap=34.87
2026-03-19 13:36:26,078 [INFO]   [P2 (H17-L16)] 0.75: lineP=23801.39 | bars_from_origin=68.0 slope=2.3631 | HIT gap=0.00
2026-03-19 13:36:26,078 [INFO]     >>> HIT RECORDED: P2 (H17-L16) frac=0.75 @ 23801.39
2026-03-19 13:36:26,078 [INFO]   [P2 (H17-L16)] 0.5: lineP=23740.75 | bars_from_origin=68.0 slope=1.4713 | BELOW gap=34.81
2026-03-19 13:36:26,078 [INFO]   [P2 (H17-L16)] 0.25: lineP=23688.85 | bars_from_origin=68.0 slope=0.7081 | BELOW gap=86.70
2026-03-19 13:36:26,078 [INFO]   [P2 (H17-L16)] 0.125: lineP=23664.55 | bars_from_origin=68.0 slope=0.3508 | BELOW gap=111.00
2026-03-19 13:36:26,078 [INFO]   [P2 (H17-L16)] main: lineP=23733.39 | bars_from_origin=5.0 slope=0.0000 | BELOW gap=42.16
2026-03-19 13:36:26,078 [INFO]   [P1 (H17-L17)] main: lineP=23879.20 | bars_from_origin=34.0 slope=3.4793 | ABOVE gap=76.65
2026-03-19 13:36:26,078 [INFO]   [P1 (H17-L17)] 0.875: lineP=23858.50 | bars_from_origin=34.0 slope=2.8705 | ABOVE gap=55.95
2026-03-19 13:36:26,078 [INFO]   [P1 (H17-L17)] 0.75: lineP=23840.68 | bars_from_origin=34.0 slope=2.3464 | ABOVE gap=38.13
2026-03-19 13:36:26,078 [INFO]   [P1 (H17-L17)] 0.5: lineP=23810.61 | bars_from_origin=34.0 slope=1.4621 | ABOVE gap=8.06
2026-03-19 13:36:26,079 [INFO]   [P1 (H17-L17)] 0.25: lineP=23784.84 | bars_from_origin=34.0 slope=0.7040 | HIT gap=0.00
2026-03-19 13:36:26,079 [INFO]     >>> HIT RECORDED: P1 (H17-L17) frac=0.25 @ 23784.84
2026-03-19 13:36:26,079 [INFO]   [P1 (H17-L17)] 0.125: lineP=23772.76 | bars_from_origin=34.0 slope=0.3488 | BELOW gap=2.79
2026-03-19 13:36:26,079 [INFO]   [P1 (H17-L17)] main: lineP=23803.30 | bars_from_origin=5.0 slope=0.0000 | ABOVE gap=0.75
2026-03-19 13:36:26,079 [INFO]   [P3 (H17-L15)] main: lineP=23881.26 | bars_from_origin=86.0 slope=3.8920 | ABOVE gap=78.71
2026-03-19 13:36:26,079 [INFO]   [P3 (H17-L15)] 0.875: lineP=23819.35 | bars_from_origin=86.0 slope=3.1720 | ABOVE gap=16.80
2026-03-19 13:36:26,079 [INFO]   [P3 (H17-L15)] 0.75: lineP=23767.52 | bars_from_origin=86.0 slope=2.5694 | BELOW gap=8.03
2026-03-19 13:36:26,079 [INFO]   [P3 (H17-L15)] 0.5: lineP=23682.63 | bars_from_origin=86.0 slope=1.5823 | BELOW gap=92.92
2026-03-19 13:36:26,079 [INFO]   [P3 (H17-L15)] 0.25: lineP=23611.68 | bars_from_origin=86.0 slope=0.7573 | BELOW gap=163.87
2026-03-19 13:36:26,079 [INFO]   [P3 (H17-L15)] 0.125: lineP=23578.77 | bars_from_origin=86.0 slope=0.3747 | BELOW gap=196.78
2026-03-19 13:36:26,080 [INFO]   [P3 (H17-L15)] main: lineP=23674.72 | bars_from_origin=5.0 slope=0.0000 | BELOW gap=100.83
2026-03-19 13:36:26,080 [INFO]   [IntDet] Total hits this bar: 2
2026-03-19 13:36:26,080 [INFO] [Study] Emitting intersection event (DIRECT): {'time': 1773825180, 'fan': 'P2 (H17-L16)', 'fanIdentity': 'H17-L16', 'fraction': '3/4', 'price': 23801.391357316257, 'type': 'RESISTANCE_TEST', 'details': 'Rejection / Pullback'}
2026-03-19 13:36:26,088 [INFO] [Study] Emitting intersection event (DIRECT): {'time': 1773825180, 'fan': 'P1 (H17-L17)', 'fanIdentity': 'H17-L17', 'fraction': '1/4', 'price': 23784.836421880562, 'type': 'SUPPORT_TEST', 'details': 'Resting / Throwback'}
2026-03-19 13:36:26,096 [INFO] [IntDet] Bar 365 | 2026-03-18 14:47 | H=23804.95 L=23787.05 C=23803.35 | Fans=3 Lines=21
2026-03-19 13:36:26,096 [INFO]   [P2 (H17-L16)] main: lineP=23882.86 | bars_from_origin=69.0 slope=3.5095 | ABOVE gap=77.91
2026-03-19 13:36:26,096 [INFO]   [P2 (H17-L16)] 0.875: lineP=23840.31 | bars_from_origin=69.0 slope=2.8929 | ABOVE gap=35.36
2026-03-19 13:36:26,096 [INFO]   [P2 (H17-L16)] 0.75: lineP=23803.75 | bars_from_origin=69.0 slope=2.3631 | HIT gap=0.00
2026-03-19 13:36:26,096 [INFO]     >>> HIT RECORDED: P2 (H17-L16) frac=0.75 @ 23803.75
2026-03-19 13:36:26,097 [INFO]   [P2 (H17-L16)] 0.5: lineP=23742.22 | bars_from_origin=69.0 slope=1.4713 | BELOW gap=44.83
2026-03-19 13:36:26,097 [INFO]   [P2 (H17-L16)] 0.25: lineP=23689.56 | bars_from_origin=69.0 slope=0.7081 | BELOW gap=97.49
2026-03-19 13:36:26,097 [INFO]   [P2 (H17-L16)] 0.125: lineP=23664.90 | bars_from_origin=69.0 slope=0.3508 | BELOW gap=122.15
2026-03-19 13:36:26,097 [INFO]   [P2 (H17-L16)] main: lineP=23733.39 | bars_from_origin=6.0 slope=0.0000 | BELOW gap=53.66
2026-03-19 13:36:26,097 [INFO]   [P1 (H17-L17)] main: lineP=23882.68 | bars_from_origin=35.0 slope=3.4793 | ABOVE gap=77.73
2026-03-19 13:36:26,098 [INFO]   [P1 (H17-L17)] 0.875: lineP=23861.37 | bars_from_origin=35.0 slope=2.8705 | ABOVE gap=56.42
2026-03-19 13:36:26,098 [INFO]   [P1 (H17-L17)] 0.75: lineP=23843.02 | bars_from_origin=35.0 slope=2.3464 | ABOVE gap=38.07
2026-03-19 13:36:26,098 [INFO]   [P1 (H17-L17)] 0.5: lineP=23812.07 | bars_from_origin=35.0 slope=1.4621 | ABOVE gap=7.12
2026-03-19 13:36:26,098 [INFO]   [P1 (H17-L17)] 0.25: lineP=23785.54 | bars_from_origin=35.0 slope=0.7040 | BELOW gap=1.51
2026-03-19 13:36:26,098 [INFO]   [P1 (H17-L17)] 0.125: lineP=23773.11 | bars_from_origin=35.0 slope=0.3488 | BELOW gap=13.94
2026-03-19 13:36:26,098 [INFO]   [P1 (H17-L17)] main: lineP=23803.30 | bars_from_origin=6.0 slope=0.0000 | HIT gap=0.00
2026-03-19 13:36:26,098 [INFO]     >>> HIT RECORDED: P1 (H17-L17) frac=main @ 23803.30
2026-03-19 13:36:26,098 [INFO]   [P3 (H17-L15)] main: lineP=23885.15 | bars_from_origin=87.0 slope=3.8920 | ABOVE gap=80.20
2026-03-19 13:36:26,098 [INFO]   [P3 (H17-L15)] 0.875: lineP=23822.52 | bars_from_origin=87.0 slope=3.1720 | ABOVE gap=17.57
2026-03-19 13:36:26,099 [INFO]   [P3 (H17-L15)] 0.75: lineP=23770.09 | bars_from_origin=87.0 slope=2.5694 | BELOW gap=16.96
2026-03-19 13:36:26,099 [INFO]   [P3 (H17-L15)] 0.5: lineP=23684.21 | bars_from_origin=87.0 slope=1.5823 | BELOW gap=102.84
2026-03-19 13:36:26,099 [INFO]   [P3 (H17-L15)] 0.25: lineP=23612.44 | bars_from_origin=87.0 slope=0.7573 | BELOW gap=174.62
2026-03-19 13:36:26,099 [INFO]   [P3 (H17-L15)] 0.125: lineP=23579.15 | bars_from_origin=87.0 slope=0.3747 | BELOW gap=207.90
2026-03-19 13:36:26,099 [INFO]   [P3 (H17-L15)] main: lineP=23674.72 | bars_from_origin=6.0 slope=0.0000 | BELOW gap=112.33
2026-03-19 13:36:26,099 [INFO]   [IntDet] Total hits this bar: 2
2026-03-19 13:36:26,099 [INFO] [Study] Emitting intersection event (DIRECT): {'time': 1773825420, 'fan': 'P2 (H17-L16)', 'fanIdentity': 'H17-L16', 'fraction': '3/4', 'price': 23803.754477001054, 'type': 'RESISTANCE_TEST', 'details': 'Rejection / Pullback'}
2026-03-19 13:36:26,103 [INFO] [Study] Emitting intersection event (DIRECT): {'time': 1773825420, 'fan': 'P1 (H17-L17)', 'fanIdentity': 'H17-L17', 'fraction': 'Horizontal', 'price': 23803.300944280258, 'type': 'CROSS_UP', 'details': 'Breakout Attempt'}
2026-03-19 13:36:26,113 [INFO] [IntDet] Bar 366 | 2026-03-18 14:51 | H=23808.35 L=23780.60 C=23783.75 | Fans=3 Lines=21
2026-03-19 13:36:26,113 [INFO]   [P2 (H17-L16)] main: lineP=23886.37 | bars_from_origin=70.0 slope=3.5095 | ABOVE gap=78.02
2026-03-19 13:36:26,113 [INFO]   [P2 (H17-L16)] 0.875: lineP=23843.20 | bars_from_origin=70.0 slope=2.8929 | ABOVE gap=34.85
2026-03-19 13:36:26,113 [INFO]   [P2 (H17-L16)] 0.75: lineP=23806.12 | bars_from_origin=70.0 slope=2.3631 | HIT gap=0.00
2026-03-19 13:36:26,113 [INFO]     >>> HIT RECORDED: P2 (H17-L16) frac=0.75 @ 23806.12
2026-03-19 13:36:26,113 [INFO]   [P2 (H17-L16)] 0.5: lineP=23743.69 | bars_from_origin=70.0 slope=1.4713 | BELOW gap=36.91
2026-03-19 13:36:26,113 [INFO]   [P2 (H17-L16)] 0.25: lineP=23690.27 | bars_from_origin=70.0 slope=0.7081 | BELOW gap=90.33
2026-03-19 13:36:26,114 [INFO]   [P2 (H17-L16)] 0.125: lineP=23665.26 | bars_from_origin=70.0 slope=0.3508 | BELOW gap=115.34
2026-03-19 13:36:26,114 [INFO]   [P2 (H17-L16)] main: lineP=23733.39 | bars_from_origin=7.0 slope=0.0000 | BELOW gap=47.21
2026-03-19 13:36:26,114 [INFO]   [P1 (H17-L17)] main: lineP=23886.16 | bars_from_origin=36.0 slope=3.4793 | ABOVE gap=77.81
2026-03-19 13:36:26,114 [INFO]   [P1 (H17-L17)] 0.875: lineP=23864.24 | bars_from_origin=36.0 slope=2.8705 | ABOVE gap=55.89
2026-03-19 13:36:26,114 [INFO]   [P1 (H17-L17)] 0.75: lineP=23845.37 | bars_from_origin=36.0 slope=2.3464 | ABOVE gap=37.02
2026-03-19 13:36:26,114 [INFO]   [P1 (H17-L17)] 0.5: lineP=23813.54 | bars_from_origin=36.0 slope=1.4621 | ABOVE gap=5.19
2026-03-19 13:36:26,114 [INFO]   [P1 (H17-L17)] 0.25: lineP=23786.24 | bars_from_origin=36.0 slope=0.7040 | HIT gap=0.00
2026-03-19 13:36:26,115 [INFO]     >>> HIT RECORDED: P1 (H17-L17) frac=0.25 @ 23786.24
2026-03-19 13:36:26,115 [INFO]   [P1 (H17-L17)] 0.125: lineP=23773.46 | bars_from_origin=36.0 slope=0.3488 | BELOW gap=7.14
2026-03-19 13:36:26,115 [INFO]   [P1 (H17-L17)] main: lineP=23803.30 | bars_from_origin=7.0 slope=0.0000 | HIT gap=0.00
2026-03-19 13:36:26,115 [INFO]     >>> HIT RECORDED: P1 (H17-L17) frac=main @ 23803.30
2026-03-19 13:36:26,115 [INFO]   [P3 (H17-L15)] main: lineP=23889.04 | bars_from_origin=88.0 slope=3.8920 | ABOVE gap=80.69
2026-03-19 13:36:26,115 [INFO]   [P3 (H17-L15)] 0.875: lineP=23825.69 | bars_from_origin=88.0 slope=3.1720 | ABOVE gap=17.34
2026-03-19 13:36:26,116 [INFO]   [P3 (H17-L15)] 0.75: lineP=23772.66 | bars_from_origin=88.0 slope=2.5694 | BELOW gap=7.94
2026-03-19 13:36:26,116 [INFO]   [P3 (H17-L15)] 0.5: lineP=23685.80 | bars_from_origin=88.0 slope=1.5823 | BELOW gap=94.80
2026-03-19 13:36:26,116 [INFO]   [P3 (H17-L15)] 0.25: lineP=23613.19 | bars_from_origin=88.0 slope=0.7573 | BELOW gap=167.41
2026-03-19 13:36:26,116 [INFO]   [P3 (H17-L15)] 0.125: lineP=23579.52 | bars_from_origin=88.0 slope=0.3747 | BELOW gap=201.08
2026-03-19 13:36:26,116 [INFO]   [P3 (H17-L15)] main: lineP=23674.72 | bars_from_origin=7.0 slope=0.0000 | BELOW gap=105.88
2026-03-19 13:36:26,116 [INFO]   [IntDet] Total hits this bar: 3
2026-03-19 13:36:26,116 [INFO] [Study] Emitting intersection event (DIRECT): {'time': 1773825660, 'fan': 'P2 (H17-L16)', 'fanIdentity': 'H17-L16', 'fraction': '3/4', 'price': 23806.117596685854, 'type': 'RESISTANCE_TEST', 'details': 'Rejection / Pullback'}
2026-03-19 13:36:26,122 [INFO] [Study] Emitting intersection event (DIRECT): {'time': 1773825660, 'fan': 'P1 (H17-L17)', 'fanIdentity': 'H17-L17', 'fraction': '1/4', 'price': 23786.244423719127, 'type': 'CROSS_DOWN', 'details': 'Breakdown Attempt'}
2026-03-19 13:36:26,127 [INFO] [Study] Emitting intersection event (DIRECT): {'time': 1773825660, 'fan': 'P1 (H17-L17)', 'fanIdentity': 'H17-L17', 'fraction': 'Horizontal', 'price': 23803.300944280258, 'type': 'CROSS_DOWN', 'details': 'Breakdown Attempt'}
2026-03-19 13:36:26,130 [INFO] [Tracking] FAKE OUT: Fan_H17_L17 Horizontal (T+1 bars)
2026-03-19 13:36:26,133 [INFO] [IntDet] Bar 367 | 2026-03-18 14:55 | H=23799.45 L=23781.85 C=23798.20 | Fans=3 Lines=21
2026-03-19 13:36:26,133 [INFO]   [P2 (H17-L16)] main: lineP=23889.88 | bars_from_origin=71.0 slope=3.5095 | ABOVE gap=90.43
2026-03-19 13:36:26,133 [INFO]   [P2 (H17-L16)] 0.875: lineP=23846.10 | bars_from_origin=71.0 slope=2.8929 | ABOVE gap=46.65
2026-03-19 13:36:26,133 [INFO]   [P2 (H17-L16)] 0.75: lineP=23808.48 | bars_from_origin=71.0 slope=2.3631 | ABOVE gap=9.03
2026-03-19 13:36:26,134 [INFO]   [P2 (H17-L16)] 0.5: lineP=23745.16 | bars_from_origin=71.0 slope=1.4713 | BELOW gap=36.69
2026-03-19 13:36:26,134 [INFO]   [P2 (H17-L16)] 0.25: lineP=23690.97 | bars_from_origin=71.0 slope=0.7081 | BELOW gap=90.88
2026-03-19 13:36:26,134 [INFO]   [P2 (H17-L16)] 0.125: lineP=23665.61 | bars_from_origin=71.0 slope=0.3508 | BELOW gap=116.24
2026-03-19 13:36:26,134 [INFO]   [P2 (H17-L16)] main: lineP=23733.39 | bars_from_origin=8.0 slope=0.0000 | BELOW gap=48.46
2026-03-19 13:36:26,134 [INFO]   [P1 (H17-L17)] main: lineP=23889.64 | bars_from_origin=37.0 slope=3.4793 | ABOVE gap=90.19
2026-03-19 13:36:26,134 [INFO]   [P1 (H17-L17)] 0.875: lineP=23867.11 | bars_from_origin=37.0 slope=2.8705 | ABOVE gap=67.66
2026-03-19 13:36:26,134 [INFO]   [P1 (H17-L17)] 0.75: lineP=23847.72 | bars_from_origin=37.0 slope=2.3464 | ABOVE gap=48.27
2026-03-19 13:36:26,135 [INFO]   [P1 (H17-L17)] 0.5: lineP=23815.00 | bars_from_origin=37.0 slope=1.4621 | ABOVE gap=15.55
2026-03-19 13:36:26,135 [INFO]   [P1 (H17-L17)] 0.25: lineP=23786.95 | bars_from_origin=37.0 slope=0.7040 | HIT gap=0.00
2026-03-19 13:36:26,135 [INFO]     >>> HIT RECORDED: P1 (H17-L17) frac=0.25 @ 23786.95
2026-03-19 13:36:26,135 [INFO]   [P1 (H17-L17)] 0.125: lineP=23773.81 | bars_from_origin=37.0 slope=0.3488 | BELOW gap=8.04
2026-03-19 13:36:26,135 [INFO]   [P1 (H17-L17)] main: lineP=23803.30 | bars_from_origin=8.0 slope=0.0000 | ABOVE gap=3.85
2026-03-19 13:36:26,135 [INFO]   [P3 (H17-L15)] main: lineP=23892.94 | bars_from_origin=89.0 slope=3.8920 | ABOVE gap=93.49
2026-03-19 13:36:26,135 [INFO]   [P3 (H17-L15)] 0.875: lineP=23828.86 | bars_from_origin=89.0 slope=3.1720 | ABOVE gap=29.41
2026-03-19 13:36:26,135 [INFO]   [P3 (H17-L15)] 0.75: lineP=23775.23 | bars_from_origin=89.0 slope=2.5694 | BELOW gap=6.62
2026-03-19 13:36:26,135 [INFO]   [P3 (H17-L15)] 0.5: lineP=23687.38 | bars_from_origin=89.0 slope=1.5823 | BELOW gap=94.47
2026-03-19 13:36:26,135 [INFO]   [P3 (H17-L15)] 0.25: lineP=23613.95 | bars_from_origin=89.0 slope=0.7573 | BELOW gap=167.90
2026-03-19 13:36:26,136 [INFO]   [P3 (H17-L15)] 0.125: lineP=23579.90 | bars_from_origin=89.0 slope=0.3747 | BELOW gap=201.95
2026-03-19 13:36:26,136 [INFO]   [P3 (H17-L15)] main: lineP=23674.72 | bars_from_origin=8.0 slope=0.0000 | BELOW gap=107.13
2026-03-19 13:36:26,136 [INFO]   [IntDet] Total hits this bar: 1
2026-03-19 13:36:26,136 [INFO] [Study] Emitting intersection event (DIRECT): {'time': 1773825900, 'fan': 'P1 (H17-L17)', 'fanIdentity': 'H17-L17', 'fraction': '1/4', 'price': 23786.94842463841, 'type': 'CROSS_UP', 'details': 'Breakout Attempt'}
2026-03-19 13:36:26,140 [INFO] [Tracking] FAKE OUT: Fan_H17_L17 0.25 (T+1 bars)
2026-03-19 13:36:26,143 [INFO] [IntDet] Bar 368 | 2026-03-18 14:59 | H=23809.80 L=23766.90 C=23795.25 | Fans=3 Lines=21
2026-03-19 13:36:26,143 [INFO]   [P2 (H17-L16)] main: lineP=23893.39 | bars_from_origin=72.0 slope=3.5095 | ABOVE gap=83.59
2026-03-19 13:36:26,143 [INFO]   [P2 (H17-L16)] 0.875: lineP=23848.99 | bars_from_origin=72.0 slope=2.8929 | ABOVE gap=39.19
2026-03-19 13:36:26,143 [INFO]   [P2 (H17-L16)] 0.75: lineP=23810.84 | bars_from_origin=72.0 slope=2.3631 | ABOVE gap=1.04
2026-03-19 13:36:26,143 [INFO]   [P2 (H17-L16)] 0.5: lineP=23746.63 | bars_from_origin=72.0 slope=1.4713 | BELOW gap=20.27
2026-03-19 13:36:26,144 [INFO]   [P2 (H17-L16)] 0.25: lineP=23691.68 | bars_from_origin=72.0 slope=0.7081 | BELOW gap=75.22
2026-03-19 13:36:26,144 [INFO]   [P2 (H17-L16)] 0.125: lineP=23665.96 | bars_from_origin=72.0 slope=0.3508 | BELOW gap=100.94
2026-03-19 13:36:26,144 [INFO]   [P2 (H17-L16)] main: lineP=23733.39 | bars_from_origin=9.0 slope=0.0000 | BELOW gap=33.51
2026-03-19 13:36:26,144 [INFO]   [P1 (H17-L17)] main: lineP=23893.11 | bars_from_origin=38.0 slope=3.4793 | ABOVE gap=83.31
2026-03-19 13:36:26,144 [INFO]   [P1 (H17-L17)] 0.875: lineP=23869.98 | bars_from_origin=38.0 slope=2.8705 | ABOVE gap=60.18
2026-03-19 13:36:26,144 [INFO]   [P1 (H17-L17)] 0.75: lineP=23850.06 | bars_from_origin=38.0 slope=2.3464 | ABOVE gap=40.26
2026-03-19 13:36:26,144 [INFO]   [P1 (H17-L17)] 0.5: lineP=23816.46 | bars_from_origin=38.0 slope=1.4621 | ABOVE gap=6.66
2026-03-19 13:36:26,144 [INFO]   [P1 (H17-L17)] 0.25: lineP=23787.65 | bars_from_origin=38.0 slope=0.7040 | HIT gap=0.00
2026-03-19 13:36:26,144 [INFO]     >>> HIT RECORDED: P1 (H17-L17) frac=0.25 @ 23787.65
2026-03-19 13:36:26,144 [INFO]   [P1 (H17-L17)] 0.125: lineP=23774.15 | bars_from_origin=38.0 slope=0.3488 | HIT gap=0.00
2026-03-19 13:36:26,145 [INFO]     >>> HIT RECORDED: P1 (H17-L17) frac=0.125 @ 23774.15
2026-03-19 13:36:26,145 [INFO]   [P1 (H17-L17)] main: lineP=23803.30 | bars_from_origin=9.0 slope=0.0000 | HIT gap=0.00
2026-03-19 13:36:26,145 [INFO]     >>> HIT RECORDED: P1 (H17-L17) frac=main @ 23803.30
2026-03-19 13:36:26,145 [INFO]   [P3 (H17-L15)] main: lineP=23896.83 | bars_from_origin=90.0 slope=3.8920 | ABOVE gap=87.03
2026-03-19 13:36:26,145 [INFO]   [P3 (H17-L15)] 0.875: lineP=23832.03 | bars_from_origin=90.0 slope=3.1720 | ABOVE gap=22.23
2026-03-19 13:36:26,145 [INFO]   [P3 (H17-L15)] 0.75: lineP=23777.80 | bars_from_origin=90.0 slope=2.5694 | HIT gap=0.00
2026-03-19 13:36:26,145 [INFO]     >>> HIT RECORDED: P3 (H17-L15) frac=0.75 @ 23777.80
2026-03-19 13:36:26,145 [INFO]   [P3 (H17-L15)] 0.5: lineP=23688.96 | bars_from_origin=90.0 slope=1.5823 | BELOW gap=77.94
2026-03-19 13:36:26,145 [INFO]   [P3 (H17-L15)] 0.25: lineP=23614.71 | bars_from_origin=90.0 slope=0.7573 | BELOW gap=152.19
2026-03-19 13:36:26,145 [INFO]   [P3 (H17-L15)] 0.125: lineP=23580.27 | bars_from_origin=90.0 slope=0.3747 | BELOW gap=186.63
2026-03-19 13:36:26,145 [INFO]   [P3 (H17-L15)] main: lineP=23674.72 | bars_from_origin=9.0 slope=0.0000 | BELOW gap=92.18
2026-03-19 13:36:26,146 [INFO]   [IntDet] Total hits this bar: 4
2026-03-19 13:36:26,146 [INFO] [Study] Emitting intersection event (DIRECT): {'time': 1773826140, 'fan': 'P1 (H17-L17)', 'fanIdentity': 'H17-L17', 'fraction': '1/4', 'price': 23787.652425557688, 'type': 'SUPPORT_TEST', 'details': 'Resting / Throwback'}
2026-03-19 13:36:26,149 [INFO] [Study] Emitting intersection event (DIRECT): {'time': 1773826140, 'fan': 'P1 (H17-L17)', 'fanIdentity': 'H17-L17', 'fraction': '1/8', 'price': 23774.154941648627, 'type': 'SUPPORT_TEST', 'details': 'Resting / Throwback'}
2026-03-19 13:36:26,153 [INFO] [Study] Emitting intersection event (DIRECT): {'time': 1773826140, 'fan': 'P1 (H17-L17)', 'fanIdentity': 'H17-L17', 'fraction': 'Horizontal', 'price': 23803.300944280258, 'type': 'RESISTANCE_TEST', 'details': 'Rejection / Pullback'}
2026-03-19 13:36:26,156 [INFO] [Study] Emitting intersection event (DIRECT): {'time': 1773826140, 'fan': 'P3 (H17-L15)', 'fanIdentity': 'H17-L15', 'fraction': '3/4', 'price': 23777.799483996852, 'type': 'SUPPORT_TEST', 'details': 'Resting / Throwback'}
2026-03-19 13:36:26,162 [INFO] [IntDet] Bar 369 | 2026-03-18 15:03 | H=23806.00 L=23785.50 C=23798.40 | Fans=3 Lines=21
2026-03-19 13:36:26,162 [INFO]   [P2 (H17-L16)] main: lineP=23896.90 | bars_from_origin=73.0 slope=3.5095 | ABOVE gap=90.90
2026-03-19 13:36:26,162 [INFO]   [P2 (H17-L16)] 0.875: lineP=23851.88 | bars_from_origin=73.0 slope=2.8929 | ABOVE gap=45.88
2026-03-19 13:36:26,162 [INFO]   [P2 (H17-L16)] 0.75: lineP=23813.21 | bars_from_origin=73.0 slope=2.3631 | ABOVE gap=7.21
2026-03-19 13:36:26,162 [INFO]   [P2 (H17-L16)] 0.5: lineP=23748.10 | bars_from_origin=73.0 slope=1.4713 | BELOW gap=37.40
2026-03-19 13:36:26,162 [INFO]   [P2 (H17-L16)] 0.25: lineP=23692.39 | bars_from_origin=73.0 slope=0.7081 | BELOW gap=93.11
2026-03-19 13:36:26,162 [INFO]   [P2 (H17-L16)] 0.125: lineP=23666.31 | bars_from_origin=73.0 slope=0.3508 | BELOW gap=119.19
2026-03-19 13:36:26,163 [INFO]   [P2 (H17-L16)] main: lineP=23733.39 | bars_from_origin=10.0 slope=0.0000 | BELOW gap=52.11
2026-03-19 13:36:26,163 [INFO]   [P1 (H17-L17)] main: lineP=23896.59 | bars_from_origin=39.0 slope=3.4793 | ABOVE gap=90.59
2026-03-19 13:36:26,163 [INFO]   [P1 (H17-L17)] 0.875: lineP=23872.85 | bars_from_origin=39.0 slope=2.8705 | ABOVE gap=66.85
2026-03-19 13:36:26,163 [INFO]   [P1 (H17-L17)] 0.75: lineP=23852.41 | bars_from_origin=39.0 slope=2.3464 | ABOVE gap=46.41
2026-03-19 13:36:26,163 [INFO]   [P1 (H17-L17)] 0.5: lineP=23817.92 | bars_from_origin=39.0 slope=1.4621 | ABOVE gap=11.92
2026-03-19 13:36:26,163 [INFO]   [P1 (H17-L17)] 0.25: lineP=23788.36 | bars_from_origin=39.0 slope=0.7040 | HIT gap=0.00
2026-03-19 13:36:26,163 [INFO]     >>> HIT RECORDED: P1 (H17-L17) frac=0.25 @ 23788.36
2026-03-19 13:36:26,163 [INFO]   [P1 (H17-L17)] 0.125: lineP=23774.50 | bars_from_origin=39.0 slope=0.3488 | BELOW gap=11.00
2026-03-19 13:36:26,163 [INFO]   [P1 (H17-L17)] main: lineP=23803.30 | bars_from_origin=10.0 slope=0.0000 | HIT gap=0.00
2026-03-19 13:36:26,163 [INFO]     >>> HIT RECORDED: P1 (H17-L17) frac=main @ 23803.30
2026-03-19 13:36:26,163 [INFO]   [P3 (H17-L15)] main: lineP=23900.72 | bars_from_origin=91.0 slope=3.8920 | ABOVE gap=94.72
2026-03-19 13:36:26,163 [INFO]   [P3 (H17-L15)] 0.875: lineP=23835.21 | bars_from_origin=91.0 slope=3.1720 | ABOVE gap=29.21
2026-03-19 13:36:26,164 [INFO]   [P3 (H17-L15)] 0.75: lineP=23780.37 | bars_from_origin=91.0 slope=2.5694 | BELOW gap=5.13
2026-03-19 13:36:26,164 [INFO]   [P3 (H17-L15)] 0.5: lineP=23690.54 | bars_from_origin=91.0 slope=1.5823 | BELOW gap=94.96
2026-03-19 13:36:26,164 [INFO]   [P3 (H17-L15)] 0.25: lineP=23615.46 | bars_from_origin=91.0 slope=0.7573 | BELOW gap=170.04
2026-03-19 13:36:26,164 [INFO]   [P3 (H17-L15)] 0.125: lineP=23580.65 | bars_from_origin=91.0 slope=0.3747 | BELOW gap=204.85
2026-03-19 13:36:26,164 [INFO]   [P3 (H17-L15)] main: lineP=23674.72 | bars_from_origin=10.0 slope=0.0000 | BELOW gap=110.78
2026-03-19 13:36:26,164 [INFO]   [IntDet] Total hits this bar: 2
2026-03-19 13:36:26,164 [INFO] [Study] Emitting intersection event (DIRECT): {'time': 1773826380, 'fan': 'P1 (H17-L17)', 'fanIdentity': 'H17-L17', 'fraction': '1/4', 'price': 23788.35642647697, 'type': 'SUPPORT_TEST', 'details': 'Resting / Throwback'}
2026-03-19 13:36:26,168 [INFO] [Study] Emitting intersection event (DIRECT): {'time': 1773826380, 'fan': 'P1 (H17-L17)', 'fanIdentity': 'H17-L17', 'fraction': 'Horizontal', 'price': 23803.300944280258, 'type': 'RESISTANCE_TEST', 'details': 'Rejection / Pullback'}
2026-03-19 13:36:26,175 [INFO] [IntDet] Bar 370 | 2026-03-18 15:07 | H=23805.95 L=23791.80 C=23792.25 | Fans=3 Lines=21
2026-03-19 13:36:26,175 [INFO]   [P2 (H17-L16)] main: lineP=23900.41 | bars_from_origin=74.0 slope=3.5095 | ABOVE gap=94.46
2026-03-19 13:36:26,175 [INFO]   [P2 (H17-L16)] 0.875: lineP=23854.77 | bars_from_origin=74.0 slope=2.8929 | ABOVE gap=48.83
2026-03-19 13:36:26,175 [INFO]   [P2 (H17-L16)] 0.75: lineP=23815.57 | bars_from_origin=74.0 slope=2.3631 | ABOVE gap=9.62
2026-03-19 13:36:26,176 [INFO]   [P2 (H17-L16)] 0.5: lineP=23749.57 | bars_from_origin=74.0 slope=1.4713 | BELOW gap=42.23
2026-03-19 13:36:26,176 [INFO]   [P2 (H17-L16)] 0.25: lineP=23693.10 | bars_from_origin=74.0 slope=0.7081 | BELOW gap=98.70
2026-03-19 13:36:26,176 [INFO]   [P2 (H17-L16)] 0.125: lineP=23666.66 | bars_from_origin=74.0 slope=0.3508 | BELOW gap=125.14
2026-03-19 13:36:26,176 [INFO]   [P2 (H17-L16)] main: lineP=23733.39 | bars_from_origin=11.0 slope=0.0000 | BELOW gap=58.41
2026-03-19 13:36:26,176 [INFO]   [P1 (H17-L17)] main: lineP=23900.07 | bars_from_origin=40.0 slope=3.4793 | ABOVE gap=94.12
2026-03-19 13:36:26,177 [INFO]   [P1 (H17-L17)] 0.875: lineP=23875.72 | bars_from_origin=40.0 slope=2.8705 | ABOVE gap=69.77
2026-03-19 13:36:26,177 [INFO]   [P1 (H17-L17)] 0.75: lineP=23854.75 | bars_from_origin=40.0 slope=2.3464 | ABOVE gap=48.81
2026-03-19 13:36:26,177 [INFO]   [P1 (H17-L17)] 0.5: lineP=23819.38 | bars_from_origin=40.0 slope=1.4621 | ABOVE gap=13.43
2026-03-19 13:36:26,177 [INFO]   [P1 (H17-L17)] 0.25: lineP=23789.06 | bars_from_origin=40.0 slope=0.7040 | BELOW gap=2.74
2026-03-19 13:36:26,177 [INFO]   [P1 (H17-L17)] 0.125: lineP=23774.85 | bars_from_origin=40.0 slope=0.3488 | BELOW gap=16.95
2026-03-19 13:36:26,178 [INFO]   [P1 (H17-L17)] main: lineP=23803.30 | bars_from_origin=11.0 slope=0.0000 | HIT gap=0.00
2026-03-19 13:36:26,178 [INFO]     >>> HIT RECORDED: P1 (H17-L17) frac=main @ 23803.30
2026-03-19 13:36:26,178 [INFO]   [P3 (H17-L15)] main: lineP=23904.61 | bars_from_origin=92.0 slope=3.8920 | ABOVE gap=98.66
2026-03-19 13:36:26,178 [INFO]   [P3 (H17-L15)] 0.875: lineP=23838.38 | bars_from_origin=92.0 slope=3.1720 | ABOVE gap=32.43
2026-03-19 13:36:26,178 [INFO]   [P3 (H17-L15)] 0.75: lineP=23782.94 | bars_from_origin=92.0 slope=2.5694 | BELOW gap=8.86
2026-03-19 13:36:26,178 [INFO]   [P3 (H17-L15)] 0.5: lineP=23692.12 | bars_from_origin=92.0 slope=1.5823 | BELOW gap=99.68
2026-03-19 13:36:26,178 [INFO]   [P3 (H17-L15)] 0.25: lineP=23616.22 | bars_from_origin=92.0 slope=0.7573 | BELOW gap=175.58
2026-03-19 13:36:26,178 [INFO]   [P3 (H17-L15)] 0.125: lineP=23581.02 | bars_from_origin=92.0 slope=0.3747 | BELOW gap=210.78
2026-03-19 13:36:26,178 [INFO]   [P3 (H17-L15)] main: lineP=23674.72 | bars_from_origin=11.0 slope=0.0000 | BELOW gap=117.08
2026-03-19 13:36:26,178 [INFO]   [IntDet] Total hits this bar: 1
2026-03-19 13:36:26,179 [INFO] [Study] Emitting intersection event (DIRECT): {'time': 1773826620, 'fan': 'P1 (H17-L17)', 'fanIdentity': 'H17-L17', 'fraction': 'Horizontal', 'price': 23803.300944280258, 'type': 'RESISTANCE_TEST', 'details': 'Rejection / Pullback'}
2026-03-19 13:36:26,185 [INFO] [IntDet] Bar 371 | 2026-03-18 15:11 | H=23796.25 L=23789.00 C=23792.55 | Fans=3 Lines=21
2026-03-19 13:36:26,185 [INFO]   [P2 (H17-L16)] main: lineP=23903.92 | bars_from_origin=75.0 slope=3.5095 | ABOVE gap=107.67
2026-03-19 13:36:26,185 [INFO]   [P2 (H17-L16)] 0.875: lineP=23857.67 | bars_from_origin=75.0 slope=2.8929 | ABOVE gap=61.42
2026-03-19 13:36:26,185 [INFO]   [P2 (H17-L16)] 0.75: lineP=23817.93 | bars_from_origin=75.0 slope=2.3631 | ABOVE gap=21.68
2026-03-19 13:36:26,185 [INFO]   [P2 (H17-L16)] 0.5: lineP=23751.04 | bars_from_origin=75.0 slope=1.4713 | BELOW gap=37.96
2026-03-19 13:36:26,185 [INFO]   [P2 (H17-L16)] 0.25: lineP=23693.81 | bars_from_origin=75.0 slope=0.7081 | BELOW gap=95.19
2026-03-19 13:36:26,186 [INFO]   [P2 (H17-L16)] 0.125: lineP=23667.01 | bars_from_origin=75.0 slope=0.3508 | BELOW gap=121.99
2026-03-19 13:36:26,186 [INFO]   [P2 (H17-L16)] main: lineP=23733.39 | bars_from_origin=12.0 slope=0.0000 | BELOW gap=55.61
2026-03-19 13:36:26,186 [INFO]   [P1 (H17-L17)] main: lineP=23903.55 | bars_from_origin=41.0 slope=3.4793 | ABOVE gap=107.30
2026-03-19 13:36:26,186 [INFO]   [P1 (H17-L17)] 0.875: lineP=23878.59 | bars_from_origin=41.0 slope=2.8705 | ABOVE gap=82.34
2026-03-19 13:36:26,186 [INFO]   [P1 (H17-L17)] 0.75: lineP=23857.10 | bars_from_origin=41.0 slope=2.3464 | ABOVE gap=60.85
2026-03-19 13:36:26,186 [INFO]   [P1 (H17-L17)] 0.5: lineP=23820.85 | bars_from_origin=41.0 slope=1.4621 | ABOVE gap=24.60
2026-03-19 13:36:26,186 [INFO]   [P1 (H17-L17)] 0.25: lineP=23789.76 | bars_from_origin=41.0 slope=0.7040 | HIT gap=0.00
2026-03-19 13:36:26,186 [INFO]     >>> HIT RECORDED: P1 (H17-L17) frac=0.25 @ 23789.76
2026-03-19 13:36:26,187 [INFO]   [P1 (H17-L17)] 0.125: lineP=23775.20 | bars_from_origin=41.0 slope=0.3488 | BELOW gap=13.80
2026-03-19 13:36:26,187 [INFO]   [P1 (H17-L17)] main: lineP=23803.30 | bars_from_origin=12.0 slope=0.0000 | ABOVE gap=7.05
2026-03-19 13:36:26,187 [INFO]   [P3 (H17-L15)] main: lineP=23908.50 | bars_from_origin=93.0 slope=3.8920 | ABOVE gap=112.25
2026-03-19 13:36:26,187 [INFO]   [P3 (H17-L15)] 0.875: lineP=23841.55 | bars_from_origin=93.0 slope=3.1720 | ABOVE gap=45.30
2026-03-19 13:36:26,187 [INFO]   [P3 (H17-L15)] 0.75: lineP=23785.51 | bars_from_origin=93.0 slope=2.5694 | BELOW gap=3.49
2026-03-19 13:36:26,187 [INFO]   [P3 (H17-L15)] 0.5: lineP=23693.71 | bars_from_origin=93.0 slope=1.5823 | BELOW gap=95.29
2026-03-19 13:36:26,187 [INFO]   [P3 (H17-L15)] 0.25: lineP=23616.98 | bars_from_origin=93.0 slope=0.7573 | BELOW gap=172.02
2026-03-19 13:36:26,187 [INFO]   [P3 (H17-L15)] 0.125: lineP=23581.40 | bars_from_origin=93.0 slope=0.3747 | BELOW gap=207.60
2026-03-19 13:36:26,188 [INFO]   [P3 (H17-L15)] main: lineP=23674.72 | bars_from_origin=12.0 slope=0.0000 | BELOW gap=114.28
2026-03-19 13:36:26,188 [INFO]   [IntDet] Total hits this bar: 1
2026-03-19 13:36:26,188 [INFO] [Study] Emitting intersection event (DIRECT): {'time': 1773826860, 'fan': 'P1 (H17-L17)', 'fanIdentity': 'H17-L17', 'fraction': '1/4', 'price': 23789.76442831553, 'type': 'SUPPORT_TEST', 'details': 'Resting / Throwback'}
2026-03-19 13:36:26,195 [INFO] [IntDet] Bar 372 | 2026-03-18 15:15 | H=23792.90 L=23768.55 C=23771.30 | Fans=3 Lines=21
2026-03-19 13:36:26,196 [INFO]   [P2 (H17-L16)] main: lineP=23907.42 | bars_from_origin=76.0 slope=3.5095 | ABOVE gap=114.52
2026-03-19 13:36:26,196 [INFO]   [P2 (H17-L16)] 0.875: lineP=23860.56 | bars_from_origin=76.0 slope=2.8929 | ABOVE gap=67.66
2026-03-19 13:36:26,196 [INFO]   [P2 (H17-L16)] 0.75: lineP=23820.30 | bars_from_origin=76.0 slope=2.3631 | ABOVE gap=27.40
2026-03-19 13:36:26,196 [INFO]   [P2 (H17-L16)] 0.5: lineP=23752.52 | bars_from_origin=76.0 slope=1.4713 | BELOW gap=16.04
2026-03-19 13:36:26,196 [INFO]   [P2 (H17-L16)] 0.25: lineP=23694.51 | bars_from_origin=76.0 slope=0.7081 | BELOW gap=74.04
2026-03-19 13:36:26,196 [INFO]   [P2 (H17-L16)] 0.125: lineP=23667.36 | bars_from_origin=76.0 slope=0.3508 | BELOW gap=101.19
2026-03-19 13:36:26,196 [INFO]   [P2 (H17-L16)] main: lineP=23733.39 | bars_from_origin=13.0 slope=0.0000 | BELOW gap=35.16
2026-03-19 13:36:26,196 [INFO]   [P1 (H17-L17)] main: lineP=23907.03 | bars_from_origin=42.0 slope=3.4793 | ABOVE gap=114.13
2026-03-19 13:36:26,197 [INFO]   [P1 (H17-L17)] 0.875: lineP=23881.46 | bars_from_origin=42.0 slope=2.8705 | ABOVE gap=88.56
2026-03-19 13:36:26,197 [INFO]   [P1 (H17-L17)] 0.75: lineP=23859.45 | bars_from_origin=42.0 slope=2.3464 | ABOVE gap=66.55
2026-03-19 13:36:26,197 [INFO]   [P1 (H17-L17)] 0.5: lineP=23822.31 | bars_from_origin=42.0 slope=1.4621 | ABOVE gap=29.41
2026-03-19 13:36:26,197 [INFO]   [P1 (H17-L17)] 0.25: lineP=23790.47 | bars_from_origin=42.0 slope=0.7040 | HIT gap=0.00
2026-03-19 13:36:26,197 [INFO]     >>> HIT RECORDED: P1 (H17-L17) frac=0.25 @ 23790.47
2026-03-19 13:36:26,197 [INFO]   [P1 (H17-L17)] 0.125: lineP=23775.55 | bars_from_origin=42.0 slope=0.3488 | HIT gap=0.00
2026-03-19 13:36:26,197 [INFO]     >>> HIT RECORDED: P1 (H17-L17) frac=0.125 @ 23775.55
2026-03-19 13:36:26,197 [INFO]   [P1 (H17-L17)] main: lineP=23803.30 | bars_from_origin=13.0 slope=0.0000 | ABOVE gap=10.40
2026-03-19 13:36:26,198 [INFO]   [P3 (H17-L15)] main: lineP=23912.40 | bars_from_origin=94.0 slope=3.8920 | ABOVE gap=119.50
2026-03-19 13:36:26,198 [INFO]   [P3 (H17-L15)] 0.875: lineP=23844.72 | bars_from_origin=94.0 slope=3.1720 | ABOVE gap=51.82
2026-03-19 13:36:26,198 [INFO]   [P3 (H17-L15)] 0.75: lineP=23788.08 | bars_from_origin=94.0 slope=2.5694 | HIT gap=0.00
2026-03-19 13:36:26,198 [INFO]     >>> HIT RECORDED: P3 (H17-L15) frac=0.75 @ 23788.08
2026-03-19 13:36:26,198 [INFO]   [P3 (H17-L15)] 0.5: lineP=23695.29 | bars_from_origin=94.0 slope=1.5823 | BELOW gap=73.26
2026-03-19 13:36:26,198 [INFO]   [P3 (H17-L15)] 0.25: lineP=23617.74 | bars_from_origin=94.0 slope=0.7573 | BELOW gap=150.81
2026-03-19 13:36:26,198 [INFO]   [P3 (H17-L15)] 0.125: lineP=23581.77 | bars_from_origin=94.0 slope=0.3747 | BELOW gap=186.78
2026-03-19 13:36:26,198 [INFO]   [P3 (H17-L15)] main: lineP=23674.72 | bars_from_origin=13.0 slope=0.0000 | BELOW gap=93.83
2026-03-19 13:36:26,198 [INFO]   [IntDet] Total hits this bar: 3
2026-03-19 13:36:26,198 [INFO] [Study] Emitting intersection event (DIRECT): {'time': 1773827100, 'fan': 'P1 (H17-L17)', 'fanIdentity': 'H17-L17', 'fraction': '1/4', 'price': 23790.468429234814, 'type': 'CROSS_DOWN', 'details': 'Breakdown Attempt'}
2026-03-19 13:36:26,202 [INFO] [Study] Emitting intersection event (DIRECT): {'time': 1773827100, 'fan': 'P1 (H17-L17)', 'fanIdentity': 'H17-L17', 'fraction': '1/8', 'price': 23775.55015754585, 'type': 'CROSS_DOWN', 'details': 'Breakdown Attempt'}
2026-03-19 13:36:26,205 [INFO] [Study] Emitting intersection event (DIRECT): {'time': 1773827100, 'fan': 'P3 (H17-L15)', 'fanIdentity': 'H17-L15', 'fraction': '3/4', 'price': 23788.077204118934, 'type': 'CROSS_DOWN', 'details': 'Breakdown Attempt'}
2026-03-19 13:36:26,212 [INFO] [Study] Removing invalidated/excess fan: Fan_H17_L17
2026-03-19 13:36:26,212 [INFO] [Study] Updating fan priority: Fan_H17_L16 -> P1 (H17-L16)
2026-03-19 13:36:26,212 [INFO] [Study] Creating new fan: Fan_H17_L14 (P3 (H17-L14))
2026-03-19 13:36:26,213 [INFO] [AngleEngine] scale_ratio=3.6603, slope_per_bar=3.5633, visual_slope=0.9735, theta=44.23 deg
2026-03-19 13:36:26,213 [INFO] --- [AngleEngine] Fan Created: Fan_H17_L14 ---
2026-03-19 13:36:26,213 [INFO]   Origin: Bar 265, Time 1773737580, Price 23526.849609375
2026-03-19 13:36:26,213 [INFO]   Target: Bar 359, Time 1773823980, Price 23861.80078125
2026-03-19 13:36:26,213 [INFO]   Delta: db=94, dp_origin=334.95
2026-03-19 13:36:26,213 [INFO]   Scale Params: Ratio=3.6603, Radius=131.19 bars, Slope/Bar=3.5633
2026-03-19 13:36:26,213 [INFO]   Line 0.875: EndBar=1773823980 (approx), EndPrice=23802.52
2026-03-19 13:36:26,214 [INFO]   Line 0.75: EndBar=1773823980 (approx), EndPrice=23751.77
2026-03-19 13:36:26,214 [INFO]   Line 0.5: EndBar=1773823980 (approx), EndPrice=23666.67
2026-03-19 13:36:26,214 [INFO]   Line 0.25: EndBar=1773823980 (approx), EndPrice=23594.09
2026-03-19 13:36:26,214 [INFO]   Line 0.125: EndBar=1773823980 (approx), EndPrice=23560.15
2026-03-19 13:36:26,214 [INFO] [Study] Updating fan priority: Fan_H17_L15 -> P2 (H17-L15)
2026-03-19 13:36:26,214 [INFO] [IntDet] Bar 373 | 2026-03-18 15:19 | H=23772.10 L=23730.65 C=23739.80 | Fans=3 Lines=21
2026-03-19 13:36:26,214 [INFO]   [P1 (H17-L16)] main: lineP=23910.93 | bars_from_origin=77.0 slope=3.5095 | ABOVE gap=138.83
2026-03-19 13:36:26,214 [INFO]   [P1 (H17-L16)] 0.875: lineP=23863.45 | bars_from_origin=77.0 slope=2.8929 | ABOVE gap=91.35
2026-03-19 13:36:26,214 [INFO]   [P1 (H17-L16)] 0.75: lineP=23822.66 | bars_from_origin=77.0 slope=2.3631 | ABOVE gap=50.56
2026-03-19 13:36:26,214 [INFO]   [P1 (H17-L16)] 0.5: lineP=23753.99 | bars_from_origin=77.0 slope=1.4713 | HIT gap=0.00
2026-03-19 13:36:26,214 [INFO]     >>> HIT RECORDED: P1 (H17-L16) frac=0.5 @ 23753.99
2026-03-19 13:36:26,214 [INFO]   [P1 (H17-L16)] 0.25: lineP=23695.22 | bars_from_origin=77.0 slope=0.7081 | BELOW gap=35.43
2026-03-19 13:36:26,215 [INFO]   [P1 (H17-L16)] 0.125: lineP=23667.71 | bars_from_origin=77.0 slope=0.3508 | BELOW gap=62.94
2026-03-19 13:36:26,215 [INFO]   [P1 (H17-L16)] main: lineP=23733.39 | bars_from_origin=14.0 slope=0.0000 | HIT gap=0.00
2026-03-19 13:36:26,215 [INFO]     >>> HIT RECORDED: P1 (H17-L16) frac=main @ 23733.39
2026-03-19 13:36:26,215 [INFO]   [P2 (H17-L15)] main: lineP=23916.29 | bars_from_origin=95.0 slope=3.8920 | ABOVE gap=144.19
2026-03-19 13:36:26,215 [INFO]   [P2 (H17-L15)] 0.875: lineP=23847.89 | bars_from_origin=95.0 slope=3.1720 | ABOVE gap=75.80
2026-03-19 13:36:26,215 [INFO]   [P2 (H17-L15)] 0.75: lineP=23790.65 | bars_from_origin=95.0 slope=2.5694 | ABOVE gap=18.55
2026-03-19 13:36:26,215 [INFO]   [P2 (H17-L15)] 0.5: lineP=23696.87 | bars_from_origin=95.0 slope=1.5823 | BELOW gap=33.78
2026-03-19 13:36:26,215 [INFO]   [P2 (H17-L15)] 0.25: lineP=23618.49 | bars_from_origin=95.0 slope=0.7573 | BELOW gap=112.16
2026-03-19 13:36:26,215 [INFO]   [P2 (H17-L15)] 0.125: lineP=23582.15 | bars_from_origin=95.0 slope=0.3747 | BELOW gap=148.50
2026-03-19 13:36:26,215 [INFO]   [P2 (H17-L15)] main: lineP=23674.72 | bars_from_origin=14.0 slope=0.0000 | BELOW gap=55.93
2026-03-19 13:36:26,215 [INFO]   [P3 (H17-L14)] main: lineP=23911.69 | bars_from_origin=108.0 slope=3.5633 | ABOVE gap=139.59
2026-03-19 13:36:26,215 [INFO]   [P3 (H17-L14)] 0.875: lineP=23843.58 | bars_from_origin=108.0 slope=2.9327 | ABOVE gap=71.48
2026-03-19 13:36:26,215 [INFO]   [P3 (H17-L14)] 0.75: lineP=23785.27 | bars_from_origin=108.0 slope=2.3928 | ABOVE gap=13.17
2026-03-19 13:36:26,216 [INFO]   [P3 (H17-L14)] 0.5: lineP=23687.49 | bars_from_origin=108.0 slope=1.4874 | BELOW gap=43.16
2026-03-19 13:36:26,216 [INFO]   [P3 (H17-L14)] 0.25: lineP=23604.10 | bars_from_origin=108.0 slope=0.7153 | BELOW gap=126.55
2026-03-19 13:36:26,216 [INFO]   [P3 (H17-L14)] 0.125: lineP=23565.11 | bars_from_origin=108.0 slope=0.3543 | BELOW gap=165.54
2026-03-19 13:36:26,216 [INFO]   [P3 (H17-L14)] main: lineP=23666.67 | bars_from_origin=14.0 slope=0.0000 | BELOW gap=63.98
2026-03-19 13:36:26,216 [INFO]   [IntDet] Total hits this bar: 2
2026-03-19 13:36:26,216 [INFO] [Study] Emitting intersection event (DIRECT): {'time': 1773827340, 'fan': 'P1 (H17-L16)', 'fanIdentity': 'H17-L16', 'fraction': '1/2', 'price': 23753.986536962595, 'type': 'CROSS_DOWN', 'details': 'Breakdown Attempt'}
2026-03-19 13:36:26,219 [INFO] [Study] Emitting intersection event (DIRECT): {'time': 1773827340, 'fan': 'P1 (H17-L16)', 'fanIdentity': 'H17-L16', 'fraction': 'Horizontal', 'price': 23733.388842742123, 'type': 'SUPPORT_TEST', 'details': 'Resting / Throwback'}
2026-03-19 13:36:26,223 [INFO] [Tracking] Breach CONFIRMED: Fan_H17_L15 0.75 down (T+1 bars)
2026-03-19 13:36:26,227 [INFO] [IntDet] Bar 374 | 2026-03-18 15:23 | H=23768.15 L=23739.10 C=23765.30 | Fans=3 Lines=21
2026-03-19 13:36:26,227 [INFO]   [P1 (H17-L16)] main: lineP=23914.44 | bars_from_origin=78.0 slope=3.5095 | ABOVE gap=146.29
2026-03-19 13:36:26,227 [INFO]   [P1 (H17-L16)] 0.875: lineP=23866.35 | bars_from_origin=78.0 slope=2.8929 | ABOVE gap=98.20
2026-03-19 13:36:26,227 [INFO]   [P1 (H17-L16)] 0.75: lineP=23825.02 | bars_from_origin=78.0 slope=2.3631 | ABOVE gap=56.87
2026-03-19 13:36:26,227 [INFO]   [P1 (H17-L16)] 0.5: lineP=23755.46 | bars_from_origin=78.0 slope=1.4713 | HIT gap=0.00
2026-03-19 13:36:26,228 [INFO]     >>> HIT RECORDED: P1 (H17-L16) frac=0.5 @ 23755.46
2026-03-19 13:36:26,228 [INFO]   [P1 (H17-L16)] 0.25: lineP=23695.93 | bars_from_origin=78.0 slope=0.7081 | BELOW gap=43.17
2026-03-19 13:36:26,228 [INFO]   [P1 (H17-L16)] 0.125: lineP=23668.06 | bars_from_origin=78.0 slope=0.3508 | BELOW gap=71.04
2026-03-19 13:36:26,228 [INFO]   [P1 (H17-L16)] main: lineP=23733.39 | bars_from_origin=15.0 slope=0.0000 | BELOW gap=5.71
2026-03-19 13:36:26,228 [INFO]   [P2 (H17-L15)] main: lineP=23920.18 | bars_from_origin=96.0 slope=3.8920 | ABOVE gap=152.03
2026-03-19 13:36:26,228 [INFO]   [P2 (H17-L15)] 0.875: lineP=23851.07 | bars_from_origin=96.0 slope=3.1720 | ABOVE gap=82.92
2026-03-19 13:36:26,228 [INFO]   [P2 (H17-L15)] 0.75: lineP=23793.22 | bars_from_origin=96.0 slope=2.5694 | ABOVE gap=25.07
2026-03-19 13:36:26,228 [INFO]   [P2 (H17-L15)] 0.5: lineP=23698.45 | bars_from_origin=96.0 slope=1.5823 | BELOW gap=40.65
2026-03-19 13:36:26,228 [INFO]   [P2 (H17-L15)] 0.25: lineP=23619.25 | bars_from_origin=96.0 slope=0.7573 | BELOW gap=119.85
2026-03-19 13:36:26,228 [INFO]   [P2 (H17-L15)] 0.125: lineP=23582.52 | bars_from_origin=96.0 slope=0.3747 | BELOW gap=156.58
2026-03-19 13:36:26,228 [INFO]   [P2 (H17-L15)] main: lineP=23674.72 | bars_from_origin=15.0 slope=0.0000 | BELOW gap=64.38
2026-03-19 13:36:26,229 [INFO]   [P3 (H17-L14)] main: lineP=23915.25 | bars_from_origin=109.0 slope=3.5633 | ABOVE gap=147.10
2026-03-19 13:36:26,229 [INFO]   [P3 (H17-L14)] 0.875: lineP=23846.51 | bars_from_origin=109.0 slope=2.9327 | ABOVE gap=78.36
2026-03-19 13:36:26,229 [INFO]   [P3 (H17-L14)] 0.75: lineP=23787.66 | bars_from_origin=109.0 slope=2.3928 | ABOVE gap=19.51
2026-03-19 13:36:26,229 [INFO]   [P3 (H17-L14)] 0.5: lineP=23688.98 | bars_from_origin=109.0 slope=1.4874 | BELOW gap=50.12
2026-03-19 13:36:26,229 [INFO]   [P3 (H17-L14)] 0.25: lineP=23604.82 | bars_from_origin=109.0 slope=0.7153 | BELOW gap=134.28
2026-03-19 13:36:26,229 [INFO]   [P3 (H17-L14)] 0.125: lineP=23565.47 | bars_from_origin=109.0 slope=0.3543 | BELOW gap=173.63
2026-03-19 13:36:26,229 [INFO]   [P3 (H17-L14)] main: lineP=23666.67 | bars_from_origin=15.0 slope=0.0000 | BELOW gap=72.43
2026-03-19 13:36:26,229 [INFO]   [IntDet] Total hits this bar: 1
2026-03-19 13:36:26,230 [INFO] [Study] Emitting intersection event (DIRECT): {'time': 1773827580, 'fan': 'P1 (H17-L16)', 'fanIdentity': 'H17-L16', 'fraction': '1/2', 'price': 23755.457800835484, 'type': 'CROSS_UP', 'details': 'Breakout Attempt'}
2026-03-19 13:36:26,238 [INFO] [Tracking] FAKE OUT: Fan_H17_L16 0.5 (T+1 bars)
2026-03-19 13:36:26,241 [INFO] [IntDet] Bar 375 | 2026-03-18 15:27 | H=23770.05 L=23757.00 C=23764.10 | Fans=3 Lines=21
2026-03-19 13:36:26,241 [INFO]   [P1 (H17-L16)] main: lineP=23917.95 | bars_from_origin=79.0 slope=3.5095 | ABOVE gap=147.90
2026-03-19 13:36:26,241 [INFO]   [P1 (H17-L16)] 0.875: lineP=23869.24 | bars_from_origin=79.0 slope=2.8929 | ABOVE gap=99.19
2026-03-19 13:36:26,241 [INFO]   [P1 (H17-L16)] 0.75: lineP=23827.39 | bars_from_origin=79.0 slope=2.3631 | ABOVE gap=57.33
2026-03-19 13:36:26,242 [INFO]   [P1 (H17-L16)] 0.5: lineP=23756.93 | bars_from_origin=79.0 slope=1.4713 | BELOW gap=0.07
2026-03-19 13:36:26,242 [INFO]   [P1 (H17-L16)] 0.25: lineP=23696.64 | bars_from_origin=79.0 slope=0.7081 | BELOW gap=60.36
2026-03-19 13:36:26,242 [INFO]   [P1 (H17-L16)] 0.125: lineP=23668.41 | bars_from_origin=79.0 slope=0.3508 | BELOW gap=88.59
2026-03-19 13:36:26,242 [INFO]   [P1 (H17-L16)] main: lineP=23733.39 | bars_from_origin=16.0 slope=0.0000 | BELOW gap=23.61
2026-03-19 13:36:26,242 [INFO]   [P2 (H17-L15)] main: lineP=23924.07 | bars_from_origin=97.0 slope=3.8920 | ABOVE gap=154.02
2026-03-19 13:36:26,242 [INFO]   [P2 (H17-L15)] 0.875: lineP=23854.24 | bars_from_origin=97.0 slope=3.1720 | ABOVE gap=84.19
2026-03-19 13:36:26,242 [INFO]   [P2 (H17-L15)] 0.75: lineP=23795.79 | bars_from_origin=97.0 slope=2.5694 | ABOVE gap=25.73
2026-03-19 13:36:26,243 [INFO]   [P2 (H17-L15)] 0.5: lineP=23700.04 | bars_from_origin=97.0 slope=1.5823 | BELOW gap=56.96
2026-03-19 13:36:26,243 [INFO]   [P2 (H17-L15)] 0.25: lineP=23620.01 | bars_from_origin=97.0 slope=0.7573 | BELOW gap=136.99
2026-03-19 13:36:26,243 [INFO]   [P2 (H17-L15)] 0.125: lineP=23582.89 | bars_from_origin=97.0 slope=0.3747 | BELOW gap=174.11
2026-03-19 13:36:26,243 [INFO]   [P2 (H17-L15)] main: lineP=23674.72 | bars_from_origin=16.0 slope=0.0000 | BELOW gap=82.28
2026-03-19 13:36:26,243 [INFO]   [P3 (H17-L14)] main: lineP=23918.81 | bars_from_origin=110.0 slope=3.5633 | ABOVE gap=148.76
2026-03-19 13:36:26,243 [INFO]   [P3 (H17-L14)] 0.875: lineP=23849.44 | bars_from_origin=110.0 slope=2.9327 | ABOVE gap=79.39
2026-03-19 13:36:26,243 [INFO]   [P3 (H17-L14)] 0.75: lineP=23790.05 | bars_from_origin=110.0 slope=2.3928 | ABOVE gap=20.00
2026-03-19 13:36:26,244 [INFO]   [P3 (H17-L14)] 0.5: lineP=23690.47 | bars_from_origin=110.0 slope=1.4874 | BELOW gap=66.53
2026-03-19 13:36:26,244 [INFO]   [P3 (H17-L14)] 0.25: lineP=23605.53 | bars_from_origin=110.0 slope=0.7153 | BELOW gap=151.47
2026-03-19 13:36:26,244 [INFO]   [P3 (H17-L14)] 0.125: lineP=23565.82 | bars_from_origin=110.0 slope=0.3543 | BELOW gap=191.18
2026-03-19 13:36:26,244 [INFO]   [P3 (H17-L14)] main: lineP=23666.67 | bars_from_origin=16.0 slope=0.0000 | BELOW gap=90.33
2026-03-19 13:36:26,247 [INFO] [Study] Removing invalidated/excess fan: Fan_H17_L16
2026-03-19 13:36:26,247 [INFO] [Study] Removing invalidated/excess fan: Fan_H17_L15
2026-03-19 13:36:26,247 [INFO] [Study] Removing invalidated/excess fan: Fan_H17_L14
2026-03-19 13:36:26,247 [INFO] [Study] Creating new fan: Fan_H17_L8 (P1 (H17-L8))
2026-03-19 13:36:26,247 [INFO] [AngleEngine] scale_ratio=3.6603, slope_per_bar=3.7281, visual_slope=1.0185, theta=45.53 deg
2026-03-19 13:36:26,248 [INFO] --- [AngleEngine] Fan Created: Fan_H17_L8 ---
2026-03-19 13:36:26,248 [INFO]   Origin: Bar 151, Time 1773646380, Price 23086.349609375
2026-03-19 13:36:26,248 [INFO]   Target: Bar 359, Time 1773823980, Price 23861.80078125
2026-03-19 13:36:26,248 [INFO]   Delta: db=208, dp_origin=775.45
2026-03-19 13:36:26,248 [INFO]   Scale Params: Ratio=3.6603, Radius=296.89 bars, Slope/Bar=3.7281
2026-03-19 13:36:26,248 [INFO]   Line 0.875: EndBar=1773823980 (approx), EndPrice=23721.47
2026-03-19 13:36:26,248 [INFO]   Line 0.75: EndBar=1773823980 (approx), EndPrice=23602.68
2026-03-19 13:36:26,248 [INFO]   Line 0.5: EndBar=1773823980 (approx), EndPrice=23405.81
2026-03-19 13:36:26,249 [INFO]   Line 0.25: EndBar=1773823980 (approx), EndPrice=23239.61
2026-03-19 13:36:26,249 [INFO]   Line 0.125: EndBar=1773823980 (approx), EndPrice=23162.22
2026-03-19 13:36:26,249 [INFO] [Study] Creating new fan: Fan_H17_L6 (P2 (H17-L6))
2026-03-19 13:36:26,249 [INFO] [AngleEngine] scale_ratio=3.6603, slope_per_bar=3.7760, visual_slope=1.0316, theta=45.89 deg
2026-03-19 13:36:26,249 [INFO] --- [AngleEngine] Fan Created: Fan_H17_L6 ---
2026-03-19 13:36:26,249 [INFO]   Origin: Bar 119, Time 1773638700, Price 22955.55078125
2026-03-19 13:36:26,249 [INFO]   Target: Bar 359, Time 1773823980, Price 23861.80078125
2026-03-19 13:36:26,250 [INFO]   Delta: db=240, dp_origin=906.25
2026-03-19 13:36:26,250 [INFO]   Scale Params: Ratio=3.6603, Radius=344.82 bars, Slope/Bar=3.7760
2026-03-19 13:36:26,250 [INFO]   Line 0.875: EndBar=1773823980 (approx), EndPrice=23696.74
2026-03-19 13:36:26,250 [INFO]   Line 0.75: EndBar=1773823980 (approx), EndPrice=23557.48
2026-03-19 13:36:26,250 [INFO]   Line 0.5: EndBar=1773823980 (approx), EndPrice=23327.46
2026-03-19 13:36:26,250 [INFO]   Line 0.25: EndBar=1773823980 (approx), EndPrice=23133.85
2026-03-19 13:36:26,250 [INFO]   Line 0.125: EndBar=1773823980 (approx), EndPrice=23043.80
2026-03-19 13:36:26,250 [INFO] [IntDet] Bar 376 | 2026-03-19 09:15 | H=23371.75 L=23209.10 C=23290.70 | Fans=2 Lines=14
2026-03-19 13:36:26,250 [INFO]   [P1 (H17-L8)] main: lineP=23925.18 | bars_from_origin=225.0 slope=3.7281 | ABOVE gap=553.43
2026-03-19 13:36:26,250 [INFO]   [P1 (H17-L8)] 0.875: lineP=23773.38 | bars_from_origin=225.0 slope=3.0535 | ABOVE gap=401.63
2026-03-19 13:36:26,251 [INFO]   [P1 (H17-L8)] 0.75: lineP=23644.88 | bars_from_origin=225.0 slope=2.4824 | ABOVE gap=273.13
2026-03-19 13:36:26,251 [INFO]   [P1 (H17-L8)] 0.5: lineP=23431.92 | bars_from_origin=225.0 slope=1.5359 | ABOVE gap=60.17
2026-03-19 13:36:26,251 [INFO]   [P1 (H17-L8)] 0.25: lineP=23252.13 | bars_from_origin=225.0 slope=0.7368 | HIT gap=0.00
2026-03-19 13:36:26,251 [INFO]     >>> HIT RECORDED: P1 (H17-L8) frac=0.25 @ 23252.13
2026-03-19 13:36:26,251 [INFO]   [P1 (H17-L8)] 0.125: lineP=23168.42 | bars_from_origin=225.0 slope=0.3647 | BELOW gap=40.68
2026-03-19 13:36:26,251 [INFO]   [P1 (H17-L8)] main: lineP=23405.81 | bars_from_origin=17.0 slope=0.0000 | ABOVE gap=34.06
2026-03-19 13:36:26,251 [INFO]   [P2 (H17-L6)] main: lineP=23925.99 | bars_from_origin=257.0 slope=3.7760 | ABOVE gap=554.24
2026-03-19 13:36:26,252 [INFO]   [P2 (H17-L6)] 0.875: lineP=23749.24 | bars_from_origin=257.0 slope=3.0883 | ABOVE gap=377.49
2026-03-19 13:36:26,252 [INFO]   [P2 (H17-L6)] 0.75: lineP=23600.11 | bars_from_origin=257.0 slope=2.5080 | ABOVE gap=228.36
2026-03-19 13:36:26,252 [INFO]   [P2 (H17-L6)] 0.5: lineP=23353.80 | bars_from_origin=257.0 slope=1.5496 | HIT gap=0.00
2026-03-19 13:36:26,252 [INFO]     >>> HIT RECORDED: P2 (H17-L6) frac=0.5 @ 23353.80
2026-03-19 13:36:26,252 [INFO]   [P2 (H17-L6)] 0.25: lineP=23146.47 | bars_from_origin=257.0 slope=0.7429 | BELOW gap=62.62
2026-03-19 13:36:26,252 [INFO]   [P2 (H17-L6)] 0.125: lineP=23050.05 | bars_from_origin=257.0 slope=0.3677 | BELOW gap=159.05
2026-03-19 13:36:26,252 [INFO]   [P2 (H17-L6)] main: lineP=23327.46 | bars_from_origin=17.0 slope=0.0000 | HIT gap=0.00
2026-03-19 13:36:26,252 [INFO]     >>> HIT RECORDED: P2 (H17-L6) frac=main @ 23327.46
2026-03-19 13:36:26,253 [INFO]   [IntDet] Total hits this bar: 3
2026-03-19 13:36:26,253 [INFO] [Study] Emitting intersection event (DIRECT): {'time': 1773891900, 'fan': 'P1 (H17-L8)', 'fanIdentity': 'H17-L8', 'fraction': '1/4', 'price': 23252.133227296294, 'type': 'CROSS_UP', 'details': 'Breakout Attempt'}
2026-03-19 13:36:26,257 [INFO] [Study] Emitting intersection event (DIRECT): {'time': 1773891900, 'fan': 'P2 (H17-L6)', 'fanIdentity': 'H17-L6', 'fraction': '1/2', 'price': 23353.804177669055, 'type': 'TOUCH', 'details': 'Angle Test'}
2026-03-19 13:36:26,262 [INFO] [Study] Emitting intersection event (DIRECT): {'time': 1773891900, 'fan': 'P2 (H17-L6)', 'fanIdentity': 'H17-L6', 'fraction': 'Horizontal', 'price': 23327.460567789196, 'type': 'TOUCH', 'details': 'Angle Test'}
2026-03-19 13:36:26,268 [INFO] [IntDet] Bar 377 | 2026-03-19 09:19 | H=23321.45 L=23276.80 C=23312.25 | Fans=2 Lines=14
2026-03-19 13:36:26,268 [INFO]   [P1 (H17-L8)] main: lineP=23928.91 | bars_from_origin=226.0 slope=3.7281 | ABOVE gap=607.46
2026-03-19 13:36:26,268 [INFO]   [P1 (H17-L8)] 0.875: lineP=23776.43 | bars_from_origin=226.0 slope=3.0535 | ABOVE gap=454.98
2026-03-19 13:36:26,268 [INFO]   [P1 (H17-L8)] 0.75: lineP=23647.36 | bars_from_origin=226.0 slope=2.4824 | ABOVE gap=325.91
2026-03-19 13:36:26,268 [INFO]   [P1 (H17-L8)] 0.5: lineP=23433.46 | bars_from_origin=226.0 slope=1.5359 | ABOVE gap=112.01
2026-03-19 13:36:26,268 [INFO]   [P1 (H17-L8)] 0.25: lineP=23252.87 | bars_from_origin=226.0 slope=0.7368 | BELOW gap=23.93
2026-03-19 13:36:26,269 [INFO]   [P1 (H17-L8)] 0.125: lineP=23168.78 | bars_from_origin=226.0 slope=0.3647 | BELOW gap=108.02
2026-03-19 13:36:26,269 [INFO]   [P1 (H17-L8)] main: lineP=23405.81 | bars_from_origin=18.0 slope=0.0000 | ABOVE gap=84.36
2026-03-19 13:36:26,269 [INFO]   [P2 (H17-L6)] main: lineP=23929.77 | bars_from_origin=258.0 slope=3.7760 | ABOVE gap=608.32
2026-03-19 13:36:26,269 [INFO]   [P2 (H17-L6)] 0.875: lineP=23752.33 | bars_from_origin=258.0 slope=3.0883 | ABOVE gap=430.88
2026-03-19 13:36:26,269 [INFO]   [P2 (H17-L6)] 0.75: lineP=23602.62 | bars_from_origin=258.0 slope=2.5080 | ABOVE gap=281.17
2026-03-19 13:36:26,269 [INFO]   [P2 (H17-L6)] 0.5: lineP=23355.35 | bars_from_origin=258.0 slope=1.5496 | ABOVE gap=33.90
2026-03-19 13:36:26,269 [INFO]   [P2 (H17-L6)] 0.25: lineP=23147.22 | bars_from_origin=258.0 slope=0.7429 | BELOW gap=129.58
2026-03-19 13:36:26,269 [INFO]   [P2 (H17-L6)] 0.125: lineP=23050.42 | bars_from_origin=258.0 slope=0.3677 | BELOW gap=226.38
2026-03-19 13:36:26,269 [INFO]   [P2 (H17-L6)] main: lineP=23327.46 | bars_from_origin=18.0 slope=0.0000 | ABOVE gap=6.01
2026-03-19 13:36:26,272 [INFO] [IntDet] Bar 378 | 2026-03-19 09:23 | H=23351.65 L=23306.95 C=23347.30 | Fans=2 Lines=14
2026-03-19 13:36:26,272 [INFO]   [P1 (H17-L8)] main: lineP=23932.64 | bars_from_origin=227.0 slope=3.7281 | ABOVE gap=580.98
2026-03-19 13:36:26,272 [INFO]   [P1 (H17-L8)] 0.875: lineP=23779.49 | bars_from_origin=227.0 slope=3.0535 | ABOVE gap=427.84
2026-03-19 13:36:26,272 [INFO]   [P1 (H17-L8)] 0.75: lineP=23649.84 | bars_from_origin=227.0 slope=2.4824 | ABOVE gap=298.19
2026-03-19 13:36:26,272 [INFO]   [P1 (H17-L8)] 0.5: lineP=23434.99 | bars_from_origin=227.0 slope=1.5359 | ABOVE gap=83.34
2026-03-19 13:36:26,273 [INFO]   [P1 (H17-L8)] 0.25: lineP=23253.61 | bars_from_origin=227.0 slope=0.7368 | BELOW gap=53.34
2026-03-19 13:36:26,273 [INFO]   [P1 (H17-L8)] 0.125: lineP=23169.15 | bars_from_origin=227.0 slope=0.3647 | BELOW gap=137.80
2026-03-19 13:36:26,274 [INFO]   [P1 (H17-L8)] main: lineP=23405.81 | bars_from_origin=19.0 slope=0.0000 | ABOVE gap=54.16
2026-03-19 13:36:26,274 [INFO]   [P2 (H17-L6)] main: lineP=23933.55 | bars_from_origin=259.0 slope=3.7760 | ABOVE gap=581.90
2026-03-19 13:36:26,274 [INFO]   [P2 (H17-L6)] 0.875: lineP=23755.42 | bars_from_origin=259.0 slope=3.0883 | ABOVE gap=403.77
2026-03-19 13:36:26,274 [INFO]   [P2 (H17-L6)] 0.75: lineP=23605.13 | bars_from_origin=259.0 slope=2.5080 | ABOVE gap=253.48
2026-03-19 13:36:26,274 [INFO]   [P2 (H17-L6)] 0.5: lineP=23356.90 | bars_from_origin=259.0 slope=1.5496 | ABOVE gap=5.25
2026-03-19 13:36:26,274 [INFO]   [P2 (H17-L6)] 0.25: lineP=23147.96 | bars_from_origin=259.0 slope=0.7429 | BELOW gap=158.99
2026-03-19 13:36:26,274 [INFO]   [P2 (H17-L6)] 0.125: lineP=23050.78 | bars_from_origin=259.0 slope=0.3677 | BELOW gap=256.16
2026-03-19 13:36:26,274 [INFO]   [P2 (H17-L6)] main: lineP=23327.46 | bars_from_origin=19.0 slope=0.0000 | HIT gap=0.00
2026-03-19 13:36:26,274 [INFO]     >>> HIT RECORDED: P2 (H17-L6) frac=main @ 23327.46
2026-03-19 13:36:26,274 [INFO]   [IntDet] Total hits this bar: 1
2026-03-19 13:36:26,275 [INFO] [Study] Emitting intersection event (DIRECT): {'time': 1773892380, 'fan': 'P2 (H17-L6)', 'fanIdentity': 'H17-L6', 'fraction': 'Horizontal', 'price': 23327.460567789196, 'type': 'CROSS_UP', 'details': 'Breakout Attempt'}
2026-03-19 13:36:26,281 [INFO] [IntDet] Bar 379 | 2026-03-19 09:27 | H=23352.50 L=23299.25 C=23315.10 | Fans=2 Lines=14
2026-03-19 13:36:26,282 [INFO]   [P1 (H17-L8)] main: lineP=23936.36 | bars_from_origin=228.0 slope=3.7281 | ABOVE gap=583.86
2026-03-19 13:36:26,282 [INFO]   [P1 (H17-L8)] 0.875: lineP=23782.54 | bars_from_origin=228.0 slope=3.0535 | ABOVE gap=430.04
2026-03-19 13:36:26,282 [INFO]   [P1 (H17-L8)] 0.75: lineP=23652.33 | bars_from_origin=228.0 slope=2.4824 | ABOVE gap=299.83
2026-03-19 13:36:26,282 [INFO]   [P1 (H17-L8)] 0.5: lineP=23436.53 | bars_from_origin=228.0 slope=1.5359 | ABOVE gap=84.03
2026-03-19 13:36:26,282 [INFO]   [P1 (H17-L8)] 0.25: lineP=23254.34 | bars_from_origin=228.0 slope=0.7368 | BELOW gap=44.91
2026-03-19 13:36:26,283 [INFO]   [P1 (H17-L8)] 0.125: lineP=23169.51 | bars_from_origin=228.0 slope=0.3647 | BELOW gap=129.74
2026-03-19 13:36:26,283 [INFO]   [P1 (H17-L8)] main: lineP=23405.81 | bars_from_origin=20.0 slope=0.0000 | ABOVE gap=53.31
2026-03-19 13:36:26,283 [INFO]   [P2 (H17-L6)] main: lineP=23937.32 | bars_from_origin=260.0 slope=3.7760 | ABOVE gap=584.82
2026-03-19 13:36:26,283 [INFO]   [P2 (H17-L6)] 0.875: lineP=23758.51 | bars_from_origin=260.0 slope=3.0883 | ABOVE gap=406.01
2026-03-19 13:36:26,283 [INFO]   [P2 (H17-L6)] 0.75: lineP=23607.64 | bars_from_origin=260.0 slope=2.5080 | ABOVE gap=255.14
2026-03-19 13:36:26,283 [INFO]   [P2 (H17-L6)] 0.5: lineP=23358.45 | bars_from_origin=260.0 slope=1.5496 | ABOVE gap=5.95
2026-03-19 13:36:26,283 [INFO]   [P2 (H17-L6)] 0.25: lineP=23148.70 | bars_from_origin=260.0 slope=0.7429 | BELOW gap=150.55
2026-03-19 13:36:26,283 [INFO]   [P2 (H17-L6)] 0.125: lineP=23051.15 | bars_from_origin=260.0 slope=0.3677 | BELOW gap=248.10
2026-03-19 13:36:26,284 [INFO]   [P2 (H17-L6)] main: lineP=23327.46 | bars_from_origin=20.0 slope=0.0000 | HIT gap=0.00
2026-03-19 13:36:26,284 [INFO]     >>> HIT RECORDED: P2 (H17-L6) frac=main @ 23327.46
2026-03-19 13:36:26,284 [INFO]   [IntDet] Total hits this bar: 1
2026-03-19 13:36:26,284 [INFO] [Study] Emitting intersection event (DIRECT): {'time': 1773892620, 'fan': 'P2 (H17-L6)', 'fanIdentity': 'H17-L6', 'fraction': 'Horizontal', 'price': 23327.460567789196, 'type': 'CROSS_DOWN', 'details': 'Breakdown Attempt'}
2026-03-19 13:36:26,291 [INFO] [Tracking] FAKE OUT: Fan_H17_L6 Horizontal (T+1 bars)
2026-03-19 13:36:26,294 [INFO] [IntDet] Bar 380 | 2026-03-19 09:31 | H=23325.60 L=23296.70 C=23301.00 | Fans=2 Lines=14
2026-03-19 13:36:26,294 [INFO]   [P1 (H17-L8)] main: lineP=23940.09 | bars_from_origin=229.0 slope=3.7281 | ABOVE gap=614.49
2026-03-19 13:36:26,294 [INFO]   [P1 (H17-L8)] 0.875: lineP=23785.59 | bars_from_origin=229.0 slope=3.0535 | ABOVE gap=459.99
2026-03-19 13:36:26,294 [INFO]   [P1 (H17-L8)] 0.75: lineP=23654.81 | bars_from_origin=229.0 slope=2.4824 | ABOVE gap=329.21
2026-03-19 13:36:26,294 [INFO]   [P1 (H17-L8)] 0.5: lineP=23438.06 | bars_from_origin=229.0 slope=1.5359 | ABOVE gap=112.46
2026-03-19 13:36:26,294 [INFO]   [P1 (H17-L8)] 0.25: lineP=23255.08 | bars_from_origin=229.0 slope=0.7368 | BELOW gap=41.62
2026-03-19 13:36:26,294 [INFO]   [P1 (H17-L8)] 0.125: lineP=23169.88 | bars_from_origin=229.0 slope=0.3647 | BELOW gap=126.82
2026-03-19 13:36:26,294 [INFO]   [P1 (H17-L8)] main: lineP=23405.81 | bars_from_origin=21.0 slope=0.0000 | ABOVE gap=80.21
2026-03-19 13:36:26,294 [INFO]   [P2 (H17-L6)] main: lineP=23941.10 | bars_from_origin=261.0 slope=3.7760 | ABOVE gap=615.50
2026-03-19 13:36:26,295 [INFO]   [P2 (H17-L6)] 0.875: lineP=23761.60 | bars_from_origin=261.0 slope=3.0883 | ABOVE gap=436.00
2026-03-19 13:36:26,295 [INFO]   [P2 (H17-L6)] 0.75: lineP=23610.14 | bars_from_origin=261.0 slope=2.5080 | ABOVE gap=284.54
2026-03-19 13:36:26,295 [INFO]   [P2 (H17-L6)] 0.5: lineP=23360.00 | bars_from_origin=261.0 slope=1.5496 | ABOVE gap=34.40
2026-03-19 13:36:26,295 [INFO]   [P2 (H17-L6)] 0.25: lineP=23149.45 | bars_from_origin=261.0 slope=0.7429 | BELOW gap=147.25
2026-03-19 13:36:26,295 [INFO]   [P2 (H17-L6)] 0.125: lineP=23051.52 | bars_from_origin=261.0 slope=0.3677 | BELOW gap=245.18
2026-03-19 13:36:26,295 [INFO]   [P2 (H17-L6)] main: lineP=23327.46 | bars_from_origin=21.0 slope=0.0000 | ABOVE gap=1.86
2026-03-19 13:36:26,298 [INFO] [Study] Updating fan priority: Fan_H17_L8 -> P2 (H17-L8)
2026-03-19 13:36:26,298 [INFO] [Study] Creating new fan: Fan_L18_H17 (P1 (L18-H17))
2026-03-19 13:36:26,298 [INFO] [AngleEngine] scale_ratio=3.6603, slope_per_bar=-38.3942, visual_slope=-10.4894, theta=-84.55 deg
2026-03-19 13:36:26,299 [INFO] --- [AngleEngine] Fan Created: Fan_L18_H17 ---
2026-03-19 13:36:26,299 [INFO]   Origin: Bar 359, Time 1773823980, Price 23861.80078125
2026-03-19 13:36:26,300 [INFO]   Target: Bar 376, Time 1773891900, Price 23209.099609375
2026-03-19 13:36:26,300 [INFO]   Delta: db=17, dp_origin=-652.70
2026-03-19 13:36:26,300 [INFO]   Scale Params: Ratio=3.6603, Radius=179.13 bars, Slope/Bar=-38.3942
2026-03-19 13:36:26,300 [INFO]   Line 0.875: EndBar=1773891900 (approx), EndPrice=23645.01
2026-03-19 13:36:26,300 [INFO]   Line 0.75: EndBar=1773891900 (approx), EndPrice=23737.46
2026-03-19 13:36:26,300 [INFO]   Line 0.5: EndBar=1773891900 (approx), EndPrice=23805.23
2026-03-19 13:36:26,300 [INFO]   Line 0.25: EndBar=1773891900 (approx), EndPrice=23837.74
2026-03-19 13:36:26,301 [INFO]   Line 0.125: EndBar=1773891900 (approx), EndPrice=23850.19
2026-03-19 13:36:26,301 [INFO] [Study] Updating fan priority: Fan_H17_L6 -> P3 (H17-L6)
2026-03-19 13:36:26,301 [INFO] [IntDet] Bar 381 | 2026-03-19 09:35 | H=23306.80 L=23262.30 C=23266.15 | Fans=3 Lines=21
2026-03-19 13:36:26,301 [INFO]   [P2 (H17-L8)] main: lineP=23943.82 | bars_from_origin=230.0 slope=3.7281 | ABOVE gap=637.02
2026-03-19 13:36:26,301 [INFO]   [P2 (H17-L8)] 0.875: lineP=23788.65 | bars_from_origin=230.0 slope=3.0535 | ABOVE gap=481.85
2026-03-19 13:36:26,301 [INFO]   [P2 (H17-L8)] 0.75: lineP=23657.29 | bars_from_origin=230.0 slope=2.4824 | ABOVE gap=350.49
2026-03-19 13:36:26,301 [INFO]   [P2 (H17-L8)] 0.5: lineP=23439.60 | bars_from_origin=230.0 slope=1.5359 | ABOVE gap=132.80
2026-03-19 13:36:26,301 [INFO]   [P2 (H17-L8)] 0.25: lineP=23255.82 | bars_from_origin=230.0 slope=0.7368 | BELOW gap=6.48
2026-03-19 13:36:26,301 [INFO]   [P2 (H17-L8)] 0.125: lineP=23170.24 | bars_from_origin=230.0 slope=0.3647 | BELOW gap=92.06
2026-03-19 13:36:26,301 [INFO]   [P2 (H17-L8)] main: lineP=23405.81 | bars_from_origin=22.0 slope=0.0000 | ABOVE gap=99.01
2026-03-19 13:36:26,301 [INFO]   [P3 (H17-L6)] main: lineP=23944.87 | bars_from_origin=262.0 slope=3.7760 | ABOVE gap=638.07
2026-03-19 13:36:26,301 [INFO]   [P3 (H17-L6)] 0.875: lineP=23764.68 | bars_from_origin=262.0 slope=3.0883 | ABOVE gap=457.88
2026-03-19 13:36:26,302 [INFO]   [P3 (H17-L6)] 0.75: lineP=23612.65 | bars_from_origin=262.0 slope=2.5080 | ABOVE gap=305.85
2026-03-19 13:36:26,302 [INFO]   [P3 (H17-L6)] 0.5: lineP=23361.55 | bars_from_origin=262.0 slope=1.5496 | ABOVE gap=54.75
2026-03-19 13:36:26,302 [INFO]   [P3 (H17-L6)] 0.25: lineP=23150.19 | bars_from_origin=262.0 slope=0.7429 | BELOW gap=112.11
2026-03-19 13:36:26,302 [INFO]   [P3 (H17-L6)] 0.125: lineP=23051.89 | bars_from_origin=262.0 slope=0.3677 | BELOW gap=210.41
2026-03-19 13:36:26,302 [INFO]   [P3 (H17-L6)] main: lineP=23327.46 | bars_from_origin=22.0 slope=0.0000 | ABOVE gap=20.66
2026-03-19 13:36:26,302 [INFO]   [P1 (L18-H17)] main: lineP=23017.13 | bars_from_origin=22.0 slope=-38.3942 | BELOW gap=245.17
2026-03-19 13:36:26,302 [INFO]   [P1 (L18-H17)] 0.875: lineP=23581.25 | bars_from_origin=22.0 slope=-12.7523 | ABOVE gap=274.45
2026-03-19 13:36:26,302 [INFO]   [P1 (L18-H17)] 0.75: lineP=23700.88 | bars_from_origin=22.0 slope=-7.3144 | ABOVE gap=394.08
2026-03-19 13:36:26,302 [INFO]   [P1 (L18-H17)] 0.5: lineP=23788.59 | bars_from_origin=22.0 slope=-3.3279 | ABOVE gap=481.79
2026-03-19 13:36:26,302 [INFO]   [P1 (L18-H17)] 0.25: lineP=23830.67 | bars_from_origin=22.0 slope=-1.4152 | ABOVE gap=523.87
2026-03-19 13:36:26,302 [INFO]   [P1 (L18-H17)] 0.125: lineP=23846.78 | bars_from_origin=22.0 slope=-0.6830 | ABOVE gap=539.97
2026-03-19 13:36:26,302 [INFO]   [P1 (L18-H17)] main: lineP=23805.23 | bars_from_origin=5.0 slope=0.0000 | ABOVE gap=498.42
2026-03-19 13:36:26,305 [INFO] [IntDet] Bar 382 | 2026-03-19 09:39 | H=23281.65 L=23255.50 C=23274.65 | Fans=3 Lines=21
2026-03-19 13:36:26,306 [INFO]   [P2 (H17-L8)] main: lineP=23947.55 | bars_from_origin=231.0 slope=3.7281 | ABOVE gap=665.90
2026-03-19 13:36:26,306 [INFO]   [P2 (H17-L8)] 0.875: lineP=23791.70 | bars_from_origin=231.0 slope=3.0535 | ABOVE gap=510.05
2026-03-19 13:36:26,306 [INFO]   [P2 (H17-L8)] 0.75: lineP=23659.77 | bars_from_origin=231.0 slope=2.4824 | ABOVE gap=378.12
2026-03-19 13:36:26,306 [INFO]   [P2 (H17-L8)] 0.5: lineP=23441.14 | bars_from_origin=231.0 slope=1.5359 | ABOVE gap=159.48
2026-03-19 13:36:26,306 [INFO]   [P2 (H17-L8)] 0.25: lineP=23256.55 | bars_from_origin=231.0 slope=0.7368 | HIT gap=0.00
2026-03-19 13:36:26,306 [INFO]     >>> HIT RECORDED: P2 (H17-L8) frac=0.25 @ 23256.55
2026-03-19 13:36:26,306 [INFO]   [P2 (H17-L8)] 0.125: lineP=23170.61 | bars_from_origin=231.0 slope=0.3647 | BELOW gap=84.89
2026-03-19 13:36:26,306 [INFO]   [P2 (H17-L8)] main: lineP=23405.81 | bars_from_origin=23.0 slope=0.0000 | ABOVE gap=124.16
2026-03-19 13:36:26,307 [INFO]   [P3 (H17-L6)] main: lineP=23948.65 | bars_from_origin=263.0 slope=3.7760 | ABOVE gap=667.00
2026-03-19 13:36:26,307 [INFO]   [P3 (H17-L6)] 0.875: lineP=23767.77 | bars_from_origin=263.0 slope=3.0883 | ABOVE gap=486.12
2026-03-19 13:36:26,307 [INFO]   [P3 (H17-L6)] 0.75: lineP=23615.16 | bars_from_origin=263.0 slope=2.5080 | ABOVE gap=333.51
2026-03-19 13:36:26,307 [INFO]   [P3 (H17-L6)] 0.5: lineP=23363.10 | bars_from_origin=263.0 slope=1.5496 | ABOVE gap=81.45
2026-03-19 13:36:26,307 [INFO]   [P3 (H17-L6)] 0.25: lineP=23150.93 | bars_from_origin=263.0 slope=0.7429 | BELOW gap=104.57
2026-03-19 13:36:26,307 [INFO]   [P3 (H17-L6)] 0.125: lineP=23052.26 | bars_from_origin=263.0 slope=0.3677 | BELOW gap=203.24
2026-03-19 13:36:26,307 [INFO]   [P3 (H17-L6)] main: lineP=23327.46 | bars_from_origin=23.0 slope=0.0000 | ABOVE gap=45.81
2026-03-19 13:36:26,307 [INFO]   [P1 (L18-H17)] main: lineP=22978.73 | bars_from_origin=23.0 slope=-38.3942 | BELOW gap=276.77
2026-03-19 13:36:26,307 [INFO]   [P1 (L18-H17)] 0.875: lineP=23568.50 | bars_from_origin=23.0 slope=-12.7523 | ABOVE gap=286.85
2026-03-19 13:36:26,307 [INFO]   [P1 (L18-H17)] 0.75: lineP=23693.57 | bars_from_origin=23.0 slope=-7.3144 | ABOVE gap=411.92
2026-03-19 13:36:26,307 [INFO]   [P1 (L18-H17)] 0.5: lineP=23785.26 | bars_from_origin=23.0 slope=-3.3279 | ABOVE gap=503.61
2026-03-19 13:36:26,307 [INFO]   [P1 (L18-H17)] 0.25: lineP=23829.25 | bars_from_origin=23.0 slope=-1.4152 | ABOVE gap=547.60
2026-03-19 13:36:26,308 [INFO]   [P1 (L18-H17)] 0.125: lineP=23846.09 | bars_from_origin=23.0 slope=-0.6830 | ABOVE gap=564.44
2026-03-19 13:36:26,308 [INFO]   [P1 (L18-H17)] main: lineP=23805.23 | bars_from_origin=6.0 slope=0.0000 | ABOVE gap=523.58
2026-03-19 13:36:26,308 [INFO]   [IntDet] Total hits this bar: 1
2026-03-19 13:36:26,308 [INFO] [Study] Emitting intersection event (DIRECT): {'time': 1773893340, 'fan': 'P2 (H17-L8)', 'fanIdentity': 'H17-L8', 'fraction': '1/4', 'price': 23256.554123774193, 'type': 'SUPPORT_TEST', 'details': 'Resting / Throwback'}
2026-03-19 13:36:26,319 [INFO] [IntDet] Bar 383 | 2026-03-19 09:43 | H=23277.25 L=23240.85 C=23244.15 | Fans=3 Lines=21
2026-03-19 13:36:26,319 [INFO]   [P2 (H17-L8)] main: lineP=23951.28 | bars_from_origin=232.0 slope=3.7281 | ABOVE gap=674.03
2026-03-19 13:36:26,319 [INFO]   [P2 (H17-L8)] 0.875: lineP=23794.75 | bars_from_origin=232.0 slope=3.0535 | ABOVE gap=517.50
2026-03-19 13:36:26,319 [INFO]   [P2 (H17-L8)] 0.75: lineP=23662.26 | bars_from_origin=232.0 slope=2.4824 | ABOVE gap=385.01
2026-03-19 13:36:26,319 [INFO]   [P2 (H17-L8)] 0.5: lineP=23442.67 | bars_from_origin=232.0 slope=1.5359 | ABOVE gap=165.42
2026-03-19 13:36:26,320 [INFO]   [P2 (H17-L8)] 0.25: lineP=23257.29 | bars_from_origin=232.0 slope=0.7368 | HIT gap=0.00
2026-03-19 13:36:26,320 [INFO]     >>> HIT RECORDED: P2 (H17-L8) frac=0.25 @ 23257.29
2026-03-19 13:36:26,320 [INFO]   [P2 (H17-L8)] 0.125: lineP=23170.97 | bars_from_origin=232.0 slope=0.3647 | BELOW gap=69.88
2026-03-19 13:36:26,320 [INFO]   [P2 (H17-L8)] main: lineP=23405.81 | bars_from_origin=24.0 slope=0.0000 | ABOVE gap=128.56
2026-03-19 13:36:26,321 [INFO]   [P3 (H17-L6)] main: lineP=23952.43 | bars_from_origin=264.0 slope=3.7760 | ABOVE gap=675.18
2026-03-19 13:36:26,321 [INFO]   [P3 (H17-L6)] 0.875: lineP=23770.86 | bars_from_origin=264.0 slope=3.0883 | ABOVE gap=493.61
2026-03-19 13:36:26,321 [INFO]   [P3 (H17-L6)] 0.75: lineP=23617.67 | bars_from_origin=264.0 slope=2.5080 | ABOVE gap=340.42
2026-03-19 13:36:26,321 [INFO]   [P3 (H17-L6)] 0.5: lineP=23364.65 | bars_from_origin=264.0 slope=1.5496 | ABOVE gap=87.40
2026-03-19 13:36:26,321 [INFO]   [P3 (H17-L6)] 0.25: lineP=23151.68 | bars_from_origin=264.0 slope=0.7429 | BELOW gap=89.17
2026-03-19 13:36:26,321 [INFO]   [P3 (H17-L6)] 0.125: lineP=23052.62 | bars_from_origin=264.0 slope=0.3677 | BELOW gap=188.23
2026-03-19 13:36:26,321 [INFO]   [P3 (H17-L6)] main: lineP=23327.46 | bars_from_origin=24.0 slope=0.0000 | ABOVE gap=50.21
2026-03-19 13:36:26,321 [INFO]   [P1 (L18-H17)] main: lineP=22940.34 | bars_from_origin=24.0 slope=-38.3942 | BELOW gap=300.51
2026-03-19 13:36:26,321 [INFO]   [P1 (L18-H17)] 0.875: lineP=23555.75 | bars_from_origin=24.0 slope=-12.7523 | ABOVE gap=278.50
2026-03-19 13:36:26,321 [INFO]   [P1 (L18-H17)] 0.75: lineP=23686.25 | bars_from_origin=24.0 slope=-7.3144 | ABOVE gap=409.00
2026-03-19 13:36:26,321 [INFO]   [P1 (L18-H17)] 0.5: lineP=23781.93 | bars_from_origin=24.0 slope=-3.3279 | ABOVE gap=504.68
2026-03-19 13:36:26,321 [INFO]   [P1 (L18-H17)] 0.25: lineP=23827.84 | bars_from_origin=24.0 slope=-1.4152 | ABOVE gap=550.59
2026-03-19 13:36:26,322 [INFO]   [P1 (L18-H17)] 0.125: lineP=23845.41 | bars_from_origin=24.0 slope=-0.6830 | ABOVE gap=568.16
2026-03-19 13:36:26,322 [INFO]   [P1 (L18-H17)] main: lineP=23805.23 | bars_from_origin=7.0 slope=0.0000 | ABOVE gap=527.98
2026-03-19 13:36:26,322 [INFO]   [IntDet] Total hits this bar: 1
2026-03-19 13:36:26,322 [INFO] [Study] Emitting intersection event (DIRECT): {'time': 1773893580, 'fan': 'P2 (H17-L8)', 'fanIdentity': 'H17-L8', 'fraction': '1/4', 'price': 23257.290939853843, 'type': 'CROSS_DOWN', 'details': 'Breakdown Attempt'}
2026-03-19 13:36:26,325 [INFO] [Tracking] FAKE OUT: Fan_H17_L8 0.25 (T+7 bars)
2026-03-19 13:36:26,329 [INFO] [IntDet] Bar 384 | 2026-03-19 09:47 | H=23249.10 L=23226.75 C=23236.60 | Fans=3 Lines=21
2026-03-19 13:36:26,329 [INFO]   [P2 (H17-L8)] main: lineP=23955.00 | bars_from_origin=233.0 slope=3.7281 | ABOVE gap=705.90
2026-03-19 13:36:26,329 [INFO]   [P2 (H17-L8)] 0.875: lineP=23797.81 | bars_from_origin=233.0 slope=3.0535 | ABOVE gap=548.71
2026-03-19 13:36:26,329 [INFO]   [P2 (H17-L8)] 0.75: lineP=23664.74 | bars_from_origin=233.0 slope=2.4824 | ABOVE gap=415.64
2026-03-19 13:36:26,329 [INFO]   [P2 (H17-L8)] 0.5: lineP=23444.21 | bars_from_origin=233.0 slope=1.5359 | ABOVE gap=195.11
2026-03-19 13:36:26,329 [INFO]   [P2 (H17-L8)] 0.25: lineP=23258.03 | bars_from_origin=233.0 slope=0.7368 | ABOVE gap=8.93
2026-03-19 13:36:26,329 [INFO]   [P2 (H17-L8)] 0.125: lineP=23171.34 | bars_from_origin=233.0 slope=0.3647 | BELOW gap=55.41
2026-03-19 13:36:26,329 [INFO]   [P2 (H17-L8)] main: lineP=23405.81 | bars_from_origin=25.0 slope=0.0000 | ABOVE gap=156.71
2026-03-19 13:36:26,330 [INFO]   [P3 (H17-L6)] main: lineP=23956.20 | bars_from_origin=265.0 slope=3.7760 | ABOVE gap=707.10
2026-03-19 13:36:26,330 [INFO]   [P3 (H17-L6)] 0.875: lineP=23773.95 | bars_from_origin=265.0 slope=3.0883 | ABOVE gap=524.85
2026-03-19 13:36:26,330 [INFO]   [P3 (H17-L6)] 0.75: lineP=23620.18 | bars_from_origin=265.0 slope=2.5080 | ABOVE gap=371.08
2026-03-19 13:36:26,330 [INFO]   [P3 (H17-L6)] 0.5: lineP=23366.20 | bars_from_origin=265.0 slope=1.5496 | ABOVE gap=117.10
2026-03-19 13:36:26,330 [INFO]   [P3 (H17-L6)] 0.25: lineP=23152.42 | bars_from_origin=265.0 slope=0.7429 | BELOW gap=74.33
2026-03-19 13:36:26,330 [INFO]   [P3 (H17-L6)] 0.125: lineP=23052.99 | bars_from_origin=265.0 slope=0.3677 | BELOW gap=173.76
2026-03-19 13:36:26,330 [INFO]   [P3 (H17-L6)] main: lineP=23327.46 | bars_from_origin=25.0 slope=0.0000 | ABOVE gap=78.36
2026-03-19 13:36:26,330 [INFO]   [P1 (L18-H17)] main: lineP=22901.95 | bars_from_origin=25.0 slope=-38.3942 | BELOW gap=324.80
2026-03-19 13:36:26,330 [INFO]   [P1 (L18-H17)] 0.875: lineP=23542.99 | bars_from_origin=25.0 slope=-12.7523 | ABOVE gap=293.89
2026-03-19 13:36:26,330 [INFO]   [P1 (L18-H17)] 0.75: lineP=23678.94 | bars_from_origin=25.0 slope=-7.3144 | ABOVE gap=429.84
2026-03-19 13:36:26,330 [INFO]   [P1 (L18-H17)] 0.5: lineP=23778.60 | bars_from_origin=25.0 slope=-3.3279 | ABOVE gap=529.50
2026-03-19 13:36:26,330 [INFO]   [P1 (L18-H17)] 0.25: lineP=23826.42 | bars_from_origin=25.0 slope=-1.4152 | ABOVE gap=577.32
2026-03-19 13:36:26,330 [INFO]   [P1 (L18-H17)] 0.125: lineP=23844.73 | bars_from_origin=25.0 slope=-0.6830 | ABOVE gap=595.63
2026-03-19 13:36:26,330 [INFO]   [P1 (L18-H17)] main: lineP=23805.23 | bars_from_origin=8.0 slope=0.0000 | ABOVE gap=556.13
2026-03-19 13:36:26,333 [INFO] [IntDet] Bar 385 | 2026-03-19 09:51 | H=23263.65 L=23231.20 C=23239.25 | Fans=3 Lines=21
2026-03-19 13:36:26,334 [INFO]   [P2 (H17-L8)] main: lineP=23958.73 | bars_from_origin=234.0 slope=3.7281 | ABOVE gap=695.08
2026-03-19 13:36:26,334 [INFO]   [P2 (H17-L8)] 0.875: lineP=23800.86 | bars_from_origin=234.0 slope=3.0535 | ABOVE gap=537.21
2026-03-19 13:36:26,334 [INFO]   [P2 (H17-L8)] 0.75: lineP=23667.22 | bars_from_origin=234.0 slope=2.4824 | ABOVE gap=403.57
2026-03-19 13:36:26,334 [INFO]   [P2 (H17-L8)] 0.5: lineP=23445.74 | bars_from_origin=234.0 slope=1.5359 | ABOVE gap=182.09
2026-03-19 13:36:26,334 [INFO]   [P2 (H17-L8)] 0.25: lineP=23258.76 | bars_from_origin=234.0 slope=0.7368 | HIT gap=0.00
2026-03-19 13:36:26,334 [INFO]     >>> HIT RECORDED: P2 (H17-L8) frac=0.25 @ 23258.76
2026-03-19 13:36:26,334 [INFO]   [P2 (H17-L8)] 0.125: lineP=23171.70 | bars_from_origin=234.0 slope=0.3647 | BELOW gap=59.50
2026-03-19 13:36:26,335 [INFO]   [P2 (H17-L8)] main: lineP=23405.81 | bars_from_origin=26.0 slope=0.0000 | ABOVE gap=142.16
2026-03-19 13:36:26,335 [INFO]   [P3 (H17-L6)] main: lineP=23959.98 | bars_from_origin=266.0 slope=3.7760 | ABOVE gap=696.33
2026-03-19 13:36:26,335 [INFO]   [P3 (H17-L6)] 0.875: lineP=23777.04 | bars_from_origin=266.0 slope=3.0883 | ABOVE gap=513.39
2026-03-19 13:36:26,335 [INFO]   [P3 (H17-L6)] 0.75: lineP=23622.68 | bars_from_origin=266.0 slope=2.5080 | ABOVE gap=359.03
2026-03-19 13:36:26,337 [INFO]   [P3 (H17-L6)] 0.5: lineP=23367.75 | bars_from_origin=266.0 slope=1.5496 | ABOVE gap=104.10
2026-03-19 13:36:26,338 [INFO]   [P3 (H17-L6)] 0.25: lineP=23153.16 | bars_from_origin=266.0 slope=0.7429 | BELOW gap=78.04
2026-03-19 13:36:26,338 [INFO]   [P3 (H17-L6)] 0.125: lineP=23053.36 | bars_from_origin=266.0 slope=0.3677 | BELOW gap=177.84
2026-03-19 13:36:26,338 [INFO]   [P3 (H17-L6)] main: lineP=23327.46 | bars_from_origin=26.0 slope=0.0000 | ABOVE gap=63.81
2026-03-19 13:36:26,338 [INFO]   [P1 (L18-H17)] main: lineP=22863.55 | bars_from_origin=26.0 slope=-38.3942 | BELOW gap=367.65
2026-03-19 13:36:26,338 [INFO]   [P1 (L18-H17)] 0.875: lineP=23530.24 | bars_from_origin=26.0 slope=-12.7523 | ABOVE gap=266.59
2026-03-19 13:36:26,338 [INFO]   [P1 (L18-H17)] 0.75: lineP=23671.63 | bars_from_origin=26.0 slope=-7.3144 | ABOVE gap=407.98
2026-03-19 13:36:26,338 [INFO]   [P1 (L18-H17)] 0.5: lineP=23775.27 | bars_from_origin=26.0 slope=-3.3279 | ABOVE gap=511.62
2026-03-19 13:36:26,338 [INFO]   [P1 (L18-H17)] 0.25: lineP=23825.01 | bars_from_origin=26.0 slope=-1.4152 | ABOVE gap=561.35
2026-03-19 13:36:26,338 [INFO]   [P1 (L18-H17)] 0.125: lineP=23844.04 | bars_from_origin=26.0 slope=-0.6830 | ABOVE gap=580.39
2026-03-19 13:36:26,339 [INFO]   [P1 (L18-H17)] main: lineP=23805.23 | bars_from_origin=9.0 slope=0.0000 | ABOVE gap=541.58
2026-03-19 13:36:26,339 [INFO]   [IntDet] Total hits this bar: 1
2026-03-19 13:36:26,339 [INFO] [Study] Emitting intersection event (DIRECT): {'time': 1773894060, 'fan': 'P2 (H17-L8)', 'fanIdentity': 'H17-L8', 'fraction': '1/4', 'price': 23258.764572013144, 'type': 'RESISTANCE_TEST', 'details': 'Rejection / Pullback'}
2026-03-19 13:36:26,346 [INFO] [IntDet] Bar 386 | 2026-03-19 09:55 | H=23260.30 L=23235.30 C=23253.15 | Fans=3 Lines=21
2026-03-19 13:36:26,346 [INFO]   [P2 (H17-L8)] main: lineP=23962.46 | bars_from_origin=235.0 slope=3.7281 | ABOVE gap=702.16
2026-03-19 13:36:26,346 [INFO]   [P2 (H17-L8)] 0.875: lineP=23803.91 | bars_from_origin=235.0 slope=3.0535 | ABOVE gap=543.61
2026-03-19 13:36:26,346 [INFO]   [P2 (H17-L8)] 0.75: lineP=23669.70 | bars_from_origin=235.0 slope=2.4824 | ABOVE gap=409.40
2026-03-19 13:36:26,346 [INFO]   [P2 (H17-L8)] 0.5: lineP=23447.28 | bars_from_origin=235.0 slope=1.5359 | ABOVE gap=186.98
2026-03-19 13:36:26,347 [INFO]   [P2 (H17-L8)] 0.25: lineP=23259.50 | bars_from_origin=235.0 slope=0.7368 | HIT gap=0.00
2026-03-19 13:36:26,347 [INFO]     >>> HIT RECORDED: P2 (H17-L8) frac=0.25 @ 23259.50
2026-03-19 13:36:26,347 [INFO]   [P2 (H17-L8)] 0.125: lineP=23172.07 | bars_from_origin=235.0 slope=0.3647 | BELOW gap=63.23
2026-03-19 13:36:26,347 [INFO]   [P2 (H17-L8)] main: lineP=23405.81 | bars_from_origin=27.0 slope=0.0000 | ABOVE gap=145.51
2026-03-19 13:36:26,347 [INFO]   [P3 (H17-L6)] main: lineP=23963.75 | bars_from_origin=267.0 slope=3.7760 | ABOVE gap=703.45
2026-03-19 13:36:26,347 [INFO]   [P3 (H17-L6)] 0.875: lineP=23780.13 | bars_from_origin=267.0 slope=3.0883 | ABOVE gap=519.82
2026-03-19 13:36:26,347 [INFO]   [P3 (H17-L6)] 0.75: lineP=23625.19 | bars_from_origin=267.0 slope=2.5080 | ABOVE gap=364.89
2026-03-19 13:36:26,347 [INFO]   [P3 (H17-L6)] 0.5: lineP=23369.30 | bars_from_origin=267.0 slope=1.5496 | ABOVE gap=109.00
2026-03-19 13:36:26,347 [INFO]   [P3 (H17-L6)] 0.25: lineP=23153.90 | bars_from_origin=267.0 slope=0.7429 | BELOW gap=81.40
2026-03-19 13:36:26,348 [INFO]   [P3 (H17-L6)] 0.125: lineP=23053.73 | bars_from_origin=267.0 slope=0.3677 | BELOW gap=181.57
2026-03-19 13:36:26,348 [INFO]   [P3 (H17-L6)] main: lineP=23327.46 | bars_from_origin=27.0 slope=0.0000 | ABOVE gap=67.16
2026-03-19 13:36:26,348 [INFO]   [P1 (L18-H17)] main: lineP=22825.16 | bars_from_origin=27.0 slope=-38.3942 | BELOW gap=410.14
2026-03-19 13:36:26,348 [INFO]   [P1 (L18-H17)] 0.875: lineP=23517.49 | bars_from_origin=27.0 slope=-12.7523 | ABOVE gap=257.19
2026-03-19 13:36:26,348 [INFO]   [P1 (L18-H17)] 0.75: lineP=23664.31 | bars_from_origin=27.0 slope=-7.3144 | ABOVE gap=404.01
2026-03-19 13:36:26,348 [INFO]   [P1 (L18-H17)] 0.5: lineP=23771.95 | bars_from_origin=27.0 slope=-3.3279 | ABOVE gap=511.65
2026-03-19 13:36:26,348 [INFO]   [P1 (L18-H17)] 0.25: lineP=23823.59 | bars_from_origin=27.0 slope=-1.4152 | ABOVE gap=563.29
2026-03-19 13:36:26,348 [INFO]   [P1 (L18-H17)] 0.125: lineP=23843.36 | bars_from_origin=27.0 slope=-0.6830 | ABOVE gap=583.06
2026-03-19 13:36:26,348 [INFO]   [P1 (L18-H17)] main: lineP=23805.23 | bars_from_origin=10.0 slope=0.0000 | ABOVE gap=544.92
2026-03-19 13:36:26,348 [INFO]   [IntDet] Total hits this bar: 1
2026-03-19 13:36:26,348 [INFO] [Study] Emitting intersection event (DIRECT): {'time': 1773894300, 'fan': 'P2 (H17-L8)', 'fanIdentity': 'H17-L8', 'fraction': '1/4', 'price': 23259.501388092795, 'type': 'RESISTANCE_TEST', 'details': 'Rejection / Pullback'}
2026-03-19 13:36:26,357 [INFO] [IntDet] Bar 387 | 2026-03-19 09:59 | H=23253.65 L=23229.35 C=23241.35 | Fans=3 Lines=21
2026-03-19 13:36:26,357 [INFO]   [P2 (H17-L8)] main: lineP=23966.19 | bars_from_origin=236.0 slope=3.7281 | ABOVE gap=712.54
2026-03-19 13:36:26,357 [INFO]   [P2 (H17-L8)] 0.875: lineP=23806.97 | bars_from_origin=236.0 slope=3.0535 | ABOVE gap=553.32
2026-03-19 13:36:26,357 [INFO]   [P2 (H17-L8)] 0.75: lineP=23672.19 | bars_from_origin=236.0 slope=2.4824 | ABOVE gap=418.54
2026-03-19 13:36:26,357 [INFO]   [P2 (H17-L8)] 0.5: lineP=23448.81 | bars_from_origin=236.0 slope=1.5359 | ABOVE gap=195.16
2026-03-19 13:36:26,357 [INFO]   [P2 (H17-L8)] 0.25: lineP=23260.24 | bars_from_origin=236.0 slope=0.7368 | ABOVE gap=6.59
2026-03-19 13:36:26,358 [INFO]   [P2 (H17-L8)] 0.125: lineP=23172.43 | bars_from_origin=236.0 slope=0.3647 | BELOW gap=56.92
2026-03-19 13:36:26,358 [INFO]   [P2 (H17-L8)] main: lineP=23405.81 | bars_from_origin=28.0 slope=0.0000 | ABOVE gap=152.16
2026-03-19 13:36:26,358 [INFO]   [P3 (H17-L6)] main: lineP=23967.53 | bars_from_origin=268.0 slope=3.7760 | ABOVE gap=713.88
2026-03-19 13:36:26,358 [INFO]   [P3 (H17-L6)] 0.875: lineP=23783.21 | bars_from_origin=268.0 slope=3.0883 | ABOVE gap=529.56
2026-03-19 13:36:26,358 [INFO]   [P3 (H17-L6)] 0.75: lineP=23627.70 | bars_from_origin=268.0 slope=2.5080 | ABOVE gap=374.05
2026-03-19 13:36:26,358 [INFO]   [P3 (H17-L6)] 0.5: lineP=23370.85 | bars_from_origin=268.0 slope=1.5496 | ABOVE gap=117.20
2026-03-19 13:36:26,359 [INFO]   [P3 (H17-L6)] 0.25: lineP=23154.65 | bars_from_origin=268.0 slope=0.7429 | BELOW gap=74.70
2026-03-19 13:36:26,359 [INFO]   [P3 (H17-L6)] 0.125: lineP=23054.09 | bars_from_origin=268.0 slope=0.3677 | BELOW gap=175.26
2026-03-19 13:36:26,359 [INFO]   [P3 (H17-L6)] main: lineP=23327.46 | bars_from_origin=28.0 slope=0.0000 | ABOVE gap=73.81
2026-03-19 13:36:26,359 [INFO]   [P1 (L18-H17)] main: lineP=22786.76 | bars_from_origin=28.0 slope=-38.3942 | BELOW gap=442.59
2026-03-19 13:36:26,359 [INFO]   [P1 (L18-H17)] 0.875: lineP=23504.74 | bars_from_origin=28.0 slope=-12.7523 | ABOVE gap=251.09
2026-03-19 13:36:26,359 [INFO]   [P1 (L18-H17)] 0.75: lineP=23657.00 | bars_from_origin=28.0 slope=-7.3144 | ABOVE gap=403.35
2026-03-19 13:36:26,359 [INFO]   [P1 (L18-H17)] 0.5: lineP=23768.62 | bars_from_origin=28.0 slope=-3.3279 | ABOVE gap=514.97
2026-03-19 13:36:26,359 [INFO]   [P1 (L18-H17)] 0.25: lineP=23822.17 | bars_from_origin=28.0 slope=-1.4152 | ABOVE gap=568.52
2026-03-19 13:36:26,359 [INFO]   [P1 (L18-H17)] 0.125: lineP=23842.68 | bars_from_origin=28.0 slope=-0.6830 | ABOVE gap=589.03
2026-03-19 13:36:26,359 [INFO]   [P1 (L18-H17)] main: lineP=23805.23 | bars_from_origin=11.0 slope=0.0000 | ABOVE gap=551.58
2026-03-19 13:36:26,362 [INFO] [IntDet] Bar 388 | 2026-03-19 10:03 | H=23269.95 L=23242.30 C=23255.60 | Fans=3 Lines=21
2026-03-19 13:36:26,362 [INFO]   [P2 (H17-L8)] main: lineP=23969.92 | bars_from_origin=237.0 slope=3.7281 | ABOVE gap=699.97
2026-03-19 13:36:26,362 [INFO]   [P2 (H17-L8)] 0.875: lineP=23810.02 | bars_from_origin=237.0 slope=3.0535 | ABOVE gap=540.07
2026-03-19 13:36:26,363 [INFO]   [P2 (H17-L8)] 0.75: lineP=23674.67 | bars_from_origin=237.0 slope=2.4824 | ABOVE gap=404.72
2026-03-19 13:36:26,363 [INFO]   [P2 (H17-L8)] 0.5: lineP=23450.35 | bars_from_origin=237.0 slope=1.5359 | ABOVE gap=180.40
2026-03-19 13:36:26,363 [INFO]   [P2 (H17-L8)] 0.25: lineP=23260.98 | bars_from_origin=237.0 slope=0.7368 | HIT gap=0.00
2026-03-19 13:36:26,363 [INFO]     >>> HIT RECORDED: P2 (H17-L8) frac=0.25 @ 23260.98
2026-03-19 13:36:26,363 [INFO]   [P2 (H17-L8)] 0.125: lineP=23172.80 | bars_from_origin=237.0 slope=0.3647 | BELOW gap=69.51
2026-03-19 13:36:26,363 [INFO]   [P2 (H17-L8)] main: lineP=23405.81 | bars_from_origin=29.0 slope=0.0000 | ABOVE gap=135.86
2026-03-19 13:36:26,363 [INFO]   [P3 (H17-L6)] main: lineP=23971.31 | bars_from_origin=269.0 slope=3.7760 | ABOVE gap=701.36
2026-03-19 13:36:26,363 [INFO]   [P3 (H17-L6)] 0.875: lineP=23786.30 | bars_from_origin=269.0 slope=3.0883 | ABOVE gap=516.35
2026-03-19 13:36:26,364 [INFO]   [P3 (H17-L6)] 0.75: lineP=23630.21 | bars_from_origin=269.0 slope=2.5080 | ABOVE gap=360.26
2026-03-19 13:36:26,364 [INFO]   [P3 (H17-L6)] 0.5: lineP=23372.40 | bars_from_origin=269.0 slope=1.5496 | ABOVE gap=102.45
2026-03-19 13:36:26,364 [INFO]   [P3 (H17-L6)] 0.25: lineP=23155.39 | bars_from_origin=269.0 slope=0.7429 | BELOW gap=86.91
2026-03-19 13:36:26,364 [INFO]   [P3 (H17-L6)] 0.125: lineP=23054.46 | bars_from_origin=269.0 slope=0.3677 | BELOW gap=187.84
2026-03-19 13:36:26,364 [INFO]   [P3 (H17-L6)] main: lineP=23327.46 | bars_from_origin=29.0 slope=0.0000 | ABOVE gap=57.51
2026-03-19 13:36:26,364 [INFO]   [P1 (L18-H17)] main: lineP=22748.37 | bars_from_origin=29.0 slope=-38.3942 | BELOW gap=493.93
2026-03-19 13:36:26,364 [INFO]   [P1 (L18-H17)] 0.875: lineP=23491.98 | bars_from_origin=29.0 slope=-12.7523 | ABOVE gap=222.03
2026-03-19 13:36:26,364 [INFO]   [P1 (L18-H17)] 0.75: lineP=23649.68 | bars_from_origin=29.0 slope=-7.3144 | ABOVE gap=379.73
2026-03-19 13:36:26,364 [INFO]   [P1 (L18-H17)] 0.5: lineP=23765.29 | bars_from_origin=29.0 slope=-3.3279 | ABOVE gap=495.34
2026-03-19 13:36:26,364 [INFO]   [P1 (L18-H17)] 0.25: lineP=23820.76 | bars_from_origin=29.0 slope=-1.4152 | ABOVE gap=550.81
2026-03-19 13:36:26,364 [INFO]   [P1 (L18-H17)] 0.125: lineP=23841.99 | bars_from_origin=29.0 slope=-0.6830 | ABOVE gap=572.05
2026-03-19 13:36:26,364 [INFO]   [P1 (L18-H17)] main: lineP=23805.23 | bars_from_origin=12.0 slope=0.0000 | ABOVE gap=535.28
2026-03-19 13:36:26,365 [INFO]   [IntDet] Total hits this bar: 1
2026-03-19 13:36:26,365 [INFO] [Study] Emitting intersection event (DIRECT): {'time': 1773894780, 'fan': 'P2 (H17-L8)', 'fanIdentity': 'H17-L8', 'fraction': '1/4', 'price': 23260.975020252095, 'type': 'RESISTANCE_TEST', 'details': 'Rejection / Pullback'}
2026-03-19 13:36:26,372 [INFO] [IntDet] Bar 389 | 2026-03-19 10:07 | H=23268.35 L=23247.60 C=23252.20 | Fans=3 Lines=21
2026-03-19 13:36:26,372 [INFO]   [P2 (H17-L8)] main: lineP=23973.64 | bars_from_origin=238.0 slope=3.7281 | ABOVE gap=705.30
2026-03-19 13:36:26,372 [INFO]   [P2 (H17-L8)] 0.875: lineP=23813.07 | bars_from_origin=238.0 slope=3.0535 | ABOVE gap=544.72
2026-03-19 13:36:26,372 [INFO]   [P2 (H17-L8)] 0.75: lineP=23677.15 | bars_from_origin=238.0 slope=2.4824 | ABOVE gap=408.80
2026-03-19 13:36:26,372 [INFO]   [P2 (H17-L8)] 0.5: lineP=23451.89 | bars_from_origin=238.0 slope=1.5359 | ABOVE gap=183.54
2026-03-19 13:36:26,373 [INFO]   [P2 (H17-L8)] 0.25: lineP=23261.71 | bars_from_origin=238.0 slope=0.7368 | HIT gap=0.00
2026-03-19 13:36:26,373 [INFO]     >>> HIT RECORDED: P2 (H17-L8) frac=0.25 @ 23261.71
2026-03-19 13:36:26,373 [INFO]   [P2 (H17-L8)] 0.125: lineP=23173.16 | bars_from_origin=238.0 slope=0.3647 | BELOW gap=74.44
2026-03-19 13:36:26,373 [INFO]   [P2 (H17-L8)] main: lineP=23405.81 | bars_from_origin=30.0 slope=0.0000 | ABOVE gap=137.46
2026-03-19 13:36:26,373 [INFO]   [P3 (H17-L6)] main: lineP=23975.08 | bars_from_origin=270.0 slope=3.7760 | ABOVE gap=706.73
2026-03-19 13:36:26,373 [INFO]   [P3 (H17-L6)] 0.875: lineP=23789.39 | bars_from_origin=270.0 slope=3.0883 | ABOVE gap=521.04
2026-03-19 13:36:26,373 [INFO]   [P3 (H17-L6)] 0.75: lineP=23632.72 | bars_from_origin=270.0 slope=2.5080 | ABOVE gap=364.37
2026-03-19 13:36:26,373 [INFO]   [P3 (H17-L6)] 0.5: lineP=23373.95 | bars_from_origin=270.0 slope=1.5496 | ABOVE gap=105.60
2026-03-19 13:36:26,374 [INFO]   [P3 (H17-L6)] 0.25: lineP=23156.13 | bars_from_origin=270.0 slope=0.7429 | BELOW gap=91.47
2026-03-19 13:36:26,374 [INFO]   [P3 (H17-L6)] 0.125: lineP=23054.83 | bars_from_origin=270.0 slope=0.3677 | BELOW gap=192.77
2026-03-19 13:36:26,374 [INFO]   [P3 (H17-L6)] main: lineP=23327.46 | bars_from_origin=30.0 slope=0.0000 | ABOVE gap=59.11
2026-03-19 13:36:26,374 [INFO]   [P1 (L18-H17)] main: lineP=22709.98 | bars_from_origin=30.0 slope=-38.3942 | BELOW gap=537.62
2026-03-19 13:36:26,374 [INFO]   [P1 (L18-H17)] 0.875: lineP=23479.23 | bars_from_origin=30.0 slope=-12.7523 | ABOVE gap=210.88
2026-03-19 13:36:26,374 [INFO]   [P1 (L18-H17)] 0.75: lineP=23642.37 | bars_from_origin=30.0 slope=-7.3144 | ABOVE gap=374.02
2026-03-19 13:36:26,374 [INFO]   [P1 (L18-H17)] 0.5: lineP=23761.96 | bars_from_origin=30.0 slope=-3.3279 | ABOVE gap=493.61
2026-03-19 13:36:26,374 [INFO]   [P1 (L18-H17)] 0.25: lineP=23819.34 | bars_from_origin=30.0 slope=-1.4152 | ABOVE gap=550.99
2026-03-19 13:36:26,374 [INFO]   [P1 (L18-H17)] 0.125: lineP=23841.31 | bars_from_origin=30.0 slope=-0.6830 | ABOVE gap=572.96
2026-03-19 13:36:26,374 [INFO]   [P1 (L18-H17)] main: lineP=23805.23 | bars_from_origin=13.0 slope=0.0000 | ABOVE gap=536.88
2026-03-19 13:36:26,374 [INFO]   [IntDet] Total hits this bar: 1
2026-03-19 13:36:26,375 [INFO] [Study] Emitting intersection event (DIRECT): {'time': 1773895020, 'fan': 'P2 (H17-L8)', 'fanIdentity': 'H17-L8', 'fraction': '1/4', 'price': 23261.711836331746, 'type': 'RESISTANCE_TEST', 'details': 'Rejection / Pullback'}
2026-03-19 13:36:26,383 [INFO] [IntDet] Bar 390 | 2026-03-19 10:11 | H=23251.80 L=23235.70 C=23236.65 | Fans=3 Lines=21
2026-03-19 13:36:26,384 [INFO]   [P2 (H17-L8)] main: lineP=23977.37 | bars_from_origin=239.0 slope=3.7281 | ABOVE gap=725.57
2026-03-19 13:36:26,384 [INFO]   [P2 (H17-L8)] 0.875: lineP=23816.13 | bars_from_origin=239.0 slope=3.0535 | ABOVE gap=564.33
2026-03-19 13:36:26,384 [INFO]   [P2 (H17-L8)] 0.75: lineP=23679.63 | bars_from_origin=239.0 slope=2.4824 | ABOVE gap=427.83
2026-03-19 13:36:26,384 [INFO]   [P2 (H17-L8)] 0.5: lineP=23453.42 | bars_from_origin=239.0 slope=1.5359 | ABOVE gap=201.62
2026-03-19 13:36:26,384 [INFO]   [P2 (H17-L8)] 0.25: lineP=23262.45 | bars_from_origin=239.0 slope=0.7368 | ABOVE gap=10.65
2026-03-19 13:36:26,384 [INFO]   [P2 (H17-L8)] 0.125: lineP=23173.52 | bars_from_origin=239.0 slope=0.3647 | BELOW gap=62.17
2026-03-19 13:36:26,384 [INFO]   [P2 (H17-L8)] main: lineP=23405.81 | bars_from_origin=31.0 slope=0.0000 | ABOVE gap=154.01
2026-03-19 13:36:26,384 [INFO]   [P3 (H17-L6)] main: lineP=23978.86 | bars_from_origin=271.0 slope=3.7760 | ABOVE gap=727.06
2026-03-19 13:36:26,385 [INFO]   [P3 (H17-L6)] 0.875: lineP=23792.48 | bars_from_origin=271.0 slope=3.0883 | ABOVE gap=540.68
2026-03-19 13:36:26,385 [INFO]   [P3 (H17-L6)] 0.75: lineP=23635.22 | bars_from_origin=271.0 slope=2.5080 | ABOVE gap=383.42
2026-03-19 13:36:26,385 [INFO]   [P3 (H17-L6)] 0.5: lineP=23375.50 | bars_from_origin=271.0 slope=1.5496 | ABOVE gap=123.70
2026-03-19 13:36:26,385 [INFO]   [P3 (H17-L6)] 0.25: lineP=23156.88 | bars_from_origin=271.0 slope=0.7429 | BELOW gap=78.82
2026-03-19 13:36:26,385 [INFO]   [P3 (H17-L6)] 0.125: lineP=23055.20 | bars_from_origin=271.0 slope=0.3677 | BELOW gap=180.50
2026-03-19 13:36:26,385 [INFO]   [P3 (H17-L6)] main: lineP=23327.46 | bars_from_origin=31.0 slope=0.0000 | ABOVE gap=75.66
2026-03-19 13:36:26,385 [INFO]   [P1 (L18-H17)] main: lineP=22671.58 | bars_from_origin=31.0 slope=-38.3942 | BELOW gap=564.12
2026-03-19 13:36:26,385 [INFO]   [P1 (L18-H17)] 0.875: lineP=23466.48 | bars_from_origin=31.0 slope=-12.7523 | ABOVE gap=214.68
2026-03-19 13:36:26,385 [INFO]   [P1 (L18-H17)] 0.75: lineP=23635.05 | bars_from_origin=31.0 slope=-7.3144 | ABOVE gap=383.25
2026-03-19 13:36:26,386 [INFO]   [P1 (L18-H17)] 0.5: lineP=23758.63 | bars_from_origin=31.0 slope=-3.3279 | ABOVE gap=506.83
2026-03-19 13:36:26,386 [INFO]   [P1 (L18-H17)] 0.25: lineP=23817.93 | bars_from_origin=31.0 slope=-1.4152 | ABOVE gap=566.13
2026-03-19 13:36:26,386 [INFO]   [P1 (L18-H17)] 0.125: lineP=23840.63 | bars_from_origin=31.0 slope=-0.6830 | ABOVE gap=588.83
2026-03-19 13:36:26,386 [INFO]   [P1 (L18-H17)] main: lineP=23805.23 | bars_from_origin=14.0 slope=0.0000 | ABOVE gap=553.42
2026-03-19 13:36:26,389 [INFO] [Study] Removing invalidated/excess fan: Fan_L18_H17
2026-03-19 13:36:26,389 [INFO] [Study] Updating fan priority: Fan_H17_L8 -> P1 (H17-L8)
2026-03-19 13:36:26,389 [INFO] [Study] Updating fan priority: Fan_H17_L6 -> P2 (H17-L6)
2026-03-19 13:36:26,389 [INFO] [IntDet] Bar 391 | 2026-03-19 10:15 | H=23234.95 L=23204.05 C=23218.10 | Fans=2 Lines=14
2026-03-19 13:36:26,389 [INFO]   [P1 (H17-L8)] main: lineP=23981.10 | bars_from_origin=240.0 slope=3.7281 | ABOVE gap=746.15
2026-03-19 13:36:26,389 [INFO]   [P1 (H17-L8)] 0.875: lineP=23819.18 | bars_from_origin=240.0 slope=3.0535 | ABOVE gap=584.23
2026-03-19 13:36:26,389 [INFO]   [P1 (H17-L8)] 0.75: lineP=23682.12 | bars_from_origin=240.0 slope=2.4824 | ABOVE gap=447.17
2026-03-19 13:36:26,390 [INFO]   [P1 (H17-L8)] 0.5: lineP=23454.96 | bars_from_origin=240.0 slope=1.5359 | ABOVE gap=220.01
2026-03-19 13:36:26,390 [INFO]   [P1 (H17-L8)] 0.25: lineP=23263.19 | bars_from_origin=240.0 slope=0.7368 | ABOVE gap=28.24
2026-03-19 13:36:26,390 [INFO]   [P1 (H17-L8)] 0.125: lineP=23173.89 | bars_from_origin=240.0 slope=0.3647 | BELOW gap=30.16
2026-03-19 13:36:26,390 [INFO]   [P1 (H17-L8)] main: lineP=23405.81 | bars_from_origin=32.0 slope=0.0000 | ABOVE gap=170.86
2026-03-19 13:36:26,390 [INFO]   [P2 (H17-L6)] main: lineP=23982.63 | bars_from_origin=272.0 slope=3.7760 | ABOVE gap=747.68
2026-03-19 13:36:26,390 [INFO]   [P2 (H17-L6)] 0.875: lineP=23795.57 | bars_from_origin=272.0 slope=3.0883 | ABOVE gap=560.62
2026-03-19 13:36:26,390 [INFO]   [P2 (H17-L6)] 0.75: lineP=23637.73 | bars_from_origin=272.0 slope=2.5080 | ABOVE gap=402.78
2026-03-19 13:36:26,390 [INFO]   [P2 (H17-L6)] 0.5: lineP=23377.05 | bars_from_origin=272.0 slope=1.5496 | ABOVE gap=142.10
2026-03-19 13:36:26,390 [INFO]   [P2 (H17-L6)] 0.25: lineP=23157.62 | bars_from_origin=272.0 slope=0.7429 | BELOW gap=46.43
2026-03-19 13:36:26,390 [INFO]   [P2 (H17-L6)] 0.125: lineP=23055.56 | bars_from_origin=272.0 slope=0.3677 | BELOW gap=148.49
2026-03-19 13:36:26,391 [INFO]   [P2 (H17-L6)] main: lineP=23327.46 | bars_from_origin=32.0 slope=0.0000 | ABOVE gap=92.51
2026-03-19 13:36:26,393 [INFO] [IntDet] Bar 392 | 2026-03-19 10:19 | H=23246.80 L=23212.15 C=23246.80 | Fans=2 Lines=14
2026-03-19 13:36:26,394 [INFO]   [P1 (H17-L8)] main: lineP=23984.83 | bars_from_origin=241.0 slope=3.7281 | ABOVE gap=738.03
2026-03-19 13:36:26,394 [INFO]   [P1 (H17-L8)] 0.875: lineP=23822.23 | bars_from_origin=241.0 slope=3.0535 | ABOVE gap=575.43
2026-03-19 13:36:26,394 [INFO]   [P1 (H17-L8)] 0.75: lineP=23684.60 | bars_from_origin=241.0 slope=2.4824 | ABOVE gap=437.80
2026-03-19 13:36:26,394 [INFO]   [P1 (H17-L8)] 0.5: lineP=23456.49 | bars_from_origin=241.0 slope=1.5359 | ABOVE gap=209.69
2026-03-19 13:36:26,394 [INFO]   [P1 (H17-L8)] 0.25: lineP=23263.92 | bars_from_origin=241.0 slope=0.7368 | ABOVE gap=17.12
2026-03-19 13:36:26,394 [INFO]   [P1 (H17-L8)] 0.125: lineP=23174.25 | bars_from_origin=241.0 slope=0.3647 | BELOW gap=37.90
2026-03-19 13:36:26,394 [INFO]   [P1 (H17-L8)] main: lineP=23405.81 | bars_from_origin=33.0 slope=0.0000 | ABOVE gap=159.01
2026-03-19 13:36:26,394 [INFO]   [P2 (H17-L6)] main: lineP=23986.41 | bars_from_origin=273.0 slope=3.7760 | ABOVE gap=739.61
2026-03-19 13:36:26,394 [INFO]   [P2 (H17-L6)] 0.875: lineP=23798.66 | bars_from_origin=273.0 slope=3.0883 | ABOVE gap=551.85
2026-03-19 13:36:26,394 [INFO]   [P2 (H17-L6)] 0.75: lineP=23640.24 | bars_from_origin=273.0 slope=2.5080 | ABOVE gap=393.44
2026-03-19 13:36:26,395 [INFO]   [P2 (H17-L6)] 0.5: lineP=23378.60 | bars_from_origin=273.0 slope=1.5496 | ABOVE gap=131.80
2026-03-19 13:36:26,395 [INFO]   [P2 (H17-L6)] 0.25: lineP=23158.36 | bars_from_origin=273.0 slope=0.7429 | BELOW gap=53.79
2026-03-19 13:36:26,395 [INFO]   [P2 (H17-L6)] 0.125: lineP=23055.93 | bars_from_origin=273.0 slope=0.3677 | BELOW gap=156.22
2026-03-19 13:36:26,395 [INFO]   [P2 (H17-L6)] main: lineP=23327.46 | bars_from_origin=33.0 slope=0.0000 | ABOVE gap=80.66
2026-03-19 13:36:26,398 [INFO] [IntDet] Bar 393 | 2026-03-19 10:23 | H=23282.65 L=23241.35 C=23276.35 | Fans=2 Lines=14
2026-03-19 13:36:26,398 [INFO]   [P1 (H17-L8)] main: lineP=23988.56 | bars_from_origin=242.0 slope=3.7281 | ABOVE gap=705.91
2026-03-19 13:36:26,398 [INFO]   [P1 (H17-L8)] 0.875: lineP=23825.29 | bars_from_origin=242.0 slope=3.0535 | ABOVE gap=542.64
2026-03-19 13:36:26,398 [INFO]   [P1 (H17-L8)] 0.75: lineP=23687.08 | bars_from_origin=242.0 slope=2.4824 | ABOVE gap=404.43
2026-03-19 13:36:26,398 [INFO]   [P1 (H17-L8)] 0.5: lineP=23458.03 | bars_from_origin=242.0 slope=1.5359 | ABOVE gap=175.38
2026-03-19 13:36:26,398 [INFO]   [P1 (H17-L8)] 0.25: lineP=23264.66 | bars_from_origin=242.0 slope=0.7368 | HIT gap=0.00
2026-03-19 13:36:26,398 [INFO]     >>> HIT RECORDED: P1 (H17-L8) frac=0.25 @ 23264.66
2026-03-19 13:36:26,398 [INFO]   [P1 (H17-L8)] 0.125: lineP=23174.62 | bars_from_origin=242.0 slope=0.3647 | BELOW gap=66.73
2026-03-19 13:36:26,399 [INFO]   [P1 (H17-L8)] main: lineP=23405.81 | bars_from_origin=34.0 slope=0.0000 | ABOVE gap=123.16
2026-03-19 13:36:26,399 [INFO]   [P2 (H17-L6)] main: lineP=23990.19 | bars_from_origin=274.0 slope=3.7760 | ABOVE gap=707.54
2026-03-19 13:36:26,399 [INFO]   [P2 (H17-L6)] 0.875: lineP=23801.74 | bars_from_origin=274.0 slope=3.0883 | ABOVE gap=519.09
2026-03-19 13:36:26,399 [INFO]   [P2 (H17-L6)] 0.75: lineP=23642.75 | bars_from_origin=274.0 slope=2.5080 | ABOVE gap=360.10
2026-03-19 13:36:26,399 [INFO]   [P2 (H17-L6)] 0.5: lineP=23380.15 | bars_from_origin=274.0 slope=1.5496 | ABOVE gap=97.50
2026-03-19 13:36:26,400 [INFO]   [P2 (H17-L6)] 0.25: lineP=23159.10 | bars_from_origin=274.0 slope=0.7429 | BELOW gap=82.25
2026-03-19 13:36:26,400 [INFO]   [P2 (H17-L6)] 0.125: lineP=23056.30 | bars_from_origin=274.0 slope=0.3677 | BELOW gap=185.05
2026-03-19 13:36:26,400 [INFO]   [P2 (H17-L6)] main: lineP=23327.46 | bars_from_origin=34.0 slope=0.0000 | ABOVE gap=44.81
2026-03-19 13:36:26,400 [INFO]   [IntDet] Total hits this bar: 1
2026-03-19 13:36:26,400 [INFO] [Study] Emitting intersection event (DIRECT): {'time': 1773895980, 'fan': 'P1 (H17-L8)', 'fanIdentity': 'H17-L8', 'fraction': '1/4', 'price': 23264.659100650348, 'type': 'CROSS_UP', 'details': 'Breakout Attempt'}
2026-03-19 13:36:26,407 [INFO] [IntDet] Bar 394 | 2026-03-19 10:27 | H=23283.95 L=23268.70 C=23281.85 | Fans=2 Lines=14
2026-03-19 13:36:26,407 [INFO]   [P1 (H17-L8)] main: lineP=23992.29 | bars_from_origin=243.0 slope=3.7281 | ABOVE gap=708.34
2026-03-19 13:36:26,408 [INFO]   [P1 (H17-L8)] 0.875: lineP=23828.34 | bars_from_origin=243.0 slope=3.0535 | ABOVE gap=544.39
2026-03-19 13:36:26,408 [INFO]   [P1 (H17-L8)] 0.75: lineP=23689.56 | bars_from_origin=243.0 slope=2.4824 | ABOVE gap=405.61
2026-03-19 13:36:26,408 [INFO]   [P1 (H17-L8)] 0.5: lineP=23459.57 | bars_from_origin=243.0 slope=1.5359 | ABOVE gap=175.62
2026-03-19 13:36:26,408 [INFO]   [P1 (H17-L8)] 0.25: lineP=23265.40 | bars_from_origin=243.0 slope=0.7368 | BELOW gap=3.30
2026-03-19 13:36:26,408 [INFO]   [P1 (H17-L8)] 0.125: lineP=23174.98 | bars_from_origin=243.0 slope=0.3647 | BELOW gap=93.72
2026-03-19 13:36:26,408 [INFO]   [P1 (H17-L8)] main: lineP=23405.81 | bars_from_origin=35.0 slope=0.0000 | ABOVE gap=121.86
2026-03-19 13:36:26,409 [INFO]   [P2 (H17-L6)] main: lineP=23993.96 | bars_from_origin=275.0 slope=3.7760 | ABOVE gap=710.01
2026-03-19 13:36:26,409 [INFO]   [P2 (H17-L6)] 0.875: lineP=23804.83 | bars_from_origin=275.0 slope=3.0883 | ABOVE gap=520.88
2026-03-19 13:36:26,409 [INFO]   [P2 (H17-L6)] 0.75: lineP=23645.26 | bars_from_origin=275.0 slope=2.5080 | ABOVE gap=361.31
2026-03-19 13:36:26,409 [INFO]   [P2 (H17-L6)] 0.5: lineP=23381.70 | bars_from_origin=275.0 slope=1.5496 | ABOVE gap=97.75
2026-03-19 13:36:26,409 [INFO]   [P2 (H17-L6)] 0.25: lineP=23159.85 | bars_from_origin=275.0 slope=0.7429 | BELOW gap=108.85
2026-03-19 13:36:26,409 [INFO]   [P2 (H17-L6)] 0.125: lineP=23056.67 | bars_from_origin=275.0 slope=0.3677 | BELOW gap=212.03
2026-03-19 13:36:26,409 [INFO]   [P2 (H17-L6)] main: lineP=23327.46 | bars_from_origin=35.0 slope=0.0000 | ABOVE gap=43.51
2026-03-19 13:36:26,412 [INFO] [IntDet] Bar 395 | 2026-03-19 10:31 | H=23287.15 L=23273.95 C=23274.15 | Fans=2 Lines=14
2026-03-19 13:36:26,412 [INFO]   [P1 (H17-L8)] main: lineP=23996.01 | bars_from_origin=244.0 slope=3.7281 | ABOVE gap=708.86
2026-03-19 13:36:26,412 [INFO]   [P1 (H17-L8)] 0.875: lineP=23831.39 | bars_from_origin=244.0 slope=3.0535 | ABOVE gap=544.24
2026-03-19 13:36:26,412 [INFO]   [P1 (H17-L8)] 0.75: lineP=23692.04 | bars_from_origin=244.0 slope=2.4824 | ABOVE gap=404.89
2026-03-19 13:36:26,412 [INFO]   [P1 (H17-L8)] 0.5: lineP=23461.10 | bars_from_origin=244.0 slope=1.5359 | ABOVE gap=173.95
2026-03-19 13:36:26,412 [INFO]   [P1 (H17-L8)] 0.25: lineP=23266.13 | bars_from_origin=244.0 slope=0.7368 | BELOW gap=7.82
2026-03-19 13:36:26,413 [INFO]   [P1 (H17-L8)] 0.125: lineP=23175.35 | bars_from_origin=244.0 slope=0.3647 | BELOW gap=98.60
2026-03-19 13:36:26,413 [INFO]   [P1 (H17-L8)] main: lineP=23405.81 | bars_from_origin=36.0 slope=0.0000 | ABOVE gap=118.66
2026-03-19 13:36:26,413 [INFO]   [P2 (H17-L6)] main: lineP=23997.74 | bars_from_origin=276.0 slope=3.7760 | ABOVE gap=710.59
2026-03-19 13:36:26,413 [INFO]   [P2 (H17-L6)] 0.875: lineP=23807.92 | bars_from_origin=276.0 slope=3.0883 | ABOVE gap=520.77
2026-03-19 13:36:26,413 [INFO]   [P2 (H17-L6)] 0.75: lineP=23647.76 | bars_from_origin=276.0 slope=2.5080 | ABOVE gap=360.61
2026-03-19 13:36:26,413 [INFO]   [P2 (H17-L6)] 0.5: lineP=23383.25 | bars_from_origin=276.0 slope=1.5496 | ABOVE gap=96.10
2026-03-19 13:36:26,413 [INFO]   [P2 (H17-L6)] 0.25: lineP=23160.59 | bars_from_origin=276.0 slope=0.7429 | BELOW gap=113.36
2026-03-19 13:36:26,413 [INFO]   [P2 (H17-L6)] 0.125: lineP=23057.04 | bars_from_origin=276.0 slope=0.3677 | BELOW gap=216.91
2026-03-19 13:36:26,413 [INFO]   [P2 (H17-L6)] main: lineP=23327.46 | bars_from_origin=36.0 slope=0.0000 | ABOVE gap=40.31
2026-03-19 13:36:26,417 [INFO] [Study] Updating fan priority: Fan_H17_L8 -> P2 (H17-L8)
2026-03-19 13:36:26,417 [INFO] [Study] Creating new fan: Fan_L18_H17 (P1 (L18-H17))
2026-03-19 13:36:26,417 [INFO] [AngleEngine] scale_ratio=3.6603, slope_per_bar=-20.5547, visual_slope=-5.6156, theta=-79.90 deg
2026-03-19 13:36:26,417 [INFO] --- [AngleEngine] Fan Created: Fan_L18_H17 ---
2026-03-19 13:36:26,418 [INFO]   Origin: Bar 359, Time 1773823980, Price 23861.80078125
2026-03-19 13:36:26,418 [INFO]   Target: Bar 391, Time 1773895500, Price 23204.05078125
2026-03-19 13:36:26,418 [INFO]   Delta: db=32, dp_origin=-657.75
2026-03-19 13:36:26,418 [INFO]   Scale Params: Ratio=3.6603, Radius=182.53 bars, Slope/Bar=-20.5547
2026-03-19 13:36:26,418 [INFO]   Line 0.875: EndBar=1773895500 (approx), EndPrice=23541.47
2026-03-19 13:36:26,418 [INFO]   Line 0.75: EndBar=1773895500 (approx), EndPrice=23659.52
2026-03-19 13:36:26,418 [INFO]   Line 0.5: EndBar=1773895500 (approx), EndPrice=23763.69
2026-03-19 13:36:26,418 [INFO]   Line 0.25: EndBar=1773895500 (approx), EndPrice=23819.23
2026-03-19 13:36:26,419 [INFO]   Line 0.125: EndBar=1773895500 (approx), EndPrice=23841.17
2026-03-19 13:36:26,419 [INFO] [Study] Updating fan priority: Fan_H17_L6 -> P3 (H17-L6)
2026-03-19 13:36:26,419 [INFO] [IntDet] Bar 396 | 2026-03-19 10:35 | H=23300.40 L=23271.70 C=23295.85 | Fans=3 Lines=21
2026-03-19 13:36:26,419 [INFO]   [P2 (H17-L8)] main: lineP=23999.74 | bars_from_origin=245.0 slope=3.7281 | ABOVE gap=699.34
2026-03-19 13:36:26,419 [INFO]   [P2 (H17-L8)] 0.875: lineP=23834.45 | bars_from_origin=245.0 slope=3.0535 | ABOVE gap=534.05
2026-03-19 13:36:26,419 [INFO]   [P2 (H17-L8)] 0.75: lineP=23694.53 | bars_from_origin=245.0 slope=2.4824 | ABOVE gap=394.13
2026-03-19 13:36:26,419 [INFO]   [P2 (H17-L8)] 0.5: lineP=23462.64 | bars_from_origin=245.0 slope=1.5359 | ABOVE gap=162.24
2026-03-19 13:36:26,419 [INFO]   [P2 (H17-L8)] 0.25: lineP=23266.87 | bars_from_origin=245.0 slope=0.7368 | BELOW gap=4.83
2026-03-19 13:36:26,419 [INFO]   [P2 (H17-L8)] 0.125: lineP=23175.71 | bars_from_origin=245.0 slope=0.3647 | BELOW gap=95.99
2026-03-19 13:36:26,419 [INFO]   [P2 (H17-L8)] main: lineP=23405.81 | bars_from_origin=37.0 slope=0.0000 | ABOVE gap=105.41
2026-03-19 13:36:26,419 [INFO]   [P3 (H17-L6)] main: lineP=24001.51 | bars_from_origin=277.0 slope=3.7760 | ABOVE gap=701.11
2026-03-19 13:36:26,420 [INFO]   [P3 (H17-L6)] 0.875: lineP=23811.01 | bars_from_origin=277.0 slope=3.0883 | ABOVE gap=510.61
2026-03-19 13:36:26,420 [INFO]   [P3 (H17-L6)] 0.75: lineP=23650.27 | bars_from_origin=277.0 slope=2.5080 | ABOVE gap=349.87
2026-03-19 13:36:26,420 [INFO]   [P3 (H17-L6)] 0.5: lineP=23384.80 | bars_from_origin=277.0 slope=1.5496 | ABOVE gap=84.40
2026-03-19 13:36:26,420 [INFO]   [P3 (H17-L6)] 0.25: lineP=23161.33 | bars_from_origin=277.0 slope=0.7429 | BELOW gap=110.37
2026-03-19 13:36:26,420 [INFO]   [P3 (H17-L6)] 0.125: lineP=23057.40 | bars_from_origin=277.0 slope=0.3677 | BELOW gap=214.30
2026-03-19 13:36:26,420 [INFO]   [P3 (H17-L6)] main: lineP=23327.46 | bars_from_origin=37.0 slope=0.0000 | ABOVE gap=27.06
2026-03-19 13:36:26,420 [INFO]   [P1 (L18-H17)] main: lineP=23101.28 | bars_from_origin=37.0 slope=-20.5547 | BELOW gap=170.42
2026-03-19 13:36:26,420 [INFO]   [P1 (L18-H17)] 0.875: lineP=23491.42 | bars_from_origin=37.0 slope=-10.0103 | ABOVE gap=191.02
2026-03-19 13:36:26,420 [INFO]   [P1 (L18-H17)] 0.75: lineP=23627.91 | bars_from_origin=37.0 slope=-6.3212 | ABOVE gap=327.51
2026-03-19 13:36:26,420 [INFO]   [P1 (L18-H17)] 0.5: lineP=23748.36 | bars_from_origin=37.0 slope=-3.0661 | ABOVE gap=447.96
2026-03-19 13:36:26,420 [INFO]   [P1 (L18-H17)] 0.25: lineP=23812.57 | bars_from_origin=37.0 slope=-1.3305 | ABOVE gap=512.17
2026-03-19 13:36:26,420 [INFO]   [P1 (L18-H17)] 0.125: lineP=23837.95 | bars_from_origin=37.0 slope=-0.6446 | ABOVE gap=537.55
2026-03-19 13:36:26,420 [INFO]   [P1 (L18-H17)] main: lineP=23763.69 | bars_from_origin=5.0 slope=0.0000 | ABOVE gap=463.29
2026-03-19 13:36:26,421 [INFO] [Tracking] Breach CONFIRMED: Fan_H17_L8 0.25 up (T+3 bars)
2026-03-19 13:36:26,424 [INFO] [IntDet] Bar 397 | 2026-03-19 10:39 | H=23317.80 L=23287.30 C=23299.85 | Fans=3 Lines=21
2026-03-19 13:36:26,424 [INFO]   [P2 (H17-L8)] main: lineP=24003.47 | bars_from_origin=246.0 slope=3.7281 | ABOVE gap=685.67
2026-03-19 13:36:26,424 [INFO]   [P2 (H17-L8)] 0.875: lineP=23837.50 | bars_from_origin=246.0 slope=3.0535 | ABOVE gap=519.70
2026-03-19 13:36:26,424 [INFO]   [P2 (H17-L8)] 0.75: lineP=23697.01 | bars_from_origin=246.0 slope=2.4824 | ABOVE gap=379.21
2026-03-19 13:36:26,424 [INFO]   [P2 (H17-L8)] 0.5: lineP=23464.17 | bars_from_origin=246.0 slope=1.5359 | ABOVE gap=146.37
2026-03-19 13:36:26,424 [INFO]   [P2 (H17-L8)] 0.25: lineP=23267.61 | bars_from_origin=246.0 slope=0.7368 | BELOW gap=19.69
2026-03-19 13:36:26,424 [INFO]   [P2 (H17-L8)] 0.125: lineP=23176.08 | bars_from_origin=246.0 slope=0.3647 | BELOW gap=111.22
2026-03-19 13:36:26,425 [INFO]   [P2 (H17-L8)] main: lineP=23405.81 | bars_from_origin=38.0 slope=0.0000 | ABOVE gap=88.01
2026-03-19 13:36:26,425 [INFO]   [P3 (H17-L6)] main: lineP=24005.29 | bars_from_origin=278.0 slope=3.7760 | ABOVE gap=687.49
2026-03-19 13:36:26,425 [INFO]   [P3 (H17-L6)] 0.875: lineP=23814.10 | bars_from_origin=278.0 slope=3.0883 | ABOVE gap=496.30
2026-03-19 13:36:26,425 [INFO]   [P3 (H17-L6)] 0.75: lineP=23652.78 | bars_from_origin=278.0 slope=2.5080 | ABOVE gap=334.98
2026-03-19 13:36:26,425 [INFO]   [P3 (H17-L6)] 0.5: lineP=23386.35 | bars_from_origin=278.0 slope=1.5496 | ABOVE gap=68.55
2026-03-19 13:36:26,425 [INFO]   [P3 (H17-L6)] 0.25: lineP=23162.08 | bars_from_origin=278.0 slope=0.7429 | BELOW gap=125.23
2026-03-19 13:36:26,426 [INFO]   [P3 (H17-L6)] 0.125: lineP=23057.77 | bars_from_origin=278.0 slope=0.3677 | BELOW gap=229.53
2026-03-19 13:36:26,426 [INFO]   [P3 (H17-L6)] main: lineP=23327.46 | bars_from_origin=38.0 slope=0.0000 | ABOVE gap=9.66
2026-03-19 13:36:26,426 [INFO]   [P1 (L18-H17)] main: lineP=23080.72 | bars_from_origin=38.0 slope=-20.5547 | BELOW gap=206.58
2026-03-19 13:36:26,426 [INFO]   [P1 (L18-H17)] 0.875: lineP=23481.41 | bars_from_origin=38.0 slope=-10.0103 | ABOVE gap=163.61
2026-03-19 13:36:26,426 [INFO]   [P1 (L18-H17)] 0.75: lineP=23621.59 | bars_from_origin=38.0 slope=-6.3212 | ABOVE gap=303.79
2026-03-19 13:36:26,426 [INFO]   [P1 (L18-H17)] 0.5: lineP=23745.29 | bars_from_origin=38.0 slope=-3.0661 | ABOVE gap=427.49
2026-03-19 13:36:26,426 [INFO]   [P1 (L18-H17)] 0.25: lineP=23811.24 | bars_from_origin=38.0 slope=-1.3305 | ABOVE gap=493.44
2026-03-19 13:36:26,426 [INFO]   [P1 (L18-H17)] 0.125: lineP=23837.31 | bars_from_origin=38.0 slope=-0.6446 | ABOVE gap=519.50
2026-03-19 13:36:26,427 [INFO]   [P1 (L18-H17)] main: lineP=23763.69 | bars_from_origin=6.0 slope=0.0000 | ABOVE gap=445.89
2026-03-19 13:36:26,430 [INFO] [IntDet] Bar 398 | 2026-03-19 10:43 | H=23315.00 L=23290.95 C=23305.90 | Fans=3 Lines=21
2026-03-19 13:36:26,430 [INFO]   [P2 (H17-L8)] main: lineP=24007.20 | bars_from_origin=247.0 slope=3.7281 | ABOVE gap=692.20
2026-03-19 13:36:26,430 [INFO]   [P2 (H17-L8)] 0.875: lineP=23840.56 | bars_from_origin=247.0 slope=3.0535 | ABOVE gap=525.56
2026-03-19 13:36:26,430 [INFO]   [P2 (H17-L8)] 0.75: lineP=23699.49 | bars_from_origin=247.0 slope=2.4824 | ABOVE gap=384.49
2026-03-19 13:36:26,430 [INFO]   [P2 (H17-L8)] 0.5: lineP=23465.71 | bars_from_origin=247.0 slope=1.5359 | ABOVE gap=150.71
2026-03-19 13:36:26,430 [INFO]   [P2 (H17-L8)] 0.25: lineP=23268.34 | bars_from_origin=247.0 slope=0.7368 | BELOW gap=22.61
2026-03-19 13:36:26,431 [INFO]   [P2 (H17-L8)] 0.125: lineP=23176.44 | bars_from_origin=247.0 slope=0.3647 | BELOW gap=114.51
2026-03-19 13:36:26,431 [INFO]   [P2 (H17-L8)] main: lineP=23405.81 | bars_from_origin=39.0 slope=0.0000 | ABOVE gap=90.81
2026-03-19 13:36:26,431 [INFO]   [P3 (H17-L6)] main: lineP=24009.07 | bars_from_origin=279.0 slope=3.7760 | ABOVE gap=694.07
2026-03-19 13:36:26,431 [INFO]   [P3 (H17-L6)] 0.875: lineP=23817.18 | bars_from_origin=279.0 slope=3.0883 | ABOVE gap=502.18
2026-03-19 13:36:26,431 [INFO]   [P3 (H17-L6)] 0.75: lineP=23655.29 | bars_from_origin=279.0 slope=2.5080 | ABOVE gap=340.29
2026-03-19 13:36:26,431 [INFO]   [P3 (H17-L6)] 0.5: lineP=23387.90 | bars_from_origin=279.0 slope=1.5496 | ABOVE gap=72.90
2026-03-19 13:36:26,431 [INFO]   [P3 (H17-L6)] 0.25: lineP=23162.82 | bars_from_origin=279.0 slope=0.7429 | BELOW gap=128.13
2026-03-19 13:36:26,431 [INFO]   [P3 (H17-L6)] 0.125: lineP=23058.14 | bars_from_origin=279.0 slope=0.3677 | BELOW gap=232.81
2026-03-19 13:36:26,432 [INFO]   [P3 (H17-L6)] main: lineP=23327.46 | bars_from_origin=39.0 slope=0.0000 | ABOVE gap=12.46
2026-03-19 13:36:26,432 [INFO]   [P1 (L18-H17)] main: lineP=23060.17 | bars_from_origin=39.0 slope=-20.5547 | BELOW gap=230.78
2026-03-19 13:36:26,432 [INFO]   [P1 (L18-H17)] 0.875: lineP=23471.40 | bars_from_origin=39.0 slope=-10.0103 | ABOVE gap=156.40
2026-03-19 13:36:26,432 [INFO]   [P1 (L18-H17)] 0.75: lineP=23615.27 | bars_from_origin=39.0 slope=-6.3212 | ABOVE gap=300.27
2026-03-19 13:36:26,432 [INFO]   [P1 (L18-H17)] 0.5: lineP=23742.22 | bars_from_origin=39.0 slope=-3.0661 | ABOVE gap=427.22
2026-03-19 13:36:26,432 [INFO]   [P1 (L18-H17)] 0.25: lineP=23809.91 | bars_from_origin=39.0 slope=-1.3305 | ABOVE gap=494.91
2026-03-19 13:36:26,432 [INFO]   [P1 (L18-H17)] 0.125: lineP=23836.66 | bars_from_origin=39.0 slope=-0.6446 | ABOVE gap=521.66
2026-03-19 13:36:26,432 [INFO]   [P1 (L18-H17)] main: lineP=23763.69 | bars_from_origin=7.0 slope=0.0000 | ABOVE gap=448.69
2026-03-19 13:36:26,435 [INFO] [IntDet] Bar 399 | 2026-03-19 10:47 | H=23310.25 L=23272.60 C=23290.15 | Fans=3 Lines=21
2026-03-19 13:36:26,436 [INFO]   [P2 (H17-L8)] main: lineP=24010.93 | bars_from_origin=248.0 slope=3.7281 | ABOVE gap=700.68
2026-03-19 13:36:26,436 [INFO]   [P2 (H17-L8)] 0.875: lineP=23843.61 | bars_from_origin=248.0 slope=3.0535 | ABOVE gap=533.36
2026-03-19 13:36:26,436 [INFO]   [P2 (H17-L8)] 0.75: lineP=23701.97 | bars_from_origin=248.0 slope=2.4824 | ABOVE gap=391.72
2026-03-19 13:36:26,436 [INFO]   [P2 (H17-L8)] 0.5: lineP=23467.24 | bars_from_origin=248.0 slope=1.5359 | ABOVE gap=156.99
2026-03-19 13:36:26,436 [INFO]   [P2 (H17-L8)] 0.25: lineP=23269.08 | bars_from_origin=248.0 slope=0.7368 | BELOW gap=3.52
2026-03-19 13:36:26,436 [INFO]   [P2 (H17-L8)] 0.125: lineP=23176.81 | bars_from_origin=248.0 slope=0.3647 | BELOW gap=95.79
2026-03-19 13:36:26,436 [INFO]   [P2 (H17-L8)] main: lineP=23405.81 | bars_from_origin=40.0 slope=0.0000 | ABOVE gap=95.56
2026-03-19 13:36:26,436 [INFO]   [P3 (H17-L6)] main: lineP=24012.84 | bars_from_origin=280.0 slope=3.7760 | ABOVE gap=702.59
2026-03-19 13:36:26,436 [INFO]   [P3 (H17-L6)] 0.875: lineP=23820.27 | bars_from_origin=280.0 slope=3.0883 | ABOVE gap=510.02
2026-03-19 13:36:26,436 [INFO]   [P3 (H17-L6)] 0.75: lineP=23657.80 | bars_from_origin=280.0 slope=2.5080 | ABOVE gap=347.55
2026-03-19 13:36:26,436 [INFO]   [P3 (H17-L6)] 0.5: lineP=23389.45 | bars_from_origin=280.0 slope=1.5496 | ABOVE gap=79.20
2026-03-19 13:36:26,437 [INFO]   [P3 (H17-L6)] 0.25: lineP=23163.56 | bars_from_origin=280.0 slope=0.7429 | BELOW gap=109.04
2026-03-19 13:36:26,437 [INFO]   [P3 (H17-L6)] 0.125: lineP=23058.51 | bars_from_origin=280.0 slope=0.3677 | BELOW gap=214.09
2026-03-19 13:36:26,437 [INFO]   [P3 (H17-L6)] main: lineP=23327.46 | bars_from_origin=40.0 slope=0.0000 | ABOVE gap=17.21
2026-03-19 13:36:26,437 [INFO]   [P1 (L18-H17)] main: lineP=23039.61 | bars_from_origin=40.0 slope=-20.5547 | BELOW gap=232.99
2026-03-19 13:36:26,437 [INFO]   [P1 (L18-H17)] 0.875: lineP=23461.39 | bars_from_origin=40.0 slope=-10.0103 | ABOVE gap=151.14
2026-03-19 13:36:26,437 [INFO]   [P1 (L18-H17)] 0.75: lineP=23608.95 | bars_from_origin=40.0 slope=-6.3212 | ABOVE gap=298.70
2026-03-19 13:36:26,437 [INFO]   [P1 (L18-H17)] 0.5: lineP=23739.16 | bars_from_origin=40.0 slope=-3.0661 | ABOVE gap=428.91
2026-03-19 13:36:26,437 [INFO]   [P1 (L18-H17)] 0.25: lineP=23808.58 | bars_from_origin=40.0 slope=-1.3305 | ABOVE gap=498.33
2026-03-19 13:36:26,437 [INFO]   [P1 (L18-H17)] 0.125: lineP=23836.02 | bars_from_origin=40.0 slope=-0.6446 | ABOVE gap=525.77
2026-03-19 13:36:26,437 [INFO]   [P1 (L18-H17)] main: lineP=23763.69 | bars_from_origin=8.0 slope=0.0000 | ABOVE gap=453.44
2026-03-19 13:36:26,441 [INFO] [IntDet] Bar 400 | 2026-03-19 10:51 | H=23290.60 L=23276.50 C=23287.50 | Fans=3 Lines=21
2026-03-19 13:36:26,441 [INFO]   [P2 (H17-L8)] main: lineP=24014.65 | bars_from_origin=249.0 slope=3.7281 | ABOVE gap=724.05
2026-03-19 13:36:26,441 [INFO]   [P2 (H17-L8)] 0.875: lineP=23846.66 | bars_from_origin=249.0 slope=3.0535 | ABOVE gap=556.06
2026-03-19 13:36:26,441 [INFO]   [P2 (H17-L8)] 0.75: lineP=23704.46 | bars_from_origin=249.0 slope=2.4824 | ABOVE gap=413.86
2026-03-19 13:36:26,441 [INFO]   [P2 (H17-L8)] 0.5: lineP=23468.78 | bars_from_origin=249.0 slope=1.5359 | ABOVE gap=178.18
2026-03-19 13:36:26,441 [INFO]   [P2 (H17-L8)] 0.25: lineP=23269.82 | bars_from_origin=249.0 slope=0.7368 | BELOW gap=6.68
2026-03-19 13:36:26,441 [INFO]   [P2 (H17-L8)] 0.125: lineP=23177.17 | bars_from_origin=249.0 slope=0.3647 | BELOW gap=99.33
2026-03-19 13:36:26,442 [INFO]   [P2 (H17-L8)] main: lineP=23405.81 | bars_from_origin=41.0 slope=0.0000 | ABOVE gap=115.21
2026-03-19 13:36:26,442 [INFO]   [P3 (H17-L6)] main: lineP=24016.62 | bars_from_origin=281.0 slope=3.7760 | ABOVE gap=726.02
2026-03-19 13:36:26,442 [INFO]   [P3 (H17-L6)] 0.875: lineP=23823.36 | bars_from_origin=281.0 slope=3.0883 | ABOVE gap=532.76
2026-03-19 13:36:26,442 [INFO]   [P3 (H17-L6)] 0.75: lineP=23660.30 | bars_from_origin=281.0 slope=2.5080 | ABOVE gap=369.71
2026-03-19 13:36:26,442 [INFO]   [P3 (H17-L6)] 0.5: lineP=23391.00 | bars_from_origin=281.0 slope=1.5496 | ABOVE gap=100.40
2026-03-19 13:36:26,442 [INFO]   [P3 (H17-L6)] 0.25: lineP=23164.30 | bars_from_origin=281.0 slope=0.7429 | BELOW gap=112.20
2026-03-19 13:36:26,442 [INFO]   [P3 (H17-L6)] 0.125: lineP=23058.87 | bars_from_origin=281.0 slope=0.3677 | BELOW gap=217.63
2026-03-19 13:36:26,442 [INFO]   [P3 (H17-L6)] main: lineP=23327.46 | bars_from_origin=41.0 slope=0.0000 | ABOVE gap=36.86
2026-03-19 13:36:26,443 [INFO]   [P1 (L18-H17)] main: lineP=23019.06 | bars_from_origin=41.0 slope=-20.5547 | BELOW gap=257.44
2026-03-19 13:36:26,443 [INFO]   [P1 (L18-H17)] 0.875: lineP=23451.38 | bars_from_origin=41.0 slope=-10.0103 | ABOVE gap=160.78
2026-03-19 13:36:26,443 [INFO]   [P1 (L18-H17)] 0.75: lineP=23602.63 | bars_from_origin=41.0 slope=-6.3212 | ABOVE gap=312.03
2026-03-19 13:36:26,443 [INFO]   [P1 (L18-H17)] 0.5: lineP=23736.09 | bars_from_origin=41.0 slope=-3.0661 | ABOVE gap=445.49
2026-03-19 13:36:26,443 [INFO]   [P1 (L18-H17)] 0.25: lineP=23807.25 | bars_from_origin=41.0 slope=-1.3305 | ABOVE gap=516.65
2026-03-19 13:36:26,443 [INFO]   [P1 (L18-H17)] 0.125: lineP=23835.37 | bars_from_origin=41.0 slope=-0.6446 | ABOVE gap=544.77
2026-03-19 13:36:26,443 [INFO]   [P1 (L18-H17)] main: lineP=23763.69 | bars_from_origin=9.0 slope=0.0000 | ABOVE gap=473.09
2026-03-19 13:36:26,447 [INFO] [IntDet] Bar 401 | 2026-03-19 10:55 | H=23291.70 L=23273.00 C=23280.45 | Fans=3 Lines=21
2026-03-19 13:36:26,447 [INFO]   [P2 (H17-L8)] main: lineP=24018.38 | bars_from_origin=250.0 slope=3.7281 | ABOVE gap=726.68
2026-03-19 13:36:26,447 [INFO]   [P2 (H17-L8)] 0.875: lineP=23849.72 | bars_from_origin=250.0 slope=3.0535 | ABOVE gap=558.02
2026-03-19 13:36:26,447 [INFO]   [P2 (H17-L8)] 0.75: lineP=23706.94 | bars_from_origin=250.0 slope=2.4824 | ABOVE gap=415.24
2026-03-19 13:36:26,447 [INFO]   [P2 (H17-L8)] 0.5: lineP=23470.32 | bars_from_origin=250.0 slope=1.5359 | ABOVE gap=178.62
2026-03-19 13:36:26,447 [INFO]   [P2 (H17-L8)] 0.25: lineP=23270.55 | bars_from_origin=250.0 slope=0.7368 | BELOW gap=2.45
2026-03-19 13:36:26,447 [INFO]   [P2 (H17-L8)] 0.125: lineP=23177.54 | bars_from_origin=250.0 slope=0.3647 | BELOW gap=95.46
2026-03-19 13:36:26,448 [INFO]   [P2 (H17-L8)] main: lineP=23405.81 | bars_from_origin=42.0 slope=0.0000 | ABOVE gap=114.11
2026-03-19 13:36:26,448 [INFO]   [P3 (H17-L6)] main: lineP=24020.39 | bars_from_origin=282.0 slope=3.7760 | ABOVE gap=728.70
2026-03-19 13:36:26,448 [INFO]   [P3 (H17-L6)] 0.875: lineP=23826.45 | bars_from_origin=282.0 slope=3.0883 | ABOVE gap=534.75
2026-03-19 13:36:26,448 [INFO]   [P3 (H17-L6)] 0.75: lineP=23662.81 | bars_from_origin=282.0 slope=2.5080 | ABOVE gap=371.11
2026-03-19 13:36:26,448 [INFO]   [P3 (H17-L6)] 0.5: lineP=23392.54 | bars_from_origin=282.0 slope=1.5496 | ABOVE gap=100.85
2026-03-19 13:36:26,448 [INFO]   [P3 (H17-L6)] 0.25: lineP=23165.05 | bars_from_origin=282.0 slope=0.7429 | BELOW gap=107.95
2026-03-19 13:36:26,448 [INFO]   [P3 (H17-L6)] 0.125: lineP=23059.24 | bars_from_origin=282.0 slope=0.3677 | BELOW gap=213.76
2026-03-19 13:36:26,448 [INFO]   [P3 (H17-L6)] main: lineP=23327.46 | bars_from_origin=42.0 slope=0.0000 | ABOVE gap=35.76
2026-03-19 13:36:26,448 [INFO]   [P1 (L18-H17)] main: lineP=22998.50 | bars_from_origin=42.0 slope=-20.5547 | BELOW gap=274.50
2026-03-19 13:36:26,448 [INFO]   [P1 (L18-H17)] 0.875: lineP=23441.37 | bars_from_origin=42.0 slope=-10.0103 | ABOVE gap=149.67
2026-03-19 13:36:26,449 [INFO]   [P1 (L18-H17)] 0.75: lineP=23596.31 | bars_from_origin=42.0 slope=-6.3212 | ABOVE gap=304.61
2026-03-19 13:36:26,449 [INFO]   [P1 (L18-H17)] 0.5: lineP=23733.03 | bars_from_origin=42.0 slope=-3.0661 | ABOVE gap=441.33
2026-03-19 13:36:26,449 [INFO]   [P1 (L18-H17)] 0.25: lineP=23805.92 | bars_from_origin=42.0 slope=-1.3305 | ABOVE gap=514.22
2026-03-19 13:36:26,449 [INFO]   [P1 (L18-H17)] 0.125: lineP=23834.73 | bars_from_origin=42.0 slope=-0.6446 | ABOVE gap=543.03
2026-03-19 13:36:26,449 [INFO]   [P1 (L18-H17)] main: lineP=23763.69 | bars_from_origin=10.0 slope=0.0000 | ABOVE gap=471.99
2026-03-19 13:36:26,452 [INFO] [Study] Removing invalidated/excess fan: Fan_H17_L6
2026-03-19 13:36:26,452 [INFO] [Study] Updating fan priority: Fan_H17_L8 -> P3 (H17-L8)
2026-03-19 13:36:26,452 [INFO] [Study] Creating new fan: Fan_H18_L18 (P1 (H18-L18))
2026-03-19 13:36:26,452 [INFO] [AngleEngine] scale_ratio=3.6603, slope_per_bar=18.9583, visual_slope=5.1794, theta=79.07 deg
2026-03-19 13:36:26,453 [INFO] --- [AngleEngine] Fan Created: Fan_H18_L18 ---
2026-03-19 13:36:26,453 [INFO]   Origin: Bar 391, Time 1773895500, Price 23204.05078125
2026-03-19 13:36:26,453 [INFO]   Target: Bar 397, Time 1773896940, Price 23317.80078125
2026-03-19 13:36:26,453 [INFO]   Delta: db=6, dp_origin=113.75
2026-03-19 13:36:26,453 [INFO]   Scale Params: Ratio=3.6603, Radius=31.65 bars, Slope/Bar=18.9583
2026-03-19 13:36:26,453 [INFO]   Line 0.875: EndBar=1773896940 (approx), EndPrice=23261.83
2026-03-19 13:36:26,453 [INFO]   Line 0.75: EndBar=1773896940 (approx), EndPrice=23241.04
2026-03-19 13:36:26,453 [INFO]   Line 0.5: EndBar=1773896940 (approx), EndPrice=23222.18
2026-03-19 13:36:26,454 [INFO]   Line 0.25: EndBar=1773896940 (approx), EndPrice=23211.94
2026-03-19 13:36:26,454 [INFO]   Line 0.125: EndBar=1773896940 (approx), EndPrice=23207.88
2026-03-19 13:36:26,454 [INFO] [Study] Updating fan priority: Fan_L18_H17 -> P2 (L18-H17)
2026-03-19 13:36:26,454 [INFO] [IntDet] Bar 402 | 2026-03-19 10:59 | H=23280.50 L=23244.65 C=23251.25 | Fans=3 Lines=21
2026-03-19 13:36:26,454 [INFO]   [P3 (H17-L8)] main: lineP=24022.11 | bars_from_origin=251.0 slope=3.7281 | ABOVE gap=741.61
2026-03-19 13:36:26,454 [INFO]   [P3 (H17-L8)] 0.875: lineP=23852.77 | bars_from_origin=251.0 slope=3.0535 | ABOVE gap=572.27
2026-03-19 13:36:26,454 [INFO]   [P3 (H17-L8)] 0.75: lineP=23709.42 | bars_from_origin=251.0 slope=2.4824 | ABOVE gap=428.92
2026-03-19 13:36:26,454 [INFO]   [P3 (H17-L8)] 0.5: lineP=23471.85 | bars_from_origin=251.0 slope=1.5359 | ABOVE gap=191.35
2026-03-19 13:36:26,454 [INFO]   [P3 (H17-L8)] 0.25: lineP=23271.29 | bars_from_origin=251.0 slope=0.7368 | HIT gap=0.00
2026-03-19 13:36:26,454 [INFO]     >>> HIT RECORDED: P3 (H17-L8) frac=0.25 @ 23271.29
2026-03-19 13:36:26,454 [INFO]   [P3 (H17-L8)] 0.125: lineP=23177.90 | bars_from_origin=251.0 slope=0.3647 | BELOW gap=66.75
2026-03-19 13:36:26,454 [INFO]   [P3 (H17-L8)] main: lineP=23405.81 | bars_from_origin=43.0 slope=0.0000 | ABOVE gap=125.31
2026-03-19 13:36:26,455 [INFO]   [P2 (L18-H17)] main: lineP=22977.95 | bars_from_origin=43.0 slope=-20.5547 | BELOW gap=266.70
2026-03-19 13:36:26,455 [INFO]   [P2 (L18-H17)] 0.875: lineP=23431.36 | bars_from_origin=43.0 slope=-10.0103 | ABOVE gap=150.86
2026-03-19 13:36:26,455 [INFO]   [P2 (L18-H17)] 0.75: lineP=23589.99 | bars_from_origin=43.0 slope=-6.3212 | ABOVE gap=309.49
2026-03-19 13:36:26,455 [INFO]   [P2 (L18-H17)] 0.5: lineP=23729.96 | bars_from_origin=43.0 slope=-3.0661 | ABOVE gap=449.46
2026-03-19 13:36:26,455 [INFO]   [P2 (L18-H17)] 0.25: lineP=23804.59 | bars_from_origin=43.0 slope=-1.3305 | ABOVE gap=524.09
2026-03-19 13:36:26,455 [INFO]   [P2 (L18-H17)] 0.125: lineP=23834.08 | bars_from_origin=43.0 slope=-0.6446 | ABOVE gap=553.58
2026-03-19 13:36:26,455 [INFO]   [P2 (L18-H17)] main: lineP=23763.69 | bars_from_origin=11.0 slope=0.0000 | ABOVE gap=483.19
2026-03-19 13:36:26,455 [INFO]   [P1 (H18-L18)] main: lineP=23412.59 | bars_from_origin=11.0 slope=18.9583 | ABOVE gap=132.09
2026-03-19 13:36:26,455 [INFO]   [P1 (H18-L18)] 0.875: lineP=23309.98 | bars_from_origin=11.0 slope=9.6299 | ABOVE gap=29.48
2026-03-19 13:36:26,455 [INFO]   [P1 (H18-L18)] 0.75: lineP=23271.87 | bars_from_origin=11.0 slope=6.1657 | HIT gap=0.00
2026-03-19 13:36:26,455 [INFO]     >>> HIT RECORDED: P1 (H18-L18) frac=0.75 @ 23271.87
2026-03-19 13:36:26,455 [INFO]   [P1 (H18-L18)] 0.5: lineP=23237.28 | bars_from_origin=11.0 slope=3.0212 | BELOW gap=7.37
2026-03-19 13:36:26,456 [INFO]   [P1 (H18-L18)] 0.25: lineP=23218.52 | bars_from_origin=11.0 slope=1.3155 | BELOW gap=26.13
2026-03-19 13:36:26,456 [INFO]   [P1 (H18-L18)] 0.125: lineP=23211.07 | bars_from_origin=11.0 slope=0.6378 | BELOW gap=33.58
2026-03-19 13:36:26,456 [INFO]   [P1 (H18-L18)] main: lineP=23222.18 | bars_from_origin=5.0 slope=0.0000 | BELOW gap=22.47
2026-03-19 13:36:26,456 [INFO]   [IntDet] Total hits this bar: 2
2026-03-19 13:36:26,456 [INFO] [Study] Emitting intersection event (DIRECT): {'time': 1773898140, 'fan': 'P3 (H17-L8)', 'fanIdentity': 'H17-L8', 'fraction': '1/4', 'price': 23271.290445367198, 'type': 'CROSS_DOWN', 'details': 'Breakdown Attempt'}
2026-03-19 13:36:26,460 [INFO] [Study] Emitting intersection event (DIRECT): {'time': 1773898140, 'fan': 'P1 (H18-L18)', 'fanIdentity': 'H18-L18', 'fraction': '3/4', 'price': 23271.87333352407, 'type': 'CROSS_DOWN', 'details': 'Breakdown Attempt'}
2026-03-19 13:36:26,467 [INFO] [IntDet] Bar 403 | 2026-03-19 11:03 | H=23256.65 L=23241.00 C=23248.90 | Fans=3 Lines=21
2026-03-19 13:36:26,467 [INFO]   [P3 (H17-L8)] main: lineP=24025.84 | bars_from_origin=252.0 slope=3.7281 | ABOVE gap=769.19
2026-03-19 13:36:26,467 [INFO]   [P3 (H17-L8)] 0.875: lineP=23855.82 | bars_from_origin=252.0 slope=3.0535 | ABOVE gap=599.17
2026-03-19 13:36:26,467 [INFO]   [P3 (H17-L8)] 0.75: lineP=23711.90 | bars_from_origin=252.0 slope=2.4824 | ABOVE gap=455.25
2026-03-19 13:36:26,467 [INFO]   [P3 (H17-L8)] 0.5: lineP=23473.39 | bars_from_origin=252.0 slope=1.5359 | ABOVE gap=216.74
2026-03-19 13:36:26,467 [INFO]   [P3 (H17-L8)] 0.25: lineP=23272.03 | bars_from_origin=252.0 slope=0.7368 | ABOVE gap=15.38
2026-03-19 13:36:26,467 [INFO]   [P3 (H17-L8)] 0.125: lineP=23178.27 | bars_from_origin=252.0 slope=0.3647 | BELOW gap=62.73
2026-03-19 13:36:26,467 [INFO]   [P3 (H17-L8)] main: lineP=23405.81 | bars_from_origin=44.0 slope=0.0000 | ABOVE gap=149.16
2026-03-19 13:36:26,468 [INFO]   [P2 (L18-H17)] main: lineP=22957.39 | bars_from_origin=44.0 slope=-20.5547 | BELOW gap=283.61
2026-03-19 13:36:26,468 [INFO]   [P2 (L18-H17)] 0.875: lineP=23421.35 | bars_from_origin=44.0 slope=-10.0103 | ABOVE gap=164.70
2026-03-19 13:36:26,468 [INFO]   [P2 (L18-H17)] 0.75: lineP=23583.67 | bars_from_origin=44.0 slope=-6.3212 | ABOVE gap=327.02
2026-03-19 13:36:26,468 [INFO]   [P2 (L18-H17)] 0.5: lineP=23726.89 | bars_from_origin=44.0 slope=-3.0661 | ABOVE gap=470.24
2026-03-19 13:36:26,468 [INFO]   [P2 (L18-H17)] 0.25: lineP=23803.26 | bars_from_origin=44.0 slope=-1.3305 | ABOVE gap=546.61
2026-03-19 13:36:26,469 [INFO]   [P2 (L18-H17)] 0.125: lineP=23833.44 | bars_from_origin=44.0 slope=-0.6446 | ABOVE gap=576.79
2026-03-19 13:36:26,469 [INFO]   [P2 (L18-H17)] main: lineP=23763.69 | bars_from_origin=12.0 slope=0.0000 | ABOVE gap=507.04
2026-03-19 13:36:26,469 [INFO]   [P1 (H18-L18)] main: lineP=23431.55 | bars_from_origin=12.0 slope=18.9583 | ABOVE gap=174.90
2026-03-19 13:36:26,469 [INFO]   [P1 (H18-L18)] 0.875: lineP=23319.61 | bars_from_origin=12.0 slope=9.6299 | ABOVE gap=62.96
2026-03-19 13:36:26,469 [INFO]   [P1 (H18-L18)] 0.75: lineP=23278.04 | bars_from_origin=12.0 slope=6.1657 | ABOVE gap=21.39
2026-03-19 13:36:26,469 [INFO]   [P1 (H18-L18)] 0.5: lineP=23240.31 | bars_from_origin=12.0 slope=3.0212 | BELOW gap=0.69
2026-03-19 13:36:26,469 [INFO]   [P1 (H18-L18)] 0.25: lineP=23219.84 | bars_from_origin=12.0 slope=1.3155 | BELOW gap=21.16
2026-03-19 13:36:26,470 [INFO]   [P1 (H18-L18)] 0.125: lineP=23211.70 | bars_from_origin=12.0 slope=0.6378 | BELOW gap=29.30
2026-03-19 13:36:26,470 [INFO]   [P1 (H18-L18)] main: lineP=23222.18 | bars_from_origin=6.0 slope=0.0000 | BELOW gap=18.82
2026-03-19 13:36:26,473 [INFO] [IntDet] Bar 404 | 2026-03-19 11:07 | H=23259.25 L=23238.55 C=23251.40 | Fans=3 Lines=21
2026-03-19 13:36:26,473 [INFO]   [P3 (H17-L8)] main: lineP=24029.57 | bars_from_origin=253.0 slope=3.7281 | ABOVE gap=770.32
2026-03-19 13:36:26,473 [INFO]   [P3 (H17-L8)] 0.875: lineP=23858.88 | bars_from_origin=253.0 slope=3.0535 | ABOVE gap=599.63
2026-03-19 13:36:26,473 [INFO]   [P3 (H17-L8)] 0.75: lineP=23714.39 | bars_from_origin=253.0 slope=2.4824 | ABOVE gap=455.14
2026-03-19 13:36:26,474 [INFO]   [P3 (H17-L8)] 0.5: lineP=23474.92 | bars_from_origin=253.0 slope=1.5359 | ABOVE gap=215.67
2026-03-19 13:36:26,474 [INFO]   [P3 (H17-L8)] 0.25: lineP=23272.76 | bars_from_origin=253.0 slope=0.7368 | ABOVE gap=13.51
2026-03-19 13:36:26,474 [INFO]   [P3 (H17-L8)] 0.125: lineP=23178.63 | bars_from_origin=253.0 slope=0.3647 | BELOW gap=59.92
2026-03-19 13:36:26,474 [INFO]   [P3 (H17-L8)] main: lineP=23405.81 | bars_from_origin=45.0 slope=0.0000 | ABOVE gap=146.56
2026-03-19 13:36:26,474 [INFO]   [P2 (L18-H17)] main: lineP=22936.84 | bars_from_origin=45.0 slope=-20.5547 | BELOW gap=301.71
2026-03-19 13:36:26,474 [INFO]   [P2 (L18-H17)] 0.875: lineP=23411.34 | bars_from_origin=45.0 slope=-10.0103 | ABOVE gap=152.09
2026-03-19 13:36:26,474 [INFO]   [P2 (L18-H17)] 0.75: lineP=23577.34 | bars_from_origin=45.0 slope=-6.3212 | ABOVE gap=318.09
2026-03-19 13:36:26,474 [INFO]   [P2 (L18-H17)] 0.5: lineP=23723.83 | bars_from_origin=45.0 slope=-3.0661 | ABOVE gap=464.58
2026-03-19 13:36:26,475 [INFO]   [P2 (L18-H17)] 0.25: lineP=23801.93 | bars_from_origin=45.0 slope=-1.3305 | ABOVE gap=542.68
2026-03-19 13:36:26,475 [INFO]   [P2 (L18-H17)] 0.125: lineP=23832.79 | bars_from_origin=45.0 slope=-0.6446 | ABOVE gap=573.54
2026-03-19 13:36:26,475 [INFO]   [P2 (L18-H17)] main: lineP=23763.69 | bars_from_origin=13.0 slope=0.0000 | ABOVE gap=504.44
2026-03-19 13:36:26,475 [INFO]   [P1 (H18-L18)] main: lineP=23450.51 | bars_from_origin=13.0 slope=18.9583 | ABOVE gap=191.26
2026-03-19 13:36:26,475 [INFO]   [P1 (H18-L18)] 0.875: lineP=23329.24 | bars_from_origin=13.0 slope=9.6299 | ABOVE gap=69.99
2026-03-19 13:36:26,475 [INFO]   [P1 (H18-L18)] 0.75: lineP=23284.20 | bars_from_origin=13.0 slope=6.1657 | ABOVE gap=24.95
2026-03-19 13:36:26,475 [INFO]   [P1 (H18-L18)] 0.5: lineP=23243.33 | bars_from_origin=13.0 slope=3.0212 | HIT gap=0.00
2026-03-19 13:36:26,475 [INFO]     >>> HIT RECORDED: P1 (H18-L18) frac=0.5 @ 23243.33
2026-03-19 13:36:26,475 [INFO]   [P1 (H18-L18)] 0.25: lineP=23221.15 | bars_from_origin=13.0 slope=1.3155 | BELOW gap=17.40
2026-03-19 13:36:26,476 [INFO]   [P1 (H18-L18)] 0.125: lineP=23212.34 | bars_from_origin=13.0 slope=0.6378 | BELOW gap=26.21
2026-03-19 13:36:26,476 [INFO]   [P1 (H18-L18)] main: lineP=23222.18 | bars_from_origin=7.0 slope=0.0000 | BELOW gap=16.37
2026-03-19 13:36:26,476 [INFO]   [IntDet] Total hits this bar: 1
2026-03-19 13:36:26,476 [INFO] [Study] Emitting intersection event (DIRECT): {'time': 1773898620, 'fan': 'P1 (H18-L18)', 'fanIdentity': 'H18-L18', 'fraction': '1/2', 'price': 23243.32638313344, 'type': 'SUPPORT_TEST', 'details': 'Resting / Throwback'}
2026-03-19 13:36:26,484 [INFO] [IntDet] Bar 405 | 2026-03-19 11:11 | H=23254.95 L=23217.10 C=23220.95 | Fans=3 Lines=21
2026-03-19 13:36:26,484 [INFO]   [P3 (H17-L8)] main: lineP=24033.29 | bars_from_origin=254.0 slope=3.7281 | ABOVE gap=778.35
2026-03-19 13:36:26,484 [INFO]   [P3 (H17-L8)] 0.875: lineP=23861.93 | bars_from_origin=254.0 slope=3.0535 | ABOVE gap=606.98
2026-03-19 13:36:26,484 [INFO]   [P3 (H17-L8)] 0.75: lineP=23716.87 | bars_from_origin=254.0 slope=2.4824 | ABOVE gap=461.92
2026-03-19 13:36:26,485 [INFO]   [P3 (H17-L8)] 0.5: lineP=23476.46 | bars_from_origin=254.0 slope=1.5359 | ABOVE gap=221.51
2026-03-19 13:36:26,485 [INFO]   [P3 (H17-L8)] 0.25: lineP=23273.50 | bars_from_origin=254.0 slope=0.7368 | ABOVE gap=18.55
2026-03-19 13:36:26,485 [INFO]   [P3 (H17-L8)] 0.125: lineP=23179.00 | bars_from_origin=254.0 slope=0.3647 | BELOW gap=38.10
2026-03-19 13:36:26,485 [INFO]   [P3 (H17-L8)] main: lineP=23405.81 | bars_from_origin=46.0 slope=0.0000 | ABOVE gap=150.86
2026-03-19 13:36:26,485 [INFO]   [P2 (L18-H17)] main: lineP=22916.29 | bars_from_origin=46.0 slope=-20.5547 | BELOW gap=300.81
2026-03-19 13:36:26,485 [INFO]   [P2 (L18-H17)] 0.875: lineP=23401.32 | bars_from_origin=46.0 slope=-10.0103 | ABOVE gap=146.38
2026-03-19 13:36:26,485 [INFO]   [P2 (L18-H17)] 0.75: lineP=23571.02 | bars_from_origin=46.0 slope=-6.3212 | ABOVE gap=316.07
2026-03-19 13:36:26,485 [INFO]   [P2 (L18-H17)] 0.5: lineP=23720.76 | bars_from_origin=46.0 slope=-3.0661 | ABOVE gap=465.81
2026-03-19 13:36:26,485 [INFO]   [P2 (L18-H17)] 0.25: lineP=23800.60 | bars_from_origin=46.0 slope=-1.3305 | ABOVE gap=545.65
2026-03-19 13:36:26,485 [INFO]   [P2 (L18-H17)] 0.125: lineP=23832.15 | bars_from_origin=46.0 slope=-0.6446 | ABOVE gap=577.20
2026-03-19 13:36:26,486 [INFO]   [P2 (L18-H17)] main: lineP=23763.69 | bars_from_origin=14.0 slope=0.0000 | ABOVE gap=508.74
2026-03-19 13:36:26,486 [INFO]   [P1 (H18-L18)] main: lineP=23469.47 | bars_from_origin=14.0 slope=18.9583 | ABOVE gap=214.52
2026-03-19 13:36:26,486 [INFO]   [P1 (H18-L18)] 0.875: lineP=23338.87 | bars_from_origin=14.0 slope=9.6299 | ABOVE gap=83.92
2026-03-19 13:36:26,486 [INFO]   [P1 (H18-L18)] 0.75: lineP=23290.37 | bars_from_origin=14.0 slope=6.1657 | ABOVE gap=35.42
2026-03-19 13:36:26,486 [INFO]   [P1 (H18-L18)] 0.5: lineP=23246.35 | bars_from_origin=14.0 slope=3.0212 | HIT gap=0.00
2026-03-19 13:36:26,486 [INFO]     >>> HIT RECORDED: P1 (H18-L18) frac=0.5 @ 23246.35
2026-03-19 13:36:26,486 [INFO]   [P1 (H18-L18)] 0.25: lineP=23222.47 | bars_from_origin=14.0 slope=1.3155 | HIT gap=0.00
2026-03-19 13:36:26,486 [INFO]     >>> HIT RECORDED: P1 (H18-L18) frac=0.25 @ 23222.47
2026-03-19 13:36:26,486 [INFO]   [P1 (H18-L18)] 0.125: lineP=23212.98 | bars_from_origin=14.0 slope=0.6378 | BELOW gap=4.12
2026-03-19 13:36:26,486 [INFO]   [P1 (H18-L18)] main: lineP=23222.18 | bars_from_origin=8.0 slope=0.0000 | HIT gap=0.00
2026-03-19 13:36:26,486 [INFO]     >>> HIT RECORDED: P1 (H18-L18) frac=main @ 23222.18
2026-03-19 13:36:26,486 [INFO]   [IntDet] Total hits this bar: 3
2026-03-19 13:36:26,487 [INFO] [Study] Emitting intersection event (DIRECT): {'time': 1773898860, 'fan': 'P1 (H18-L18)', 'fanIdentity': 'H18-L18', 'fraction': '1/2', 'price': 23246.34758327832, 'type': 'CROSS_DOWN', 'details': 'Breakdown Attempt'}
2026-03-19 13:36:26,490 [INFO] [Study] Emitting intersection event (DIRECT): {'time': 1773898860, 'fan': 'P1 (H18-L18)', 'fanIdentity': 'H18-L18', 'fraction': '1/4', 'price': 23222.46758522661, 'type': 'CROSS_DOWN', 'details': 'Breakdown Attempt'}
2026-03-19 13:36:26,494 [INFO] [Study] Emitting intersection event (DIRECT): {'time': 1773898860, 'fan': 'P1 (H18-L18)', 'fanIdentity': 'H18-L18', 'fraction': 'Horizontal', 'price': 23222.17798211928, 'type': 'CROSS_DOWN', 'details': 'Breakdown Attempt'}
2026-03-19 13:36:26,497 [INFO] [Tracking] Breach CONFIRMED: Fan_H17_L8 0.25 down (T+3 bars)
2026-03-19 13:36:26,498 [INFO] [Tracking] Breach CONFIRMED: Fan_H18_L18 0.75 down (T+3 bars)
2026-03-19 13:36:26,501 [INFO] [IntDet] Bar 406 | 2026-03-19 11:15 | H=23228.90 L=23207.55 C=23221.90 | Fans=3 Lines=21
2026-03-19 13:36:26,501 [INFO]   [P3 (H17-L8)] main: lineP=24037.02 | bars_from_origin=255.0 slope=3.7281 | ABOVE gap=808.12
2026-03-19 13:36:26,501 [INFO]   [P3 (H17-L8)] 0.875: lineP=23864.98 | bars_from_origin=255.0 slope=3.0535 | ABOVE gap=636.08
2026-03-19 13:36:26,501 [INFO]   [P3 (H17-L8)] 0.75: lineP=23719.35 | bars_from_origin=255.0 slope=2.4824 | ABOVE gap=490.45
2026-03-19 13:36:26,501 [INFO]   [P3 (H17-L8)] 0.5: lineP=23478.00 | bars_from_origin=255.0 slope=1.5359 | ABOVE gap=249.10
2026-03-19 13:36:26,502 [INFO]   [P3 (H17-L8)] 0.25: lineP=23274.24 | bars_from_origin=255.0 slope=0.7368 | ABOVE gap=45.34
2026-03-19 13:36:26,502 [INFO]   [P3 (H17-L8)] 0.125: lineP=23179.36 | bars_from_origin=255.0 slope=0.3647 | BELOW gap=28.19
2026-03-19 13:36:26,502 [INFO]   [P3 (H17-L8)] main: lineP=23405.81 | bars_from_origin=47.0 slope=0.0000 | ABOVE gap=176.91
2026-03-19 13:36:26,502 [INFO]   [P2 (L18-H17)] main: lineP=22895.73 | bars_from_origin=47.0 slope=-20.5547 | BELOW gap=311.82
2026-03-19 13:36:26,502 [INFO]   [P2 (L18-H17)] 0.875: lineP=23391.31 | bars_from_origin=47.0 slope=-10.0103 | ABOVE gap=162.41
2026-03-19 13:36:26,502 [INFO]   [P2 (L18-H17)] 0.75: lineP=23564.70 | bars_from_origin=47.0 slope=-6.3212 | ABOVE gap=335.80
2026-03-19 13:36:26,502 [INFO]   [P2 (L18-H17)] 0.5: lineP=23717.70 | bars_from_origin=47.0 slope=-3.0661 | ABOVE gap=488.80
2026-03-19 13:36:26,502 [INFO]   [P2 (L18-H17)] 0.25: lineP=23799.27 | bars_from_origin=47.0 slope=-1.3305 | ABOVE gap=570.37
2026-03-19 13:36:26,502 [INFO]   [P2 (L18-H17)] 0.125: lineP=23831.50 | bars_from_origin=47.0 slope=-0.6446 | ABOVE gap=602.60
2026-03-19 13:36:26,502 [INFO]   [P2 (L18-H17)] main: lineP=23763.69 | bars_from_origin=15.0 slope=0.0000 | ABOVE gap=534.79
2026-03-19 13:36:26,502 [INFO]   [P1 (H18-L18)] main: lineP=23488.43 | bars_from_origin=15.0 slope=18.9583 | ABOVE gap=259.53
2026-03-19 13:36:26,502 [INFO]   [P1 (H18-L18)] 0.875: lineP=23348.50 | bars_from_origin=15.0 slope=9.6299 | ABOVE gap=119.60
2026-03-19 13:36:26,503 [INFO]   [P1 (H18-L18)] 0.75: lineP=23296.54 | bars_from_origin=15.0 slope=6.1657 | ABOVE gap=67.64
2026-03-19 13:36:26,503 [INFO]   [P1 (H18-L18)] 0.5: lineP=23249.37 | bars_from_origin=15.0 slope=3.0212 | ABOVE gap=20.47
2026-03-19 13:36:26,503 [INFO]   [P1 (H18-L18)] 0.25: lineP=23223.78 | bars_from_origin=15.0 slope=1.3155 | HIT gap=0.00
2026-03-19 13:36:26,503 [INFO]     >>> HIT RECORDED: P1 (H18-L18) frac=0.25 @ 23223.78
2026-03-19 13:36:26,503 [INFO]   [P1 (H18-L18)] 0.125: lineP=23213.62 | bars_from_origin=15.0 slope=0.6378 | HIT gap=0.00
2026-03-19 13:36:26,504 [INFO]     >>> HIT RECORDED: P1 (H18-L18) frac=0.125 @ 23213.62
2026-03-19 13:36:26,504 [INFO]   [P1 (H18-L18)] main: lineP=23222.18 | bars_from_origin=9.0 slope=0.0000 | HIT gap=0.00
2026-03-19 13:36:26,504 [INFO]     >>> HIT RECORDED: P1 (H18-L18) frac=main @ 23222.18
2026-03-19 13:36:26,504 [INFO]   [IntDet] Total hits this bar: 3
2026-03-19 13:36:26,504 [INFO] [Study] Emitting intersection event (DIRECT): {'time': 1773899100, 'fan': 'P1 (H18-L18)', 'fanIdentity': 'H18-L18', 'fraction': '1/4', 'price': 23223.783071224934, 'type': 'RESISTANCE_TEST', 'details': 'Rejection / Pullback'}
2026-03-19 13:36:26,512 [INFO] [Study] Emitting intersection event (DIRECT): {'time': 1773899100, 'fan': 'P1 (H18-L18)', 'fanIdentity': 'H18-L18', 'fraction': '1/8', 'price': 23213.61739112491, 'type': 'SUPPORT_TEST', 'details': 'Resting / Throwback'}
2026-03-19 13:36:26,517 [INFO] [Study] Emitting intersection event (DIRECT): {'time': 1773899100, 'fan': 'P1 (H18-L18)', 'fanIdentity': 'H18-L18', 'fraction': 'Horizontal', 'price': 23222.17798211928, 'type': 'RESISTANCE_TEST', 'details': 'Rejection / Pullback'}
2026-03-19 13:36:26,524 [INFO] [IntDet] Bar 407 | 2026-03-19 11:19 | H=23244.45 L=23214.95 C=23234.55 | Fans=3 Lines=21
2026-03-19 13:36:26,525 [INFO]   [P3 (H17-L8)] main: lineP=24040.75 | bars_from_origin=256.0 slope=3.7281 | ABOVE gap=796.30
2026-03-19 13:36:26,525 [INFO]   [P3 (H17-L8)] 0.875: lineP=23868.04 | bars_from_origin=256.0 slope=3.0535 | ABOVE gap=623.59
2026-03-19 13:36:26,525 [INFO]   [P3 (H17-L8)] 0.75: lineP=23721.83 | bars_from_origin=256.0 slope=2.4824 | ABOVE gap=477.38
2026-03-19 13:36:26,525 [INFO]   [P3 (H17-L8)] 0.5: lineP=23479.53 | bars_from_origin=256.0 slope=1.5359 | ABOVE gap=235.08
2026-03-19 13:36:26,525 [INFO]   [P3 (H17-L8)] 0.25: lineP=23274.97 | bars_from_origin=256.0 slope=0.7368 | ABOVE gap=30.53
2026-03-19 13:36:26,525 [INFO]   [P3 (H17-L8)] 0.125: lineP=23179.73 | bars_from_origin=256.0 slope=0.3647 | BELOW gap=35.22
2026-03-19 13:36:26,526 [INFO]   [P3 (H17-L8)] main: lineP=23405.81 | bars_from_origin=48.0 slope=0.0000 | ABOVE gap=161.36
2026-03-19 13:36:26,526 [INFO]   [P2 (L18-H17)] main: lineP=22875.18 | bars_from_origin=48.0 slope=-20.5547 | BELOW gap=339.77
2026-03-19 13:36:26,526 [INFO]   [P2 (L18-H17)] 0.875: lineP=23381.30 | bars_from_origin=48.0 slope=-10.0103 | ABOVE gap=136.85
2026-03-19 13:36:26,526 [INFO]   [P2 (L18-H17)] 0.75: lineP=23558.38 | bars_from_origin=48.0 slope=-6.3212 | ABOVE gap=313.93
2026-03-19 13:36:26,526 [INFO]   [P2 (L18-H17)] 0.5: lineP=23714.63 | bars_from_origin=48.0 slope=-3.0661 | ABOVE gap=470.18
2026-03-19 13:36:26,526 [INFO]   [P2 (L18-H17)] 0.25: lineP=23797.94 | bars_from_origin=48.0 slope=-1.3305 | ABOVE gap=553.49
2026-03-19 13:36:26,527 [INFO]   [P2 (L18-H17)] 0.125: lineP=23830.86 | bars_from_origin=48.0 slope=-0.6446 | ABOVE gap=586.41
2026-03-19 13:36:26,527 [INFO]   [P2 (L18-H17)] main: lineP=23763.69 | bars_from_origin=16.0 slope=0.0000 | ABOVE gap=519.24
2026-03-19 13:36:26,527 [INFO]   [P1 (H18-L18)] main: lineP=23507.38 | bars_from_origin=16.0 slope=18.9583 | ABOVE gap=262.93
2026-03-19 13:36:26,527 [INFO]   [P1 (H18-L18)] 0.875: lineP=23358.13 | bars_from_origin=16.0 slope=9.6299 | ABOVE gap=113.68
2026-03-19 13:36:26,527 [INFO]   [P1 (H18-L18)] 0.75: lineP=23302.70 | bars_from_origin=16.0 slope=6.1657 | ABOVE gap=58.25
2026-03-19 13:36:26,527 [INFO]   [P1 (H18-L18)] 0.5: lineP=23252.39 | bars_from_origin=16.0 slope=3.0212 | ABOVE gap=7.94
2026-03-19 13:36:26,527 [INFO]   [P1 (H18-L18)] 0.25: lineP=23225.10 | bars_from_origin=16.0 slope=1.3155 | HIT gap=0.00
2026-03-19 13:36:26,527 [INFO]     >>> HIT RECORDED: P1 (H18-L18) frac=0.25 @ 23225.10
2026-03-19 13:36:26,528 [INFO]   [P1 (H18-L18)] 0.125: lineP=23214.26 | bars_from_origin=16.0 slope=0.6378 | BELOW gap=0.69
2026-03-19 13:36:26,528 [INFO]   [P1 (H18-L18)] main: lineP=23222.18 | bars_from_origin=10.0 slope=0.0000 | HIT gap=0.00
2026-03-19 13:36:26,528 [INFO]     >>> HIT RECORDED: P1 (H18-L18) frac=main @ 23222.18
2026-03-19 13:36:26,528 [INFO]   [IntDet] Total hits this bar: 2
2026-03-19 13:36:26,528 [INFO] [Study] Emitting intersection event (DIRECT): {'time': 1773899340, 'fan': 'P1 (H18-L18)', 'fanIdentity': 'H18-L18', 'fraction': '1/4', 'price': 23225.098557223264, 'type': 'CROSS_UP', 'details': 'Breakout Attempt'}
2026-03-19 13:36:26,532 [INFO] [Study] Emitting intersection event (DIRECT): {'time': 1773899340, 'fan': 'P1 (H18-L18)', 'fanIdentity': 'H18-L18', 'fraction': 'Horizontal', 'price': 23222.17798211928, 'type': 'TOUCH', 'details': 'Angle Test'}
2026-03-19 13:36:26,535 [INFO] [Tracking] FAKE OUT: Fan_H18_L18 0.25 (T+2 bars)
2026-03-19 13:36:26,535 [INFO] [Tracking] FAKE OUT: Fan_H18_L18 Horizontal (T+2 bars)
2026-03-19 13:36:26,539 [INFO] [IntDet] Bar 408 | 2026-03-19 11:23 | H=23253.60 L=23231.20 C=23233.85 | Fans=3 Lines=21
2026-03-19 13:36:26,539 [INFO]   [P3 (H17-L8)] main: lineP=24044.48 | bars_from_origin=257.0 slope=3.7281 | ABOVE gap=790.88
2026-03-19 13:36:26,539 [INFO]   [P3 (H17-L8)] 0.875: lineP=23871.09 | bars_from_origin=257.0 slope=3.0535 | ABOVE gap=617.49
2026-03-19 13:36:26,539 [INFO]   [P3 (H17-L8)] 0.75: lineP=23724.32 | bars_from_origin=257.0 slope=2.4824 | ABOVE gap=470.72
2026-03-19 13:36:26,540 [INFO]   [P3 (H17-L8)] 0.5: lineP=23481.07 | bars_from_origin=257.0 slope=1.5359 | ABOVE gap=227.47
2026-03-19 13:36:26,540 [INFO]   [P3 (H17-L8)] 0.25: lineP=23275.71 | bars_from_origin=257.0 slope=0.7368 | ABOVE gap=22.11
2026-03-19 13:36:26,540 [INFO]   [P3 (H17-L8)] 0.125: lineP=23180.09 | bars_from_origin=257.0 slope=0.3647 | BELOW gap=51.11
2026-03-19 13:36:26,540 [INFO]   [P3 (H17-L8)] main: lineP=23405.81 | bars_from_origin=49.0 slope=0.0000 | ABOVE gap=152.21
2026-03-19 13:36:26,540 [INFO]   [P2 (L18-H17)] main: lineP=22854.62 | bars_from_origin=49.0 slope=-20.5547 | BELOW gap=376.58
2026-03-19 13:36:26,541 [INFO]   [P2 (L18-H17)] 0.875: lineP=23371.29 | bars_from_origin=49.0 slope=-10.0103 | ABOVE gap=117.69
2026-03-19 13:36:26,541 [INFO]   [P2 (L18-H17)] 0.75: lineP=23552.06 | bars_from_origin=49.0 slope=-6.3212 | ABOVE gap=298.46
2026-03-19 13:36:26,541 [INFO]   [P2 (L18-H17)] 0.5: lineP=23711.56 | bars_from_origin=49.0 slope=-3.0661 | ABOVE gap=457.96
2026-03-19 13:36:26,541 [INFO]   [P2 (L18-H17)] 0.25: lineP=23796.61 | bars_from_origin=49.0 slope=-1.3305 | ABOVE gap=543.01
2026-03-19 13:36:26,541 [INFO]   [P2 (L18-H17)] 0.125: lineP=23830.21 | bars_from_origin=49.0 slope=-0.6446 | ABOVE gap=576.62
2026-03-19 13:36:26,541 [INFO]   [P2 (L18-H17)] main: lineP=23763.69 | bars_from_origin=17.0 slope=0.0000 | ABOVE gap=510.09
2026-03-19 13:36:26,542 [INFO]   [P1 (H18-L18)] main: lineP=23526.34 | bars_from_origin=17.0 slope=18.9583 | ABOVE gap=272.74
2026-03-19 13:36:26,542 [INFO]   [P1 (H18-L18)] 0.875: lineP=23367.76 | bars_from_origin=17.0 slope=9.6299 | ABOVE gap=114.16
2026-03-19 13:36:26,542 [INFO]   [P1 (H18-L18)] 0.75: lineP=23308.87 | bars_from_origin=17.0 slope=6.1657 | ABOVE gap=55.27
2026-03-19 13:36:26,542 [INFO]   [P1 (H18-L18)] 0.5: lineP=23255.41 | bars_from_origin=17.0 slope=3.0212 | ABOVE gap=1.81
2026-03-19 13:36:26,542 [INFO]   [P1 (H18-L18)] 0.25: lineP=23226.41 | bars_from_origin=17.0 slope=1.3155 | BELOW gap=4.79
2026-03-19 13:36:26,542 [INFO]   [P1 (H18-L18)] 0.125: lineP=23214.89 | bars_from_origin=17.0 slope=0.6378 | BELOW gap=16.31
2026-03-19 13:36:26,543 [INFO]   [P1 (H18-L18)] main: lineP=23222.18 | bars_from_origin=11.0 slope=0.0000 | BELOW gap=9.02
2026-03-19 13:36:26,546 [INFO] [IntDet] Bar 409 | 2026-03-19 11:27 | H=23244.30 L=23224.45 C=23236.95 | Fans=3 Lines=21
2026-03-19 13:36:26,546 [INFO]   [P3 (H17-L8)] main: lineP=24048.21 | bars_from_origin=258.0 slope=3.7281 | ABOVE gap=803.91
2026-03-19 13:36:26,546 [INFO]   [P3 (H17-L8)] 0.875: lineP=23874.14 | bars_from_origin=258.0 slope=3.0535 | ABOVE gap=629.84
2026-03-19 13:36:26,547 [INFO]   [P3 (H17-L8)] 0.75: lineP=23726.80 | bars_from_origin=258.0 slope=2.4824 | ABOVE gap=482.50
2026-03-19 13:36:26,547 [INFO]   [P3 (H17-L8)] 0.5: lineP=23482.60 | bars_from_origin=258.0 slope=1.5359 | ABOVE gap=238.30
2026-03-19 13:36:26,547 [INFO]   [P3 (H17-L8)] 0.25: lineP=23276.45 | bars_from_origin=258.0 slope=0.7368 | ABOVE gap=32.15
2026-03-19 13:36:26,548 [INFO]   [P3 (H17-L8)] 0.125: lineP=23180.46 | bars_from_origin=258.0 slope=0.3647 | BELOW gap=43.99
2026-03-19 13:36:26,548 [INFO]   [P3 (H17-L8)] main: lineP=23405.81 | bars_from_origin=50.0 slope=0.0000 | ABOVE gap=161.51
2026-03-19 13:36:26,548 [INFO]   [P2 (L18-H17)] main: lineP=22834.07 | bars_from_origin=50.0 slope=-20.5547 | BELOW gap=390.38
2026-03-19 13:36:26,548 [INFO]   [P2 (L18-H17)] 0.875: lineP=23361.28 | bars_from_origin=50.0 slope=-10.0103 | ABOVE gap=116.98
2026-03-19 13:36:26,548 [INFO]   [P2 (L18-H17)] 0.75: lineP=23545.74 | bars_from_origin=50.0 slope=-6.3212 | ABOVE gap=301.44
2026-03-19 13:36:26,548 [INFO]   [P2 (L18-H17)] 0.5: lineP=23708.50 | bars_from_origin=50.0 slope=-3.0661 | ABOVE gap=464.20
2026-03-19 13:36:26,548 [INFO]   [P2 (L18-H17)] 0.25: lineP=23795.28 | bars_from_origin=50.0 slope=-1.3305 | ABOVE gap=550.98
2026-03-19 13:36:26,548 [INFO]   [P2 (L18-H17)] 0.125: lineP=23829.57 | bars_from_origin=50.0 slope=-0.6446 | ABOVE gap=585.27
2026-03-19 13:36:26,548 [INFO]   [P2 (L18-H17)] main: lineP=23763.69 | bars_from_origin=18.0 slope=0.0000 | ABOVE gap=519.39
2026-03-19 13:36:26,548 [INFO]   [P1 (H18-L18)] main: lineP=23545.30 | bars_from_origin=18.0 slope=18.9583 | ABOVE gap=301.00
2026-03-19 13:36:26,549 [INFO]   [P1 (H18-L18)] 0.875: lineP=23377.39 | bars_from_origin=18.0 slope=9.6299 | ABOVE gap=133.09
2026-03-19 13:36:26,549 [INFO]   [P1 (H18-L18)] 0.75: lineP=23315.03 | bars_from_origin=18.0 slope=6.1657 | ABOVE gap=70.73
2026-03-19 13:36:26,549 [INFO]   [P1 (H18-L18)] 0.5: lineP=23258.43 | bars_from_origin=18.0 slope=3.0212 | ABOVE gap=14.13
2026-03-19 13:36:26,549 [INFO]   [P1 (H18-L18)] 0.25: lineP=23227.73 | bars_from_origin=18.0 slope=1.3155 | HIT gap=0.00
2026-03-19 13:36:26,549 [INFO]     >>> HIT RECORDED: P1 (H18-L18) frac=0.25 @ 23227.73
2026-03-19 13:36:26,549 [INFO]   [P1 (H18-L18)] 0.125: lineP=23215.53 | bars_from_origin=18.0 slope=0.6378 | BELOW gap=8.92
2026-03-19 13:36:26,549 [INFO]   [P1 (H18-L18)] main: lineP=23222.18 | bars_from_origin=12.0 slope=0.0000 | BELOW gap=2.27
2026-03-19 13:36:26,549 [INFO]   [IntDet] Total hits this bar: 1
2026-03-19 13:36:26,550 [INFO] [Study] Emitting intersection event (DIRECT): {'time': 1773899820, 'fan': 'P1 (H18-L18)', 'fanIdentity': 'H18-L18', 'fraction': '1/4', 'price': 23227.729529219923, 'type': 'SUPPORT_TEST', 'details': 'Resting / Throwback'}
2026-03-19 13:36:26,560 [INFO] [IntDet] Bar 410 | 2026-03-19 11:31 | H=23250.10 L=23231.60 C=23248.90 | Fans=3 Lines=21
2026-03-19 13:36:26,560 [INFO]   [P3 (H17-L8)] main: lineP=24051.94 | bars_from_origin=259.0 slope=3.7281 | ABOVE gap=801.84
2026-03-19 13:36:26,560 [INFO]   [P3 (H17-L8)] 0.875: lineP=23877.20 | bars_from_origin=259.0 slope=3.0535 | ABOVE gap=627.10
2026-03-19 13:36:26,561 [INFO]   [P3 (H17-L8)] 0.75: lineP=23729.28 | bars_from_origin=259.0 slope=2.4824 | ABOVE gap=479.18
2026-03-19 13:36:26,561 [INFO]   [P3 (H17-L8)] 0.5: lineP=23484.14 | bars_from_origin=259.0 slope=1.5359 | ABOVE gap=234.04
2026-03-19 13:36:26,561 [INFO]   [P3 (H17-L8)] 0.25: lineP=23277.18 | bars_from_origin=259.0 slope=0.7368 | ABOVE gap=27.09
2026-03-19 13:36:26,561 [INFO]   [P3 (H17-L8)] 0.125: lineP=23180.82 | bars_from_origin=259.0 slope=0.3647 | BELOW gap=50.78
2026-03-19 13:36:26,561 [INFO]   [P3 (H17-L8)] main: lineP=23405.81 | bars_from_origin=51.0 slope=0.0000 | ABOVE gap=155.71
2026-03-19 13:36:26,562 [INFO]   [P2 (L18-H17)] main: lineP=22813.51 | bars_from_origin=51.0 slope=-20.5547 | BELOW gap=418.09
2026-03-19 13:36:26,562 [INFO]   [P2 (L18-H17)] 0.875: lineP=23351.27 | bars_from_origin=51.0 slope=-10.0103 | ABOVE gap=101.17
2026-03-19 13:36:26,562 [INFO]   [P2 (L18-H17)] 0.75: lineP=23539.42 | bars_from_origin=51.0 slope=-6.3212 | ABOVE gap=289.32
2026-03-19 13:36:26,562 [INFO]   [P2 (L18-H17)] 0.5: lineP=23705.43 | bars_from_origin=51.0 slope=-3.0661 | ABOVE gap=455.33
2026-03-19 13:36:26,562 [INFO]   [P2 (L18-H17)] 0.25: lineP=23793.95 | bars_from_origin=51.0 slope=-1.3305 | ABOVE gap=543.85
2026-03-19 13:36:26,562 [INFO]   [P2 (L18-H17)] 0.125: lineP=23828.93 | bars_from_origin=51.0 slope=-0.6446 | ABOVE gap=578.83
2026-03-19 13:36:26,562 [INFO]   [P2 (L18-H17)] main: lineP=23763.69 | bars_from_origin=19.0 slope=0.0000 | ABOVE gap=513.59
2026-03-19 13:36:26,562 [INFO]   [P1 (H18-L18)] main: lineP=23564.26 | bars_from_origin=19.0 slope=18.9583 | ABOVE gap=314.16
2026-03-19 13:36:26,562 [INFO]   [P1 (H18-L18)] 0.875: lineP=23387.02 | bars_from_origin=19.0 slope=9.6299 | ABOVE gap=136.92
2026-03-19 13:36:26,562 [INFO]   [P1 (H18-L18)] 0.75: lineP=23321.20 | bars_from_origin=19.0 slope=6.1657 | ABOVE gap=71.10
2026-03-19 13:36:26,563 [INFO]   [P1 (H18-L18)] 0.5: lineP=23261.45 | bars_from_origin=19.0 slope=3.0212 | ABOVE gap=11.35
2026-03-19 13:36:26,563 [INFO]   [P1 (H18-L18)] 0.25: lineP=23229.05 | bars_from_origin=19.0 slope=1.3155 | BELOW gap=2.55
2026-03-19 13:36:26,563 [INFO]   [P1 (H18-L18)] 0.125: lineP=23216.17 | bars_from_origin=19.0 slope=0.6378 | BELOW gap=15.43
2026-03-19 13:36:26,563 [INFO]   [P1 (H18-L18)] main: lineP=23222.18 | bars_from_origin=13.0 slope=0.0000 | BELOW gap=9.42
2026-03-19 13:36:26,563 [INFO] [Tracking] FAKE OUT: Fan_H18_L18 0.5 (T+5 bars)
2026-03-19 13:36:26,567 [INFO] [Study] Removing invalidated/excess fan: Fan_H17_L8
2026-03-19 13:36:26,567 [INFO] [Study] Creating new fan: Fan_L19_H18 (P1 (L19-H18))
2026-03-19 13:36:26,567 [INFO] [AngleEngine] scale_ratio=3.6603, slope_per_bar=-12.2500, visual_slope=-3.3467, theta=-73.36 deg
2026-03-19 13:36:26,568 [INFO] --- [AngleEngine] Fan Created: Fan_L19_H18 ---
2026-03-19 13:36:26,568 [INFO]   Origin: Bar 397, Time 1773896940, Price 23317.80078125
2026-03-19 13:36:26,568 [INFO]   Target: Bar 406, Time 1773899100, Price 23207.55078125
2026-03-19 13:36:26,568 [INFO]   Delta: db=9, dp_origin=-110.25
2026-03-19 13:36:26,568 [INFO]   Scale Params: Ratio=3.6603, Radius=31.44 bars, Slope/Bar=-12.2500
2026-03-19 13:36:26,569 [INFO]   Line 0.875: EndBar=1773899100 (approx), EndPrice=23249.68
2026-03-19 13:36:26,569 [INFO]   Line 0.75: EndBar=1773899100 (approx), EndPrice=23270.71
2026-03-19 13:36:26,569 [INFO]   Line 0.5: EndBar=1773899100 (approx), EndPrice=23293.26
2026-03-19 13:36:26,569 [INFO]   Line 0.25: EndBar=1773899100 (approx), EndPrice=23306.88
2026-03-19 13:36:26,569 [INFO]   Line 0.125: EndBar=1773899100 (approx), EndPrice=23312.48
2026-03-19 13:36:26,569 [INFO] [Study] Updating fan priority: Fan_H18_L18 -> P2 (H18-L18)
2026-03-19 13:36:26,569 [INFO] [Study] Updating fan priority: Fan_L18_H17 -> P3 (L18-H17)
2026-03-19 13:36:26,570 [INFO] [IntDet] Bar 411 | 2026-03-19 11:35 | H=23253.85 L=23241.60 C=23243.75 | Fans=3 Lines=21
2026-03-19 13:36:26,570 [INFO]   [P3 (L18-H17)] main: lineP=22792.96 | bars_from_origin=52.0 slope=-20.5547 | BELOW gap=448.64
2026-03-19 13:36:26,570 [INFO]   [P3 (L18-H17)] 0.875: lineP=23341.26 | bars_from_origin=52.0 slope=-10.0103 | ABOVE gap=87.41
2026-03-19 13:36:26,570 [INFO]   [P3 (L18-H17)] 0.75: lineP=23533.10 | bars_from_origin=52.0 slope=-6.3212 | ABOVE gap=279.25
2026-03-19 13:36:26,570 [INFO]   [P3 (L18-H17)] 0.5: lineP=23702.37 | bars_from_origin=52.0 slope=-3.0661 | ABOVE gap=448.52
2026-03-19 13:36:26,570 [INFO]   [P3 (L18-H17)] 0.25: lineP=23792.62 | bars_from_origin=52.0 slope=-1.3305 | ABOVE gap=538.77
2026-03-19 13:36:26,570 [INFO]   [P3 (L18-H17)] 0.125: lineP=23828.28 | bars_from_origin=52.0 slope=-0.6446 | ABOVE gap=574.43
2026-03-19 13:36:26,570 [INFO]   [P3 (L18-H17)] main: lineP=23763.69 | bars_from_origin=20.0 slope=0.0000 | ABOVE gap=509.84
2026-03-19 13:36:26,570 [INFO]   [P2 (H18-L18)] main: lineP=23583.22 | bars_from_origin=20.0 slope=18.9583 | ABOVE gap=329.37
2026-03-19 13:36:26,570 [INFO]   [P2 (H18-L18)] 0.875: lineP=23396.65 | bars_from_origin=20.0 slope=9.6299 | ABOVE gap=142.80
2026-03-19 13:36:26,571 [INFO]   [P2 (H18-L18)] 0.75: lineP=23327.36 | bars_from_origin=20.0 slope=6.1657 | ABOVE gap=73.51
2026-03-19 13:36:26,571 [INFO]   [P2 (H18-L18)] 0.5: lineP=23264.47 | bars_from_origin=20.0 slope=3.0212 | ABOVE gap=10.63
2026-03-19 13:36:26,571 [INFO]   [P2 (H18-L18)] 0.25: lineP=23230.36 | bars_from_origin=20.0 slope=1.3155 | BELOW gap=11.24
2026-03-19 13:36:26,571 [INFO]   [P2 (H18-L18)] 0.125: lineP=23216.81 | bars_from_origin=20.0 slope=0.6378 | BELOW gap=24.79
2026-03-19 13:36:26,571 [INFO]   [P2 (H18-L18)] main: lineP=23222.18 | bars_from_origin=14.0 slope=0.0000 | BELOW gap=19.42
2026-03-19 13:36:26,571 [INFO]   [P1 (L19-H18)] main: lineP=23146.30 | bars_from_origin=14.0 slope=-12.2500 | BELOW gap=95.30
2026-03-19 13:36:26,571 [INFO]   [P1 (L19-H18)] 0.875: lineP=23211.83 | bars_from_origin=14.0 slope=-7.5695 | BELOW gap=29.77
2026-03-19 13:36:26,571 [INFO]   [P1 (L19-H18)] 0.75: lineP=23244.55 | bars_from_origin=14.0 slope=-5.2319 | HIT gap=0.00
2026-03-19 13:36:26,571 [INFO]     >>> HIT RECORDED: P1 (L19-H18) frac=0.75 @ 23244.55
2026-03-19 13:36:26,571 [INFO]   [P1 (L19-H18)] 0.5: lineP=23279.63 | bars_from_origin=14.0 slope=-2.7265 | ABOVE gap=25.78
2026-03-19 13:36:26,571 [INFO]   [P1 (L19-H18)] 0.25: lineP=23300.81 | bars_from_origin=14.0 slope=-1.2134 | ABOVE gap=46.96
2026-03-19 13:36:26,572 [INFO]   [P1 (L19-H18)] 0.125: lineP=23309.53 | bars_from_origin=14.0 slope=-0.5909 | ABOVE gap=55.68
2026-03-19 13:36:26,572 [INFO]   [P1 (L19-H18)] main: lineP=23293.26 | bars_from_origin=5.0 slope=0.0000 | ABOVE gap=39.41
2026-03-19 13:36:26,572 [INFO]   [IntDet] Total hits this bar: 1
2026-03-19 13:36:26,572 [INFO] [Study] Emitting intersection event (DIRECT): {'time': 1773900300, 'fan': 'P1 (L19-H18)', 'fanIdentity': 'L19-H18', 'fraction': '3/4', 'price': 23244.554213329055, 'type': 'CROSS_DOWN', 'details': 'Breakdown Attempt'}
2026-03-19 13:36:26,580 [INFO] [IntDet] Bar 412 | 2026-03-19 11:39 | H=23243.50 L=23229.20 C=23241.15 | Fans=3 Lines=21
2026-03-19 13:36:26,580 [INFO]   [P3 (L18-H17)] main: lineP=22772.40 | bars_from_origin=53.0 slope=-20.5547 | BELOW gap=456.80
2026-03-19 13:36:26,580 [INFO]   [P3 (L18-H17)] 0.875: lineP=23331.25 | bars_from_origin=53.0 slope=-10.0103 | ABOVE gap=87.75
2026-03-19 13:36:26,580 [INFO]   [P3 (L18-H17)] 0.75: lineP=23526.77 | bars_from_origin=53.0 slope=-6.3212 | ABOVE gap=283.27
2026-03-19 13:36:26,580 [INFO]   [P3 (L18-H17)] 0.5: lineP=23699.30 | bars_from_origin=53.0 slope=-3.0661 | ABOVE gap=455.80
2026-03-19 13:36:26,580 [INFO]   [P3 (L18-H17)] 0.25: lineP=23791.29 | bars_from_origin=53.0 slope=-1.3305 | ABOVE gap=547.79
2026-03-19 13:36:26,580 [INFO]   [P3 (L18-H17)] 0.125: lineP=23827.64 | bars_from_origin=53.0 slope=-0.6446 | ABOVE gap=584.14
2026-03-19 13:36:26,580 [INFO]   [P3 (L18-H17)] main: lineP=23763.69 | bars_from_origin=21.0 slope=0.0000 | ABOVE gap=520.19
2026-03-19 13:36:26,580 [INFO]   [P2 (H18-L18)] main: lineP=23602.18 | bars_from_origin=21.0 slope=18.9583 | ABOVE gap=358.68
2026-03-19 13:36:26,581 [INFO]   [P2 (H18-L18)] 0.875: lineP=23406.28 | bars_from_origin=21.0 slope=9.6299 | ABOVE gap=162.78
2026-03-19 13:36:26,581 [INFO]   [P2 (H18-L18)] 0.75: lineP=23333.53 | bars_from_origin=21.0 slope=6.1657 | ABOVE gap=90.03
2026-03-19 13:36:26,581 [INFO]   [P2 (H18-L18)] 0.5: lineP=23267.50 | bars_from_origin=21.0 slope=3.0212 | ABOVE gap=24.00
2026-03-19 13:36:26,581 [INFO]   [P2 (H18-L18)] 0.25: lineP=23231.68 | bars_from_origin=21.0 slope=1.3155 | HIT gap=0.00
2026-03-19 13:36:26,581 [INFO]     >>> HIT RECORDED: P2 (H18-L18) frac=0.25 @ 23231.68
2026-03-19 13:36:26,581 [INFO]   [P2 (H18-L18)] 0.125: lineP=23217.44 | bars_from_origin=21.0 slope=0.6378 | BELOW gap=11.76
2026-03-19 13:36:26,581 [INFO]   [P2 (H18-L18)] main: lineP=23222.18 | bars_from_origin=15.0 slope=0.0000 | BELOW gap=7.02
2026-03-19 13:36:26,581 [INFO]   [P1 (L19-H18)] main: lineP=23134.05 | bars_from_origin=15.0 slope=-12.2500 | BELOW gap=95.15
2026-03-19 13:36:26,581 [INFO]   [P1 (L19-H18)] 0.875: lineP=23204.26 | bars_from_origin=15.0 slope=-7.5695 | BELOW gap=24.94
2026-03-19 13:36:26,582 [INFO]   [P1 (L19-H18)] 0.75: lineP=23239.32 | bars_from_origin=15.0 slope=-5.2319 | HIT gap=0.00
2026-03-19 13:36:26,582 [INFO]     >>> HIT RECORDED: P1 (L19-H18) frac=0.75 @ 23239.32
2026-03-19 13:36:26,582 [INFO]   [P1 (L19-H18)] 0.5: lineP=23276.90 | bars_from_origin=15.0 slope=-2.7265 | ABOVE gap=33.40
2026-03-19 13:36:26,582 [INFO]   [P1 (L19-H18)] 0.25: lineP=23299.60 | bars_from_origin=15.0 slope=-1.2134 | ABOVE gap=56.10
2026-03-19 13:36:26,582 [INFO]   [P1 (L19-H18)] 0.125: lineP=23308.94 | bars_from_origin=15.0 slope=-0.5909 | ABOVE gap=65.44
2026-03-19 13:36:26,582 [INFO]   [P1 (L19-H18)] main: lineP=23293.26 | bars_from_origin=6.0 slope=0.0000 | ABOVE gap=49.76
2026-03-19 13:36:26,582 [INFO]   [IntDet] Total hits this bar: 2
2026-03-19 13:36:26,582 [INFO] [Study] Emitting intersection event (DIRECT): {'time': 1773900540, 'fan': 'P2 (H18-L18)', 'fanIdentity': 'H18-L18', 'fraction': '1/4', 'price': 23231.675987214912, 'type': 'SUPPORT_TEST', 'details': 'Resting / Throwback'}
2026-03-19 13:36:26,587 [INFO] [Study] Emitting intersection event (DIRECT): {'time': 1773900540, 'fan': 'P1 (L19-H18)', 'fanIdentity': 'L19-H18', 'fraction': '3/4', 'price': 23239.322315620415, 'type': 'SUPPORT_TEST', 'details': 'Resting / Throwback'}
2026-03-19 13:36:26,591 [INFO] [Tracking] Breach CONFIRMED: Fan_L19_H18 0.75 down (T+1 bars)
2026-03-19 13:36:26,595 [INFO] [IntDet] Bar 413 | 2026-03-19 11:43 | H=23257.40 L=23236.70 C=23255.85 | Fans=3 Lines=21
2026-03-19 13:36:26,595 [INFO]   [P3 (L18-H17)] main: lineP=22751.85 | bars_from_origin=54.0 slope=-20.5547 | BELOW gap=484.85
2026-03-19 13:36:26,595 [INFO]   [P3 (L18-H17)] 0.875: lineP=23321.24 | bars_from_origin=54.0 slope=-10.0103 | ABOVE gap=63.84
2026-03-19 13:36:26,595 [INFO]   [P3 (L18-H17)] 0.75: lineP=23520.45 | bars_from_origin=54.0 slope=-6.3212 | ABOVE gap=263.05
2026-03-19 13:36:26,595 [INFO]   [P3 (L18-H17)] 0.5: lineP=23696.23 | bars_from_origin=54.0 slope=-3.0661 | ABOVE gap=438.83
2026-03-19 13:36:26,595 [INFO]   [P3 (L18-H17)] 0.25: lineP=23789.95 | bars_from_origin=54.0 slope=-1.3305 | ABOVE gap=532.55
2026-03-19 13:36:26,595 [INFO]   [P3 (L18-H17)] 0.125: lineP=23826.99 | bars_from_origin=54.0 slope=-0.6446 | ABOVE gap=569.59
2026-03-19 13:36:26,596 [INFO]   [P3 (L18-H17)] main: lineP=23763.69 | bars_from_origin=22.0 slope=0.0000 | ABOVE gap=506.29
2026-03-19 13:36:26,596 [INFO]   [P2 (H18-L18)] main: lineP=23621.13 | bars_from_origin=22.0 slope=18.9583 | ABOVE gap=363.73
2026-03-19 13:36:26,596 [INFO]   [P2 (H18-L18)] 0.875: lineP=23415.91 | bars_from_origin=22.0 slope=9.6299 | ABOVE gap=158.51
2026-03-19 13:36:26,596 [INFO]   [P2 (H18-L18)] 0.75: lineP=23339.70 | bars_from_origin=22.0 slope=6.1657 | ABOVE gap=82.30
2026-03-19 13:36:26,596 [INFO]   [P2 (H18-L18)] 0.5: lineP=23270.52 | bars_from_origin=22.0 slope=3.0212 | ABOVE gap=13.12
2026-03-19 13:36:26,596 [INFO]   [P2 (H18-L18)] 0.25: lineP=23232.99 | bars_from_origin=22.0 slope=1.3155 | BELOW gap=3.71
2026-03-19 13:36:26,596 [INFO]   [P2 (H18-L18)] 0.125: lineP=23218.08 | bars_from_origin=22.0 slope=0.6378 | BELOW gap=18.62
2026-03-19 13:36:26,596 [INFO]   [P2 (H18-L18)] main: lineP=23222.18 | bars_from_origin=16.0 slope=0.0000 | BELOW gap=14.52
2026-03-19 13:36:26,596 [INFO]   [P1 (L19-H18)] main: lineP=23121.80 | bars_from_origin=16.0 slope=-12.2500 | BELOW gap=114.90
2026-03-19 13:36:26,596 [INFO]   [P1 (L19-H18)] 0.875: lineP=23196.69 | bars_from_origin=16.0 slope=-7.5695 | BELOW gap=40.01
2026-03-19 13:36:26,596 [INFO]   [P1 (L19-H18)] 0.75: lineP=23234.09 | bars_from_origin=16.0 slope=-5.2319 | BELOW gap=2.61
2026-03-19 13:36:26,596 [INFO]   [P1 (L19-H18)] 0.5: lineP=23274.18 | bars_from_origin=16.0 slope=-2.7265 | ABOVE gap=16.78
2026-03-19 13:36:26,596 [INFO]   [P1 (L19-H18)] 0.25: lineP=23298.39 | bars_from_origin=16.0 slope=-1.2134 | ABOVE gap=40.99
2026-03-19 13:36:26,597 [INFO]   [P1 (L19-H18)] 0.125: lineP=23308.35 | bars_from_origin=16.0 slope=-0.5909 | ABOVE gap=50.95
2026-03-19 13:36:26,597 [INFO]   [P1 (L19-H18)] main: lineP=23293.26 | bars_from_origin=7.0 slope=0.0000 | ABOVE gap=35.86
2026-03-19 13:36:26,600 [INFO] [IntDet] Bar 414 | 2026-03-19 11:47 | H=23260.00 L=23241.40 C=23247.10 | Fans=3 Lines=21
2026-03-19 13:36:26,600 [INFO]   [P3 (L18-H17)] main: lineP=22731.29 | bars_from_origin=55.0 slope=-20.5547 | BELOW gap=510.11
2026-03-19 13:36:26,600 [INFO]   [P3 (L18-H17)] 0.875: lineP=23311.23 | bars_from_origin=55.0 slope=-10.0103 | ABOVE gap=51.23
2026-03-19 13:36:26,600 [INFO]   [P3 (L18-H17)] 0.75: lineP=23514.13 | bars_from_origin=55.0 slope=-6.3212 | ABOVE gap=254.13
2026-03-19 13:36:26,600 [INFO]   [P3 (L18-H17)] 0.5: lineP=23693.17 | bars_from_origin=55.0 slope=-3.0661 | ABOVE gap=433.17
2026-03-19 13:36:26,601 [INFO]   [P3 (L18-H17)] 0.25: lineP=23788.62 | bars_from_origin=55.0 slope=-1.3305 | ABOVE gap=528.62
2026-03-19 13:36:26,601 [INFO]   [P3 (L18-H17)] 0.125: lineP=23826.35 | bars_from_origin=55.0 slope=-0.6446 | ABOVE gap=566.35
2026-03-19 13:36:26,601 [INFO]   [P3 (L18-H17)] main: lineP=23763.69 | bars_from_origin=23.0 slope=0.0000 | ABOVE gap=503.69
2026-03-19 13:36:26,601 [INFO]   [P2 (H18-L18)] main: lineP=23640.09 | bars_from_origin=23.0 slope=18.9583 | ABOVE gap=380.09
2026-03-19 13:36:26,601 [INFO]   [P2 (H18-L18)] 0.875: lineP=23425.54 | bars_from_origin=23.0 slope=9.6299 | ABOVE gap=165.54
2026-03-19 13:36:26,601 [INFO]   [P2 (H18-L18)] 0.75: lineP=23345.86 | bars_from_origin=23.0 slope=6.1657 | ABOVE gap=85.86
2026-03-19 13:36:26,601 [INFO]   [P2 (H18-L18)] 0.5: lineP=23273.54 | bars_from_origin=23.0 slope=3.0212 | ABOVE gap=13.54
2026-03-19 13:36:26,601 [INFO]   [P2 (H18-L18)] 0.25: lineP=23234.31 | bars_from_origin=23.0 slope=1.3155 | BELOW gap=7.09
2026-03-19 13:36:26,601 [INFO]   [P2 (H18-L18)] 0.125: lineP=23218.72 | bars_from_origin=23.0 slope=0.6378 | BELOW gap=22.68
2026-03-19 13:36:26,601 [INFO]   [P2 (H18-L18)] main: lineP=23222.18 | bars_from_origin=17.0 slope=0.0000 | BELOW gap=19.22
2026-03-19 13:36:26,602 [INFO]   [P1 (L19-H18)] main: lineP=23109.55 | bars_from_origin=17.0 slope=-12.2500 | BELOW gap=131.85
2026-03-19 13:36:26,602 [INFO]   [P1 (L19-H18)] 0.875: lineP=23189.12 | bars_from_origin=17.0 slope=-7.5695 | BELOW gap=52.28
2026-03-19 13:36:26,602 [INFO]   [P1 (L19-H18)] 0.75: lineP=23228.86 | bars_from_origin=17.0 slope=-5.2319 | BELOW gap=12.54
2026-03-19 13:36:26,602 [INFO]   [P1 (L19-H18)] 0.5: lineP=23271.45 | bars_from_origin=17.0 slope=-2.7265 | ABOVE gap=11.45
2026-03-19 13:36:26,602 [INFO]   [P1 (L19-H18)] 0.25: lineP=23297.17 | bars_from_origin=17.0 slope=-1.2134 | ABOVE gap=37.17
2026-03-19 13:36:26,603 [INFO]   [P1 (L19-H18)] 0.125: lineP=23307.76 | bars_from_origin=17.0 slope=-0.5909 | ABOVE gap=47.76
2026-03-19 13:36:26,603 [INFO]   [P1 (L19-H18)] main: lineP=23293.26 | bars_from_origin=8.0 slope=0.0000 | ABOVE gap=33.26
2026-03-19 13:36:26,606 [INFO] [IntDet] Bar 415 | 2026-03-19 11:51 | H=23256.80 L=23244.35 C=23245.90 | Fans=3 Lines=21
2026-03-19 13:36:26,606 [INFO]   [P3 (L18-H17)] main: lineP=22710.74 | bars_from_origin=56.0 slope=-20.5547 | BELOW gap=533.61
2026-03-19 13:36:26,606 [INFO]   [P3 (L18-H17)] 0.875: lineP=23301.22 | bars_from_origin=56.0 slope=-10.0103 | ABOVE gap=44.42
2026-03-19 13:36:26,606 [INFO]   [P3 (L18-H17)] 0.75: lineP=23507.81 | bars_from_origin=56.0 slope=-6.3212 | ABOVE gap=251.01
2026-03-19 13:36:26,606 [INFO]   [P3 (L18-H17)] 0.5: lineP=23690.10 | bars_from_origin=56.0 slope=-3.0661 | ABOVE gap=433.30
2026-03-19 13:36:26,606 [INFO]   [P3 (L18-H17)] 0.25: lineP=23787.29 | bars_from_origin=56.0 slope=-1.3305 | ABOVE gap=530.49
2026-03-19 13:36:26,607 [INFO]   [P3 (L18-H17)] 0.125: lineP=23825.70 | bars_from_origin=56.0 slope=-0.6446 | ABOVE gap=568.90
2026-03-19 13:36:26,607 [INFO]   [P3 (L18-H17)] main: lineP=23763.69 | bars_from_origin=24.0 slope=0.0000 | ABOVE gap=506.89
2026-03-19 13:36:26,607 [INFO]   [P2 (H18-L18)] main: lineP=23659.05 | bars_from_origin=24.0 slope=18.9583 | ABOVE gap=402.25
2026-03-19 13:36:26,607 [INFO]   [P2 (H18-L18)] 0.875: lineP=23435.17 | bars_from_origin=24.0 slope=9.6299 | ABOVE gap=178.37
2026-03-19 13:36:26,607 [INFO]   [P2 (H18-L18)] 0.75: lineP=23352.03 | bars_from_origin=24.0 slope=6.1657 | ABOVE gap=95.23
2026-03-19 13:36:26,607 [INFO]   [P2 (H18-L18)] 0.5: lineP=23276.56 | bars_from_origin=24.0 slope=3.0212 | ABOVE gap=19.76
2026-03-19 13:36:26,607 [INFO]   [P2 (H18-L18)] 0.25: lineP=23235.62 | bars_from_origin=24.0 slope=1.3155 | BELOW gap=8.73
2026-03-19 13:36:26,607 [INFO]   [P2 (H18-L18)] 0.125: lineP=23219.36 | bars_from_origin=24.0 slope=0.6378 | BELOW gap=24.99
2026-03-19 13:36:26,607 [INFO]   [P2 (H18-L18)] main: lineP=23222.18 | bars_from_origin=18.0 slope=0.0000 | BELOW gap=22.17
2026-03-19 13:36:26,607 [INFO]   [P1 (L19-H18)] main: lineP=23097.30 | bars_from_origin=18.0 slope=-12.2500 | BELOW gap=147.05
2026-03-19 13:36:26,607 [INFO]   [P1 (L19-H18)] 0.875: lineP=23181.55 | bars_from_origin=18.0 slope=-7.5695 | BELOW gap=62.80
2026-03-19 13:36:26,608 [INFO]   [P1 (L19-H18)] 0.75: lineP=23223.63 | bars_from_origin=18.0 slope=-5.2319 | BELOW gap=20.72
2026-03-19 13:36:26,608 [INFO]   [P1 (L19-H18)] 0.5: lineP=23268.72 | bars_from_origin=18.0 slope=-2.7265 | ABOVE gap=11.92
2026-03-19 13:36:26,608 [INFO]   [P1 (L19-H18)] 0.25: lineP=23295.96 | bars_from_origin=18.0 slope=-1.2134 | ABOVE gap=39.16
2026-03-19 13:36:26,608 [INFO]   [P1 (L19-H18)] 0.125: lineP=23307.16 | bars_from_origin=18.0 slope=-0.5909 | ABOVE gap=50.36
2026-03-19 13:36:26,608 [INFO]   [P1 (L19-H18)] main: lineP=23293.26 | bars_from_origin=9.0 slope=0.0000 | ABOVE gap=36.46
2026-03-19 13:36:26,612 [INFO] [IntDet] Bar 416 | 2026-03-19 11:55 | H=23248.00 L=23236.20 C=23242.85 | Fans=3 Lines=21
2026-03-19 13:36:26,612 [INFO]   [P3 (L18-H17)] main: lineP=22690.18 | bars_from_origin=57.0 slope=-20.5547 | BELOW gap=546.02
2026-03-19 13:36:26,612 [INFO]   [P3 (L18-H17)] 0.875: lineP=23291.21 | bars_from_origin=57.0 slope=-10.0103 | ABOVE gap=43.21
2026-03-19 13:36:26,612 [INFO]   [P3 (L18-H17)] 0.75: lineP=23501.49 | bars_from_origin=57.0 slope=-6.3212 | ABOVE gap=253.49
2026-03-19 13:36:26,612 [INFO]   [P3 (L18-H17)] 0.5: lineP=23687.03 | bars_from_origin=57.0 slope=-3.0661 | ABOVE gap=439.03
2026-03-19 13:36:26,612 [INFO]   [P3 (L18-H17)] 0.25: lineP=23785.96 | bars_from_origin=57.0 slope=-1.3305 | ABOVE gap=537.96
2026-03-19 13:36:26,612 [INFO]   [P3 (L18-H17)] 0.125: lineP=23825.06 | bars_from_origin=57.0 slope=-0.6446 | ABOVE gap=577.06
2026-03-19 13:36:26,612 [INFO]   [P3 (L18-H17)] main: lineP=23763.69 | bars_from_origin=25.0 slope=0.0000 | ABOVE gap=515.69
2026-03-19 13:36:26,613 [INFO]   [P2 (H18-L18)] main: lineP=23678.01 | bars_from_origin=25.0 slope=18.9583 | ABOVE gap=430.01
2026-03-19 13:36:26,613 [INFO]   [P2 (H18-L18)] 0.875: lineP=23444.80 | bars_from_origin=25.0 slope=9.6299 | ABOVE gap=196.80
2026-03-19 13:36:26,613 [INFO]   [P2 (H18-L18)] 0.75: lineP=23358.19 | bars_from_origin=25.0 slope=6.1657 | ABOVE gap=110.19
2026-03-19 13:36:26,613 [INFO]   [P2 (H18-L18)] 0.5: lineP=23279.58 | bars_from_origin=25.0 slope=3.0212 | ABOVE gap=31.58
2026-03-19 13:36:26,613 [INFO]   [P2 (H18-L18)] 0.25: lineP=23236.94 | bars_from_origin=25.0 slope=1.3155 | HIT gap=0.00
2026-03-19 13:36:26,613 [INFO]     >>> HIT RECORDED: P2 (H18-L18) frac=0.25 @ 23236.94
2026-03-19 13:36:26,613 [INFO]   [P2 (H18-L18)] 0.125: lineP=23220.00 | bars_from_origin=25.0 slope=0.6378 | BELOW gap=16.20
2026-03-19 13:36:26,613 [INFO]   [P2 (H18-L18)] main: lineP=23222.18 | bars_from_origin=19.0 slope=0.0000 | BELOW gap=14.02
2026-03-19 13:36:26,613 [INFO]   [P1 (L19-H18)] main: lineP=23085.05 | bars_from_origin=19.0 slope=-12.2500 | BELOW gap=151.15
2026-03-19 13:36:26,613 [INFO]   [P1 (L19-H18)] 0.875: lineP=23173.98 | bars_from_origin=19.0 slope=-7.5695 | BELOW gap=62.22
2026-03-19 13:36:26,613 [INFO]   [P1 (L19-H18)] 0.75: lineP=23218.39 | bars_from_origin=19.0 slope=-5.2319 | BELOW gap=17.80
2026-03-19 13:36:26,614 [INFO]   [P1 (L19-H18)] 0.5: lineP=23266.00 | bars_from_origin=19.0 slope=-2.7265 | ABOVE gap=18.00
2026-03-19 13:36:26,614 [INFO]   [P1 (L19-H18)] 0.25: lineP=23294.75 | bars_from_origin=19.0 slope=-1.2134 | ABOVE gap=46.75
2026-03-19 13:36:26,614 [INFO]   [P1 (L19-H18)] 0.125: lineP=23306.57 | bars_from_origin=19.0 slope=-0.5909 | ABOVE gap=58.57
2026-03-19 13:36:26,614 [INFO]   [P1 (L19-H18)] main: lineP=23293.26 | bars_from_origin=10.0 slope=0.0000 | ABOVE gap=45.26
2026-03-19 13:36:26,614 [INFO]   [IntDet] Total hits this bar: 1
2026-03-19 13:36:26,614 [INFO] [Study] Emitting intersection event (DIRECT): {'time': 1773901500, 'fan': 'P2 (H18-L18)', 'fanIdentity': 'H18-L18', 'fraction': '1/4', 'price': 23236.937931208227, 'type': 'SUPPORT_TEST', 'details': 'Resting / Throwback'}
2026-03-19 13:36:26,624 [INFO] [IntDet] Bar 417 | 2026-03-19 11:59 | H=23244.55 L=23232.15 C=23243.95 | Fans=3 Lines=21
2026-03-19 13:36:26,624 [INFO]   [P3 (L18-H17)] main: lineP=22669.63 | bars_from_origin=58.0 slope=-20.5547 | BELOW gap=562.52
2026-03-19 13:36:26,624 [INFO]   [P3 (L18-H17)] 0.875: lineP=23281.20 | bars_from_origin=58.0 slope=-10.0103 | ABOVE gap=36.65
2026-03-19 13:36:26,624 [INFO]   [P3 (L18-H17)] 0.75: lineP=23495.17 | bars_from_origin=58.0 slope=-6.3212 | ABOVE gap=250.62
2026-03-19 13:36:26,624 [INFO]   [P3 (L18-H17)] 0.5: lineP=23683.97 | bars_from_origin=58.0 slope=-3.0661 | ABOVE gap=439.42
2026-03-19 13:36:26,624 [INFO]   [P3 (L18-H17)] 0.25: lineP=23784.63 | bars_from_origin=58.0 slope=-1.3305 | ABOVE gap=540.08
2026-03-19 13:36:26,624 [INFO]   [P3 (L18-H17)] 0.125: lineP=23824.41 | bars_from_origin=58.0 slope=-0.6446 | ABOVE gap=579.86
2026-03-19 13:36:26,624 [INFO]   [P3 (L18-H17)] main: lineP=23763.69 | bars_from_origin=26.0 slope=0.0000 | ABOVE gap=519.14
2026-03-19 13:36:26,624 [INFO]   [P2 (H18-L18)] main: lineP=23696.97 | bars_from_origin=26.0 slope=18.9583 | ABOVE gap=452.42
2026-03-19 13:36:26,624 [INFO]   [P2 (H18-L18)] 0.875: lineP=23454.43 | bars_from_origin=26.0 slope=9.6299 | ABOVE gap=209.88
2026-03-19 13:36:26,625 [INFO]   [P2 (H18-L18)] 0.75: lineP=23364.36 | bars_from_origin=26.0 slope=6.1657 | ABOVE gap=119.81
2026-03-19 13:36:26,625 [INFO]   [P2 (H18-L18)] 0.5: lineP=23282.60 | bars_from_origin=26.0 slope=3.0212 | ABOVE gap=38.05
2026-03-19 13:36:26,625 [INFO]   [P2 (H18-L18)] 0.25: lineP=23238.25 | bars_from_origin=26.0 slope=1.3155 | HIT gap=0.00
2026-03-19 13:36:26,625 [INFO]     >>> HIT RECORDED: P2 (H18-L18) frac=0.25 @ 23238.25
2026-03-19 13:36:26,625 [INFO]   [P2 (H18-L18)] 0.125: lineP=23220.63 | bars_from_origin=26.0 slope=0.6378 | BELOW gap=11.52
2026-03-19 13:36:26,625 [INFO]   [P2 (H18-L18)] main: lineP=23222.18 | bars_from_origin=20.0 slope=0.0000 | BELOW gap=9.97
2026-03-19 13:36:26,625 [INFO]   [P1 (L19-H18)] main: lineP=23072.80 | bars_from_origin=20.0 slope=-12.2500 | BELOW gap=159.35
2026-03-19 13:36:26,625 [INFO]   [P1 (L19-H18)] 0.875: lineP=23166.41 | bars_from_origin=20.0 slope=-7.5695 | BELOW gap=65.74
2026-03-19 13:36:26,625 [INFO]   [P1 (L19-H18)] 0.75: lineP=23213.16 | bars_from_origin=20.0 slope=-5.2319 | BELOW gap=18.99
2026-03-19 13:36:26,625 [INFO]   [P1 (L19-H18)] 0.5: lineP=23263.27 | bars_from_origin=20.0 slope=-2.7265 | ABOVE gap=18.72
2026-03-19 13:36:26,626 [INFO]   [P1 (L19-H18)] 0.25: lineP=23293.53 | bars_from_origin=20.0 slope=-1.2134 | ABOVE gap=48.98
2026-03-19 13:36:26,626 [INFO]   [P1 (L19-H18)] 0.125: lineP=23305.98 | bars_from_origin=20.0 slope=-0.5909 | ABOVE gap=61.43
2026-03-19 13:36:26,626 [INFO]   [P1 (L19-H18)] main: lineP=23293.26 | bars_from_origin=11.0 slope=0.0000 | ABOVE gap=48.71
2026-03-19 13:36:26,626 [INFO]   [IntDet] Total hits this bar: 1
2026-03-19 13:36:26,626 [INFO] [Study] Emitting intersection event (DIRECT): {'time': 1773901740, 'fan': 'P2 (H18-L18)', 'fanIdentity': 'H18-L18', 'fraction': '1/4', 'price': 23238.253417206557, 'type': 'SUPPORT_TEST', 'details': 'Resting / Throwback'}
2026-03-19 13:36:26,636 [INFO] [IntDet] Bar 418 | 2026-03-19 12:03 | H=23245.15 L=23226.35 C=23239.10 | Fans=3 Lines=21
2026-03-19 13:36:26,636 [INFO]   [P3 (L18-H17)] main: lineP=22649.07 | bars_from_origin=59.0 slope=-20.5547 | BELOW gap=577.28
2026-03-19 13:36:26,637 [INFO]   [P3 (L18-H17)] 0.875: lineP=23271.19 | bars_from_origin=59.0 slope=-10.0103 | ABOVE gap=26.04
2026-03-19 13:36:26,637 [INFO]   [P3 (L18-H17)] 0.75: lineP=23488.85 | bars_from_origin=59.0 slope=-6.3212 | ABOVE gap=243.70
2026-03-19 13:36:26,637 [INFO]   [P3 (L18-H17)] 0.5: lineP=23680.90 | bars_from_origin=59.0 slope=-3.0661 | ABOVE gap=435.75
2026-03-19 13:36:26,637 [INFO]   [P3 (L18-H17)] 0.25: lineP=23783.30 | bars_from_origin=59.0 slope=-1.3305 | ABOVE gap=538.15
2026-03-19 13:36:26,637 [INFO]   [P3 (L18-H17)] 0.125: lineP=23823.77 | bars_from_origin=59.0 slope=-0.6446 | ABOVE gap=578.62
2026-03-19 13:36:26,638 [INFO]   [P3 (L18-H17)] main: lineP=23763.69 | bars_from_origin=27.0 slope=0.0000 | ABOVE gap=518.54
2026-03-19 13:36:26,638 [INFO]   [P2 (H18-L18)] main: lineP=23715.93 | bars_from_origin=27.0 slope=18.9583 | ABOVE gap=470.78
2026-03-19 13:36:26,638 [INFO]   [P2 (H18-L18)] 0.875: lineP=23464.06 | bars_from_origin=27.0 slope=9.6299 | ABOVE gap=218.91
2026-03-19 13:36:26,638 [INFO]   [P2 (H18-L18)] 0.75: lineP=23370.52 | bars_from_origin=27.0 slope=6.1657 | ABOVE gap=125.37
2026-03-19 13:36:26,638 [INFO]   [P2 (H18-L18)] 0.5: lineP=23285.62 | bars_from_origin=27.0 slope=3.0212 | ABOVE gap=40.47
2026-03-19 13:36:26,638 [INFO]   [P2 (H18-L18)] 0.25: lineP=23239.57 | bars_from_origin=27.0 slope=1.3155 | HIT gap=0.00
2026-03-19 13:36:26,638 [INFO]     >>> HIT RECORDED: P2 (H18-L18) frac=0.25 @ 23239.57
2026-03-19 13:36:26,639 [INFO]   [P2 (H18-L18)] 0.125: lineP=23221.27 | bars_from_origin=27.0 slope=0.6378 | BELOW gap=5.08
2026-03-19 13:36:26,639 [INFO]   [P2 (H18-L18)] main: lineP=23222.18 | bars_from_origin=21.0 slope=0.0000 | BELOW gap=4.17
2026-03-19 13:36:26,639 [INFO]   [P1 (L19-H18)] main: lineP=23060.55 | bars_from_origin=21.0 slope=-12.2500 | BELOW gap=165.80
2026-03-19 13:36:26,639 [INFO]   [P1 (L19-H18)] 0.875: lineP=23158.84 | bars_from_origin=21.0 slope=-7.5695 | BELOW gap=67.51
2026-03-19 13:36:26,639 [INFO]   [P1 (L19-H18)] 0.75: lineP=23207.93 | bars_from_origin=21.0 slope=-5.2319 | BELOW gap=18.42
2026-03-19 13:36:26,639 [INFO]   [P1 (L19-H18)] 0.5: lineP=23260.54 | bars_from_origin=21.0 slope=-2.7265 | ABOVE gap=15.39
2026-03-19 13:36:26,639 [INFO]   [P1 (L19-H18)] 0.25: lineP=23292.32 | bars_from_origin=21.0 slope=-1.2134 | ABOVE gap=47.17
2026-03-19 13:36:26,639 [INFO]   [P1 (L19-H18)] 0.125: lineP=23305.39 | bars_from_origin=21.0 slope=-0.5909 | ABOVE gap=60.24
2026-03-19 13:36:26,639 [INFO]   [P1 (L19-H18)] main: lineP=23293.26 | bars_from_origin=12.0 slope=0.0000 | ABOVE gap=48.11
2026-03-19 13:36:26,639 [INFO]   [IntDet] Total hits this bar: 1
2026-03-19 13:36:26,639 [INFO] [Study] Emitting intersection event (DIRECT): {'time': 1773901980, 'fan': 'P2 (H18-L18)', 'fanIdentity': 'H18-L18', 'fraction': '1/4', 'price': 23239.568903204883, 'type': 'CROSS_DOWN', 'details': 'Breakdown Attempt'}
2026-03-19 13:36:26,652 [INFO] [Study] Removing invalidated/excess fan: Fan_L18_H17
2026-03-19 13:36:26,653 [INFO] [Study] Updating fan priority: Fan_L19_H18 -> P2 (L19-H18)
2026-03-19 13:36:26,653 [INFO] [Study] Updating fan priority: Fan_H18_L18 -> P3 (H18-L18)
2026-03-19 13:36:26,653 [INFO] [Study] Creating new fan: Fan_H19_L19 (P1 (H19-L19))
2026-03-19 13:36:26,654 [INFO] [AngleEngine] scale_ratio=3.6603, slope_per_bar=6.5562, visual_slope=1.7912, theta=60.83 deg
2026-03-19 13:36:26,654 [INFO] --- [AngleEngine] Fan Created: Fan_H19_L19 ---
2026-03-19 13:36:26,654 [INFO]   Origin: Bar 406, Time 1773899100, Price 23207.55078125
2026-03-19 13:36:26,654 [INFO]   Target: Bar 414, Time 1773901020, Price 23260.0
2026-03-19 13:36:26,654 [INFO]   Delta: db=8, dp_origin=52.45
2026-03-19 13:36:26,655 [INFO]   Scale Params: Ratio=3.6603, Radius=16.41 bars, Slope/Bar=6.5562
2026-03-19 13:36:26,655 [INFO]   Line 0.875: EndBar=1773901020 (approx), EndPrice=23246.73
2026-03-19 13:36:26,655 [INFO]   Line 0.75: EndBar=1773901020 (approx), EndPrice=23237.47
2026-03-19 13:36:26,655 [INFO]   Line 0.5: EndBar=1773901020 (approx), EndPrice=23224.74
2026-03-19 13:36:26,655 [INFO]   Line 0.25: EndBar=1773901020 (approx), EndPrice=23215.51
2026-03-19 13:36:26,655 [INFO]   Line 0.125: EndBar=1773901020 (approx), EndPrice=23211.46
2026-03-19 13:36:26,655 [INFO] [IntDet] Bar 419 | 2026-03-19 12:07 | H=23240.80 L=23217.85 C=23234.05 | Fans=3 Lines=21
2026-03-19 13:36:26,655 [INFO]   [P3 (H18-L18)] main: lineP=23734.88 | bars_from_origin=28.0 slope=18.9583 | ABOVE gap=494.08
2026-03-19 13:36:26,655 [INFO]   [P3 (H18-L18)] 0.875: lineP=23473.69 | bars_from_origin=28.0 slope=9.6299 | ABOVE gap=232.89
2026-03-19 13:36:26,655 [INFO]   [P3 (H18-L18)] 0.75: lineP=23376.69 | bars_from_origin=28.0 slope=6.1657 | ABOVE gap=135.89
2026-03-19 13:36:26,655 [INFO]   [P3 (H18-L18)] 0.5: lineP=23288.64 | bars_from_origin=28.0 slope=3.0212 | ABOVE gap=47.84
2026-03-19 13:36:26,656 [INFO]   [P3 (H18-L18)] 0.25: lineP=23240.88 | bars_from_origin=28.0 slope=1.3155 | ABOVE gap=0.08
2026-03-19 13:36:26,656 [INFO]   [P3 (H18-L18)] 0.125: lineP=23221.91 | bars_from_origin=28.0 slope=0.6378 | HIT gap=0.00
2026-03-19 13:36:26,656 [INFO]     >>> HIT RECORDED: P3 (H18-L18) frac=0.125 @ 23221.91
2026-03-19 13:36:26,656 [INFO]   [P3 (H18-L18)] main: lineP=23222.18 | bars_from_origin=22.0 slope=0.0000 | HIT gap=0.00
2026-03-19 13:36:26,656 [INFO]     >>> HIT RECORDED: P3 (H18-L18) frac=main @ 23222.18
2026-03-19 13:36:26,656 [INFO]   [P2 (L19-H18)] main: lineP=23048.30 | bars_from_origin=22.0 slope=-12.2500 | BELOW gap=169.55
2026-03-19 13:36:26,656 [INFO]   [P2 (L19-H18)] 0.875: lineP=23151.27 | bars_from_origin=22.0 slope=-7.5695 | BELOW gap=66.58
2026-03-19 13:36:26,656 [INFO]   [P2 (L19-H18)] 0.75: lineP=23202.70 | bars_from_origin=22.0 slope=-5.2319 | BELOW gap=15.15
2026-03-19 13:36:26,656 [INFO]   [P2 (L19-H18)] 0.5: lineP=23257.82 | bars_from_origin=22.0 slope=-2.7265 | ABOVE gap=17.02
2026-03-19 13:36:26,656 [INFO]   [P2 (L19-H18)] 0.25: lineP=23291.11 | bars_from_origin=22.0 slope=-1.2134 | ABOVE gap=50.30
2026-03-19 13:36:26,656 [INFO]   [P2 (L19-H18)] 0.125: lineP=23304.80 | bars_from_origin=22.0 slope=-0.5909 | ABOVE gap=64.00
2026-03-19 13:36:26,657 [INFO]   [P2 (L19-H18)] main: lineP=23293.26 | bars_from_origin=13.0 slope=0.0000 | ABOVE gap=52.46
2026-03-19 13:36:26,657 [INFO]   [P1 (H19-L19)] main: lineP=23292.78 | bars_from_origin=13.0 slope=6.5562 | ABOVE gap=51.98
2026-03-19 13:36:26,657 [INFO]   [P1 (H19-L19)] 0.875: lineP=23271.21 | bars_from_origin=13.0 slope=4.8968 | ABOVE gap=30.41
2026-03-19 13:36:26,657 [INFO]   [P1 (H19-L19)] 0.75: lineP=23256.17 | bars_from_origin=13.0 slope=3.7403 | ABOVE gap=15.37
2026-03-19 13:36:26,657 [INFO]   [P1 (H19-L19)] 0.5: lineP=23235.48 | bars_from_origin=13.0 slope=2.1486 | HIT gap=0.00
2026-03-19 13:36:26,657 [INFO]     >>> HIT RECORDED: P1 (H19-L19) frac=0.5 @ 23235.48
2026-03-19 13:36:26,657 [INFO]   [P1 (H19-L19)] 0.25: lineP=23220.48 | bars_from_origin=13.0 slope=0.9949 | HIT gap=0.00
2026-03-19 13:36:26,657 [INFO]     >>> HIT RECORDED: P1 (H19-L19) frac=0.25 @ 23220.48
2026-03-19 13:36:26,657 [INFO]   [P1 (H19-L19)] 0.125: lineP=23213.90 | bars_from_origin=13.0 slope=0.4886 | BELOW gap=3.95
2026-03-19 13:36:26,657 [INFO]   [P1 (H19-L19)] main: lineP=23224.74 | bars_from_origin=5.0 slope=0.0000 | HIT gap=0.00
2026-03-19 13:36:26,657 [INFO]     >>> HIT RECORDED: P1 (H19-L19) frac=main @ 23224.74
2026-03-19 13:36:26,657 [INFO]   [IntDet] Total hits this bar: 5
2026-03-19 13:36:26,657 [INFO] [Study] Emitting intersection event (DIRECT): {'time': 1773902220, 'fan': 'P3 (H18-L18)', 'fanIdentity': 'H18-L18', 'fraction': '1/8', 'price': 23221.9084530165, 'type': 'SUPPORT_TEST', 'details': 'Resting / Throwback'}
2026-03-19 13:36:26,663 [INFO] [Study] Emitting intersection event (DIRECT): {'time': 1773902220, 'fan': 'P3 (H18-L18)', 'fanIdentity': 'H18-L18', 'fraction': 'Horizontal', 'price': 23222.17798211928, 'type': 'SUPPORT_TEST', 'details': 'Resting / Throwback'}
2026-03-19 13:36:26,666 [INFO] [Study] Emitting intersection event (DIRECT): {'time': 1773902220, 'fan': 'P1 (H19-L19)', 'fanIdentity': 'H19-L19', 'fraction': '1/2', 'price': 23235.48225579351, 'type': 'CROSS_DOWN', 'details': 'Breakdown Attempt'}
2026-03-19 13:36:26,670 [INFO] [Study] Emitting intersection event (DIRECT): {'time': 1773902220, 'fan': 'P1 (H19-L19)', 'fanIdentity': 'H19-L19', 'fraction': '1/4', 'price': 23220.484698490432, 'type': 'SUPPORT_TEST', 'details': 'Resting / Throwback'}
2026-03-19 13:36:26,673 [INFO] [Study] Emitting intersection event (DIRECT): {'time': 1773902220, 'fan': 'P1 (H19-L19)', 'fanIdentity': 'H19-L19', 'fraction': 'Horizontal', 'price': 23224.739380969084, 'type': 'SUPPORT_TEST', 'details': 'Resting / Throwback'}
2026-03-19 13:36:26,681 [INFO] [Study] Removing invalidated/excess fan: Fan_H19_L19
2026-03-19 13:36:26,681 [INFO] [Study] Updating fan priority: Fan_L19_H18 -> P1 (L19-H18)
2026-03-19 13:36:26,681 [INFO] [Study] Updating fan priority: Fan_H18_L18 -> P2 (H18-L18)
2026-03-19 13:36:26,681 [INFO] [Study] Creating new fan: Fan_L18_H17 (P3 (L18-H17))
2026-03-19 13:36:26,681 [INFO] [AngleEngine] scale_ratio=3.6603, slope_per_bar=-20.5547, visual_slope=-5.6156, theta=-79.90 deg
2026-03-19 13:36:26,682 [INFO] --- [AngleEngine] Fan Created: Fan_L18_H17 ---
2026-03-19 13:36:26,682 [INFO]   Origin: Bar 359, Time 1773823980, Price 23861.80078125
2026-03-19 13:36:26,682 [INFO]   Target: Bar 391, Time 1773895500, Price 23204.05078125
2026-03-19 13:36:26,682 [INFO]   Delta: db=32, dp_origin=-657.75
2026-03-19 13:36:26,682 [INFO]   Scale Params: Ratio=3.6603, Radius=182.53 bars, Slope/Bar=-20.5547
2026-03-19 13:36:26,682 [INFO]   Line 0.875: EndBar=1773895500 (approx), EndPrice=23541.47
2026-03-19 13:36:26,682 [INFO]   Line 0.75: EndBar=1773895500 (approx), EndPrice=23659.52
2026-03-19 13:36:26,682 [INFO]   Line 0.5: EndBar=1773895500 (approx), EndPrice=23763.69
2026-03-19 13:36:26,682 [INFO]   Line 0.25: EndBar=1773895500 (approx), EndPrice=23819.23
2026-03-19 13:36:26,682 [INFO]   Line 0.125: EndBar=1773895500 (approx), EndPrice=23841.17
2026-03-19 13:36:26,682 [INFO] [IntDet] Bar 420 | 2026-03-19 12:11 | H=23268.75 L=23226.90 C=23265.50 | Fans=3 Lines=21
2026-03-19 13:36:26,683 [INFO]   [P2 (H18-L18)] main: lineP=23753.84 | bars_from_origin=29.0 slope=18.9583 | ABOVE gap=485.09
2026-03-19 13:36:26,683 [INFO]   [P2 (H18-L18)] 0.875: lineP=23483.32 | bars_from_origin=29.0 slope=9.6299 | ABOVE gap=214.57
2026-03-19 13:36:26,683 [INFO]   [P2 (H18-L18)] 0.75: lineP=23382.86 | bars_from_origin=29.0 slope=6.1657 | ABOVE gap=114.11
2026-03-19 13:36:26,683 [INFO]   [P2 (H18-L18)] 0.5: lineP=23291.67 | bars_from_origin=29.0 slope=3.0212 | ABOVE gap=22.92
2026-03-19 13:36:26,683 [INFO]   [P2 (H18-L18)] 0.25: lineP=23242.20 | bars_from_origin=29.0 slope=1.3155 | HIT gap=0.00
2026-03-19 13:36:26,683 [INFO]     >>> HIT RECORDED: P2 (H18-L18) frac=0.25 @ 23242.20
2026-03-19 13:36:26,683 [INFO]   [P2 (H18-L18)] 0.125: lineP=23222.55 | bars_from_origin=29.0 slope=0.6378 | BELOW gap=4.35
2026-03-19 13:36:26,683 [INFO]   [P2 (H18-L18)] main: lineP=23222.18 | bars_from_origin=23.0 slope=0.0000 | BELOW gap=4.72
2026-03-19 13:36:26,683 [INFO]   [P1 (L19-H18)] main: lineP=23036.05 | bars_from_origin=23.0 slope=-12.2500 | BELOW gap=190.85
2026-03-19 13:36:26,684 [INFO]   [P1 (L19-H18)] 0.875: lineP=23143.70 | bars_from_origin=23.0 slope=-7.5695 | BELOW gap=83.20
2026-03-19 13:36:26,684 [INFO]   [P1 (L19-H18)] 0.75: lineP=23197.47 | bars_from_origin=23.0 slope=-5.2319 | BELOW gap=29.43
2026-03-19 13:36:26,684 [INFO]   [P1 (L19-H18)] 0.5: lineP=23255.09 | bars_from_origin=23.0 slope=-2.7265 | HIT gap=0.00
2026-03-19 13:36:26,684 [INFO]     >>> HIT RECORDED: P1 (L19-H18) frac=0.5 @ 23255.09
2026-03-19 13:36:26,684 [INFO]   [P1 (L19-H18)] 0.25: lineP=23289.89 | bars_from_origin=23.0 slope=-1.2134 | ABOVE gap=21.14
2026-03-19 13:36:26,684 [INFO]   [P1 (L19-H18)] 0.125: lineP=23304.21 | bars_from_origin=23.0 slope=-0.5909 | ABOVE gap=35.46
2026-03-19 13:36:26,684 [INFO]   [P1 (L19-H18)] main: lineP=23293.26 | bars_from_origin=14.0 slope=0.0000 | ABOVE gap=24.51
2026-03-19 13:36:26,684 [INFO]   [P3 (L18-H17)] main: lineP=22607.96 | bars_from_origin=61.0 slope=-20.5547 | BELOW gap=618.94
2026-03-19 13:36:26,684 [INFO]   [P3 (L18-H17)] 0.875: lineP=23251.17 | bars_from_origin=61.0 slope=-10.0103 | HIT gap=0.00
2026-03-19 13:36:26,685 [INFO]     >>> HIT RECORDED: P3 (L18-H17) frac=0.875 @ 23251.17
2026-03-19 13:36:26,685 [INFO]   [P3 (L18-H17)] 0.75: lineP=23476.20 | bars_from_origin=61.0 slope=-6.3212 | ABOVE gap=207.45
2026-03-19 13:36:26,685 [INFO]   [P3 (L18-H17)] 0.5: lineP=23674.77 | bars_from_origin=61.0 slope=-3.0661 | ABOVE gap=406.02
2026-03-19 13:36:26,685 [INFO]   [P3 (L18-H17)] 0.25: lineP=23780.64 | bars_from_origin=61.0 slope=-1.3305 | ABOVE gap=511.89
2026-03-19 13:36:26,685 [INFO]   [P3 (L18-H17)] 0.125: lineP=23822.48 | bars_from_origin=61.0 slope=-0.6446 | ABOVE gap=553.73
2026-03-19 13:36:26,685 [INFO]   [P3 (L18-H17)] main: lineP=23763.69 | bars_from_origin=29.0 slope=0.0000 | ABOVE gap=494.94
2026-03-19 13:36:26,685 [INFO]   [IntDet] Total hits this bar: 3
2026-03-19 13:36:26,685 [INFO] [Study] Emitting intersection event (DIRECT): {'time': 1773902460, 'fan': 'P2 (H18-L18)', 'fanIdentity': 'H18-L18', 'fraction': '1/4', 'price': 23242.199875201542, 'type': 'CROSS_UP', 'details': 'Breakout Attempt'}
2026-03-19 13:36:26,691 [INFO] [Study] Emitting intersection event (DIRECT): {'time': 1773902460, 'fan': 'P1 (L19-H18)', 'fanIdentity': 'L19-H18', 'fraction': '1/2', 'price': 23255.091098797744, 'type': 'CROSS_UP', 'details': 'Breakout Attempt'}
2026-03-19 13:36:26,696 [INFO] [Study] Emitting intersection event (DIRECT): {'time': 1773902460, 'fan': 'P3 (L18-H17)', 'fanIdentity': 'L18-H17', 'fraction': '7/8', 'price': 23251.169631923633, 'type': 'CROSS_UP', 'details': 'Breakout Attempt'}
2026-03-19 13:36:26,700 [INFO] [Tracking] Fan validated: Fan_L18_H17 via breach at bar 420
2026-03-19 13:36:26,701 [INFO] [Tracking] FAKE OUT: Fan_H18_L18 0.25 (T+2 bars)
2026-03-19 13:36:26,704 [INFO] [IntDet] Bar 421 | 2026-03-19 12:15 | H=23281.15 L=23257.10 C=23280.90 | Fans=3 Lines=21
2026-03-19 13:36:26,705 [INFO]   [P2 (H18-L18)] main: lineP=23772.80 | bars_from_origin=30.0 slope=18.9583 | ABOVE gap=491.65
2026-03-19 13:36:26,705 [INFO]   [P2 (H18-L18)] 0.875: lineP=23492.95 | bars_from_origin=30.0 slope=9.6299 | ABOVE gap=211.80
2026-03-19 13:36:26,705 [INFO]   [P2 (H18-L18)] 0.75: lineP=23389.02 | bars_from_origin=30.0 slope=6.1657 | ABOVE gap=107.87
2026-03-19 13:36:26,705 [INFO]   [P2 (H18-L18)] 0.5: lineP=23294.69 | bars_from_origin=30.0 slope=3.0212 | ABOVE gap=13.54
2026-03-19 13:36:26,705 [INFO]   [P2 (H18-L18)] 0.25: lineP=23243.52 | bars_from_origin=30.0 slope=1.3155 | BELOW gap=13.58
2026-03-19 13:36:26,705 [INFO]   [P2 (H18-L18)] 0.125: lineP=23223.18 | bars_from_origin=30.0 slope=0.6378 | BELOW gap=33.92
2026-03-19 13:36:26,706 [INFO]   [P2 (H18-L18)] main: lineP=23222.18 | bars_from_origin=24.0 slope=0.0000 | BELOW gap=34.92
2026-03-19 13:36:26,706 [INFO]   [P1 (L19-H18)] main: lineP=23023.80 | bars_from_origin=24.0 slope=-12.2500 | BELOW gap=233.30
2026-03-19 13:36:26,706 [INFO]   [P1 (L19-H18)] 0.875: lineP=23136.13 | bars_from_origin=24.0 slope=-7.5695 | BELOW gap=120.97
2026-03-19 13:36:26,706 [INFO]   [P1 (L19-H18)] 0.75: lineP=23192.24 | bars_from_origin=24.0 slope=-5.2319 | BELOW gap=64.86
2026-03-19 13:36:26,706 [INFO]   [P1 (L19-H18)] 0.5: lineP=23252.36 | bars_from_origin=24.0 slope=-2.7265 | BELOW gap=4.74
2026-03-19 13:36:26,706 [INFO]   [P1 (L19-H18)] 0.25: lineP=23288.68 | bars_from_origin=24.0 slope=-1.2134 | ABOVE gap=7.53
2026-03-19 13:36:26,706 [INFO]   [P1 (L19-H18)] 0.125: lineP=23303.62 | bars_from_origin=24.0 slope=-0.5909 | ABOVE gap=22.47
2026-03-19 13:36:26,707 [INFO]   [P1 (L19-H18)] main: lineP=23293.26 | bars_from_origin=15.0 slope=0.0000 | ABOVE gap=12.11
2026-03-19 13:36:26,707 [INFO]   [P3 (L18-H17)] main: lineP=22587.41 | bars_from_origin=62.0 slope=-20.5547 | BELOW gap=669.69
2026-03-19 13:36:26,707 [INFO]   [P3 (L18-H17)] 0.875: lineP=23241.16 | bars_from_origin=62.0 slope=-10.0103 | BELOW gap=15.94
2026-03-19 13:36:26,707 [INFO]   [P3 (L18-H17)] 0.75: lineP=23469.88 | bars_from_origin=62.0 slope=-6.3212 | ABOVE gap=188.73
2026-03-19 13:36:26,707 [INFO]   [P3 (L18-H17)] 0.5: lineP=23671.70 | bars_from_origin=62.0 slope=-3.0661 | ABOVE gap=390.55
2026-03-19 13:36:26,708 [INFO]   [P3 (L18-H17)] 0.25: lineP=23779.31 | bars_from_origin=62.0 slope=-1.3305 | ABOVE gap=498.16
2026-03-19 13:36:26,708 [INFO]   [P3 (L18-H17)] 0.125: lineP=23821.83 | bars_from_origin=62.0 slope=-0.6446 | ABOVE gap=540.68
2026-03-19 13:36:26,708 [INFO]   [P3 (L18-H17)] main: lineP=23763.69 | bars_from_origin=30.0 slope=0.0000 | ABOVE gap=482.54
2026-03-19 13:36:26,708 [INFO] [Tracking] Breach CONFIRMED: Fan_L19_H18 0.5 up (T+1 bars)
2026-03-19 13:36:26,708 [INFO] [Tracking] Breach CONFIRMED: Fan_L18_H17 0.875 up (T+1 bars)
2026-03-19 13:36:26,712 [INFO] [IntDet] Bar 422 | 2026-03-19 12:19 | H=23281.20 L=23245.25 C=23247.80 | Fans=3 Lines=21
2026-03-19 13:36:26,712 [INFO]   [P2 (H18-L18)] main: lineP=23791.76 | bars_from_origin=31.0 slope=18.9583 | ABOVE gap=510.56
2026-03-19 13:36:26,712 [INFO]   [P2 (H18-L18)] 0.875: lineP=23502.58 | bars_from_origin=31.0 slope=9.6299 | ABOVE gap=221.38
2026-03-19 13:36:26,712 [INFO]   [P2 (H18-L18)] 0.75: lineP=23395.19 | bars_from_origin=31.0 slope=6.1657 | ABOVE gap=113.99
2026-03-19 13:36:26,712 [INFO]   [P2 (H18-L18)] 0.5: lineP=23297.71 | bars_from_origin=31.0 slope=3.0212 | ABOVE gap=16.51
2026-03-19 13:36:26,713 [INFO]   [P2 (H18-L18)] 0.25: lineP=23244.83 | bars_from_origin=31.0 slope=1.3155 | BELOW gap=0.42
2026-03-19 13:36:26,713 [INFO]   [P2 (H18-L18)] 0.125: lineP=23223.82 | bars_from_origin=31.0 slope=0.6378 | BELOW gap=21.43
2026-03-19 13:36:26,713 [INFO]   [P2 (H18-L18)] main: lineP=23222.18 | bars_from_origin=25.0 slope=0.0000 | BELOW gap=23.07
2026-03-19 13:36:26,713 [INFO]   [P1 (L19-H18)] main: lineP=23011.55 | bars_from_origin=25.0 slope=-12.2500 | BELOW gap=233.70
2026-03-19 13:36:26,713 [INFO]   [P1 (L19-H18)] 0.875: lineP=23128.56 | bars_from_origin=25.0 slope=-7.5695 | BELOW gap=116.69
2026-03-19 13:36:26,713 [INFO]   [P1 (L19-H18)] 0.75: lineP=23187.00 | bars_from_origin=25.0 slope=-5.2319 | BELOW gap=58.25
2026-03-19 13:36:26,713 [INFO]   [P1 (L19-H18)] 0.5: lineP=23249.64 | bars_from_origin=25.0 slope=-2.7265 | HIT gap=0.00
2026-03-19 13:36:26,713 [INFO]     >>> HIT RECORDED: P1 (L19-H18) frac=0.5 @ 23249.64
2026-03-19 13:36:26,713 [INFO]   [P1 (L19-H18)] 0.25: lineP=23287.46 | bars_from_origin=25.0 slope=-1.2134 | ABOVE gap=6.27
2026-03-19 13:36:26,713 [INFO]   [P1 (L19-H18)] 0.125: lineP=23303.03 | bars_from_origin=25.0 slope=-0.5909 | ABOVE gap=21.83
2026-03-19 13:36:26,713 [INFO]   [P1 (L19-H18)] main: lineP=23293.26 | bars_from_origin=16.0 slope=0.0000 | ABOVE gap=12.06
2026-03-19 13:36:26,713 [INFO]   [P3 (L18-H17)] main: lineP=22566.86 | bars_from_origin=63.0 slope=-20.5547 | BELOW gap=678.39
2026-03-19 13:36:26,713 [INFO]   [P3 (L18-H17)] 0.875: lineP=23231.15 | bars_from_origin=63.0 slope=-10.0103 | BELOW gap=14.10
2026-03-19 13:36:26,714 [INFO]   [P3 (L18-H17)] 0.75: lineP=23463.56 | bars_from_origin=63.0 slope=-6.3212 | ABOVE gap=182.36
2026-03-19 13:36:26,714 [INFO]   [P3 (L18-H17)] 0.5: lineP=23668.64 | bars_from_origin=63.0 slope=-3.0661 | ABOVE gap=387.44
2026-03-19 13:36:26,714 [INFO]   [P3 (L18-H17)] 0.25: lineP=23777.98 | bars_from_origin=63.0 slope=-1.3305 | ABOVE gap=496.78
2026-03-19 13:36:26,714 [INFO]   [P3 (L18-H17)] 0.125: lineP=23821.19 | bars_from_origin=63.0 slope=-0.6446 | ABOVE gap=539.99
2026-03-19 13:36:26,714 [INFO]   [P3 (L18-H17)] main: lineP=23763.69 | bars_from_origin=31.0 slope=0.0000 | ABOVE gap=482.49
2026-03-19 13:36:26,714 [INFO]   [IntDet] Total hits this bar: 1
2026-03-19 13:36:26,714 [INFO] [Study] Emitting intersection event (DIRECT): {'time': 1773902940, 'fan': 'P1 (L19-H18)', 'fanIdentity': 'L19-H18', 'fraction': '1/2', 'price': 23249.638082932328, 'type': 'CROSS_DOWN', 'details': 'Breakdown Attempt'}
2026-03-19 13:36:26,721 [INFO] [IntDet] Bar 423 | 2026-03-19 12:23 | H=23257.95 L=23238.95 C=23250.40 | Fans=3 Lines=21
2026-03-19 13:36:26,721 [INFO]   [P2 (H18-L18)] main: lineP=23810.72 | bars_from_origin=32.0 slope=18.9583 | ABOVE gap=552.77
2026-03-19 13:36:26,722 [INFO]   [P2 (H18-L18)] 0.875: lineP=23512.21 | bars_from_origin=32.0 slope=9.6299 | ABOVE gap=254.26
2026-03-19 13:36:26,722 [INFO]   [P2 (H18-L18)] 0.75: lineP=23401.35 | bars_from_origin=32.0 slope=6.1657 | ABOVE gap=143.40
2026-03-19 13:36:26,722 [INFO]   [P2 (H18-L18)] 0.5: lineP=23300.73 | bars_from_origin=32.0 slope=3.0212 | ABOVE gap=42.78
2026-03-19 13:36:26,722 [INFO]   [P2 (H18-L18)] 0.25: lineP=23246.15 | bars_from_origin=32.0 slope=1.3155 | HIT gap=0.00
2026-03-19 13:36:26,722 [INFO]     >>> HIT RECORDED: P2 (H18-L18) frac=0.25 @ 23246.15
2026-03-19 13:36:26,722 [INFO]   [P2 (H18-L18)] 0.125: lineP=23224.46 | bars_from_origin=32.0 slope=0.6378 | BELOW gap=14.49
2026-03-19 13:36:26,722 [INFO]   [P2 (H18-L18)] main: lineP=23222.18 | bars_from_origin=26.0 slope=0.0000 | BELOW gap=16.77
2026-03-19 13:36:26,723 [INFO]   [P1 (L19-H18)] main: lineP=22999.30 | bars_from_origin=26.0 slope=-12.2500 | BELOW gap=239.65
2026-03-19 13:36:26,723 [INFO]   [P1 (L19-H18)] 0.875: lineP=23120.99 | bars_from_origin=26.0 slope=-7.5695 | BELOW gap=117.95
2026-03-19 13:36:26,723 [INFO]   [P1 (L19-H18)] 0.75: lineP=23181.77 | bars_from_origin=26.0 slope=-5.2319 | BELOW gap=57.18
2026-03-19 13:36:26,723 [INFO]   [P1 (L19-H18)] 0.5: lineP=23246.91 | bars_from_origin=26.0 slope=-2.7265 | HIT gap=0.00
2026-03-19 13:36:26,723 [INFO]     >>> HIT RECORDED: P1 (L19-H18) frac=0.5 @ 23246.91
2026-03-19 13:36:26,723 [INFO]   [P1 (L19-H18)] 0.25: lineP=23286.25 | bars_from_origin=26.0 slope=-1.2134 | ABOVE gap=28.30
2026-03-19 13:36:26,723 [INFO]   [P1 (L19-H18)] 0.125: lineP=23302.44 | bars_from_origin=26.0 slope=-0.5909 | ABOVE gap=44.49
2026-03-19 13:36:26,723 [INFO]   [P1 (L19-H18)] main: lineP=23293.26 | bars_from_origin=17.0 slope=0.0000 | ABOVE gap=35.31
2026-03-19 13:36:26,723 [INFO]   [P3 (L18-H17)] main: lineP=22546.30 | bars_from_origin=64.0 slope=-20.5547 | BELOW gap=692.65
2026-03-19 13:36:26,723 [INFO]   [P3 (L18-H17)] 0.875: lineP=23221.14 | bars_from_origin=64.0 slope=-10.0103 | BELOW gap=17.81
2026-03-19 13:36:26,723 [INFO]   [P3 (L18-H17)] 0.75: lineP=23457.24 | bars_from_origin=64.0 slope=-6.3212 | ABOVE gap=199.29
2026-03-19 13:36:26,723 [INFO]   [P3 (L18-H17)] 0.5: lineP=23665.57 | bars_from_origin=64.0 slope=-3.0661 | ABOVE gap=407.62
2026-03-19 13:36:26,723 [INFO]   [P3 (L18-H17)] 0.25: lineP=23776.65 | bars_from_origin=64.0 slope=-1.3305 | ABOVE gap=518.70
2026-03-19 13:36:26,724 [INFO]   [P3 (L18-H17)] 0.125: lineP=23820.55 | bars_from_origin=64.0 slope=-0.6446 | ABOVE gap=562.60
2026-03-19 13:36:26,724 [INFO]   [P3 (L18-H17)] main: lineP=23763.69 | bars_from_origin=32.0 slope=0.0000 | ABOVE gap=505.74
2026-03-19 13:36:26,724 [INFO]   [IntDet] Total hits this bar: 2
2026-03-19 13:36:26,724 [INFO] [Study] Emitting intersection event (DIRECT): {'time': 1773903180, 'fan': 'P2 (H18-L18)', 'fanIdentity': 'H18-L18', 'fraction': '1/4', 'price': 23246.14633319653, 'type': 'SUPPORT_TEST', 'details': 'Resting / Throwback'}
2026-03-19 13:36:26,731 [INFO] [Study] Emitting intersection event (DIRECT): {'time': 1773903180, 'fan': 'P1 (L19-H18)', 'fanIdentity': 'L19-H18', 'fraction': '1/2', 'price': 23246.911574999624, 'type': 'SUPPORT_TEST', 'details': 'Resting / Throwback'}
2026-03-19 13:36:26,736 [INFO] [Tracking] FAKE OUT: Fan_L19_H18 0.5 (T+1 bars)
2026-03-19 13:36:26,740 [INFO] [IntDet] Bar 424 | 2026-03-19 12:27 | H=23264.70 L=23240.95 C=23257.95 | Fans=3 Lines=21
2026-03-19 13:36:26,740 [INFO]   [P2 (H18-L18)] main: lineP=23829.68 | bars_from_origin=33.0 slope=18.9583 | ABOVE gap=564.98
2026-03-19 13:36:26,740 [INFO]   [P2 (H18-L18)] 0.875: lineP=23521.84 | bars_from_origin=33.0 slope=9.6299 | ABOVE gap=257.14
2026-03-19 13:36:26,740 [INFO]   [P2 (H18-L18)] 0.75: lineP=23407.52 | bars_from_origin=33.0 slope=6.1657 | ABOVE gap=142.82
2026-03-19 13:36:26,740 [INFO]   [P2 (H18-L18)] 0.5: lineP=23303.75 | bars_from_origin=33.0 slope=3.0212 | ABOVE gap=39.05
2026-03-19 13:36:26,741 [INFO]   [P2 (H18-L18)] 0.25: lineP=23247.46 | bars_from_origin=33.0 slope=1.3155 | HIT gap=0.00
2026-03-19 13:36:26,741 [INFO]     >>> HIT RECORDED: P2 (H18-L18) frac=0.25 @ 23247.46
2026-03-19 13:36:26,741 [INFO]   [P2 (H18-L18)] 0.125: lineP=23225.10 | bars_from_origin=33.0 slope=0.6378 | BELOW gap=15.85
2026-03-19 13:36:26,741 [INFO]   [P2 (H18-L18)] main: lineP=23222.18 | bars_from_origin=27.0 slope=0.0000 | BELOW gap=18.77
2026-03-19 13:36:26,741 [INFO]   [P1 (L19-H18)] main: lineP=22987.05 | bars_from_origin=27.0 slope=-12.2500 | BELOW gap=253.90
2026-03-19 13:36:26,741 [INFO]   [P1 (L19-H18)] 0.875: lineP=23113.43 | bars_from_origin=27.0 slope=-7.5695 | BELOW gap=127.52
2026-03-19 13:36:26,741 [INFO]   [P1 (L19-H18)] 0.75: lineP=23176.54 | bars_from_origin=27.0 slope=-5.2319 | BELOW gap=64.41
2026-03-19 13:36:26,741 [INFO]   [P1 (L19-H18)] 0.5: lineP=23244.19 | bars_from_origin=27.0 slope=-2.7265 | HIT gap=0.00
2026-03-19 13:36:26,741 [INFO]     >>> HIT RECORDED: P1 (L19-H18) frac=0.5 @ 23244.19
2026-03-19 13:36:26,741 [INFO]   [P1 (L19-H18)] 0.25: lineP=23285.04 | bars_from_origin=27.0 slope=-1.2134 | ABOVE gap=20.34
2026-03-19 13:36:26,741 [INFO]   [P1 (L19-H18)] 0.125: lineP=23301.85 | bars_from_origin=27.0 slope=-0.5909 | ABOVE gap=37.15
2026-03-19 13:36:26,741 [INFO]   [P1 (L19-H18)] main: lineP=23293.26 | bars_from_origin=18.0 slope=0.0000 | ABOVE gap=28.56
2026-03-19 13:36:26,741 [INFO]   [P3 (L18-H17)] main: lineP=22525.75 | bars_from_origin=65.0 slope=-20.5547 | BELOW gap=715.20
2026-03-19 13:36:26,741 [INFO]   [P3 (L18-H17)] 0.875: lineP=23211.13 | bars_from_origin=65.0 slope=-10.0103 | BELOW gap=29.82
2026-03-19 13:36:26,742 [INFO]   [P3 (L18-H17)] 0.75: lineP=23450.92 | bars_from_origin=65.0 slope=-6.3212 | ABOVE gap=186.22
2026-03-19 13:36:26,742 [INFO]   [P3 (L18-H17)] 0.5: lineP=23662.51 | bars_from_origin=65.0 slope=-3.0661 | ABOVE gap=397.81
2026-03-19 13:36:26,742 [INFO]   [P3 (L18-H17)] 0.25: lineP=23775.32 | bars_from_origin=65.0 slope=-1.3305 | ABOVE gap=510.62
2026-03-19 13:36:26,742 [INFO]   [P3 (L18-H17)] 0.125: lineP=23819.90 | bars_from_origin=65.0 slope=-0.6446 | ABOVE gap=555.20
2026-03-19 13:36:26,742 [INFO]   [P3 (L18-H17)] main: lineP=23763.69 | bars_from_origin=33.0 slope=0.0000 | ABOVE gap=498.99
2026-03-19 13:36:26,742 [INFO]   [IntDet] Total hits this bar: 2
2026-03-19 13:36:26,742 [INFO] [Study] Emitting intersection event (DIRECT): {'time': 1773903420, 'fan': 'P2 (H18-L18)', 'fanIdentity': 'H18-L18', 'fraction': '1/4', 'price': 23247.46181919486, 'type': 'SUPPORT_TEST', 'details': 'Resting / Throwback'}
2026-03-19 13:36:26,747 [INFO] [Study] Emitting intersection event (DIRECT): {'time': 1773903420, 'fan': 'P1 (L19-H18)', 'fanIdentity': 'L19-H18', 'fraction': '1/2', 'price': 23244.185067066916, 'type': 'SUPPORT_TEST', 'details': 'Resting / Throwback'}
2026-03-19 13:36:26,755 [INFO] [IntDet] Bar 425 | 2026-03-19 12:31 | H=23259.80 L=23235.85 C=23248.95 | Fans=3 Lines=21
2026-03-19 13:36:26,755 [INFO]   [P2 (H18-L18)] main: lineP=23848.63 | bars_from_origin=34.0 slope=18.9583 | ABOVE gap=588.83
2026-03-19 13:36:26,755 [INFO]   [P2 (H18-L18)] 0.875: lineP=23531.47 | bars_from_origin=34.0 slope=9.6299 | ABOVE gap=271.67
2026-03-19 13:36:26,756 [INFO]   [P2 (H18-L18)] 0.75: lineP=23413.68 | bars_from_origin=34.0 slope=6.1657 | ABOVE gap=153.88
2026-03-19 13:36:26,756 [INFO]   [P2 (H18-L18)] 0.5: lineP=23306.77 | bars_from_origin=34.0 slope=3.0212 | ABOVE gap=46.97
2026-03-19 13:36:26,756 [INFO]   [P2 (H18-L18)] 0.25: lineP=23248.78 | bars_from_origin=34.0 slope=1.3155 | HIT gap=0.00
2026-03-19 13:36:26,756 [INFO]     >>> HIT RECORDED: P2 (H18-L18) frac=0.25 @ 23248.78
2026-03-19 13:36:26,756 [INFO]   [P2 (H18-L18)] 0.125: lineP=23225.74 | bars_from_origin=34.0 slope=0.6378 | BELOW gap=10.11
2026-03-19 13:36:26,756 [INFO]   [P2 (H18-L18)] main: lineP=23222.18 | bars_from_origin=28.0 slope=0.0000 | BELOW gap=13.67
2026-03-19 13:36:26,756 [INFO]   [P1 (L19-H18)] main: lineP=22974.80 | bars_from_origin=28.0 slope=-12.2500 | BELOW gap=261.05
2026-03-19 13:36:26,756 [INFO]   [P1 (L19-H18)] 0.875: lineP=23105.86 | bars_from_origin=28.0 slope=-7.5695 | BELOW gap=129.99
2026-03-19 13:36:26,756 [INFO]   [P1 (L19-H18)] 0.75: lineP=23171.31 | bars_from_origin=28.0 slope=-5.2319 | BELOW gap=64.54
2026-03-19 13:36:26,756 [INFO]   [P1 (L19-H18)] 0.5: lineP=23241.46 | bars_from_origin=28.0 slope=-2.7265 | HIT gap=0.00
2026-03-19 13:36:26,756 [INFO]     >>> HIT RECORDED: P1 (L19-H18) frac=0.5 @ 23241.46
2026-03-19 13:36:26,757 [INFO]   [P1 (L19-H18)] 0.25: lineP=23283.82 | bars_from_origin=28.0 slope=-1.2134 | ABOVE gap=24.02
2026-03-19 13:36:26,757 [INFO]   [P1 (L19-H18)] 0.125: lineP=23301.26 | bars_from_origin=28.0 slope=-0.5909 | ABOVE gap=41.45
2026-03-19 13:36:26,757 [INFO]   [P1 (L19-H18)] main: lineP=23293.26 | bars_from_origin=19.0 slope=0.0000 | ABOVE gap=33.46
2026-03-19 13:36:26,757 [INFO]   [P3 (L18-H17)] main: lineP=22505.19 | bars_from_origin=66.0 slope=-20.5547 | BELOW gap=730.66
2026-03-19 13:36:26,757 [INFO]   [P3 (L18-H17)] 0.875: lineP=23201.12 | bars_from_origin=66.0 slope=-10.0103 | BELOW gap=34.73
2026-03-19 13:36:26,757 [INFO]   [P3 (L18-H17)] 0.75: lineP=23444.60 | bars_from_origin=66.0 slope=-6.3212 | ABOVE gap=184.80
2026-03-19 13:36:26,757 [INFO]   [P3 (L18-H17)] 0.5: lineP=23659.44 | bars_from_origin=66.0 slope=-3.0661 | ABOVE gap=399.64
2026-03-19 13:36:26,758 [INFO]   [P3 (L18-H17)] 0.25: lineP=23773.99 | bars_from_origin=66.0 slope=-1.3305 | ABOVE gap=514.19
2026-03-19 13:36:26,758 [INFO]   [P3 (L18-H17)] 0.125: lineP=23819.26 | bars_from_origin=66.0 slope=-0.6446 | ABOVE gap=559.46
2026-03-19 13:36:26,758 [INFO]   [P3 (L18-H17)] main: lineP=23763.69 | bars_from_origin=34.0 slope=0.0000 | ABOVE gap=503.89
2026-03-19 13:36:26,758 [INFO]   [IntDet] Total hits this bar: 2
2026-03-19 13:36:26,758 [INFO] [Study] Emitting intersection event (DIRECT): {'time': 1773903660, 'fan': 'P2 (H18-L18)', 'fanIdentity': 'H18-L18', 'fraction': '1/4', 'price': 23248.777305193187, 'type': 'SUPPORT_TEST', 'details': 'Resting / Throwback'}
2026-03-19 13:36:26,763 [INFO] [Study] Emitting intersection event (DIRECT): {'time': 1773903660, 'fan': 'P1 (L19-H18)', 'fanIdentity': 'L19-H18', 'fraction': '1/2', 'price': 23241.458559134207, 'type': 'SUPPORT_TEST', 'details': 'Resting / Throwback'}
2026-03-19 13:36:26,777 [INFO] [IntDet] Bar 426 | 2026-03-19 12:35 | H=23260.65 L=23244.25 C=23260.65 | Fans=3 Lines=21
2026-03-19 13:36:26,777 [INFO]   [P2 (H18-L18)] main: lineP=23867.59 | bars_from_origin=35.0 slope=18.9583 | ABOVE gap=606.94
2026-03-19 13:36:26,777 [INFO]   [P2 (H18-L18)] 0.875: lineP=23541.10 | bars_from_origin=35.0 slope=9.6299 | ABOVE gap=280.45
2026-03-19 13:36:26,778 [INFO]   [P2 (H18-L18)] 0.75: lineP=23419.85 | bars_from_origin=35.0 slope=6.1657 | ABOVE gap=159.20
2026-03-19 13:36:26,778 [INFO]   [P2 (H18-L18)] 0.5: lineP=23309.79 | bars_from_origin=35.0 slope=3.0212 | ABOVE gap=49.14
2026-03-19 13:36:26,778 [INFO]   [P2 (H18-L18)] 0.25: lineP=23250.09 | bars_from_origin=35.0 slope=1.3155 | HIT gap=0.00
2026-03-19 13:36:26,778 [INFO]     >>> HIT RECORDED: P2 (H18-L18) frac=0.25 @ 23250.09
2026-03-19 13:36:26,778 [INFO]   [P2 (H18-L18)] 0.125: lineP=23226.37 | bars_from_origin=35.0 slope=0.6378 | BELOW gap=17.88
2026-03-19 13:36:26,778 [INFO]   [P2 (H18-L18)] main: lineP=23222.18 | bars_from_origin=29.0 slope=0.0000 | BELOW gap=22.07
2026-03-19 13:36:26,778 [INFO]   [P1 (L19-H18)] main: lineP=22962.55 | bars_from_origin=29.0 slope=-12.2500 | BELOW gap=281.70
2026-03-19 13:36:26,778 [INFO]   [P1 (L19-H18)] 0.875: lineP=23098.29 | bars_from_origin=29.0 slope=-7.5695 | BELOW gap=145.96
2026-03-19 13:36:26,778 [INFO]   [P1 (L19-H18)] 0.75: lineP=23166.08 | bars_from_origin=29.0 slope=-5.2319 | BELOW gap=78.17
2026-03-19 13:36:26,779 [INFO]   [P1 (L19-H18)] 0.5: lineP=23238.73 | bars_from_origin=29.0 slope=-2.7265 | BELOW gap=5.52
2026-03-19 13:36:26,779 [INFO]   [P1 (L19-H18)] 0.25: lineP=23282.61 | bars_from_origin=29.0 slope=-1.2134 | ABOVE gap=21.96
2026-03-19 13:36:26,779 [INFO]   [P1 (L19-H18)] 0.125: lineP=23300.66 | bars_from_origin=29.0 slope=-0.5909 | ABOVE gap=40.01
2026-03-19 13:36:26,779 [INFO]   [P1 (L19-H18)] main: lineP=23293.26 | bars_from_origin=20.0 slope=0.0000 | ABOVE gap=32.61
2026-03-19 13:36:26,779 [INFO]   [P3 (L18-H17)] main: lineP=22484.64 | bars_from_origin=67.0 slope=-20.5547 | BELOW gap=759.61
2026-03-19 13:36:26,779 [INFO]   [P3 (L18-H17)] 0.875: lineP=23191.11 | bars_from_origin=67.0 slope=-10.0103 | BELOW gap=53.14
2026-03-19 13:36:26,779 [INFO]   [P3 (L18-H17)] 0.75: lineP=23438.28 | bars_from_origin=67.0 slope=-6.3212 | ABOVE gap=177.63
2026-03-19 13:36:26,779 [INFO]   [P3 (L18-H17)] 0.5: lineP=23656.37 | bars_from_origin=67.0 slope=-3.0661 | ABOVE gap=395.72
2026-03-19 13:36:26,779 [INFO]   [P3 (L18-H17)] 0.25: lineP=23772.66 | bars_from_origin=67.0 slope=-1.3305 | ABOVE gap=512.01
2026-03-19 13:36:26,779 [INFO]   [P3 (L18-H17)] 0.125: lineP=23818.61 | bars_from_origin=67.0 slope=-0.6446 | ABOVE gap=557.96
2026-03-19 13:36:26,779 [INFO]   [P3 (L18-H17)] main: lineP=23763.69 | bars_from_origin=35.0 slope=0.0000 | ABOVE gap=503.04
2026-03-19 13:36:26,779 [INFO]   [IntDet] Total hits this bar: 1
2026-03-19 13:36:26,779 [INFO] [Study] Emitting intersection event (DIRECT): {'time': 1773903900, 'fan': 'P2 (H18-L18)', 'fanIdentity': 'H18-L18', 'fraction': '1/4', 'price': 23250.092791191517, 'type': 'CROSS_UP', 'details': 'Breakout Attempt'}
2026-03-19 13:36:26,792 [INFO] [Study] Removing invalidated/excess fan: Fan_H18_L18
2026-03-19 13:36:26,792 [INFO] [Study] Removing invalidated/excess fan: Fan_L18_H17
2026-03-19 13:36:26,792 [INFO] [Study] Creating new fan: Fan_H20_L20 (P1 (H20-L20))
2026-03-19 13:36:26,793 [INFO] [AngleEngine] scale_ratio=3.6603, slope_per_bar=21.1165, visual_slope=5.7691, theta=80.17 deg
2026-03-19 13:36:26,793 [INFO] --- [AngleEngine] Fan Created: Fan_H20_L20 ---
2026-03-19 13:36:26,794 [INFO]   Origin: Bar 419, Time 1773902220, Price 23217.849609375
2026-03-19 13:36:26,794 [INFO]   Target: Bar 422, Time 1773902940, Price 23281.19921875
2026-03-19 13:36:26,794 [INFO]   Delta: db=3, dp_origin=63.35
2026-03-19 13:36:26,795 [INFO]   Scale Params: Ratio=3.6603, Radius=17.57 bars, Slope/Bar=21.1165
2026-03-19 13:36:26,795 [INFO]   Line 0.875: EndBar=1773902940 (approx), EndPrice=23248.26
2026-03-19 13:36:26,795 [INFO]   Line 0.75: EndBar=1773902940 (approx), EndPrice=23236.96
2026-03-19 13:36:26,795 [INFO]   Line 0.5: EndBar=1773902940 (approx), EndPrice=23227.09
2026-03-19 13:36:26,795 [INFO]   Line 0.25: EndBar=1773902940 (approx), EndPrice=23221.86
2026-03-19 13:36:26,795 [INFO]   Line 0.125: EndBar=1773902940 (approx), EndPrice=23219.79
2026-03-19 13:36:26,795 [INFO] [Study] Updating fan priority: Fan_L19_H18 -> P3 (L19-H18)
2026-03-19 13:36:26,795 [INFO] [Study] Creating new fan: Fan_H20_L19 (P2 (H20-L19))
2026-03-19 13:36:26,795 [INFO] [AngleEngine] scale_ratio=3.6603, slope_per_bar=4.6030, visual_slope=1.2576, theta=51.51 deg
2026-03-19 13:36:26,796 [INFO] --- [AngleEngine] Fan Created: Fan_H20_L19 ---
2026-03-19 13:36:26,796 [INFO]   Origin: Bar 406, Time 1773899100, Price 23207.55078125
2026-03-19 13:36:26,796 [INFO]   Target: Bar 422, Time 1773902940, Price 23281.19921875
2026-03-19 13:36:26,796 [INFO]   Delta: db=16, dp_origin=73.65
2026-03-19 13:36:26,796 [INFO]   Scale Params: Ratio=3.6603, Radius=25.71 bars, Slope/Bar=4.6030
2026-03-19 13:36:26,796 [INFO]   Line 0.875: EndBar=1773902940 (approx), EndPrice=23266.26
2026-03-19 13:36:26,796 [INFO]   Line 0.75: EndBar=1773902940 (approx), EndPrice=23254.35
2026-03-19 13:36:26,796 [INFO]   Line 0.5: EndBar=1773902940 (approx), EndPrice=23235.80
2026-03-19 13:36:26,797 [INFO]   Line 0.25: EndBar=1773902940 (approx), EndPrice=23220.94
2026-03-19 13:36:26,797 [INFO]   Line 0.125: EndBar=1773902940 (approx), EndPrice=23214.16
2026-03-19 13:36:26,797 [INFO] [IntDet] Bar 427 | 2026-03-19 12:39 | H=23261.15 L=23236.65 C=23239.05 | Fans=3 Lines=21
2026-03-19 13:36:26,797 [INFO]   [P3 (L19-H18)] main: lineP=22950.30 | bars_from_origin=30.0 slope=-12.2500 | BELOW gap=286.35
2026-03-19 13:36:26,797 [INFO]   [P3 (L19-H18)] 0.875: lineP=23090.72 | bars_from_origin=30.0 slope=-7.5695 | BELOW gap=145.93
2026-03-19 13:36:26,797 [INFO]   [P3 (L19-H18)] 0.75: lineP=23160.84 | bars_from_origin=30.0 slope=-5.2319 | BELOW gap=75.81
2026-03-19 13:36:26,798 [INFO]   [P3 (L19-H18)] 0.5: lineP=23236.01 | bars_from_origin=30.0 slope=-2.7265 | BELOW gap=0.64
2026-03-19 13:36:26,798 [INFO]   [P3 (L19-H18)] 0.25: lineP=23281.40 | bars_from_origin=30.0 slope=-1.2134 | ABOVE gap=20.25
2026-03-19 13:36:26,798 [INFO]   [P3 (L19-H18)] 0.125: lineP=23300.07 | bars_from_origin=30.0 slope=-0.5909 | ABOVE gap=38.92
2026-03-19 13:36:26,798 [INFO]   [P3 (L19-H18)] main: lineP=23293.26 | bars_from_origin=21.0 slope=0.0000 | ABOVE gap=32.11
2026-03-19 13:36:26,798 [INFO]   [P1 (H20-L20)] main: lineP=23386.78 | bars_from_origin=8.0 slope=21.1165 | ABOVE gap=125.63
2026-03-19 13:36:26,798 [INFO]   [P1 (H20-L20)] 0.875: lineP=23298.94 | bars_from_origin=8.0 slope=10.1366 | ABOVE gap=37.79
2026-03-19 13:36:26,798 [INFO]   [P1 (H20-L20)] 0.75: lineP=23268.82 | bars_from_origin=8.0 slope=6.3718 | ABOVE gap=7.67
2026-03-19 13:36:26,798 [INFO]   [P1 (H20-L20)] 0.5: lineP=23242.49 | bars_from_origin=8.0 slope=3.0804 | HIT gap=0.00
2026-03-19 13:36:26,798 [INFO]     >>> HIT RECORDED: P1 (H20-L20) frac=0.5 @ 23242.49
2026-03-19 13:36:26,799 [INFO]   [P1 (H20-L20)] 0.25: lineP=23228.53 | bars_from_origin=8.0 slope=1.3352 | BELOW gap=8.12
2026-03-19 13:36:26,799 [INFO]   [P1 (H20-L20)] 0.125: lineP=23223.02 | bars_from_origin=8.0 slope=0.6468 | BELOW gap=13.63
2026-03-19 13:36:26,799 [INFO]   [P1 (H20-L20)] main: lineP=23227.09 | bars_from_origin=5.0 slope=0.0000 | BELOW gap=9.56
2026-03-19 13:36:26,799 [INFO]   [P2 (H20-L19)] main: lineP=23304.21 | bars_from_origin=21.0 slope=4.6030 | ABOVE gap=43.06
2026-03-19 13:36:26,799 [INFO]   [P2 (H20-L19)] 0.875: lineP=23284.60 | bars_from_origin=21.0 slope=3.6692 | ABOVE gap=23.45
2026-03-19 13:36:26,799 [INFO]   [P2 (H20-L19)] 0.75: lineP=23268.98 | bars_from_origin=21.0 slope=2.9253 | ABOVE gap=7.83
2026-03-19 13:36:26,799 [INFO]   [P2 (H20-L19)] 0.5: lineP=23244.63 | bars_from_origin=21.0 slope=1.7659 | HIT gap=0.00
2026-03-19 13:36:26,799 [INFO]     >>> HIT RECORDED: P2 (H20-L19) frac=0.5 @ 23244.63
2026-03-19 13:36:26,799 [INFO]   [P2 (H20-L19)] 0.25: lineP=23225.12 | bars_from_origin=21.0 slope=0.8368 | BELOW gap=11.53
2026-03-19 13:36:26,799 [INFO]   [P2 (H20-L19)] 0.125: lineP=23216.23 | bars_from_origin=21.0 slope=0.4131 | BELOW gap=20.43
2026-03-19 13:36:26,799 [INFO]   [P2 (H20-L19)] main: lineP=23235.80 | bars_from_origin=5.0 slope=0.0000 | BELOW gap=0.85
2026-03-19 13:36:26,799 [INFO]   [IntDet] Total hits this bar: 2
2026-03-19 13:36:26,800 [INFO] [Study] Emitting intersection event (DIRECT): {'time': 1773904140, 'fan': 'P1 (H20-L20)', 'fanIdentity': 'H20-L20', 'fraction': '1/2', 'price': 23242.492909391778, 'type': 'CROSS_DOWN', 'details': 'Breakdown Attempt'}
2026-03-19 13:36:26,807 [INFO] [Study] Emitting intersection event (DIRECT): {'time': 1773904140, 'fan': 'P2 (H20-L19)', 'fanIdentity': 'H20-L19', 'fraction': '1/2', 'price': 23244.633701847033, 'type': 'CROSS_DOWN', 'details': 'Breakdown Attempt'}
2026-03-19 13:36:26,815 [INFO] [IntDet] Bar 428 | 2026-03-19 12:43 | H=23245.10 L=23229.30 C=23243.25 | Fans=3 Lines=21
2026-03-19 13:36:26,815 [INFO]   [P3 (L19-H18)] main: lineP=22938.05 | bars_from_origin=31.0 slope=-12.2500 | BELOW gap=291.25
2026-03-19 13:36:26,815 [INFO]   [P3 (L19-H18)] 0.875: lineP=23083.15 | bars_from_origin=31.0 slope=-7.5695 | BELOW gap=146.15
2026-03-19 13:36:26,815 [INFO]   [P3 (L19-H18)] 0.75: lineP=23155.61 | bars_from_origin=31.0 slope=-5.2319 | BELOW gap=73.69
2026-03-19 13:36:26,815 [INFO]   [P3 (L19-H18)] 0.5: lineP=23233.28 | bars_from_origin=31.0 slope=-2.7265 | HIT gap=0.00
2026-03-19 13:36:26,816 [INFO]     >>> HIT RECORDED: P3 (L19-H18) frac=0.5 @ 23233.28
2026-03-19 13:36:26,816 [INFO]   [P3 (L19-H18)] 0.25: lineP=23280.18 | bars_from_origin=31.0 slope=-1.2134 | ABOVE gap=35.08
2026-03-19 13:36:26,816 [INFO]   [P3 (L19-H18)] 0.125: lineP=23299.48 | bars_from_origin=31.0 slope=-0.5909 | ABOVE gap=54.38
2026-03-19 13:36:26,816 [INFO]   [P3 (L19-H18)] main: lineP=23293.26 | bars_from_origin=22.0 slope=0.0000 | ABOVE gap=48.16
2026-03-19 13:36:26,816 [INFO]   [P1 (H20-L20)] main: lineP=23407.90 | bars_from_origin=9.0 slope=21.1165 | ABOVE gap=162.80
2026-03-19 13:36:26,816 [INFO]   [P1 (H20-L20)] 0.875: lineP=23309.08 | bars_from_origin=9.0 slope=10.1366 | ABOVE gap=63.98
2026-03-19 13:36:26,816 [INFO]   [P1 (H20-L20)] 0.75: lineP=23275.20 | bars_from_origin=9.0 slope=6.3718 | ABOVE gap=30.10
2026-03-19 13:36:26,817 [INFO]   [P1 (H20-L20)] 0.5: lineP=23245.57 | bars_from_origin=9.0 slope=3.0804 | ABOVE gap=0.47
2026-03-19 13:36:26,817 [INFO]   [P1 (H20-L20)] 0.25: lineP=23229.87 | bars_from_origin=9.0 slope=1.3352 | HIT gap=0.00
2026-03-19 13:36:26,817 [INFO]     >>> HIT RECORDED: P1 (H20-L20) frac=0.25 @ 23229.87
2026-03-19 13:36:26,817 [INFO]   [P1 (H20-L20)] 0.125: lineP=23223.67 | bars_from_origin=9.0 slope=0.6468 | BELOW gap=5.63
2026-03-19 13:36:26,817 [INFO]   [P1 (H20-L20)] main: lineP=23227.09 | bars_from_origin=6.0 slope=0.0000 | BELOW gap=2.21
2026-03-19 13:36:26,817 [INFO]   [P2 (H20-L19)] main: lineP=23308.82 | bars_from_origin=22.0 slope=4.6030 | ABOVE gap=63.72
2026-03-19 13:36:26,817 [INFO]   [P2 (H20-L19)] 0.875: lineP=23288.27 | bars_from_origin=22.0 slope=3.6692 | ABOVE gap=43.17
2026-03-19 13:36:26,817 [INFO]   [P2 (H20-L19)] 0.75: lineP=23271.91 | bars_from_origin=22.0 slope=2.9253 | ABOVE gap=26.81
2026-03-19 13:36:26,817 [INFO]   [P2 (H20-L19)] 0.5: lineP=23246.40 | bars_from_origin=22.0 slope=1.7659 | ABOVE gap=1.30
2026-03-19 13:36:26,817 [INFO]   [P2 (H20-L19)] 0.25: lineP=23225.96 | bars_from_origin=22.0 slope=0.8368 | BELOW gap=3.34
2026-03-19 13:36:26,817 [INFO]   [P2 (H20-L19)] 0.125: lineP=23216.64 | bars_from_origin=22.0 slope=0.4131 | BELOW gap=12.66
2026-03-19 13:36:26,818 [INFO]   [P2 (H20-L19)] main: lineP=23235.80 | bars_from_origin=6.0 slope=0.0000 | HIT gap=0.00
2026-03-19 13:36:26,818 [INFO]     >>> HIT RECORDED: P2 (H20-L19) frac=main @ 23235.80
2026-03-19 13:36:26,818 [INFO]   [IntDet] Total hits this bar: 3
2026-03-19 13:36:26,818 [INFO] [Study] Emitting intersection event (DIRECT): {'time': 1773904380, 'fan': 'P3 (L19-H18)', 'fanIdentity': 'L19-H18', 'fraction': '1/2', 'price': 23233.279035336087, 'type': 'SUPPORT_TEST', 'details': 'Resting / Throwback'}
2026-03-19 13:36:26,824 [INFO] [Study] Emitting intersection event (DIRECT): {'time': 1773904380, 'fan': 'P1 (H20-L20)', 'fanIdentity': 'H20-L20', 'fraction': '1/4', 'price': 23229.86682842874, 'type': 'SUPPORT_TEST', 'details': 'Resting / Throwback'}
2026-03-19 13:36:26,829 [INFO] [Study] Emitting intersection event (DIRECT): {'time': 1773904380, 'fan': 'P2 (H20-L19)', 'fanIdentity': 'H20-L19', 'fraction': 'Horizontal', 'price': 23235.804435038215, 'type': 'SUPPORT_TEST', 'details': 'Resting / Throwback'}
2026-03-19 13:36:26,835 [INFO] [Tracking] FAKE OUT: Fan_H20_L20 0.5 (T+1 bars)
2026-03-19 13:36:26,839 [INFO] [IntDet] Bar 429 | 2026-03-19 12:47 | H=23274.95 L=23239.10 C=23263.55 | Fans=3 Lines=21
2026-03-19 13:36:26,839 [INFO]   [P3 (L19-H18)] main: lineP=22925.80 | bars_from_origin=32.0 slope=-12.2500 | BELOW gap=313.30
2026-03-19 13:36:26,839 [INFO]   [P3 (L19-H18)] 0.875: lineP=23075.58 | bars_from_origin=32.0 slope=-7.5695 | BELOW gap=163.52
2026-03-19 13:36:26,840 [INFO]   [P3 (L19-H18)] 0.75: lineP=23150.38 | bars_from_origin=32.0 slope=-5.2319 | BELOW gap=88.72
2026-03-19 13:36:26,840 [INFO]   [P3 (L19-H18)] 0.5: lineP=23230.55 | bars_from_origin=32.0 slope=-2.7265 | BELOW gap=8.55
2026-03-19 13:36:26,840 [INFO]   [P3 (L19-H18)] 0.25: lineP=23278.97 | bars_from_origin=32.0 slope=-1.2134 | ABOVE gap=4.02
2026-03-19 13:36:26,840 [INFO]   [P3 (L19-H18)] 0.125: lineP=23298.89 | bars_from_origin=32.0 slope=-0.5909 | ABOVE gap=23.94
2026-03-19 13:36:26,840 [INFO]   [P3 (L19-H18)] main: lineP=23293.26 | bars_from_origin=23.0 slope=0.0000 | ABOVE gap=18.31
2026-03-19 13:36:26,840 [INFO]   [P1 (H20-L20)] main: lineP=23429.01 | bars_from_origin=10.0 slope=21.1165 | ABOVE gap=154.07
2026-03-19 13:36:26,840 [INFO]   [P1 (H20-L20)] 0.875: lineP=23319.22 | bars_from_origin=10.0 slope=10.1366 | ABOVE gap=44.27
2026-03-19 13:36:26,840 [INFO]   [P1 (H20-L20)] 0.75: lineP=23281.57 | bars_from_origin=10.0 slope=6.3718 | ABOVE gap=6.62
2026-03-19 13:36:26,840 [INFO]   [P1 (H20-L20)] 0.5: lineP=23248.65 | bars_from_origin=10.0 slope=3.0804 | HIT gap=0.00
2026-03-19 13:36:26,840 [INFO]     >>> HIT RECORDED: P1 (H20-L20) frac=0.5 @ 23248.65
2026-03-19 13:36:26,840 [INFO]   [P1 (H20-L20)] 0.25: lineP=23231.20 | bars_from_origin=10.0 slope=1.3352 | BELOW gap=7.90
2026-03-19 13:36:26,841 [INFO]   [P1 (H20-L20)] 0.125: lineP=23224.32 | bars_from_origin=10.0 slope=0.6468 | BELOW gap=14.78
2026-03-19 13:36:26,841 [INFO]   [P1 (H20-L20)] main: lineP=23227.09 | bars_from_origin=7.0 slope=0.0000 | BELOW gap=12.01
2026-03-19 13:36:26,841 [INFO]   [P2 (H20-L19)] main: lineP=23313.42 | bars_from_origin=23.0 slope=4.6030 | ABOVE gap=38.47
2026-03-19 13:36:26,841 [INFO]   [P2 (H20-L19)] 0.875: lineP=23291.94 | bars_from_origin=23.0 slope=3.6692 | ABOVE gap=16.99
2026-03-19 13:36:26,841 [INFO]   [P2 (H20-L19)] 0.75: lineP=23274.83 | bars_from_origin=23.0 slope=2.9253 | HIT gap=0.00
2026-03-19 13:36:26,841 [INFO]     >>> HIT RECORDED: P2 (H20-L19) frac=0.75 @ 23274.83
2026-03-19 13:36:26,841 [INFO]   [P2 (H20-L19)] 0.5: lineP=23248.17 | bars_from_origin=23.0 slope=1.7659 | HIT gap=0.00
2026-03-19 13:36:26,841 [INFO]     >>> HIT RECORDED: P2 (H20-L19) frac=0.5 @ 23248.17
2026-03-19 13:36:26,841 [INFO]   [P2 (H20-L19)] 0.25: lineP=23226.80 | bars_from_origin=23.0 slope=0.8368 | BELOW gap=12.30
2026-03-19 13:36:26,842 [INFO]   [P2 (H20-L19)] 0.125: lineP=23217.05 | bars_from_origin=23.0 slope=0.4131 | BELOW gap=22.05
2026-03-19 13:36:26,842 [INFO]   [P2 (H20-L19)] main: lineP=23235.80 | bars_from_origin=7.0 slope=0.0000 | BELOW gap=3.30
2026-03-19 13:36:26,842 [INFO]   [IntDet] Total hits this bar: 3
2026-03-19 13:36:26,842 [INFO] [Study] Emitting intersection event (DIRECT): {'time': 1773904620, 'fan': 'P1 (H20-L20)', 'fanIdentity': 'H20-L20', 'fraction': '1/2', 'price': 23248.653734395975, 'type': 'CROSS_UP', 'details': 'Breakout Attempt'}
2026-03-19 13:36:26,851 [INFO] [Study] Emitting intersection event (DIRECT): {'time': 1773904620, 'fan': 'P2 (H20-L19)', 'fanIdentity': 'H20-L19', 'fraction': '3/4', 'price': 23274.83179127949, 'type': 'RESISTANCE_TEST', 'details': 'Rejection / Pullback'}
2026-03-19 13:36:26,860 [INFO] [Study] Emitting intersection event (DIRECT): {'time': 1773904620, 'fan': 'P2 (H20-L19)', 'fanIdentity': 'H20-L19', 'fraction': '1/2', 'price': 23248.16540857056, 'type': 'CROSS_UP', 'details': 'Breakout Attempt'}
2026-03-19 13:36:26,869 [INFO] [Tracking] FAKE OUT: Fan_H20_L19 0.5 (T+2 bars)
2026-03-19 13:36:26,873 [INFO] [IntDet] Bar 430 | 2026-03-19 12:51 | H=23274.60 L=23253.40 C=23273.85 | Fans=3 Lines=21
2026-03-19 13:36:26,873 [INFO]   [P3 (L19-H18)] main: lineP=22913.55 | bars_from_origin=33.0 slope=-12.2500 | BELOW gap=339.85
2026-03-19 13:36:26,874 [INFO]   [P3 (L19-H18)] 0.875: lineP=23068.01 | bars_from_origin=33.0 slope=-7.5695 | BELOW gap=185.39
2026-03-19 13:36:26,874 [INFO]   [P3 (L19-H18)] 0.75: lineP=23145.15 | bars_from_origin=33.0 slope=-5.2319 | BELOW gap=108.25
2026-03-19 13:36:26,874 [INFO]   [P3 (L19-H18)] 0.5: lineP=23227.83 | bars_from_origin=33.0 slope=-2.7265 | BELOW gap=25.57
2026-03-19 13:36:26,874 [INFO]   [P3 (L19-H18)] 0.25: lineP=23277.76 | bars_from_origin=33.0 slope=-1.2134 | ABOVE gap=3.16
2026-03-19 13:36:26,875 [INFO]   [P3 (L19-H18)] 0.125: lineP=23298.30 | bars_from_origin=33.0 slope=-0.5909 | ABOVE gap=23.70
2026-03-19 13:36:26,875 [INFO]   [P3 (L19-H18)] main: lineP=23293.26 | bars_from_origin=24.0 slope=0.0000 | ABOVE gap=18.66
2026-03-19 13:36:26,875 [INFO]   [P1 (H20-L20)] main: lineP=23450.13 | bars_from_origin=11.0 slope=21.1165 | ABOVE gap=175.53
2026-03-19 13:36:26,875 [INFO]   [P1 (H20-L20)] 0.875: lineP=23329.35 | bars_from_origin=11.0 slope=10.1366 | ABOVE gap=54.75
2026-03-19 13:36:26,876 [INFO]   [P1 (H20-L20)] 0.75: lineP=23287.94 | bars_from_origin=11.0 slope=6.3718 | ABOVE gap=13.34
2026-03-19 13:36:26,876 [INFO]   [P1 (H20-L20)] 0.5: lineP=23251.73 | bars_from_origin=11.0 slope=3.0804 | BELOW gap=1.67
2026-03-19 13:36:26,876 [INFO]   [P1 (H20-L20)] 0.25: lineP=23232.54 | bars_from_origin=11.0 slope=1.3352 | BELOW gap=20.86
2026-03-19 13:36:26,876 [INFO]   [P1 (H20-L20)] 0.125: lineP=23224.96 | bars_from_origin=11.0 slope=0.6468 | BELOW gap=28.44
2026-03-19 13:36:26,877 [INFO]   [P1 (H20-L20)] main: lineP=23227.09 | bars_from_origin=8.0 slope=0.0000 | BELOW gap=26.31
2026-03-19 13:36:26,877 [INFO]   [P2 (H20-L19)] main: lineP=23318.02 | bars_from_origin=24.0 slope=4.6030 | ABOVE gap=43.42
2026-03-19 13:36:26,877 [INFO]   [P2 (H20-L19)] 0.875: lineP=23295.61 | bars_from_origin=24.0 slope=3.6692 | ABOVE gap=21.01
2026-03-19 13:36:26,877 [INFO]   [P2 (H20-L19)] 0.75: lineP=23277.76 | bars_from_origin=24.0 slope=2.9253 | ABOVE gap=3.16
2026-03-19 13:36:26,877 [INFO]   [P2 (H20-L19)] 0.5: lineP=23249.93 | bars_from_origin=24.0 slope=1.7659 | BELOW gap=3.47
2026-03-19 13:36:26,877 [INFO]   [P2 (H20-L19)] 0.25: lineP=23227.63 | bars_from_origin=24.0 slope=0.8368 | BELOW gap=25.77
2026-03-19 13:36:26,877 [INFO]   [P2 (H20-L19)] 0.125: lineP=23217.46 | bars_from_origin=24.0 slope=0.4131 | BELOW gap=35.94
2026-03-19 13:36:26,877 [INFO]   [P2 (H20-L19)] main: lineP=23235.80 | bars_from_origin=8.0 slope=0.0000 | BELOW gap=17.60
2026-03-19 13:36:26,881 [INFO] [IntDet] Bar 431 | 2026-03-19 12:55 | H=23277.30 L=23257.45 C=23264.95 | Fans=3 Lines=21
2026-03-19 13:36:26,881 [INFO]   [P3 (L19-H18)] main: lineP=22901.30 | bars_from_origin=34.0 slope=-12.2500 | BELOW gap=356.15
2026-03-19 13:36:26,881 [INFO]   [P3 (L19-H18)] 0.875: lineP=23060.44 | bars_from_origin=34.0 slope=-7.5695 | BELOW gap=197.01
2026-03-19 13:36:26,882 [INFO]   [P3 (L19-H18)] 0.75: lineP=23139.92 | bars_from_origin=34.0 slope=-5.2319 | BELOW gap=117.53
2026-03-19 13:36:26,882 [INFO]   [P3 (L19-H18)] 0.5: lineP=23225.10 | bars_from_origin=34.0 slope=-2.7265 | BELOW gap=32.35
2026-03-19 13:36:26,882 [INFO]   [P3 (L19-H18)] 0.25: lineP=23276.54 | bars_from_origin=34.0 slope=-1.2134 | HIT gap=0.00
2026-03-19 13:36:26,882 [INFO]     >>> HIT RECORDED: P3 (L19-H18) frac=0.25 @ 23276.54
2026-03-19 13:36:26,882 [INFO]   [P3 (L19-H18)] 0.125: lineP=23297.71 | bars_from_origin=34.0 slope=-0.5909 | ABOVE gap=20.41
2026-03-19 13:36:26,882 [INFO]   [P3 (L19-H18)] main: lineP=23293.26 | bars_from_origin=25.0 slope=0.0000 | ABOVE gap=15.96
2026-03-19 13:36:26,883 [INFO]   [P1 (H20-L20)] main: lineP=23471.25 | bars_from_origin=12.0 slope=21.1165 | ABOVE gap=193.95
2026-03-19 13:36:26,883 [INFO]   [P1 (H20-L20)] 0.875: lineP=23339.49 | bars_from_origin=12.0 slope=10.1366 | ABOVE gap=62.19
2026-03-19 13:36:26,883 [INFO]   [P1 (H20-L20)] 0.75: lineP=23294.31 | bars_from_origin=12.0 slope=6.3718 | ABOVE gap=17.01
2026-03-19 13:36:26,883 [INFO]   [P1 (H20-L20)] 0.5: lineP=23254.81 | bars_from_origin=12.0 slope=3.0804 | BELOW gap=2.63
2026-03-19 13:36:26,883 [INFO]   [P1 (H20-L20)] 0.25: lineP=23233.87 | bars_from_origin=12.0 slope=1.3352 | BELOW gap=23.58
2026-03-19 13:36:26,883 [INFO]   [P1 (H20-L20)] 0.125: lineP=23225.61 | bars_from_origin=12.0 slope=0.6468 | BELOW gap=31.84
2026-03-19 13:36:26,883 [INFO]   [P1 (H20-L20)] main: lineP=23227.09 | bars_from_origin=9.0 slope=0.0000 | BELOW gap=30.36
2026-03-19 13:36:26,883 [INFO]   [P2 (H20-L19)] main: lineP=23322.63 | bars_from_origin=25.0 slope=4.6030 | ABOVE gap=45.33
2026-03-19 13:36:26,883 [INFO]   [P2 (H20-L19)] 0.875: lineP=23299.28 | bars_from_origin=25.0 slope=3.6692 | ABOVE gap=21.98
2026-03-19 13:36:26,883 [INFO]   [P2 (H20-L19)] 0.75: lineP=23280.68 | bars_from_origin=25.0 slope=2.9253 | ABOVE gap=3.38
2026-03-19 13:36:26,883 [INFO]   [P2 (H20-L19)] 0.5: lineP=23251.70 | bars_from_origin=25.0 slope=1.7659 | BELOW gap=5.75
2026-03-19 13:36:26,883 [INFO]   [P2 (H20-L19)] 0.25: lineP=23228.47 | bars_from_origin=25.0 slope=0.8368 | BELOW gap=28.98
2026-03-19 13:36:26,884 [INFO]   [P2 (H20-L19)] 0.125: lineP=23217.88 | bars_from_origin=25.0 slope=0.4131 | BELOW gap=39.57
2026-03-19 13:36:26,884 [INFO]   [P2 (H20-L19)] main: lineP=23235.80 | bars_from_origin=9.0 slope=0.0000 | BELOW gap=21.64
2026-03-19 13:36:26,884 [INFO]   [IntDet] Total hits this bar: 1
2026-03-19 13:36:26,884 [INFO] [Study] Emitting intersection event (DIRECT): {'time': 1773905100, 'fan': 'P3 (L19-H18)', 'fanIdentity': 'L19-H18', 'fraction': '1/4', 'price': 23276.544081971922, 'type': 'RESISTANCE_TEST', 'details': 'Rejection / Pullback'}
2026-03-19 13:36:26,896 [INFO] [IntDet] Bar 432 | 2026-03-19 12:59 | H=23267.55 L=23250.45 C=23252.50 | Fans=3 Lines=21
2026-03-19 13:36:26,897 [INFO]   [P3 (L19-H18)] main: lineP=22889.05 | bars_from_origin=35.0 slope=-12.2500 | BELOW gap=361.40
2026-03-19 13:36:26,897 [INFO]   [P3 (L19-H18)] 0.875: lineP=23052.87 | bars_from_origin=35.0 slope=-7.5695 | BELOW gap=197.58
2026-03-19 13:36:26,897 [INFO]   [P3 (L19-H18)] 0.75: lineP=23134.68 | bars_from_origin=35.0 slope=-5.2319 | BELOW gap=115.76
2026-03-19 13:36:26,897 [INFO]   [P3 (L19-H18)] 0.5: lineP=23222.37 | bars_from_origin=35.0 slope=-2.7265 | BELOW gap=28.08
2026-03-19 13:36:26,898 [INFO]   [P3 (L19-H18)] 0.25: lineP=23275.33 | bars_from_origin=35.0 slope=-1.2134 | ABOVE gap=7.78
2026-03-19 13:36:26,898 [INFO]   [P3 (L19-H18)] 0.125: lineP=23297.12 | bars_from_origin=35.0 slope=-0.5909 | ABOVE gap=29.57
2026-03-19 13:36:26,898 [INFO]   [P3 (L19-H18)] main: lineP=23293.26 | bars_from_origin=26.0 slope=0.0000 | ABOVE gap=25.71
2026-03-19 13:36:26,898 [INFO]   [P1 (H20-L20)] main: lineP=23492.36 | bars_from_origin=13.0 slope=21.1165 | ABOVE gap=224.81
2026-03-19 13:36:26,898 [INFO]   [P1 (H20-L20)] 0.875: lineP=23349.62 | bars_from_origin=13.0 slope=10.1366 | ABOVE gap=82.07
2026-03-19 13:36:26,898 [INFO]   [P1 (H20-L20)] 0.75: lineP=23300.68 | bars_from_origin=13.0 slope=6.3718 | ABOVE gap=33.13
2026-03-19 13:36:26,898 [INFO]   [P1 (H20-L20)] 0.5: lineP=23257.89 | bars_from_origin=13.0 slope=3.0804 | HIT gap=0.00
2026-03-19 13:36:26,898 [INFO]     >>> HIT RECORDED: P1 (H20-L20) frac=0.5 @ 23257.89
2026-03-19 13:36:26,899 [INFO]   [P1 (H20-L20)] 0.25: lineP=23235.21 | bars_from_origin=13.0 slope=1.3352 | BELOW gap=15.24
2026-03-19 13:36:26,899 [INFO]   [P1 (H20-L20)] 0.125: lineP=23226.26 | bars_from_origin=13.0 slope=0.6468 | BELOW gap=24.19
2026-03-19 13:36:26,899 [INFO]   [P1 (H20-L20)] main: lineP=23227.09 | bars_from_origin=10.0 slope=0.0000 | BELOW gap=23.36
2026-03-19 13:36:26,899 [INFO]   [P2 (H20-L19)] main: lineP=23327.23 | bars_from_origin=26.0 slope=4.6030 | ABOVE gap=59.68
2026-03-19 13:36:26,899 [INFO]   [P2 (H20-L19)] 0.875: lineP=23302.95 | bars_from_origin=26.0 slope=3.6692 | ABOVE gap=35.40
2026-03-19 13:36:26,899 [INFO]   [P2 (H20-L19)] 0.75: lineP=23283.61 | bars_from_origin=26.0 slope=2.9253 | ABOVE gap=16.06
2026-03-19 13:36:26,899 [INFO]   [P2 (H20-L19)] 0.5: lineP=23253.46 | bars_from_origin=26.0 slope=1.7659 | HIT gap=0.00
2026-03-19 13:36:26,899 [INFO]     >>> HIT RECORDED: P2 (H20-L19) frac=0.5 @ 23253.46
2026-03-19 13:36:26,899 [INFO]   [P2 (H20-L19)] 0.25: lineP=23229.31 | bars_from_origin=26.0 slope=0.8368 | BELOW gap=21.14
2026-03-19 13:36:26,900 [INFO]   [P2 (H20-L19)] 0.125: lineP=23218.29 | bars_from_origin=26.0 slope=0.4131 | BELOW gap=32.16
2026-03-19 13:36:26,900 [INFO]   [P2 (H20-L19)] main: lineP=23235.80 | bars_from_origin=10.0 slope=0.0000 | BELOW gap=14.64
2026-03-19 13:36:26,900 [INFO]   [IntDet] Total hits this bar: 2
2026-03-19 13:36:26,900 [INFO] [Study] Emitting intersection event (DIRECT): {'time': 1773905340, 'fan': 'P1 (H20-L20)', 'fanIdentity': 'H20-L20', 'fraction': '1/2', 'price': 23257.894971902268, 'type': 'CROSS_DOWN', 'details': 'Breakdown Attempt'}
2026-03-19 13:36:26,909 [INFO] [Study] Emitting intersection event (DIRECT): {'time': 1773905340, 'fan': 'P2 (H20-L19)', 'fanIdentity': 'H20-L19', 'fraction': '1/2', 'price': 23253.46296865585, 'type': 'CROSS_DOWN', 'details': 'Breakdown Attempt'}
2026-03-19 13:36:26,919 [INFO] [Study] Removing invalidated/excess fan: Fan_L19_H18
2026-03-19 13:36:26,920 [INFO] [Study] Updating fan priority: Fan_H20_L20 -> P2 (H20-L20)
2026-03-19 13:36:26,920 [INFO] [Study] Creating new fan: Fan_L21_H20 (P1 (L21-H20))
2026-03-19 13:36:26,920 [INFO] [AngleEngine] scale_ratio=3.6603, slope_per_bar=-8.6497, visual_slope=-2.3631, theta=-67.06 deg
2026-03-19 13:36:26,921 [INFO] --- [AngleEngine] Fan Created: Fan_L21_H20 ---
2026-03-19 13:36:26,921 [INFO]   Origin: Bar 422, Time 1773902940, Price 23281.19921875
2026-03-19 13:36:26,921 [INFO]   Target: Bar 428, Time 1773904380, Price 23229.30078125
2026-03-19 13:36:26,921 [INFO]   Delta: db=6, dp_origin=-51.90
2026-03-19 13:36:26,921 [INFO]   Scale Params: Ratio=3.6603, Radius=15.40 bars, Slope/Bar=-8.6497
2026-03-19 13:36:26,921 [INFO]   Line 0.875: EndBar=1773904380 (approx), EndPrice=23245.11
2026-03-19 13:36:26,921 [INFO]   Line 0.75: EndBar=1773904380 (approx), EndPrice=23254.75
2026-03-19 13:36:26,921 [INFO]   Line 0.5: EndBar=1773904380 (approx), EndPrice=23266.65
2026-03-19 13:36:26,921 [INFO]   Line 0.25: EndBar=1773904380 (approx), EndPrice=23274.58
2026-03-19 13:36:26,921 [INFO]   Line 0.125: EndBar=1773904380 (approx), EndPrice=23277.96
2026-03-19 13:36:26,922 [INFO] [Study] Updating fan priority: Fan_H20_L19 -> P3 (H20-L19)
2026-03-19 13:36:26,922 [INFO] [IntDet] Bar 433 | 2026-03-19 13:03 | H=23254.70 L=23230.75 C=23243.90 | Fans=3 Lines=21
2026-03-19 13:36:26,922 [INFO]   [P2 (H20-L20)] main: lineP=23513.48 | bars_from_origin=14.0 slope=21.1165 | ABOVE gap=258.78
2026-03-19 13:36:26,922 [INFO]   [P2 (H20-L20)] 0.875: lineP=23359.76 | bars_from_origin=14.0 slope=10.1366 | ABOVE gap=105.06
2026-03-19 13:36:26,922 [INFO]   [P2 (H20-L20)] 0.75: lineP=23307.05 | bars_from_origin=14.0 slope=6.3718 | ABOVE gap=52.36
2026-03-19 13:36:26,922 [INFO]   [P2 (H20-L20)] 0.5: lineP=23260.98 | bars_from_origin=14.0 slope=3.0804 | ABOVE gap=6.28
2026-03-19 13:36:26,922 [INFO]   [P2 (H20-L20)] 0.25: lineP=23236.54 | bars_from_origin=14.0 slope=1.3352 | HIT gap=0.00
2026-03-19 13:36:26,922 [INFO]     >>> HIT RECORDED: P2 (H20-L20) frac=0.25 @ 23236.54
2026-03-19 13:36:26,922 [INFO]   [P2 (H20-L20)] 0.125: lineP=23226.90 | bars_from_origin=14.0 slope=0.6468 | BELOW gap=3.85
2026-03-19 13:36:26,922 [INFO]   [P2 (H20-L20)] main: lineP=23227.09 | bars_from_origin=11.0 slope=0.0000 | BELOW gap=3.66
2026-03-19 13:36:26,922 [INFO]   [P3 (H20-L19)] main: lineP=23331.83 | bars_from_origin=27.0 slope=4.6030 | ABOVE gap=77.13
2026-03-19 13:36:26,923 [INFO]   [P3 (H20-L19)] 0.875: lineP=23306.62 | bars_from_origin=27.0 slope=3.6692 | ABOVE gap=51.92
2026-03-19 13:36:26,923 [INFO]   [P3 (H20-L19)] 0.75: lineP=23286.53 | bars_from_origin=27.0 slope=2.9253 | ABOVE gap=31.83
2026-03-19 13:36:26,923 [INFO]   [P3 (H20-L19)] 0.5: lineP=23255.23 | bars_from_origin=27.0 slope=1.7659 | ABOVE gap=0.53
2026-03-19 13:36:26,923 [INFO]   [P3 (H20-L19)] 0.25: lineP=23230.14 | bars_from_origin=27.0 slope=0.8368 | BELOW gap=0.61
2026-03-19 13:36:26,923 [INFO]   [P3 (H20-L19)] 0.125: lineP=23218.70 | bars_from_origin=27.0 slope=0.4131 | BELOW gap=12.05
2026-03-19 13:36:26,923 [INFO]   [P3 (H20-L19)] main: lineP=23235.80 | bars_from_origin=11.0 slope=0.0000 | HIT gap=0.00
2026-03-19 13:36:26,923 [INFO]     >>> HIT RECORDED: P3 (H20-L19) frac=main @ 23235.80
2026-03-19 13:36:26,923 [INFO]   [P1 (L21-H20)] main: lineP=23186.05 | bars_from_origin=11.0 slope=-8.6497 | BELOW gap=44.70
2026-03-19 13:36:26,923 [INFO]   [P1 (L21-H20)] 0.875: lineP=23215.03 | bars_from_origin=11.0 slope=-6.0155 | BELOW gap=15.72
2026-03-19 13:36:26,923 [INFO]   [P1 (L21-H20)] 0.75: lineP=23232.71 | bars_from_origin=11.0 slope=-4.4085 | HIT gap=0.00
2026-03-19 13:36:26,923 [INFO]     >>> HIT RECORDED: P1 (L21-H20) frac=0.75 @ 23232.71
2026-03-19 13:36:26,923 [INFO]   [P1 (L21-H20)] 0.5: lineP=23254.52 | bars_from_origin=11.0 slope=-2.4256 | HIT gap=0.00
2026-03-19 13:36:26,923 [INFO]     >>> HIT RECORDED: P1 (L21-H20) frac=0.5 @ 23254.52
2026-03-19 13:36:26,923 [INFO]   [P1 (L21-H20)] 0.25: lineP=23269.07 | bars_from_origin=11.0 slope=-1.1027 | ABOVE gap=14.37
2026-03-19 13:36:26,924 [INFO]   [P1 (L21-H20)] 0.125: lineP=23275.27 | bars_from_origin=11.0 slope=-0.5394 | ABOVE gap=20.57
2026-03-19 13:36:26,924 [INFO]   [P1 (L21-H20)] main: lineP=23266.65 | bars_from_origin=5.0 slope=0.0000 | ABOVE gap=11.95
2026-03-19 13:36:26,924 [INFO]   [IntDet] Total hits this bar: 4
2026-03-19 13:36:26,924 [INFO] [Study] Emitting intersection event (DIRECT): {'time': 1773905580, 'fan': 'P2 (H20-L20)', 'fanIdentity': 'H20-L20', 'fraction': '1/4', 'price': 23236.543061236374, 'type': 'SUPPORT_TEST', 'details': 'Resting / Throwback'}
2026-03-19 13:36:26,932 [INFO] [Study] Emitting intersection event (DIRECT): {'time': 1773905580, 'fan': 'P3 (H20-L19)', 'fanIdentity': 'H20-L19', 'fraction': 'Horizontal', 'price': 23235.804435038215, 'type': 'SUPPORT_TEST', 'details': 'Resting / Throwback'}
2026-03-19 13:36:26,936 [INFO] [Study] Emitting intersection event (DIRECT): {'time': 1773905580, 'fan': 'P1 (L21-H20)', 'fanIdentity': 'L21-H20', 'fraction': '3/4', 'price': 23232.706014528263, 'type': 'SUPPORT_TEST', 'details': 'Resting / Throwback'}
2026-03-19 13:36:26,942 [INFO] [Study] Emitting intersection event (DIRECT): {'time': 1773905580, 'fan': 'P1 (L21-H20)', 'fanIdentity': 'L21-H20', 'fraction': '1/2', 'price': 23254.51745715381, 'type': 'RESISTANCE_TEST', 'details': 'Rejection / Pullback'}
2026-03-19 13:36:26,947 [INFO] [Tracking] Breach CONFIRMED: Fan_H20_L19 0.5 down (T+1 bars)
2026-03-19 13:36:26,948 [INFO] [Tracking] FAKE OUT: Fan_H20_L20 0.5 (T+4 bars)
2026-03-19 13:36:26,952 [INFO] [Study] Removing invalidated/excess fan: Fan_L21_H20
2026-03-19 13:36:26,952 [INFO] [Study] Updating fan priority: Fan_H20_L20 -> P1 (H20-L20)
2026-03-19 13:36:26,952 [INFO] [Study] Creating new fan: Fan_L19_H18 (P3 (L19-H18))
2026-03-19 13:36:26,952 [INFO] [AngleEngine] scale_ratio=3.6603, slope_per_bar=-12.2500, visual_slope=-3.3467, theta=-73.36 deg
2026-03-19 13:36:26,953 [INFO] --- [AngleEngine] Fan Created: Fan_L19_H18 ---
2026-03-19 13:36:26,953 [INFO]   Origin: Bar 397, Time 1773896940, Price 23317.80078125
2026-03-19 13:36:26,953 [INFO]   Target: Bar 406, Time 1773899100, Price 23207.55078125
2026-03-19 13:36:26,953 [INFO]   Delta: db=9, dp_origin=-110.25
2026-03-19 13:36:26,953 [INFO]   Scale Params: Ratio=3.6603, Radius=31.44 bars, Slope/Bar=-12.2500
2026-03-19 13:36:26,953 [INFO]   Line 0.875: EndBar=1773899100 (approx), EndPrice=23249.68
2026-03-19 13:36:26,953 [INFO]   Line 0.75: EndBar=1773899100 (approx), EndPrice=23270.71
2026-03-19 13:36:26,953 [INFO]   Line 0.5: EndBar=1773899100 (approx), EndPrice=23293.26
2026-03-19 13:36:26,953 [INFO]   Line 0.25: EndBar=1773899100 (approx), EndPrice=23306.88
2026-03-19 13:36:26,953 [INFO]   Line 0.125: EndBar=1773899100 (approx), EndPrice=23312.48
2026-03-19 13:36:26,953 [INFO] [Study] Updating fan priority: Fan_H20_L19 -> P2 (H20-L19)
2026-03-19 13:36:26,953 [INFO] [IntDet] Bar 434 | 2026-03-19 13:07 | H=23255.05 L=23218.40 C=23218.40 | Fans=3 Lines=21
2026-03-19 13:36:26,954 [INFO]   [P1 (H20-L20)] main: lineP=23534.60 | bars_from_origin=15.0 slope=21.1165 | ABOVE gap=279.55
2026-03-19 13:36:26,954 [INFO]   [P1 (H20-L20)] 0.875: lineP=23369.90 | bars_from_origin=15.0 slope=10.1366 | ABOVE gap=114.85
2026-03-19 13:36:26,954 [INFO]   [P1 (H20-L20)] 0.75: lineP=23313.43 | bars_from_origin=15.0 slope=6.3718 | ABOVE gap=58.38
2026-03-19 13:36:26,954 [INFO]   [P1 (H20-L20)] 0.5: lineP=23264.06 | bars_from_origin=15.0 slope=3.0804 | ABOVE gap=9.01
2026-03-19 13:36:26,954 [INFO]   [P1 (H20-L20)] 0.25: lineP=23237.88 | bars_from_origin=15.0 slope=1.3352 | HIT gap=0.00
2026-03-19 13:36:26,954 [INFO]     >>> HIT RECORDED: P1 (H20-L20) frac=0.25 @ 23237.88
2026-03-19 13:36:26,954 [INFO]   [P1 (H20-L20)] 0.125: lineP=23227.55 | bars_from_origin=15.0 slope=0.6468 | HIT gap=0.00
2026-03-19 13:36:26,954 [INFO]     >>> HIT RECORDED: P1 (H20-L20) frac=0.125 @ 23227.55
2026-03-19 13:36:26,954 [INFO]   [P1 (H20-L20)] main: lineP=23227.09 | bars_from_origin=12.0 slope=0.0000 | HIT gap=0.00
2026-03-19 13:36:26,954 [INFO]     >>> HIT RECORDED: P1 (H20-L20) frac=main @ 23227.09
2026-03-19 13:36:26,954 [INFO]   [P2 (H20-L19)] main: lineP=23336.44 | bars_from_origin=28.0 slope=4.6030 | ABOVE gap=81.38
2026-03-19 13:36:26,955 [INFO]   [P2 (H20-L19)] 0.875: lineP=23310.29 | bars_from_origin=28.0 slope=3.6692 | ABOVE gap=55.24
2026-03-19 13:36:26,955 [INFO]   [P2 (H20-L19)] 0.75: lineP=23289.46 | bars_from_origin=28.0 slope=2.9253 | ABOVE gap=34.41
2026-03-19 13:36:26,955 [INFO]   [P2 (H20-L19)] 0.5: lineP=23256.99 | bars_from_origin=28.0 slope=1.7659 | ABOVE gap=1.94
2026-03-19 13:36:26,955 [INFO]   [P2 (H20-L19)] 0.25: lineP=23230.98 | bars_from_origin=28.0 slope=0.8368 | HIT gap=0.00
2026-03-19 13:36:26,955 [INFO]     >>> HIT RECORDED: P2 (H20-L19) frac=0.25 @ 23230.98
2026-03-19 13:36:26,955 [INFO]   [P2 (H20-L19)] 0.125: lineP=23219.12 | bars_from_origin=28.0 slope=0.4131 | HIT gap=0.00
2026-03-19 13:36:26,955 [INFO]     >>> HIT RECORDED: P2 (H20-L19) frac=0.125 @ 23219.12
2026-03-19 13:36:26,955 [INFO]   [P2 (H20-L19)] main: lineP=23235.80 | bars_from_origin=12.0 slope=0.0000 | HIT gap=0.00
2026-03-19 13:36:26,955 [INFO]     >>> HIT RECORDED: P2 (H20-L19) frac=main @ 23235.80
2026-03-19 13:36:26,955 [INFO]   [P3 (L19-H18)] main: lineP=22864.55 | bars_from_origin=37.0 slope=-12.2500 | BELOW gap=353.85
2026-03-19 13:36:26,955 [INFO]   [P3 (L19-H18)] 0.875: lineP=23037.73 | bars_from_origin=37.0 slope=-7.5695 | BELOW gap=180.67
2026-03-19 13:36:26,955 [INFO]   [P3 (L19-H18)] 0.75: lineP=23124.22 | bars_from_origin=37.0 slope=-5.2319 | BELOW gap=94.18
2026-03-19 13:36:26,955 [INFO]   [P3 (L19-H18)] 0.5: lineP=23216.92 | bars_from_origin=37.0 slope=-2.7265 | BELOW gap=1.48
2026-03-19 13:36:26,955 [INFO]   [P3 (L19-H18)] 0.25: lineP=23272.90 | bars_from_origin=37.0 slope=-1.2134 | ABOVE gap=17.85
2026-03-19 13:36:26,956 [INFO]   [P3 (L19-H18)] 0.125: lineP=23295.94 | bars_from_origin=37.0 slope=-0.5909 | ABOVE gap=40.89
2026-03-19 13:36:26,956 [INFO]   [P3 (L19-H18)] main: lineP=23293.26 | bars_from_origin=28.0 slope=0.0000 | ABOVE gap=38.21
2026-03-19 13:36:26,956 [INFO]   [IntDet] Total hits this bar: 6
2026-03-19 13:36:26,956 [INFO] [Study] Emitting intersection event (DIRECT): {'time': 1773905820, 'fan': 'P1 (H20-L20)', 'fanIdentity': 'H20-L20', 'fraction': '1/4', 'price': 23237.878307797902, 'type': 'CROSS_DOWN', 'details': 'Breakdown Attempt'}
2026-03-19 13:36:26,963 [INFO] [Study] Emitting intersection event (DIRECT): {'time': 1773905820, 'fan': 'P1 (H20-L20)', 'fanIdentity': 'H20-L20', 'fraction': '1/8', 'price': 23227.55127880816, 'type': 'CROSS_DOWN', 'details': 'Breakdown Attempt'}
2026-03-19 13:36:26,967 [INFO] [Study] Emitting intersection event (DIRECT): {'time': 1773905820, 'fan': 'P1 (H20-L20)', 'fanIdentity': 'H20-L20', 'fraction': 'Horizontal', 'price': 23227.090846881292, 'type': 'CROSS_DOWN', 'details': 'Breakdown Attempt'}
2026-03-19 13:36:26,972 [INFO] [Study] Emitting intersection event (DIRECT): {'time': 1773905820, 'fan': 'P2 (H20-L19)', 'fanIdentity': 'H20-L19', 'fraction': '1/4', 'price': 23230.980692552017, 'type': 'CROSS_DOWN', 'details': 'Breakdown Attempt'}
2026-03-19 13:36:26,975 [INFO] [Study] Emitting intersection event (DIRECT): {'time': 1773905820, 'fan': 'P2 (H20-L19)', 'fanIdentity': 'H20-L19', 'fraction': '1/8', 'price': 23219.116546805562, 'type': 'CROSS_DOWN', 'details': 'Breakdown Attempt'}
2026-03-19 13:36:26,980 [INFO] [Study] Emitting intersection event (DIRECT): {'time': 1773905820, 'fan': 'P2 (H20-L19)', 'fanIdentity': 'H20-L19', 'fraction': 'Horizontal', 'price': 23235.804435038215, 'type': 'CROSS_DOWN', 'details': 'Breakdown Attempt'}
2026-03-19 13:36:26,987 [INFO] [Study] Removing invalidated/excess fan: Fan_H20_L20
2026-03-19 13:36:26,987 [INFO] [Study] Removing invalidated/excess fan: Fan_H20_L19
2026-03-19 13:36:26,987 [INFO] [Study] Removing invalidated/excess fan: Fan_L19_H18
2026-03-19 13:36:26,987 [INFO] [Study] Creating new fan: Fan_H17_L8 (P1 (H17-L8))
2026-03-19 13:36:26,987 [INFO] [AngleEngine] scale_ratio=3.6603, slope_per_bar=3.7281, visual_slope=1.0185, theta=45.53 deg
2026-03-19 13:36:26,987 [INFO] --- [AngleEngine] Fan Created: Fan_H17_L8 ---
2026-03-19 13:36:26,987 [INFO]   Origin: Bar 151, Time 1773646380, Price 23086.349609375
2026-03-19 13:36:26,987 [INFO]   Target: Bar 359, Time 1773823980, Price 23861.80078125
2026-03-19 13:36:26,988 [INFO]   Delta: db=208, dp_origin=775.45
2026-03-19 13:36:26,988 [INFO]   Scale Params: Ratio=3.6603, Radius=296.89 bars, Slope/Bar=3.7281
2026-03-19 13:36:26,988 [INFO]   Line 0.875: EndBar=1773823980 (approx), EndPrice=23721.47
2026-03-19 13:36:26,988 [INFO]   Line 0.75: EndBar=1773823980 (approx), EndPrice=23602.68
2026-03-19 13:36:26,988 [INFO]   Line 0.5: EndBar=1773823980 (approx), EndPrice=23405.81
2026-03-19 13:36:26,988 [INFO]   Line 0.25: EndBar=1773823980 (approx), EndPrice=23239.61
2026-03-19 13:36:26,988 [INFO]   Line 0.125: EndBar=1773823980 (approx), EndPrice=23162.22
2026-03-19 13:36:26,988 [INFO] [Study] Creating new fan: Fan_H17_L6 (P2 (H17-L6))
2026-03-19 13:36:26,988 [INFO] [AngleEngine] scale_ratio=3.6603, slope_per_bar=3.7760, visual_slope=1.0316, theta=45.89 deg
2026-03-19 13:36:26,989 [INFO] --- [AngleEngine] Fan Created: Fan_H17_L6 ---
2026-03-19 13:36:26,989 [INFO]   Origin: Bar 119, Time 1773638700, Price 22955.55078125
2026-03-19 13:36:26,989 [INFO]   Target: Bar 359, Time 1773823980, Price 23861.80078125
2026-03-19 13:36:26,989 [INFO]   Delta: db=240, dp_origin=906.25
2026-03-19 13:36:26,989 [INFO]   Scale Params: Ratio=3.6603, Radius=344.82 bars, Slope/Bar=3.7760
2026-03-19 13:36:26,989 [INFO]   Line 0.875: EndBar=1773823980 (approx), EndPrice=23696.74
2026-03-19 13:36:26,989 [INFO]   Line 0.75: EndBar=1773823980 (approx), EndPrice=23557.48
2026-03-19 13:36:26,989 [INFO]   Line 0.5: EndBar=1773823980 (approx), EndPrice=23327.46
2026-03-19 13:36:26,989 [INFO]   Line 0.25: EndBar=1773823980 (approx), EndPrice=23133.85
2026-03-19 13:36:26,989 [INFO]   Line 0.125: EndBar=1773823980 (approx), EndPrice=23043.80
2026-03-19 13:36:26,990 [INFO] [IntDet] Bar 435 | 2026-03-19 13:11 | H=23234.15 L=23194.70 C=23200.25 | Fans=2 Lines=14
2026-03-19 13:36:26,990 [INFO]   [P1 (H17-L8)] main: lineP=24145.14 | bars_from_origin=284.0 slope=3.7281 | ABOVE gap=910.99
2026-03-19 13:36:26,990 [INFO]   [P1 (H17-L8)] 0.875: lineP=23953.53 | bars_from_origin=284.0 slope=3.0535 | ABOVE gap=719.38
2026-03-19 13:36:26,990 [INFO]   [P1 (H17-L8)] 0.75: lineP=23791.34 | bars_from_origin=284.0 slope=2.4824 | ABOVE gap=557.19
2026-03-19 13:36:26,990 [INFO]   [P1 (H17-L8)] 0.5: lineP=23522.54 | bars_from_origin=284.0 slope=1.5359 | ABOVE gap=288.39
2026-03-19 13:36:26,990 [INFO]   [P1 (H17-L8)] 0.25: lineP=23295.61 | bars_from_origin=284.0 slope=0.7368 | ABOVE gap=61.45
2026-03-19 13:36:26,990 [INFO]   [P1 (H17-L8)] 0.125: lineP=23189.94 | bars_from_origin=284.0 slope=0.3647 | BELOW gap=4.76
2026-03-19 13:36:26,990 [INFO]   [P1 (H17-L8)] main: lineP=23405.81 | bars_from_origin=76.0 slope=0.0000 | ABOVE gap=171.66
2026-03-19 13:36:26,991 [INFO]   [P2 (H17-L6)] main: lineP=24148.78 | bars_from_origin=316.0 slope=3.7760 | ABOVE gap=914.63
2026-03-19 13:36:26,991 [INFO]   [P2 (H17-L6)] 0.875: lineP=23931.45 | bars_from_origin=316.0 slope=3.0883 | ABOVE gap=697.30
2026-03-19 13:36:26,991 [INFO]   [P2 (H17-L6)] 0.75: lineP=23748.09 | bars_from_origin=316.0 slope=2.5080 | ABOVE gap=513.94
2026-03-19 13:36:26,991 [INFO]   [P2 (H17-L6)] 0.5: lineP=23445.23 | bars_from_origin=316.0 slope=1.5496 | ABOVE gap=211.08
2026-03-19 13:36:26,991 [INFO]   [P2 (H17-L6)] 0.25: lineP=23190.31 | bars_from_origin=316.0 slope=0.7429 | BELOW gap=4.39
2026-03-19 13:36:26,991 [INFO]   [P2 (H17-L6)] 0.125: lineP=23071.74 | bars_from_origin=316.0 slope=0.3677 | BELOW gap=122.96
2026-03-19 13:36:26,991 [INFO]   [P2 (H17-L6)] main: lineP=23327.46 | bars_from_origin=76.0 slope=0.0000 | ABOVE gap=93.31
2026-03-19 13:36:26,995 [INFO] [IntDet] Bar 436 | 2026-03-19 13:15 | H=23208.70 L=23194.85 C=23204.85 | Fans=2 Lines=14
2026-03-19 13:36:26,995 [INFO]   [P1 (H17-L8)] main: lineP=24148.87 | bars_from_origin=285.0 slope=3.7281 | ABOVE gap=940.17
2026-03-19 13:36:26,995 [INFO]   [P1 (H17-L8)] 0.875: lineP=23956.59 | bars_from_origin=285.0 slope=3.0535 | ABOVE gap=747.89
2026-03-19 13:36:26,996 [INFO]   [P1 (H17-L8)] 0.75: lineP=23793.82 | bars_from_origin=285.0 slope=2.4824 | ABOVE gap=585.12
2026-03-19 13:36:26,996 [INFO]   [P1 (H17-L8)] 0.5: lineP=23524.07 | bars_from_origin=285.0 slope=1.5359 | ABOVE gap=315.37
2026-03-19 13:36:26,996 [INFO]   [P1 (H17-L8)] 0.25: lineP=23296.34 | bars_from_origin=285.0 slope=0.7368 | ABOVE gap=87.64
2026-03-19 13:36:26,996 [INFO]   [P1 (H17-L8)] 0.125: lineP=23190.30 | bars_from_origin=285.0 slope=0.3647 | BELOW gap=4.55
2026-03-19 13:36:26,997 [INFO]   [P1 (H17-L8)] main: lineP=23405.81 | bars_from_origin=77.0 slope=0.0000 | ABOVE gap=197.11
2026-03-19 13:36:26,997 [INFO]   [P2 (H17-L6)] main: lineP=24152.56 | bars_from_origin=317.0 slope=3.7760 | ABOVE gap=943.86
2026-03-19 13:36:26,997 [INFO]   [P2 (H17-L6)] 0.875: lineP=23934.54 | bars_from_origin=317.0 slope=3.0883 | ABOVE gap=725.84
2026-03-19 13:36:26,997 [INFO]   [P2 (H17-L6)] 0.75: lineP=23750.59 | bars_from_origin=317.0 slope=2.5080 | ABOVE gap=541.89
2026-03-19 13:36:26,997 [INFO]   [P2 (H17-L6)] 0.5: lineP=23446.78 | bars_from_origin=317.0 slope=1.5496 | ABOVE gap=238.08
2026-03-19 13:36:26,997 [INFO]   [P2 (H17-L6)] 0.25: lineP=23191.05 | bars_from_origin=317.0 slope=0.7429 | BELOW gap=3.80
2026-03-19 13:36:26,997 [INFO]   [P2 (H17-L6)] 0.125: lineP=23072.11 | bars_from_origin=317.0 slope=0.3677 | BELOW gap=122.74
2026-03-19 13:36:26,997 [INFO]   [P2 (H17-L6)] main: lineP=23327.46 | bars_from_origin=77.0 slope=0.0000 | ABOVE gap=118.76
2026-03-19 13:36:27,001 [INFO] [IntDet] Bar 437 | 2026-03-19 13:19 | H=23207.90 L=23190.60 C=23199.20 | Fans=2 Lines=14
2026-03-19 13:36:27,001 [INFO]   [P1 (H17-L8)] main: lineP=24152.59 | bars_from_origin=286.0 slope=3.7281 | ABOVE gap=944.69
2026-03-19 13:36:27,001 [INFO]   [P1 (H17-L8)] 0.875: lineP=23959.64 | bars_from_origin=286.0 slope=3.0535 | ABOVE gap=751.74
2026-03-19 13:36:27,001 [INFO]   [P1 (H17-L8)] 0.75: lineP=23796.30 | bars_from_origin=286.0 slope=2.4824 | ABOVE gap=588.40
2026-03-19 13:36:27,002 [INFO]   [P1 (H17-L8)] 0.5: lineP=23525.61 | bars_from_origin=286.0 slope=1.5359 | ABOVE gap=317.71
2026-03-19 13:36:27,002 [INFO]   [P1 (H17-L8)] 0.25: lineP=23297.08 | bars_from_origin=286.0 slope=0.7368 | ABOVE gap=89.18
2026-03-19 13:36:27,002 [INFO]   [P1 (H17-L8)] 0.125: lineP=23190.67 | bars_from_origin=286.0 slope=0.3647 | HIT gap=0.00
2026-03-19 13:36:27,002 [INFO]     >>> HIT RECORDED: P1 (H17-L8) frac=0.125 @ 23190.67
2026-03-19 13:36:27,003 [INFO]   [P1 (H17-L8)] main: lineP=23405.81 | bars_from_origin=78.0 slope=0.0000 | ABOVE gap=197.91
2026-03-19 13:36:27,003 [INFO]   [P2 (H17-L6)] main: lineP=24156.33 | bars_from_origin=318.0 slope=3.7760 | ABOVE gap=948.43
2026-03-19 13:36:27,003 [INFO]   [P2 (H17-L6)] 0.875: lineP=23937.63 | bars_from_origin=318.0 slope=3.0883 | ABOVE gap=729.73
2026-03-19 13:36:27,003 [INFO]   [P2 (H17-L6)] 0.75: lineP=23753.10 | bars_from_origin=318.0 slope=2.5080 | ABOVE gap=545.20
2026-03-19 13:36:27,003 [INFO]   [P2 (H17-L6)] 0.5: lineP=23448.33 | bars_from_origin=318.0 slope=1.5496 | ABOVE gap=240.43
2026-03-19 13:36:27,003 [INFO]   [P2 (H17-L6)] 0.25: lineP=23191.79 | bars_from_origin=318.0 slope=0.7429 | HIT gap=0.00
2026-03-19 13:36:27,003 [INFO]     >>> HIT RECORDED: P2 (H17-L6) frac=0.25 @ 23191.79
2026-03-19 13:36:27,004 [INFO]   [P2 (H17-L6)] 0.125: lineP=23072.48 | bars_from_origin=318.0 slope=0.3677 | BELOW gap=118.12
2026-03-19 13:36:27,004 [INFO]   [P2 (H17-L6)] main: lineP=23327.46 | bars_from_origin=78.0 slope=0.0000 | ABOVE gap=119.56
2026-03-19 13:36:27,004 [INFO]   [IntDet] Total hits this bar: 2
2026-03-19 13:36:27,004 [INFO] [Study] Emitting intersection event (DIRECT): {'time': 1773906540, 'fan': 'P1 (H17-L8)', 'fanIdentity': 'H17-L8', 'fraction': '1/8', 'price': 23190.668019849298, 'type': 'SUPPORT_TEST', 'details': 'Resting / Throwback'}
2026-03-19 13:36:27,010 [INFO] [Study] Emitting intersection event (DIRECT): {'time': 1773906540, 'fan': 'P2 (H17-L6)', 'fanIdentity': 'H17-L6', 'fraction': '1/4', 'price': 23191.791497555398, 'type': 'SUPPORT_TEST', 'details': 'Resting / Throwback'}
2026-03-19 13:36:27,018 [INFO] [IntDet] Bar 438 | 2026-03-19 13:23 | H=23198.15 L=23181.80 C=23186.00 | Fans=2 Lines=14
2026-03-19 13:36:27,018 [INFO]   [P1 (H17-L8)] main: lineP=24156.32 | bars_from_origin=287.0 slope=3.7281 | ABOVE gap=958.17
2026-03-19 13:36:27,019 [INFO]   [P1 (H17-L8)] 0.875: lineP=23962.69 | bars_from_origin=287.0 slope=3.0535 | ABOVE gap=764.54
2026-03-19 13:36:27,019 [INFO]   [P1 (H17-L8)] 0.75: lineP=23798.79 | bars_from_origin=287.0 slope=2.4824 | ABOVE gap=600.64
2026-03-19 13:36:27,019 [INFO]   [P1 (H17-L8)] 0.5: lineP=23527.14 | bars_from_origin=287.0 slope=1.5359 | ABOVE gap=328.99
2026-03-19 13:36:27,019 [INFO]   [P1 (H17-L8)] 0.25: lineP=23297.82 | bars_from_origin=287.0 slope=0.7368 | ABOVE gap=99.67
2026-03-19 13:36:27,019 [INFO]   [P1 (H17-L8)] 0.125: lineP=23191.03 | bars_from_origin=287.0 slope=0.3647 | HIT gap=0.00
2026-03-19 13:36:27,019 [INFO]     >>> HIT RECORDED: P1 (H17-L8) frac=0.125 @ 23191.03
2026-03-19 13:36:27,019 [INFO]   [P1 (H17-L8)] main: lineP=23405.81 | bars_from_origin=79.0 slope=0.0000 | ABOVE gap=207.66
2026-03-19 13:36:27,019 [INFO]   [P2 (H17-L6)] main: lineP=24160.11 | bars_from_origin=319.0 slope=3.7760 | ABOVE gap=961.96
2026-03-19 13:36:27,020 [INFO]   [P2 (H17-L6)] 0.875: lineP=23940.72 | bars_from_origin=319.0 slope=3.0883 | ABOVE gap=742.57
2026-03-19 13:36:27,020 [INFO]   [P2 (H17-L6)] 0.75: lineP=23755.61 | bars_from_origin=319.0 slope=2.5080 | ABOVE gap=557.46
2026-03-19 13:36:27,020 [INFO]   [P2 (H17-L6)] 0.5: lineP=23449.88 | bars_from_origin=319.0 slope=1.5496 | ABOVE gap=251.73
2026-03-19 13:36:27,020 [INFO]   [P2 (H17-L6)] 0.25: lineP=23192.53 | bars_from_origin=319.0 slope=0.7429 | HIT gap=0.00
2026-03-19 13:36:27,020 [INFO]     >>> HIT RECORDED: P2 (H17-L6) frac=0.25 @ 23192.53
2026-03-19 13:36:27,020 [INFO]   [P2 (H17-L6)] 0.125: lineP=23072.85 | bars_from_origin=319.0 slope=0.3677 | BELOW gap=108.95
2026-03-19 13:36:27,020 [INFO]   [P2 (H17-L6)] main: lineP=23327.46 | bars_from_origin=79.0 slope=0.0000 | ABOVE gap=129.31
2026-03-19 13:36:27,020 [INFO]   [IntDet] Total hits this bar: 2
2026-03-19 13:36:27,020 [INFO] [Study] Emitting intersection event (DIRECT): {'time': 1773906780, 'fan': 'P1 (H17-L8)', 'fanIdentity': 'H17-L8', 'fraction': '1/8', 'price': 23191.03276953627, 'type': 'CROSS_DOWN', 'details': 'Breakdown Attempt'}
2026-03-19 13:36:27,025 [INFO] [Study] Emitting intersection event (DIRECT): {'time': 1773906780, 'fan': 'P2 (H17-L6)', 'fanIdentity': 'H17-L6', 'fraction': '1/4', 'price': 23192.53439288969, 'type': 'CROSS_DOWN', 'details': 'Breakdown Attempt'}
2026-03-19 13:36:27,036 [INFO] [IntDet] Bar 439 | 2026-03-19 13:27 | H=23192.80 L=23172.55 C=23190.40 | Fans=2 Lines=14
2026-03-19 13:36:27,036 [INFO]   [P1 (H17-L8)] main: lineP=24160.05 | bars_from_origin=288.0 slope=3.7281 | ABOVE gap=967.25
2026-03-19 13:36:27,037 [INFO]   [P1 (H17-L8)] 0.875: lineP=23965.75 | bars_from_origin=288.0 slope=3.0535 | ABOVE gap=772.95
2026-03-19 13:36:27,037 [INFO]   [P1 (H17-L8)] 0.75: lineP=23801.27 | bars_from_origin=288.0 slope=2.4824 | ABOVE gap=608.47
2026-03-19 13:36:27,037 [INFO]   [P1 (H17-L8)] 0.5: lineP=23528.68 | bars_from_origin=288.0 slope=1.5359 | ABOVE gap=335.88
2026-03-19 13:36:27,037 [INFO]   [P1 (H17-L8)] 0.25: lineP=23298.55 | bars_from_origin=288.0 slope=0.7368 | ABOVE gap=105.75
2026-03-19 13:36:27,037 [INFO]   [P1 (H17-L8)] 0.125: lineP=23191.40 | bars_from_origin=288.0 slope=0.3647 | HIT gap=0.00
2026-03-19 13:36:27,037 [INFO]     >>> HIT RECORDED: P1 (H17-L8) frac=0.125 @ 23191.40
2026-03-19 13:36:27,038 [INFO]   [P1 (H17-L8)] main: lineP=23405.81 | bars_from_origin=80.0 slope=0.0000 | ABOVE gap=213.01
2026-03-19 13:36:27,038 [INFO]   [P2 (H17-L6)] main: lineP=24163.88 | bars_from_origin=320.0 slope=3.7760 | ABOVE gap=971.08
2026-03-19 13:36:27,038 [INFO]   [P2 (H17-L6)] 0.875: lineP=23943.81 | bars_from_origin=320.0 slope=3.0883 | ABOVE gap=751.00
2026-03-19 13:36:27,038 [INFO]   [P2 (H17-L6)] 0.75: lineP=23758.12 | bars_from_origin=320.0 slope=2.5080 | ABOVE gap=565.32
2026-03-19 13:36:27,038 [INFO]   [P2 (H17-L6)] 0.5: lineP=23451.43 | bars_from_origin=320.0 slope=1.5496 | ABOVE gap=258.63
2026-03-19 13:36:27,038 [INFO]   [P2 (H17-L6)] 0.25: lineP=23193.28 | bars_from_origin=320.0 slope=0.7429 | ABOVE gap=0.48
2026-03-19 13:36:27,038 [INFO]   [P2 (H17-L6)] 0.125: lineP=23073.21 | bars_from_origin=320.0 slope=0.3677 | BELOW gap=99.34
2026-03-19 13:36:27,038 [INFO]   [P2 (H17-L6)] main: lineP=23327.46 | bars_from_origin=80.0 slope=0.0000 | ABOVE gap=134.66
2026-03-19 13:36:27,038 [INFO]   [IntDet] Total hits this bar: 1
2026-03-19 13:36:27,038 [INFO] [Study] Emitting intersection event (DIRECT): {'time': 1773907020, 'fan': 'P1 (H17-L8)', 'fanIdentity': 'H17-L8', 'fraction': '1/8', 'price': 23191.397519223243, 'type': 'RESISTANCE_TEST', 'details': 'Rejection / Pullback'}
2026-03-19 13:36:27,046 [INFO] [IntDet] Bar 440 | 2026-03-19 13:31 | H=23194.95 L=23175.85 C=23175.85 | Fans=2 Lines=14
2026-03-19 13:36:27,047 [INFO]   [P1 (H17-L8)] main: lineP=24163.78 | bars_from_origin=289.0 slope=3.7281 | ABOVE gap=968.83
2026-03-19 13:36:27,047 [INFO]   [P1 (H17-L8)] 0.875: lineP=23968.80 | bars_from_origin=289.0 slope=3.0535 | ABOVE gap=773.85
2026-03-19 13:36:27,047 [INFO]   [P1 (H17-L8)] 0.75: lineP=23803.75 | bars_from_origin=289.0 slope=2.4824 | ABOVE gap=608.80
2026-03-19 13:36:27,047 [INFO]   [P1 (H17-L8)] 0.5: lineP=23530.22 | bars_from_origin=289.0 slope=1.5359 | ABOVE gap=335.27
2026-03-19 13:36:27,047 [INFO]   [P1 (H17-L8)] 0.25: lineP=23299.29 | bars_from_origin=289.0 slope=0.7368 | ABOVE gap=104.34
2026-03-19 13:36:27,047 [INFO]   [P1 (H17-L8)] 0.125: lineP=23191.76 | bars_from_origin=289.0 slope=0.3647 | HIT gap=0.00
2026-03-19 13:36:27,048 [INFO]     >>> HIT RECORDED: P1 (H17-L8) frac=0.125 @ 23191.76
2026-03-19 13:36:27,048 [INFO]   [P1 (H17-L8)] main: lineP=23405.81 | bars_from_origin=81.0 slope=0.0000 | ABOVE gap=210.86
2026-03-19 13:36:27,048 [INFO]   [P2 (H17-L6)] main: lineP=24167.66 | bars_from_origin=321.0 slope=3.7760 | ABOVE gap=972.71
2026-03-19 13:36:27,048 [INFO]   [P2 (H17-L6)] 0.875: lineP=23946.89 | bars_from_origin=321.0 slope=3.0883 | ABOVE gap=751.94
2026-03-19 13:36:27,048 [INFO]   [P2 (H17-L6)] 0.75: lineP=23760.63 | bars_from_origin=321.0 slope=2.5080 | ABOVE gap=565.68
2026-03-19 13:36:27,048 [INFO]   [P2 (H17-L6)] 0.5: lineP=23452.98 | bars_from_origin=321.0 slope=1.5496 | ABOVE gap=258.03
2026-03-19 13:36:27,048 [INFO]   [P2 (H17-L6)] 0.25: lineP=23194.02 | bars_from_origin=321.0 slope=0.7429 | HIT gap=0.00
2026-03-19 13:36:27,049 [INFO]     >>> HIT RECORDED: P2 (H17-L6) frac=0.25 @ 23194.02
2026-03-19 13:36:27,049 [INFO]   [P2 (H17-L6)] 0.125: lineP=23073.58 | bars_from_origin=321.0 slope=0.3677 | BELOW gap=102.27
2026-03-19 13:36:27,049 [INFO]   [P2 (H17-L6)] main: lineP=23327.46 | bars_from_origin=81.0 slope=0.0000 | ABOVE gap=132.51
2026-03-19 13:36:27,049 [INFO]   [IntDet] Total hits this bar: 2
2026-03-19 13:36:27,049 [INFO] [Study] Emitting intersection event (DIRECT): {'time': 1773907260, 'fan': 'P1 (H17-L8)', 'fanIdentity': 'H17-L8', 'fraction': '1/8', 'price': 23191.762268910214, 'type': 'RESISTANCE_TEST', 'details': 'Rejection / Pullback'}
2026-03-19 13:36:27,053 [INFO] [Study] Emitting intersection event (DIRECT): {'time': 1773907260, 'fan': 'P2 (H17-L6)', 'fanIdentity': 'H17-L6', 'fraction': '1/4', 'price': 23194.020183558277, 'type': 'RESISTANCE_TEST', 'details': 'Rejection / Pullback'}
2026-03-19 13:36:27,058 [INFO] [Tracking] Breach CONFIRMED: Fan_H17_L8 0.125 down (T+2 bars)
2026-03-19 13:36:27,059 [INFO] [Tracking] Breach CONFIRMED: Fan_H17_L6 0.25 down (T+2 bars)
2026-03-19 13:36:27,063 [INFO] [IntDet] Bar 441 | 2026-03-19 13:35 | H=23180.85 L=23173.80 C=23180.30 | Fans=2 Lines=14
2026-03-19 13:36:27,063 [INFO]   [P1 (H17-L8)] main: lineP=24167.51 | bars_from_origin=290.0 slope=3.7281 | ABOVE gap=986.66
2026-03-19 13:36:27,063 [INFO]   [P1 (H17-L8)] 0.875: lineP=23971.85 | bars_from_origin=290.0 slope=3.0535 | ABOVE gap=791.00
2026-03-19 13:36:27,063 [INFO]   [P1 (H17-L8)] 0.75: lineP=23806.23 | bars_from_origin=290.0 slope=2.4824 | ABOVE gap=625.38
2026-03-19 13:36:27,064 [INFO]   [P1 (H17-L8)] 0.5: lineP=23531.75 | bars_from_origin=290.0 slope=1.5359 | ABOVE gap=350.90
2026-03-19 13:36:27,064 [INFO]   [P1 (H17-L8)] 0.25: lineP=23300.03 | bars_from_origin=290.0 slope=0.7368 | ABOVE gap=119.18
2026-03-19 13:36:27,064 [INFO]   [P1 (H17-L8)] 0.125: lineP=23192.13 | bars_from_origin=290.0 slope=0.3647 | ABOVE gap=11.28
2026-03-19 13:36:27,064 [INFO]   [P1 (H17-L8)] main: lineP=23405.81 | bars_from_origin=82.0 slope=0.0000 | ABOVE gap=224.96
2026-03-19 13:36:27,064 [INFO]   [P2 (H17-L6)] main: lineP=24171.44 | bars_from_origin=322.0 slope=3.7760 | ABOVE gap=990.59
2026-03-19 13:36:27,064 [INFO]   [P2 (H17-L6)] 0.875: lineP=23949.98 | bars_from_origin=322.0 slope=3.0883 | ABOVE gap=769.13
2026-03-19 13:36:27,065 [INFO]   [P2 (H17-L6)] 0.75: lineP=23763.13 | bars_from_origin=322.0 slope=2.5080 | ABOVE gap=582.28
2026-03-19 13:36:27,065 [INFO]   [P2 (H17-L6)] 0.5: lineP=23454.53 | bars_from_origin=322.0 slope=1.5496 | ABOVE gap=273.68
2026-03-19 13:36:27,065 [INFO]   [P2 (H17-L6)] 0.25: lineP=23194.76 | bars_from_origin=322.0 slope=0.7429 | ABOVE gap=13.91
2026-03-19 13:36:27,065 [INFO]   [P2 (H17-L6)] 0.125: lineP=23073.95 | bars_from_origin=322.0 slope=0.3677 | BELOW gap=99.85
2026-03-19 13:36:27,066 [INFO]   [P2 (H17-L6)] main: lineP=23327.46 | bars_from_origin=82.0 slope=0.0000 | ABOVE gap=146.61
2026-03-19 13:36:27,067 [INFO] Processed 442/442 bars...
2026-03-19 13:36:27,067 [INFO] Simulation complete.
2026-03-19 13:36:27,074 [INFO] Exported 540 identical frontend events to C:\Dev\GannTesting\gann-visualizer\backend\logs\simulation_events.csv
2026-03-19 13:36:27,074 [INFO] Enriching events with forward-looking outcomes (MFE/MAE)...
2026-03-19 13:36:27,079 [INFO] 
--- Simulation Statistics ---
2026-03-19 13:36:27,079 [INFO] {
  "total_events": 742,
  "events_by_type": {
    "CROSS_UP": 102,
    "SUPPORT_TEST": 111,
    "zone_change": 202,
    "RESISTANCE_TEST": 88,
    "CROSS_DOWN": 86,
    "TOUCH": 7,
    "fake_out": 49,
    "breach_confirmed": 64,
    "fan_validated": 26,
    "rest_on_angle": 7
  },
  "events_by_angle": {
    "1/2": 82,
    "1/4": 84,
    "1/8": 29,
    "Horizontal": 83,
    "0.5": 31,
    "0.25": 19,
    "3/4": 88,
    "0.75": 38,
    "7/8": 70,
    "0.875": 13,
    "0.125": 3
  },
  "breach_directions": {
    "up": 0,
    "down": 0
  }
}
2026-03-19 13:36:27,079 [INFO] 
Confirmed Breaches: 64
2026-03-19 13:36:27,079 [INFO] Sample breach: {'timestamp': 1773381420, 'datetime': '2026-03-13T11:27:00', 'event_type': 'breach_confirmed', 'angle_name': '0.5', 'price': 23373.55078125, 'direction': 'up', 'mfe_10': 41.349609375, 'mae_10': 51.201171875, 'mfe_20': 41.349609375, 'mae_20': 179.650390625, 'details': {'fan_id': 'Fan_H2_L1', 'bars_elapsed': 1, 'first_breach_bar': 32, 'confirmation_bar': 33}}
2026-03-19 13:36:27,079 [INFO] Simulation run finished. Log saved to C:\Dev\GannTesting\gann-visualizer\backend\logs\simulation_run.log
