2026-05-07 16:30:30,801 - Initialized AngularPriceCoverageStudy v4.0. Config: {'left_bars': 5, 'right_bars': 5, 'line_extension_bars': 100, 'fraction_colors': {0.125: '#FF5252', 0.25: '#FF5252', 0.375: '#FF5252', 0.5: '#2196F3', 0.625: '#4CAF50', 0.75: '#4CAF50', 0.875: '#4CAF50', 1.0: '#FFFFFF'}, 'main_color': '#FFFFFF', 'main_line_width': 1, 'fraction_line_width': 2, 'scale_ratio': 5.4905, 'breach_mode': 'wick', 'show_intersection_labels': False, 'max_historical_fans': 3, 'bounce_threshold_percent': 0.3, 'rejection_lookback_bars': 5, 'rest_required_bars': 3, 'symbol': '^NSEI', 'resolution': '60', 'successive_closes_required': 2, 'run_mode': 'simulation'}
2026-05-07 16:30:30,803 - [Study] initialize_history called with 4060 candles
2026-05-07 16:30:31,354 - [Study] Historical detection complete. Found 391 confirmed pivots.
2026-05-07 16:30:31,701 - [Study] Creating new fan: Fan_H195_L192 (P1 (H195-L192))
2026-05-07 16:30:31,705 - [Study] Creating new fan: Fan_H195_L190 (P3 (H195-L190))
2026-05-07 16:30:31,708 - [Study] Creating new fan: Fan_H195_L191 (P2 (H195-L191))
2026-05-07 16:30:33,241 - [Study] Updating fan priority: Fan_H195_L191 -> P1 (H195-L191)
2026-05-07 16:30:33,241 - [Study] Creating new fan: Fan_H195_L186 (P3 (H195-L186))
2026-05-07 16:30:33,245 - [Study] Updating fan priority: Fan_H195_L190 -> P2 (H195-L190)
2026-05-07 16:30:33,669 - [Study] Removing invalidated/excess fan: Fan_H195_L192
2026-05-07 16:30:38,965 - [Study] Updating fan priority: Fan_H195_L191 -> P2 (H195-L191)
2026-05-07 16:30:38,965 - [Study] Updating fan priority: Fan_H195_L190 -> P3 (H195-L190)
2026-05-07 16:30:38,966 - [Study] Creating new fan: Fan_L196_H195 (P1 (L196-H195))
2026-05-07 16:30:39,031 - [Study] Removing invalidated/excess fan: Fan_H195_L186
2026-05-07 16:30:39,410 - [Tracking] Fan validated: Fan_L196_H195 via reversal at bar 4078
2026-05-07 16:30:39,417 - [Tracking] Target HIT: Fan_L196_H195 0.875
2026-05-07 16:30:39,418 - [Tracking] BREACH_CONFIRMED_NO_ALPHA: no pending found for fan=Fan_L196_H195 prev_line=0.5
2026-05-07 16:30:41,733 - [Study] Updating fan priority: Fan_H195_L191 -> P3 (H195-L191)
2026-05-07 16:30:41,733 - [Study] Creating new fan: Fan_H196_L196 (P1 (H196-L196))
2026-05-07 16:30:41,737 - [Study] Updating fan priority: Fan_L196_H195 -> P2 (L196-H195)
2026-05-07 16:30:41,800 - [Study] Removing invalidated/excess fan: Fan_H195_L190
2026-05-07 16:30:42,545 - [Study] Updating fan priority: Fan_H195_L191 -> P2 (H195-L191)
2026-05-07 16:30:42,545 - [Study] Creating new fan: Fan_H195_L190 (P3 (H195-L190))
2026-05-07 16:30:42,548 - [Study] Updating fan priority: Fan_L196_H195 -> P1 (L196-H195)
2026-05-07 16:30:43,122 - [Tracking] Fan validated: Fan_H196_L196 via breach at bar 4086
2026-05-07 16:30:43,129 - [Tracking] Target HIT: Fan_H196_L196 0.875
2026-05-07 16:30:43,130 - [Tracking] BREACH_CONFIRMED_NO_ALPHA: no pending found for fan=Fan_H196_L196 prev_line=0.5
2026-05-07 16:30:43,130 - [Study] Removing invalidated/excess fan: Fan_H196_L196
2026-05-07 16:30:43,130 - [Tracking] Target FAILED: Fan_H196_L196 (0.875) - fan invalidated with pending progression
2026-05-07 16:30:43,917 - [Tracking] Target HIT: Fan_L196_H195 0.75
2026-05-07 16:30:43,918 - [Tracking] BREACH_CONFIRMED_NO_ALPHA: no pending found for fan=Fan_L196_H195 prev_line=0.875
2026-05-07 16:30:46,484 - [Tracking] Target HIT: Fan_L196_H195 0.5
2026-05-07 16:30:46,485 - [Tracking] BREACH_CONFIRMED_NO_ALPHA: no pending found for fan=Fan_L196_H195 prev_line=0.75
2026-05-07 16:30:47,892 - [Tracking] Target HIT: Fan_L196_H195 horizontal
2026-05-07 16:30:47,892 - [Tracking] BREACH_CONFIRMED_NO_ALPHA: no pending found for fan=Fan_L196_H195 prev_line=0.5
2026-05-07 16:30:50,244 - [Study] Updating fan priority: Fan_H195_L191 -> P3 (H195-L191)
2026-05-07 16:30:50,244 - [Study] Creating new fan: Fan_H196_L196 (P1 (H196-L196))
2026-05-07 16:30:50,247 - [Study] Updating fan priority: Fan_L196_H195 -> P2 (L196-H195)
2026-05-07 16:30:50,304 - [Tracking] Fan validated: Fan_H196_L196 via reversal at bar 4105
2026-05-07 16:30:50,314 - [Tracking] Target HIT: Fan_H196_L196 0.875
2026-05-07 16:30:50,315 - [Tracking] BREACH_CONFIRMED_NO_ALPHA: no pending found for fan=Fan_H196_L196 prev_line=0.5
2026-05-07 16:30:50,315 - [Study] Removing invalidated/excess fan: Fan_H195_L190
2026-05-07 16:30:52,375 - [Study] Updating fan priority: Fan_H196_L196 -> P2 (H196-L196)
2026-05-07 16:30:52,375 - [Study] Creating new fan: Fan_L197_H196 (P1 (L197-H196))
2026-05-07 16:30:52,379 - [Study] Updating fan priority: Fan_L196_H195 -> P3 (L196-H195)
2026-05-07 16:30:52,441 - [Tracking] Fan validated: Fan_L197_H196 via breach at bar 4110
2026-05-07 16:30:52,449 - [Tracking] Target HIT: Fan_L197_H196 0.875
2026-05-07 16:30:52,449 - [Tracking] BREACH_CONFIRMED_NO_ALPHA: no pending found for fan=Fan_L197_H196 prev_line=0.5
2026-05-07 16:30:52,450 - [Tracking] Target HIT: Fan_L197_H196 0.75
2026-05-07 16:30:52,450 - [Tracking] BREACH_CONFIRMED_NO_ALPHA: no pending found for fan=Fan_L197_H196 prev_line=0.875
2026-05-07 16:30:52,450 - [Study] Removing invalidated/excess fan: Fan_H195_L191
2026-05-07 16:30:52,807 - [Tracking] Target HIT: Fan_L197_H196 0.5
2026-05-07 16:30:52,808 - [Tracking] BREACH_CONFIRMED_NO_ALPHA: found pending on Fan_L197_H196_Fan_L197_H196_f1 fraction=0.75 bar=4111 (cross-bar)
2026-05-07 16:30:52,813 - [Tracking] BREACH_CONFIRMED_NO_ALPHA (via target progression): Fan_L197_H196 0.75
2026-05-07 16:30:53,930 - [Tracking] Target HIT: Fan_L197_H196 0.25
2026-05-07 16:30:53,931 - [Tracking] BREACH_CONFIRMED_NO_ALPHA: found pending on Fan_L197_H196_Fan_L197_H196_f2 fraction=0.5 bar=4114 (cross-bar)
2026-05-07 16:30:53,935 - [Tracking] BREACH_CONFIRMED_NO_ALPHA (via target progression): Fan_L197_H196 0.5
2026-05-07 16:30:53,936 - [Tracking] Target HIT: Fan_L197_H196 horizontal
2026-05-07 16:30:53,936 - [Tracking] BREACH_CONFIRMED_NO_ALPHA: no pending found for fan=Fan_L197_H196 prev_line=0.5
2026-05-07 16:30:54,671 - [Study] Creating new fan: Fan_H195_L191 (P2 (H195-L191))
2026-05-07 16:30:54,674 - [Study] Creating new fan: Fan_H195_L190 (P3 (H195-L190))
2026-05-07 16:30:54,678 - [Study] Updating fan priority: Fan_L196_H195 -> P1 (L196-H195)
2026-05-07 16:30:55,454 - [Tracking] Target HIT: Fan_L196_H195 0.25
2026-05-07 16:30:55,454 - [Tracking] BREACH_CONFIRMED_NO_ALPHA: no pending found for fan=Fan_L196_H195 prev_line=0.5
2026-05-07 16:30:55,455 - [Study] Removing invalidated/excess fan: Fan_H196_L196
2026-05-07 16:30:55,455 - [Tracking] Target FAILED: Fan_H196_L196 (0.875) - fan invalidated with pending progression
2026-05-07 16:30:55,455 - [Study] Removing invalidated/excess fan: Fan_L197_H196
2026-05-07 16:30:55,456 - [Tracking] Target HIT: Fan_L197_H196 reached full_coverage!
2026-05-07 16:30:58,714 - [Study] Creating new fan: Fan_H197_L197 (P1 (H197-L197))
2026-05-07 16:30:58,716 - [Study] Creating new fan: Fan_H197_L196 (P2 (H197-L196))
2026-05-07 16:30:58,719 - [Study] Updating fan priority: Fan_L196_H195 -> P3 (L196-H195)
2026-05-07 16:30:58,778 - [Study] Removing invalidated/excess fan: Fan_H195_L191
2026-05-07 16:30:58,779 - [Study] Removing invalidated/excess fan: Fan_H195_L190
2026-05-07 16:30:59,931 - [Study] Updating fan priority: Fan_H197_L197 -> P2 (H197-L197)
2026-05-07 16:30:59,931 - [Study] Creating new fan: Fan_L198_H197 (P1 (L198-H197))
2026-05-07 16:30:59,934 - [Study] Updating fan priority: Fan_H197_L196 -> P3 (H197-L196)
2026-05-07 16:31:00,002 - [Study] Removing invalidated/excess fan: Fan_L196_H195
2026-05-07 16:31:00,002 - [Tracking] Target FAILED: Fan_L196_H195 (0.25) - fan invalidated with pending progression
2026-05-07 16:31:00,808 - [Tracking] Fan validated: Fan_H197_L196 via touch at bar 4130
2026-05-07 16:31:00,816 - [Tracking] Target HIT: Fan_H197_L196 0.875
2026-05-07 16:31:00,817 - [Tracking] BREACH_CONFIRMED_NO_ALPHA: no pending found for fan=Fan_H197_L196 prev_line=0.5
2026-05-07 16:31:01,574 - [Study] Updating fan priority: Fan_H197_L197 -> P1 (H197-L197)
2026-05-07 16:31:01,575 - [Study] Updating fan priority: Fan_H197_L196 -> P2 (H197-L196)
2026-05-07 16:31:01,575 - [Study] Creating new fan: Fan_L196_H195 (P3 (L196-H195))
2026-05-07 16:31:02,167 - [Study] Removing invalidated/excess fan: Fan_L198_H197
2026-05-07 16:31:04,276 - [Study] Updating fan priority: Fan_H197_L197 -> P2 (H197-L197)
2026-05-07 16:31:04,277 - [Study] Updating fan priority: Fan_H197_L196 -> P3 (H197-L196)
2026-05-07 16:31:04,277 - [Study] Creating new fan: Fan_L199_H197 (P1 (L199-H197))
2026-05-07 16:31:04,346 - [Study] Removing invalidated/excess fan: Fan_L196_H195
2026-05-07 16:31:05,013 - [Study] Creating new fan: Fan_H195_L191 (P2 (H195-L191))
2026-05-07 16:31:05,016 - [Study] Creating new fan: Fan_H195_L190 (P3 (H195-L190))
2026-05-07 16:31:05,018 - [Study] Creating new fan: Fan_L196_H195 (P1 (L196-H195))
2026-05-07 16:31:05,946 - [Study] Removing invalidated/excess fan: Fan_H197_L197
2026-05-07 16:31:05,946 - [Study] Removing invalidated/excess fan: Fan_H197_L196
2026-05-07 16:31:05,947 - [Tracking] Target FAILED: Fan_H197_L196 (0.875) - fan invalidated with pending progression
2026-05-07 16:31:05,947 - [Study] Removing invalidated/excess fan: Fan_L199_H197
2026-05-07 16:31:07,360 - [Study] Creating new fan: Fan_L186_H178 (P1 (L186-H178))
2026-05-07 16:31:07,365 - [Study] Creating new fan: Fan_L186_H176 (P3 (L186-H176))
2026-05-07 16:31:07,370 - [Study] Creating new fan: Fan_L186_H177 (P2 (L186-H177))
2026-05-07 16:31:10,094 - [Study] Removing invalidated/excess fan: Fan_L196_H195
2026-05-07 16:31:10,095 - [Study] Removing invalidated/excess fan: Fan_H195_L191
2026-05-07 16:31:10,095 - [Study] Removing invalidated/excess fan: Fan_H195_L190
2026-05-07 16:31:11,793 - [Study] Updating fan priority: Fan_L186_H176 -> P2 (L186-H176)
2026-05-07 16:31:11,793 - [Study] Updating fan priority: Fan_L186_H177 -> P1 (L186-H177)
2026-05-07 16:31:11,794 - [Study] Creating new fan: Fan_L186_H175 (P3 (L186-H175))
2026-05-07 16:31:14,439 - [Study] Removing invalidated/excess fan: Fan_L186_H178
2026-05-07 16:31:14,805 - [Study] Creating new fan: Fan_H175_L161 (P3 (H175-L161))
2026-05-07 16:31:14,811 - [Study] Creating new fan: Fan_H175_L164 (P2 (H175-L164))
2026-05-07 16:31:14,817 - [Study] Updating fan priority: Fan_L186_H175 -> P1 (L186-H175)
2026-05-07 16:31:18,583 - [Study] Removing invalidated/excess fan: Fan_L186_H177
2026-05-07 16:31:18,584 - [Study] Removing invalidated/excess fan: Fan_L186_H176
2026-05-07 16:31:19,282 - [Study] Creating new fan: Fan_L158_H119 (P1 (L158-H119))
2026-05-07 16:31:19,293 - [Study] Creating new fan: Fan_H119_L89 (P2 (H119-L89))
2026-05-07 16:31:19,308 - [Study] Creating new fan: Fan_H119_L56 (P3 (H119-L56))
2026-05-07 16:31:32,419 - [Study] Removing invalidated/excess fan: Fan_L186_H175
2026-05-07 16:31:32,419 - [Study] Removing invalidated/excess fan: Fan_H175_L164
2026-05-07 16:31:32,420 - [Study] Removing invalidated/excess fan: Fan_H175_L161
2026-05-07 16:31:37,015 - [Study] Creating new fan: Fan_H199_L197 (P2 (H199-L197))
2026-05-07 16:31:37,018 - [Study] Creating new fan: Fan_H199_L196 (P3 (H199-L196))
2026-05-07 16:31:37,020 - [Study] Creating new fan: Fan_H199_L199 (P1 (H199-L199))
2026-05-07 16:31:37,083 - [Study] Removing invalidated/excess fan: Fan_L158_H119
2026-05-07 16:31:37,084 - [Study] Removing invalidated/excess fan: Fan_H119_L89
2026-05-07 16:31:37,084 - [Study] Removing invalidated/excess fan: Fan_H119_L56
2026-05-07 16:31:37,778 - [Study] Creating new fan: Fan_L158_H119 (P1 (L158-H119))
2026-05-07 16:31:37,788 - [Study] Creating new fan: Fan_H119_L89 (P2 (H119-L89))
2026-05-07 16:31:37,804 - [Study] Creating new fan: Fan_H119_L56 (P3 (H119-L56))
2026-05-07 16:31:51,360 - [Study] Removing invalidated/excess fan: Fan_H199_L199
2026-05-07 16:31:51,360 - [Study] Removing invalidated/excess fan: Fan_H199_L197
2026-05-07 16:31:51,360 - [Study] Removing invalidated/excess fan: Fan_H199_L196
2026-05-07 16:31:55,240 - [Study] Creating new fan: Fan_H199_L197 (P2 (H199-L197))
2026-05-07 16:31:55,243 - [Study] Creating new fan: Fan_H199_L196 (P3 (H199-L196))
2026-05-07 16:31:55,246 - [Study] Creating new fan: Fan_H199_L199 (P1 (H199-L199))
2026-05-07 16:31:55,301 - [Study] Removing invalidated/excess fan: Fan_L158_H119
2026-05-07 16:31:55,301 - [Study] Removing invalidated/excess fan: Fan_H119_L89
2026-05-07 16:31:55,302 - [Study] Removing invalidated/excess fan: Fan_H119_L56
2026-05-07 16:31:56,365 - [Tracking] Fan validated: Fan_H199_L197 via breach at bar 4178
2026-05-07 16:31:56,374 - [Tracking] Target HIT: Fan_H199_L197 0.875
2026-05-07 16:31:56,374 - [Tracking] BREACH_CONFIRMED_NO_ALPHA: no pending found for fan=Fan_H199_L197 prev_line=0.5
2026-05-07 16:31:58,191 - [Study] Updating fan priority: Fan_H199_L197 -> P3 (H199-L197)
2026-05-07 16:31:58,192 - [Study] Updating fan priority: Fan_H199_L199 -> P2 (H199-L199)
2026-05-07 16:31:58,192 - [Study] Creating new fan: Fan_L200_H199 (P1 (L200-H199))
2026-05-07 16:31:58,256 - [Study] Removing invalidated/excess fan: Fan_H199_L196
2026-05-07 16:32:00,532 - [Tracking] Fan validated: Fan_H199_L199 via breach at bar 4189
2026-05-07 16:32:00,540 - [Tracking] Target HIT: Fan_H199_L199 0.875
2026-05-07 16:32:00,540 - [Tracking] BREACH_CONFIRMED_NO_ALPHA: no pending found for fan=Fan_H199_L199 prev_line=0.5
2026-05-07 16:32:02,027 - [Study] Creating new fan: Fan_H200_L200 (P1 (H200-L200))
2026-05-07 16:32:02,030 - [Study] Updating fan priority: Fan_H199_L199 -> P3 (H199-L199)
2026-05-07 16:32:02,030 - [Study] Updating fan priority: Fan_L200_H199 -> P2 (L200-H199)
2026-05-07 16:32:02,088 - [Tracking] Fan validated: Fan_H200_L200 via touch at bar 4193
2026-05-07 16:32:02,095 - [Tracking] Target HIT: Fan_H200_L200 0.875
2026-05-07 16:32:02,095 - [Tracking] BREACH_CONFIRMED_NO_ALPHA: no pending found for fan=Fan_H200_L200 prev_line=0.5
2026-05-07 16:32:02,095 - [Study] Removing invalidated/excess fan: Fan_H199_L197
2026-05-07 16:32:02,095 - [Tracking] Target FAILED: Fan_H199_L197 (0.875) - fan invalidated with pending progression
2026-05-07 16:32:03,176 - [Study] Creating new fan: Fan_H199_L197 (P3 (H199-L197))
2026-05-07 16:32:03,180 - [Study] Updating fan priority: Fan_H199_L199 -> P2 (H199-L199)
2026-05-07 16:32:03,180 - [Study] Updating fan priority: Fan_L200_H199 -> P1 (L200-H199)
2026-05-07 16:32:03,380 - [Study] Removing invalidated/excess fan: Fan_H200_L200
2026-05-07 16:32:03,380 - [Tracking] Target FAILED: Fan_H200_L200 (0.875) - fan invalidated with pending progression
2026-05-07 16:32:04,901 - [Tracking] Fan validated: Fan_H199_L197 via reversal at bar 4200
2026-05-07 16:32:04,914 - [Tracking] Target HIT: Fan_H199_L197 0.875
2026-05-07 16:32:04,914 - [Tracking] BREACH_CONFIRMED_NO_ALPHA: no pending found for fan=Fan_H199_L197 prev_line=0.5
2026-05-07 16:32:06,498 - [Study] Creating new fan: Fan_H201_L201 (P1 (H201-L201))
2026-05-07 16:32:06,502 - [Study] Creating new fan: Fan_H201_L200 (P2 (H201-L200))
2026-05-07 16:32:06,505 - [Study] Updating fan priority: Fan_L200_H199 -> P3 (L200-H199)
2026-05-07 16:32:06,571 - [Study] Removing invalidated/excess fan: Fan_H199_L199
2026-05-07 16:32:06,572 - [Tracking] Target FAILED: Fan_H199_L199 (0.875) - fan invalidated with pending progression
2026-05-07 16:32:06,572 - [Study] Removing invalidated/excess fan: Fan_H199_L197
2026-05-07 16:32:06,572 - [Tracking] Target FAILED: Fan_H199_L197 (0.875) - fan invalidated with pending progression
2026-05-07 16:32:08,857 - [Study] Creating new fan: Fan_H199_L199 (P3 (H199-L199))
2026-05-07 16:32:08,861 - [Study] Updating fan priority: Fan_H201_L200 -> P1 (H201-L200)
2026-05-07 16:32:08,861 - [Study] Updating fan priority: Fan_L200_H199 -> P2 (L200-H199)
2026-05-07 16:32:09,183 - [Study] Removing invalidated/excess fan: Fan_H201_L201
2026-05-07 16:32:10,701 - [Study] Creating new fan: Fan_H199_L197 (P2 (H199-L197))
2026-05-07 16:32:10,705 - [Study] Creating new fan: Fan_H199_L196 (P3 (H199-L196))
2026-05-07 16:32:10,708 - [Study] Updating fan priority: Fan_H199_L199 -> P1 (H199-L199)
2026-05-07 16:32:11,044 - [Study] Removing invalidated/excess fan: Fan_L200_H199
2026-05-07 16:32:11,045 - [Study] Removing invalidated/excess fan: Fan_H201_L200
2026-05-07 16:32:13,636 - [Study] Creating new fan: Fan_L202_H199 (P2 (L202-H199))
2026-05-07 16:32:13,639 - [Study] Creating new fan: Fan_L202_H201 (P1 (L202-H201))
2026-05-07 16:32:13,642 - [Study] Updating fan priority: Fan_H199_L199 -> P3 (H199-L199)
2026-05-07 16:32:13,686 - [Tracking] Fan validated: Fan_L202_H201 via reversal at bar 4221
2026-05-07 16:32:13,695 - [Tracking] Target HIT: Fan_L202_H201 0.875
2026-05-07 16:32:13,695 - [Tracking] BREACH_CONFIRMED_NO_ALPHA: no pending found for fan=Fan_L202_H201 prev_line=0.5
2026-05-07 16:32:13,696 - [Study] Removing invalidated/excess fan: Fan_H199_L197
2026-05-07 16:32:13,696 - [Study] Removing invalidated/excess fan: Fan_H199_L196
2026-05-07 16:32:14,426 - [Tracking] Fan validated: Fan_L202_H199 via breach at bar 4223
2026-05-07 16:32:14,435 - [Tracking] Target HIT: Fan_L202_H199 0.875
2026-05-07 16:32:14,435 - [Tracking] BREACH_CONFIRMED_NO_ALPHA: no pending found for fan=Fan_L202_H199 prev_line=0.5
2026-05-07 16:32:15,623 - [Study] Updating fan priority: Fan_L202_H199 -> P3 (L202-H199)
2026-05-07 16:32:15,623 - [Study] Updating fan priority: Fan_L202_H201 -> P2 (L202-H201)
2026-05-07 16:32:15,624 - [Study] Creating new fan: Fan_H202_L202 (P1 (H202-L202))
2026-05-07 16:32:15,689 - [Study] Removing invalidated/excess fan: Fan_H199_L199
2026-05-07 16:32:16,065 - [Study] Creating new fan: Fan_H199_L197 (P2 (H199-L197))
2026-05-07 16:32:16,069 - [Study] Creating new fan: Fan_H199_L196 (P3 (H199-L196))
2026-05-07 16:32:16,072 - [Study] Creating new fan: Fan_H199_L199 (P1 (H199-L199))
2026-05-07 16:32:16,514 - [Study] Removing invalidated/excess fan: Fan_L202_H201
2026-05-07 16:32:16,514 - [Tracking] Target FAILED: Fan_L202_H201 (0.875) - fan invalidated with pending progression
2026-05-07 16:32:16,515 - [Study] Removing invalidated/excess fan: Fan_L202_H199
2026-05-07 16:32:16,515 - [Tracking] Target FAILED: Fan_L202_H199 (0.875) - fan invalidated with pending progression
2026-05-07 16:32:16,515 - [Study] Removing invalidated/excess fan: Fan_H202_L202
2026-05-07 16:32:22,349 - [Study] Creating new fan: Fan_L203_H201 (P2 (L203-H201))
2026-05-07 16:32:22,352 - [Study] Creating new fan: Fan_L203_H202 (P1 (L203-H202))
2026-05-07 16:32:22,354 - [Study] Creating new fan: Fan_L203_H199 (P3 (L203-H199))
2026-05-07 16:32:22,414 - [Tracking] Fan validated: Fan_L203_H202 via reversal at bar 4242
2026-05-07 16:32:22,414 - [Tracking] Fan validated: Fan_L203_H199 via reversal at bar 4242
2026-05-07 16:32:22,423 - [Tracking] Target HIT: Fan_L203_H199 0.875
2026-05-07 16:32:22,423 - [Tracking] BREACH_CONFIRMED_NO_ALPHA: no pending found for fan=Fan_L203_H199 prev_line=0.5
2026-05-07 16:32:22,424 - [Tracking] Target HIT: Fan_L203_H202 0.875
2026-05-07 16:32:22,424 - [Tracking] BREACH_CONFIRMED_NO_ALPHA: no pending found for fan=Fan_L203_H202 prev_line=0.5
2026-05-07 16:32:22,424 - [Study] Removing invalidated/excess fan: Fan_H199_L199
2026-05-07 16:32:22,424 - [Study] Removing invalidated/excess fan: Fan_H199_L197
2026-05-07 16:32:22,425 - [Study] Removing invalidated/excess fan: Fan_H199_L196
2026-05-07 16:32:23,198 - [Tracking] Fan validated: Fan_L203_H201 via breach at bar 4244
2026-05-07 16:32:23,207 - [Tracking] Target HIT: Fan_L203_H201 0.875
2026-05-07 16:32:23,207 - [Tracking] BREACH_CONFIRMED_NO_ALPHA: no pending found for fan=Fan_L203_H201 prev_line=0.5
2026-05-07 16:32:23,207 - [Tracking] Target HIT: Fan_L203_H202 0.75
2026-05-07 16:32:23,208 - [Tracking] BREACH_CONFIRMED_NO_ALPHA: found pending on Fan_L203_H202_Fan_L203_H202_f0 fraction=0.875 bar=4244 (cross-bar)
2026-05-07 16:32:23,213 - [Tracking] BREACH_CONFIRMED_NO_ALPHA (via target progression): Fan_L203_H202 0.875
2026-05-07 16:32:24,052 - [Tracking] Target HIT: Fan_L203_H199 0.75
2026-05-07 16:32:24,052 - [Tracking] BREACH_CONFIRMED_NO_ALPHA: no pending found for fan=Fan_L203_H199 prev_line=0.875
2026-05-07 16:32:26,351 - [Study] Updating fan priority: Fan_L203_H201 -> P3 (L203-H201)
2026-05-07 16:32:26,352 - [Study] Updating fan priority: Fan_L203_H202 -> P2 (L203-H202)
2026-05-07 16:32:26,352 - [Study] Creating new fan: Fan_H203_L203 (P1 (H203-L203))
2026-05-07 16:32:26,418 - [Study] Removing invalidated/excess fan: Fan_L203_H199
2026-05-07 16:32:26,419 - [Tracking] Target FAILED: Fan_L203_H199 (0.75) - fan invalidated with pending progression
2026-05-07 16:32:27,176 - [Tracking] Fan validated: Fan_H203_L203 via breach at bar 4254
2026-05-07 16:32:27,185 - [Tracking] Target HIT: Fan_H203_L203 0.875
2026-05-07 16:32:27,185 - [Tracking] BREACH_CONFIRMED_NO_ALPHA: no pending found for fan=Fan_H203_L203 prev_line=0.5
2026-05-07 16:32:27,599 - [Study] Updating fan priority: Fan_L203_H201 -> P2 (L203-H201)
2026-05-07 16:32:27,600 - [Study] Updating fan priority: Fan_L203_H202 -> P1 (L203-H202)
2026-05-07 16:32:27,600 - [Study] Creating new fan: Fan_L203_H199 (P3 (L203-H199))
2026-05-07 16:32:27,773 - [Tracking] Target HIT: Fan_L203_H201 0.75
2026-05-07 16:32:27,774 - [Tracking] BREACH_CONFIRMED_NO_ALPHA: no pending found for fan=Fan_L203_H201 prev_line=0.875
2026-05-07 16:32:27,774 - [Tracking] Target HIT: Fan_L203_H202 0.5
2026-05-07 16:32:27,774 - [Tracking] BREACH_CONFIRMED_NO_ALPHA: no pending found for fan=Fan_L203_H202 prev_line=0.75
2026-05-07 16:32:27,774 - [Study] Removing invalidated/excess fan: Fan_H203_L203
2026-05-07 16:32:27,775 - [Tracking] Target FAILED: Fan_H203_L203 (0.875) - fan invalidated with pending progression
2026-05-07 16:32:28,901 - [Study] Creating new fan: Fan_H199_L199 (P3 (H199-L199))
2026-05-07 16:32:28,905 - [Study] Updating fan priority: Fan_L203_H201 -> P1 (L203-H201)
2026-05-07 16:32:28,905 - [Study] Updating fan priority: Fan_L203_H199 -> P2 (L203-H199)
2026-05-07 16:32:29,577 - [Tracking] Target HIT: Fan_L203_H201 0.5
2026-05-07 16:32:29,577 - [Tracking] BREACH_CONFIRMED_NO_ALPHA: no pending found for fan=Fan_L203_H201 prev_line=0.75
2026-05-07 16:32:29,577 - [Tracking] Target HIT: Fan_L203_H202 horizontal
2026-05-07 16:32:29,578 - [Tracking] BREACH_CONFIRMED_NO_ALPHA: no pending found for fan=Fan_L203_H202 prev_line=0.5
2026-05-07 16:32:29,578 - [Tracking] Target HIT: Fan_L203_H202 0.25
2026-05-07 16:32:29,578 - [Tracking] BREACH_CONFIRMED_NO_ALPHA: no pending found for fan=Fan_L203_H202 prev_line=0.5
2026-05-07 16:32:29,579 - [Study] Removing invalidated/excess fan: Fan_L203_H202
2026-05-07 16:32:29,579 - [Tracking] Target HIT: Fan_L203_H202 reached full_coverage!
2026-05-07 16:32:32,655 - [Tracking] Target HIT: Fan_L203_H201 horizontal
2026-05-07 16:32:32,655 - [Tracking] BREACH_CONFIRMED_NO_ALPHA: no pending found for fan=Fan_L203_H201 prev_line=0.5
2026-05-07 16:32:32,656 - [Tracking] Target HIT: Fan_L203_H201 0.25
2026-05-07 16:32:32,656 - [Tracking] BREACH_CONFIRMED_NO_ALPHA: no pending found for fan=Fan_L203_H201 prev_line=0.5
2026-05-07 16:32:35,773 - [Study] Updating fan priority: Fan_L203_H201 -> P3 (L203-H201)
2026-05-07 16:32:35,773 - [Study] Creating new fan: Fan_H204_L204 (P1 (H204-L204))
2026-05-07 16:32:35,777 - [Study] Creating new fan: Fan_H204_L203 (P2 (H204-L203))
2026-05-07 16:32:35,832 - [Tracking] Fan validated: Fan_H204_L204 via reversal at bar 4274
2026-05-07 16:32:35,841 - [Tracking] Target HIT: Fan_H204_L204 0.875
2026-05-07 16:32:35,841 - [Tracking] BREACH_CONFIRMED_NO_ALPHA: no pending found for fan=Fan_H204_L204 prev_line=0.5
2026-05-07 16:32:35,841 - [Study] Removing invalidated/excess fan: Fan_L203_H199
2026-05-07 16:32:35,842 - [Study] Removing invalidated/excess fan: Fan_H199_L199
2026-05-07 16:32:36,239 - [Tracking] Fan validated: Fan_H204_L203 via reversal at bar 4275
2026-05-07 16:32:36,248 - [Tracking] Target HIT: Fan_H204_L203 0.875
2026-05-07 16:32:36,248 - [Tracking] BREACH_CONFIRMED_NO_ALPHA: no pending found for fan=Fan_H204_L203 prev_line=0.5
2026-05-07 16:32:38,672 - [Study] Creating new fan: Fan_L205_H204 (P1 (L205-H204))
2026-05-07 16:32:38,676 - [Study] Updating fan priority: Fan_H204_L204 -> P2 (H204-L204)
2026-05-07 16:32:38,676 - [Study] Updating fan priority: Fan_H204_L203 -> P3 (H204-L203)
2026-05-07 16:32:38,752 - [Study] Removing invalidated/excess fan: Fan_L203_H201
2026-05-07 16:32:38,753 - [Tracking] Target FAILED: Fan_L203_H201 (0.25) - fan invalidated with pending progression
2026-05-07 16:32:39,568 - [Study] Creating new fan: Fan_H199_L199 (P3 (H199-L199))
2026-05-07 16:32:39,572 - [Study] Creating new fan: Fan_L203_H201 (P1 (L203-H201))
2026-05-07 16:32:39,576 - [Study] Creating new fan: Fan_L203_H199 (P2 (L203-H199))
2026-05-07 16:32:40,440 - [Study] Removing invalidated/excess fan: Fan_H204_L204
2026-05-07 16:32:40,440 - [Tracking] Target FAILED: Fan_H204_L204 (0.875) - fan invalidated with pending progression
2026-05-07 16:32:40,441 - [Study] Removing invalidated/excess fan: Fan_H204_L203
2026-05-07 16:32:40,441 - [Tracking] Target FAILED: Fan_H204_L203 (0.875) - fan invalidated with pending progression
2026-05-07 16:32:40,441 - [Study] Removing invalidated/excess fan: Fan_L205_H204
2026-05-07 16:32:43,149 - [Study] Creating new fan: Fan_H205_L205 (P1 (H205-L205))
2026-05-07 16:32:43,151 - [Study] Creating new fan: Fan_H205_L203 (P3 (H205-L203))
2026-05-07 16:32:43,153 - [Study] Creating new fan: Fan_H205_L204 (P2 (H205-L204))
2026-05-07 16:32:43,204 - [Tracking] Fan validated: Fan_H205_L205 via breach at bar 4290
2026-05-07 16:32:43,212 - [Tracking] Target HIT: Fan_H205_L205 0.875
2026-05-07 16:32:43,213 - [Tracking] BREACH_CONFIRMED_NO_ALPHA: no pending found for fan=Fan_H205_L205 prev_line=0.5
2026-05-07 16:32:43,213 - [Study] Removing invalidated/excess fan: Fan_L203_H201
2026-05-07 16:32:43,213 - [Study] Removing invalidated/excess fan: Fan_L203_H199
2026-05-07 16:32:43,213 - [Study] Removing invalidated/excess fan: Fan_H199_L199
2026-05-07 16:32:44,026 - [Tracking] Fan validated: Fan_H205_L204 via reversal at bar 4292
2026-05-07 16:32:44,033 - [Tracking] Target HIT: Fan_H205_L204 0.875
2026-05-07 16:32:44,034 - [Tracking] BREACH_CONFIRMED_NO_ALPHA: no pending found for fan=Fan_H205_L204 prev_line=0.5
2026-05-07 16:32:44,034 - [Tracking] Target HIT: Fan_H205_L205 0.75
2026-05-07 16:32:44,034 - [Tracking] BREACH_CONFIRMED_NO_ALPHA: found pending on Fan_H205_L205_Fan_H205_L205_f0 fraction=0.875 bar=4292 (cross-bar)
2026-05-07 16:32:44,040 - [Tracking] BREACH_CONFIRMED_NO_ALPHA (via target progression): Fan_H205_L205 0.875
2026-05-07 16:32:44,446 - [Tracking] Fan validated: Fan_H205_L203 via reversal at bar 4293
2026-05-07 16:32:44,454 - [Tracking] Target HIT: Fan_H205_L203 0.875
2026-05-07 16:32:44,454 - [Tracking] BREACH_CONFIRMED_NO_ALPHA: no pending found for fan=Fan_H205_L203 prev_line=0.5
2026-05-07 16:32:45,637 - [Study] Creating new fan: Fan_H199_L199 (P3 (H199-L199))
2026-05-07 16:32:45,642 - [Study] Creating new fan: Fan_L203_H201 (P1 (L203-H201))
2026-05-07 16:32:45,645 - [Study] Creating new fan: Fan_L203_H199 (P2 (L203-H199))
2026-05-07 16:32:46,523 - [Study] Removing invalidated/excess fan: Fan_H205_L205
2026-05-07 16:32:46,524 - [Tracking] Target FAILED: Fan_H205_L205 (0.75) - fan invalidated with pending progression
2026-05-07 16:32:46,524 - [Study] Removing invalidated/excess fan: Fan_H205_L204
2026-05-07 16:32:46,524 - [Tracking] Target FAILED: Fan_H205_L204 (0.875) - fan invalidated with pending progression
2026-05-07 16:32:46,524 - [Study] Removing invalidated/excess fan: Fan_H205_L203
2026-05-07 16:32:46,525 - [Tracking] Target FAILED: Fan_H205_L203 (0.875) - fan invalidated with pending progression
2026-05-07 16:32:48,085 - [Study] Creating new fan: Fan_L158_H119 (P1 (L158-H119))
2026-05-07 16:32:48,097 - [Study] Creating new fan: Fan_H119_L89 (P2 (H119-L89))
2026-05-07 16:32:48,111 - [Study] Creating new fan: Fan_H119_L56 (P3 (H119-L56))
2026-05-07 16:33:02,325 - [Study] Removing invalidated/excess fan: Fan_L203_H201
2026-05-07 16:33:02,325 - [Study] Removing invalidated/excess fan: Fan_L203_H199
2026-05-07 16:33:02,326 - [Study] Removing invalidated/excess fan: Fan_H199_L199
2026-05-07 16:33:06,294 - [Study] Creating new fan: Fan_H206_L206 (P1 (H206-L206))
2026-05-07 16:33:06,298 - [Study] Creating new fan: Fan_H206_L204 (P3 (H206-L204))
2026-05-07 16:33:06,301 - [Study] Creating new fan: Fan_H206_L205 (P2 (H206-L205))
2026-05-07 16:33:06,354 - [Study] Removing invalidated/excess fan: Fan_L158_H119
2026-05-07 16:33:06,355 - [Study] Removing invalidated/excess fan: Fan_H119_L89
2026-05-07 16:33:06,355 - [Study] Removing invalidated/excess fan: Fan_H119_L56
2026-05-07 16:33:06,748 - [Tracking] Fan validated: Fan_H206_L206 via reversal at bar 4311
2026-05-07 16:33:06,748 - [Tracking] Fan validated: Fan_H206_L205 via reversal at bar 4311
2026-05-07 16:33:06,756 - [Tracking] Target HIT: Fan_H206_L205 0.875
2026-05-07 16:33:06,756 - [Tracking] BREACH_CONFIRMED_NO_ALPHA: no pending found for fan=Fan_H206_L205 prev_line=0.5
2026-05-07 16:33:06,756 - [Tracking] Target HIT: Fan_H206_L206 0.875
2026-05-07 16:33:06,757 - [Tracking] BREACH_CONFIRMED_NO_ALPHA: no pending found for fan=Fan_H206_L206 prev_line=0.5
2026-05-07 16:33:07,515 - [Tracking] Fan validated: Fan_H206_L204 via reversal at bar 4313
2026-05-07 16:33:07,526 - [Tracking] Target HIT: Fan_H206_L204 0.875
2026-05-07 16:33:07,526 - [Tracking] BREACH_CONFIRMED_NO_ALPHA: no pending found for fan=Fan_H206_L204 prev_line=0.5
2026-05-07 16:33:08,691 - [Tracking] Target HIT: Fan_H206_L206 0.75
2026-05-07 16:33:08,691 - [Tracking] BREACH_CONFIRMED_NO_ALPHA: no pending found for fan=Fan_H206_L206 prev_line=0.875
2026-05-07 16:33:09,094 - [Tracking] Target HIT: Fan_H206_L205 0.75
2026-05-07 16:33:09,094 - [Tracking] BREACH_CONFIRMED_NO_ALPHA: no pending found for fan=Fan_H206_L205 prev_line=0.875
2026-05-07 16:33:09,884 - [Tracking] Target HIT: Fan_H206_L206 0.5
2026-05-07 16:33:09,884 - [Tracking] BREACH_CONFIRMED_NO_ALPHA: no pending found for fan=Fan_H206_L206 prev_line=0.75
2026-05-07 16:33:10,282 - [Tracking] Target HIT: Fan_H206_L204 0.75
2026-05-07 16:33:10,282 - [Tracking] BREACH_CONFIRMED_NO_ALPHA: no pending found for fan=Fan_H206_L204 prev_line=0.875
2026-05-07 16:33:10,283 - [Tracking] Target HIT: Fan_H206_L205 0.5
2026-05-07 16:33:10,283 - [Tracking] BREACH_CONFIRMED_NO_ALPHA: no pending found for fan=Fan_H206_L205 prev_line=0.75
2026-05-07 16:33:12,243 - [Study] Updating fan priority: Fan_H206_L206 -> P2 (H206-L206)
2026-05-07 16:33:12,244 - [Study] Updating fan priority: Fan_H206_L205 -> P3 (H206-L205)
2026-05-07 16:33:12,244 - [Study] Creating new fan: Fan_L207_H206 (P1 (L207-H206))
2026-05-07 16:33:12,301 - [Tracking] Fan validated: Fan_L207_H206 via breach at bar 4325
2026-05-07 16:33:12,309 - [Tracking] Target HIT: Fan_L207_H206 0.875
2026-05-07 16:33:12,310 - [Tracking] BREACH_CONFIRMED_NO_ALPHA: no pending found for fan=Fan_L207_H206 prev_line=0.5
2026-05-07 16:33:12,310 - [Study] Removing invalidated/excess fan: Fan_H206_L204
2026-05-07 16:33:12,311 - [Tracking] Target FAILED: Fan_H206_L204 (0.75) - fan invalidated with pending progression
2026-05-07 16:33:12,678 - [Study] Updating fan priority: Fan_H206_L206 -> P1 (H206-L206)
2026-05-07 16:33:12,678 - [Study] Creating new fan: Fan_H206_L204 (P3 (H206-L204))
2026-05-07 16:33:12,681 - [Study] Updating fan priority: Fan_H206_L205 -> P2 (H206-L205)
2026-05-07 16:33:12,879 - [Tracking] Target HIT: Fan_H206_L206 0.25
2026-05-07 16:33:12,880 - [Tracking] BREACH_CONFIRMED_NO_ALPHA: no pending found for fan=Fan_H206_L206 prev_line=0.5
2026-05-07 16:33:12,880 - [Tracking] Target HIT: Fan_H206_L206 horizontal
2026-05-07 16:33:12,880 - [Tracking] BREACH_CONFIRMED_NO_ALPHA: no pending found for fan=Fan_H206_L206 prev_line=0.5
2026-05-07 16:33:12,881 - [Study] Removing invalidated/excess fan: Fan_L207_H206
2026-05-07 16:33:12,881 - [Tracking] Target FAILED: Fan_L207_H206 (0.875) - fan invalidated with pending progression
2026-05-07 16:33:13,270 - [Tracking] Target HIT: Fan_H206_L205 horizontal
2026-05-07 16:33:13,271 - [Tracking] BREACH_CONFIRMED_NO_ALPHA: found pending on Fan_H206_L205_Fan_H206_L205_f2 fraction=0.5 bar=4327 (cross-bar)
2026-05-07 16:33:13,277 - [Tracking] BREACH_CONFIRMED_NO_ALPHA (via target progression): Fan_H206_L205 0.5
2026-05-07 16:33:13,656 - [Study] Updating fan priority: Fan_H206_L204 -> P2 (H206-L204)
2026-05-07 16:33:13,657 - [Study] Updating fan priority: Fan_H206_L205 -> P1 (H206-L205)
2026-05-07 16:33:13,657 - [Study] Creating new fan: Fan_H206_L203 (P3 (H206-L203))
2026-05-07 16:33:13,892 - [Study] Removing invalidated/excess fan: Fan_H206_L206
2026-05-07 16:33:13,892 - [Tracking] Target HIT: Fan_H206_L206 reached full_coverage!
2026-05-07 16:33:15,475 - [Tracking] Fan validated: Fan_H206_L203 via reversal at bar 4332
2026-05-07 16:33:15,482 - [Tracking] Target HIT: Fan_H206_L203 0.875
2026-05-07 16:33:15,483 - [Tracking] BREACH_CONFIRMED_NO_ALPHA: no pending found for fan=Fan_H206_L203 prev_line=0.5
2026-05-07 16:33:15,878 - [Study] Updating fan priority: Fan_H206_L204 -> P3 (H206-L204)
2026-05-07 16:33:15,879 - [Study] Updating fan priority: Fan_H206_L205 -> P2 (H206-L205)
2026-05-07 16:33:15,879 - [Study] Creating new fan: Fan_L207_H206 (P1 (L207-H206))
2026-05-07 16:33:15,945 - [Study] Removing invalidated/excess fan: Fan_H206_L203
2026-05-07 16:33:15,946 - [Tracking] Target FAILED: Fan_H206_L203 (0.875) - fan invalidated with pending progression
2026-05-07 16:33:16,632 - [Tracking] Fan validated: Fan_H206_L204 via breach at bar 4335
2026-05-07 16:33:16,640 - [Tracking] Target HIT: Fan_H206_L204 0.875
2026-05-07 16:33:16,640 - [Tracking] BREACH_CONFIRMED_NO_ALPHA: no pending found for fan=Fan_H206_L204 prev_line=0.5
2026-05-07 16:33:16,641 - [Study] Removing invalidated/excess fan: Fan_H206_L205
2026-05-07 16:33:16,641 - [Tracking] Target FAILED: Fan_H206_L205 (horizontal) - fan invalidated with pending progression
2026-05-07 16:33:16,641 - [Study] Removing invalidated/excess fan: Fan_H206_L204
2026-05-07 16:33:16,642 - [Tracking] Target FAILED: Fan_H206_L204 (0.875) - fan invalidated with pending progression
2026-05-07 16:33:16,642 - [Study] Removing invalidated/excess fan: Fan_L207_H206
2026-05-07 16:33:18,476 - [Study] Creating new fan: Fan_H207_L205 (P2 (H207-L205))
2026-05-07 16:33:18,479 - [Study] Creating new fan: Fan_H207_L204 (P3 (H207-L204))
2026-05-07 16:33:18,482 - [Study] Creating new fan: Fan_H207_L207 (P1 (H207-L207))
2026-05-07 16:33:18,870 - [Tracking] Fan validated: Fan_H207_L205 via reversal at bar 4342
2026-05-07 16:33:18,879 - [Tracking] Target HIT: Fan_H207_L205 0.875
2026-05-07 16:33:18,879 - [Tracking] BREACH_CONFIRMED_NO_ALPHA: no pending found for fan=Fan_H207_L205 prev_line=0.5
2026-05-07 16:33:19,622 - [Study] Creating new fan: Fan_L208_H207 (P1 (L208-H207))
2026-05-07 16:33:19,625 - [Study] Updating fan priority: Fan_H207_L205 -> P3 (H207-L205)
2026-05-07 16:33:19,625 - [Study] Updating fan priority: Fan_H207_L207 -> P2 (H207-L207)
2026-05-07 16:33:19,682 - [Study] Removing invalidated/excess fan: Fan_H207_L204
2026-05-07 16:33:20,791 - [Tracking] Fan validated: Fan_H207_L207 via reversal at bar 4347
2026-05-07 16:33:20,799 - [Tracking] Target HIT: Fan_H207_L207 0.875
2026-05-07 16:33:20,800 - [Tracking] BREACH_CONFIRMED_NO_ALPHA: no pending found for fan=Fan_H207_L207 prev_line=0.5
2026-05-07 16:33:21,177 - [Study] Updating fan priority: Fan_L208_H207 -> P2 (L208-H207)
2026-05-07 16:33:21,177 - [Study] Updating fan priority: Fan_H207_L207 -> P3 (H207-L207)
2026-05-07 16:33:21,178 - [Study] Creating new fan: Fan_H208_L208 (P1 (H208-L208))
2026-05-07 16:33:21,232 - [Study] Removing invalidated/excess fan: Fan_H207_L205
2026-05-07 16:33:21,232 - [Tracking] Target FAILED: Fan_H207_L205 (0.875) - fan invalidated with pending progression
2026-05-07 16:33:21,561 - [Tracking] Fan validated: Fan_H208_L208 via breach at bar 4349
2026-05-07 16:33:21,570 - [Tracking] Target HIT: Fan_H208_L208 0.875
2026-05-07 16:33:21,571 - [Tracking] BREACH_CONFIRMED_NO_ALPHA: no pending found for fan=Fan_H208_L208 prev_line=0.5
2026-05-07 16:33:21,571 - [Tracking] Target HIT: Fan_H208_L208 0.75
2026-05-07 16:33:21,572 - [Tracking] BREACH_CONFIRMED_NO_ALPHA: found pending on Fan_H208_L208_Fan_H208_L208_f0 fraction=0.875 bar=4349 (cross-bar)
2026-05-07 16:33:21,577 - [Tracking] BREACH_CONFIRMED_NO_ALPHA (via target progression): Fan_H208_L208 0.875
2026-05-07 16:33:21,577 - [Study] Removing invalidated/excess fan: Fan_H207_L207
2026-05-07 16:33:21,577 - [Tracking] Target FAILED: Fan_H207_L207 (0.875) - fan invalidated with pending progression
2026-05-07 16:33:21,578 - [Study] Removing invalidated/excess fan: Fan_L208_H207
2026-05-07 16:33:21,578 - [Study] Removing invalidated/excess fan: Fan_H208_L208
2026-05-07 16:33:21,578 - [Tracking] Target FAILED: Fan_H208_L208 (0.75) - fan invalidated with pending progression
2026-05-07 16:33:23,124 - [Study] Creating new fan: Fan_H208_L204 (P3 (H208-L204))
2026-05-07 16:33:23,128 - [Study] Creating new fan: Fan_H208_L207 (P1 (H208-L207))
2026-05-07 16:33:23,131 - [Study] Creating new fan: Fan_H208_L205 (P2 (H208-L205))
2026-05-07 16:33:23,187 - [Tracking] Fan validated: Fan_H208_L204 via reversal at bar 4354
2026-05-07 16:33:23,188 - [Tracking] Fan validated: Fan_H208_L207 via reversal at bar 4354
2026-05-07 16:33:23,196 - [Tracking] Target HIT: Fan_H208_L204 0.875
2026-05-07 16:33:23,197 - [Tracking] BREACH_CONFIRMED_NO_ALPHA: no pending found for fan=Fan_H208_L204 prev_line=0.5
2026-05-07 16:33:23,197 - [Tracking] Target HIT: Fan_H208_L207 0.875
2026-05-07 16:33:23,197 - [Tracking] BREACH_CONFIRMED_NO_ALPHA: no pending found for fan=Fan_H208_L207 prev_line=0.5
2026-05-07 16:33:23,953 - [Tracking] Target HIT: Fan_H208_L207 0.75
2026-05-07 16:33:23,954 - [Tracking] BREACH_CONFIRMED_NO_ALPHA: found pending on Fan_H208_L207_Fan_H208_L207_f0 fraction=0.875 bar=4356 (cross-bar)
2026-05-07 16:33:23,959 - [Tracking] BREACH_CONFIRMED_NO_ALPHA (via target progression): Fan_H208_L207 0.875
2026-05-07 16:33:25,854 - [Tracking] Target HIT: Fan_H208_L204 0.75
2026-05-07 16:33:25,855 - [Tracking] BREACH_CONFIRMED_NO_ALPHA: no pending found for fan=Fan_H208_L204 prev_line=0.875
2026-05-07 16:33:26,624 - [Tracking] Target HIT: Fan_H208_L207 0.5
2026-05-07 16:33:26,625 - [Tracking] BREACH_CONFIRMED_NO_ALPHA: no pending found for fan=Fan_H208_L207 prev_line=0.75
2026-05-07 16:33:26,625 - [Tracking] Target HIT: Fan_H208_L207 horizontal
2026-05-07 16:33:26,625 - [Tracking] BREACH_CONFIRMED_NO_ALPHA: no pending found for fan=Fan_H208_L207 prev_line=0.5
2026-05-07 16:33:26,625 - [Tracking] Target HIT: Fan_H208_L207 0.25
2026-05-07 16:33:26,626 - [Tracking] BREACH_CONFIRMED_NO_ALPHA: no pending found for fan=Fan_H208_L207 prev_line=0.5
2026-05-07 16:33:29,289 - [Study] Creating new fan: Fan_L209_H208 (P1 (L209-H208))
2026-05-07 16:33:29,292 - [Study] Updating fan priority: Fan_H208_L207 -> P2 (H208-L207)
2026-05-07 16:33:29,293 - [Study] Updating fan priority: Fan_H208_L205 -> P3 (H208-L205)
2026-05-07 16:33:29,355 - [Tracking] Fan validated: Fan_L209_H208 via breach at bar 4370
2026-05-07 16:33:29,365 - [Tracking] Target HIT: Fan_L209_H208 0.875
2026-05-07 16:33:29,366 - [Tracking] BREACH_CONFIRMED_NO_ALPHA: no pending found for fan=Fan_L209_H208 prev_line=0.5
2026-05-07 16:33:29,367 - [Study] Removing invalidated/excess fan: Fan_H208_L204
2026-05-07 16:33:29,367 - [Tracking] Target FAILED: Fan_H208_L204 (0.75) - fan invalidated with pending progression
2026-05-07 16:33:31,612 - [Study] Creating new fan: Fan_H209_L209 (P1 (H209-L209))
2026-05-07 16:33:31,615 - [Study] Updating fan priority: Fan_L209_H208 -> P2 (L209-H208)
2026-05-07 16:33:31,616 - [Study] Updating fan priority: Fan_H208_L207 -> P3 (H208-L207)
2026-05-07 16:33:31,673 - [Study] Removing invalidated/excess fan: Fan_H208_L205
2026-05-07 16:33:32,022 - [Study] Updating fan priority: Fan_L209_H208 -> P1 (L209-H208)
2026-05-07 16:33:32,023 - [Study] Updating fan priority: Fan_H208_L207 -> P2 (H208-L207)
2026-05-07 16:33:32,024 - [Study] Creating new fan: Fan_H208_L205 (P3 (H208-L205))
2026-05-07 16:33:32,254 - [Tracking] Fan validated: Fan_H209_L209 via touch at bar 4377
2026-05-07 16:33:32,261 - [Tracking] Target HIT: Fan_H209_L209 0.875
2026-05-07 16:33:32,261 - [Tracking] BREACH_CONFIRMED_NO_ALPHA: no pending found for fan=Fan_H209_L209 prev_line=0.5
2026-05-07 16:33:32,261 - [Tracking] Target HIT: Fan_L209_H208 0.75
2026-05-07 16:33:32,261 - [Tracking] BREACH_CONFIRMED_NO_ALPHA: no pending found for fan=Fan_L209_H208 prev_line=0.875
2026-05-07 16:33:32,262 - [Study] Removing invalidated/excess fan: Fan_H209_L209
2026-05-07 16:33:32,264 - [Tracking] Target FAILED: Fan_H209_L209 (0.875) - fan invalidated with pending progression
2026-05-07 16:33:33,380 - [Tracking] Target HIT: Fan_L209_H208 0.5
2026-05-07 16:33:33,381 - [Tracking] BREACH_CONFIRMED_NO_ALPHA: no pending found for fan=Fan_L209_H208 prev_line=0.75
2026-05-07 16:33:35,249 - [Study] Creating new fan: Fan_H209_L209 (P1 (H209-L209))
2026-05-07 16:33:35,253 - [Study] Updating fan priority: Fan_L209_H208 -> P2 (L209-H208)
2026-05-07 16:33:35,253 - [Study] Updating fan priority: Fan_H208_L207 -> P3 (H208-L207)
2026-05-07 16:33:35,316 - [Study] Removing invalidated/excess fan: Fan_H208_L205
2026-05-07 16:33:37,734 - [Study] Creating new fan: Fan_H208_L203 (P2 (H208-L203))
2026-05-07 16:33:37,738 - [Study] Creating new fan: Fan_H208_L199 (P3 (H208-L199))
2026-05-07 16:33:37,741 - [Study] Creating new fan: Fan_H208_L204 (P1 (H208-L204))
2026-05-07 16:33:38,093 - [Study] Removing invalidated/excess fan: Fan_H208_L207
2026-05-07 16:33:38,093 - [Tracking] Target HIT: Fan_H208_L207 reached full_coverage!
2026-05-07 16:33:38,093 - [Study] Removing invalidated/excess fan: Fan_L209_H208
2026-05-07 16:33:38,094 - [Tracking] Target FAILED: Fan_L209_H208 (0.5) - fan invalidated with pending progression
2026-05-07 16:33:38,094 - [Study] Removing invalidated/excess fan: Fan_H209_L209
2026-05-07 16:33:40,027 - [Study] Creating new fan: Fan_L210_H209 (P1 (L210-H209))
2026-05-07 16:33:40,030 - [Study] Updating fan priority: Fan_H208_L204 -> P3 (H208-L204)
2026-05-07 16:33:40,031 - [Study] Creating new fan: Fan_L210_H208 (P2 (L210-H208))
2026-05-07 16:33:40,092 - [Tracking] Fan validated: Fan_L210_H208 via breach at bar 4396
2026-05-07 16:33:40,099 - [Tracking] Target HIT: Fan_L210_H208 0.875
2026-05-07 16:33:40,100 - [Tracking] BREACH_CONFIRMED_NO_ALPHA: no pending found for fan=Fan_L210_H208 prev_line=0.5
2026-05-07 16:33:40,100 - [Study] Removing invalidated/excess fan: Fan_H208_L203
2026-05-07 16:33:40,100 - [Study] Removing invalidated/excess fan: Fan_H208_L199
2026-05-07 16:33:40,889 - [Tracking] Fan validated: Fan_L210_H209 via breach at bar 4398
2026-05-07 16:33:40,896 - [Tracking] Target HIT: Fan_L210_H209 0.875
2026-05-07 16:33:40,897 - [Tracking] BREACH_CONFIRMED_NO_ALPHA: no pending found for fan=Fan_L210_H209 prev_line=0.5
2026-05-07 16:33:43,233 - [Study] Creating new fan: Fan_H210_L210 (P1 (H210-L210))
2026-05-07 16:33:43,236 - [Study] Updating fan priority: Fan_L210_H209 -> P2 (L210-H209)
2026-05-07 16:33:43,236 - [Study] Updating fan priority: Fan_L210_H208 -> P3 (L210-H208)
2026-05-07 16:33:43,298 - [Study] Removing invalidated/excess fan: Fan_H208_L204
2026-05-07 16:33:43,672 - [Study] Creating new fan: Fan_H208_L203 (P2 (H208-L203))
2026-05-07 16:33:43,675 - [Study] Creating new fan: Fan_H208_L199 (P3 (H208-L199))
2026-05-07 16:33:43,678 - [Study] Creating new fan: Fan_H208_L204 (P1 (H208-L204))
2026-05-07 16:33:44,103 - [Study] Removing invalidated/excess fan: Fan_L210_H209
2026-05-07 16:33:44,104 - [Tracking] Target FAILED: Fan_L210_H209 (0.875) - fan invalidated with pending progression
2026-05-07 16:33:44,104 - [Study] Removing invalidated/excess fan: Fan_L210_H208
2026-05-07 16:33:44,104 - [Tracking] Target FAILED: Fan_L210_H208 (0.875) - fan invalidated with pending progression
2026-05-07 16:33:44,105 - [Study] Removing invalidated/excess fan: Fan_H210_L210
2026-05-07 16:33:46,042 - [Study] Creating new fan: Fan_L211_H209 (P2 (L211-H209))
2026-05-07 16:33:46,045 - [Study] Creating new fan: Fan_L211_H208 (P3 (L211-H208))
2026-05-07 16:33:46,048 - [Study] Creating new fan: Fan_L211_H210 (P1 (L211-H210))
2026-05-07 16:33:46,113 - [Study] Removing invalidated/excess fan: Fan_H208_L204
2026-05-07 16:33:46,113 - [Study] Removing invalidated/excess fan: Fan_H208_L203
2026-05-07 16:33:46,114 - [Study] Removing invalidated/excess fan: Fan_H208_L199
2026-05-07 16:33:46,837 - [Study] Updating fan priority: Fan_L211_H209 -> P1 (L211-H209)
2026-05-07 16:33:46,837 - [Study] Creating new fan: Fan_H208_L204 (P3 (H208-L204))
2026-05-07 16:33:46,841 - [Study] Updating fan priority: Fan_L211_H208 -> P2 (L211-H208)
2026-05-07 16:33:47,293 - [Study] Removing invalidated/excess fan: Fan_L211_H210
2026-05-07 16:33:51,163 - [Study] Creating new fan: Fan_H211_L211 (P1 (H211-L211))
2026-05-07 16:33:51,167 - [Study] Updating fan priority: Fan_L211_H209 -> P2 (L211-H209)
2026-05-07 16:33:51,167 - [Study] Updating fan priority: Fan_L211_H208 -> P3 (L211-H208)
2026-05-07 16:33:51,228 - [Study] Removing invalidated/excess fan: Fan_H208_L204
2026-05-07 16:33:52,004 - [Study] Updating fan priority: Fan_H211_L211 -> P2 (H211-L211)
2026-05-07 16:33:52,005 - [Study] Creating new fan: Fan_L212_H211 (P1 (L212-H211))
2026-05-07 16:33:52,008 - [Study] Updating fan priority: Fan_L211_H209 -> P3 (L211-H209)
2026-05-07 16:33:52,077 - [Study] Removing invalidated/excess fan: Fan_L211_H208
2026-05-07 16:33:52,843 - [Study] Updating fan priority: Fan_H211_L211 -> P1 (H211-L211)
2026-05-07 16:33:52,844 - [Study] Updating fan priority: Fan_L211_H209 -> P2 (L211-H209)
2026-05-07 16:33:52,844 - [Study] Creating new fan: Fan_L211_H208 (P3 (L211-H208))
2026-05-07 16:33:53,045 - [Tracking] Fan validated: Fan_H211_L211 via touch at bar 4426
2026-05-07 16:33:53,052 - [Tracking] Target HIT: Fan_H211_L211 0.875
2026-05-07 16:33:53,052 - [Tracking] BREACH_CONFIRMED_NO_ALPHA: no pending found for fan=Fan_H211_L211 prev_line=0.5
2026-05-07 16:33:53,053 - [Tracking] Target HIT: Fan_H211_L211 0.75
2026-05-07 16:33:53,053 - [Tracking] BREACH_CONFIRMED_NO_ALPHA: found pending on Fan_H211_L211_Fan_H211_L211_f0 fraction=0.875 bar=4426 (cross-bar)
2026-05-07 16:33:53,059 - [Tracking] BREACH_CONFIRMED_NO_ALPHA (via target progression): Fan_H211_L211 0.875
2026-05-07 16:33:53,060 - [Study] Removing invalidated/excess fan: Fan_L212_H211
2026-05-07 16:33:56,121 - [Tracking] Target HIT: Fan_H211_L211 0.5
2026-05-07 16:33:56,121 - [Tracking] BREACH_CONFIRMED_NO_ALPHA: no pending found for fan=Fan_H211_L211 prev_line=0.75
2026-05-07 16:33:58,576 - [Tracking] Target HIT: Fan_H211_L211 0.25
2026-05-07 16:33:58,577 - [Tracking] BREACH_CONFIRMED_NO_ALPHA: no pending found for fan=Fan_H211_L211 prev_line=0.5
2026-05-07 16:33:58,577 - [Tracking] Target HIT: Fan_H211_L211 horizontal
2026-05-07 16:33:58,577 - [Tracking] BREACH_CONFIRMED_NO_ALPHA: no pending found for fan=Fan_H211_L211 prev_line=0.5
2026-05-07 16:34:00,804 - [Study] Creating new fan: Fan_L213_H211 (P2 (L213-H211))
2026-05-07 16:34:00,807 - [Study] Creating new fan: Fan_L213_H212 (P1 (L213-H212))
2026-05-07 16:34:00,810 - [Study] Updating fan priority: Fan_H211_L211 -> P3 (H211-L211)
2026-05-07 16:34:00,885 - [Tracking] Fan validated: Fan_L213_H211 via reversal at bar 4445
2026-05-07 16:34:00,886 - [Tracking] Fan validated: Fan_L213_H212 via reversal at bar 4445
2026-05-07 16:34:00,897 - [Tracking] Target HIT: Fan_L213_H211 0.875
2026-05-07 16:34:00,897 - [Tracking] BREACH_CONFIRMED_NO_ALPHA: no pending found for fan=Fan_L213_H211 prev_line=0.5
2026-05-07 16:34:00,898 - [Tracking] Target HIT: Fan_L213_H212 0.875
2026-05-07 16:34:00,898 - [Tracking] BREACH_CONFIRMED_NO_ALPHA: no pending found for fan=Fan_L213_H212 prev_line=0.5
2026-05-07 16:34:00,899 - [Study] Removing invalidated/excess fan: Fan_L211_H209
2026-05-07 16:34:00,900 - [Study] Removing invalidated/excess fan: Fan_L211_H208
2026-05-07 16:34:01,729 - [Tracking] Target HIT: Fan_L213_H211 0.75
2026-05-07 16:34:01,729 - [Tracking] BREACH_CONFIRMED_NO_ALPHA: no pending found for fan=Fan_L213_H211 prev_line=0.875
2026-05-07 16:34:01,729 - [Tracking] Target HIT: Fan_L213_H212 0.75
2026-05-07 16:34:01,730 - [Tracking] BREACH_CONFIRMED_NO_ALPHA: found pending on Fan_L213_H212_Fan_L213_H212_f0 fraction=0.875 bar=4447 (cross-bar)
2026-05-07 16:34:01,735 - [Tracking] BREACH_CONFIRMED_NO_ALPHA (via target progression): Fan_L213_H212 0.875
2026-05-07 16:34:05,487 - [Study] Creating new fan: Fan_L211_H209 (P1 (L211-H209))
2026-05-07 16:34:05,491 - [Study] Creating new fan: Fan_H208_L204 (P3 (H208-L204))
2026-05-07 16:34:05,494 - [Study] Creating new fan: Fan_L211_H208 (P2 (L211-H208))
2026-05-07 16:34:06,441 - [Study] Removing invalidated/excess fan: Fan_H211_L211
2026-05-07 16:34:06,442 - [Tracking] Target FAILED: Fan_H211_L211 (horizontal) - fan invalidated with pending progression
2026-05-07 16:34:06,442 - [Study] Removing invalidated/excess fan: Fan_L213_H212
2026-05-07 16:34:06,442 - [Tracking] Target FAILED: Fan_L213_H212 (0.75) - fan invalidated with pending progression
2026-05-07 16:34:06,443 - [Study] Removing invalidated/excess fan: Fan_L213_H211
2026-05-07 16:34:06,443 - [Tracking] Target FAILED: Fan_L213_H211 (0.75) - fan invalidated with pending progression
2026-05-07 16:34:09,292 - [Study] Creating new fan: Fan_H208_L203 (P3 (H208-L203))
2026-05-07 16:34:09,295 - [Study] Updating fan priority: Fan_H208_L204 -> P2 (H208-L204)
2026-05-07 16:34:09,295 - [Study] Updating fan priority: Fan_L211_H208 -> P1 (L211-H208)
2026-05-07 16:34:10,008 - [Study] Removing invalidated/excess fan: Fan_L211_H209
2026-05-07 16:34:15,078 - [Study] Creating new fan: Fan_H213_L211 (P2 (H213-L211))
2026-05-07 16:34:15,081 - [Study] Creating new fan: Fan_H213_L213 (P1 (H213-L213))
2026-05-07 16:34:15,084 - [Study] Updating fan priority: Fan_L211_H208 -> P3 (L211-H208)
2026-05-07 16:34:15,137 - [Tracking] Fan validated: Fan_H213_L211 via breach at bar 4474
2026-05-07 16:34:15,145 - [Tracking] Target HIT: Fan_H213_L211 0.875
2026-05-07 16:34:15,145 - [Tracking] BREACH_CONFIRMED_NO_ALPHA: no pending found for fan=Fan_H213_L211 prev_line=0.5
2026-05-07 16:34:15,146 - [Study] Removing invalidated/excess fan: Fan_H208_L204
2026-05-07 16:34:15,146 - [Study] Removing invalidated/excess fan: Fan_H208_L203
2026-05-07 16:34:15,536 - [Tracking] Fan validated: Fan_H213_L213 via breach at bar 4475
2026-05-07 16:34:15,544 - [Tracking] Target HIT: Fan_H213_L213 0.875
2026-05-07 16:34:15,544 - [Tracking] BREACH_CONFIRMED_NO_ALPHA: no pending found for fan=Fan_H213_L213 prev_line=0.5
2026-05-07 16:34:16,335 - [Tracking] Target HIT: Fan_H213_L211 0.75
2026-05-07 16:34:16,335 - [Tracking] BREACH_CONFIRMED_NO_ALPHA: no pending found for fan=Fan_H213_L211 prev_line=0.875
2026-05-07 16:34:17,503 - [Tracking] Target HIT: Fan_H213_L213 0.75
2026-05-07 16:34:17,503 - [Tracking] BREACH_CONFIRMED_NO_ALPHA: no pending found for fan=Fan_H213_L213 prev_line=0.875
2026-05-07 16:34:19,844 - [Tracking] Target HIT: Fan_H213_L211 0.5
2026-05-07 16:34:19,844 - [Tracking] BREACH_CONFIRMED_NO_ALPHA: no pending found for fan=Fan_H213_L211 prev_line=0.75
2026-05-07 16:34:21,005 - [Tracking] Target HIT: Fan_H213_L211 horizontal
2026-05-07 16:34:21,005 - [Tracking] BREACH_CONFIRMED_NO_ALPHA: found pending on Fan_H213_L211_Fan_H213_L211_f2 fraction=0.5 bar=4489 (cross-bar)
2026-05-07 16:34:21,011 - [Tracking] BREACH_CONFIRMED_NO_ALPHA (via target progression): Fan_H213_L211 0.5
2026-05-07 16:34:21,011 - [Tracking] Target HIT: Fan_H213_L213 0.5
2026-05-07 16:34:21,011 - [Tracking] BREACH_CONFIRMED_NO_ALPHA: no pending found for fan=Fan_H213_L213 prev_line=0.75
2026-05-07 16:34:23,180 - [Study] Creating new fan: Fan_L214_H213 (P1 (L214-H213))
2026-05-07 16:34:23,184 - [Study] Updating fan priority: Fan_H213_L213 -> P2 (H213-L213)
2026-05-07 16:34:23,184 - [Study] Updating fan priority: Fan_H213_L211 -> P3 (H213-L211)
2026-05-07 16:34:23,241 - [Tracking] Fan validated: Fan_L214_H213 via reversal at bar 4494
2026-05-07 16:34:23,249 - [Tracking] Target HIT: Fan_L214_H213 0.875
2026-05-07 16:34:23,249 - [Tracking] BREACH_CONFIRMED_NO_ALPHA: no pending found for fan=Fan_L214_H213 prev_line=0.5
2026-05-07 16:34:23,250 - [Study] Removing invalidated/excess fan: Fan_L211_H208
2026-05-07 16:34:24,082 - [Tracking] Target HIT: Fan_L214_H213 0.75
2026-05-07 16:34:24,082 - [Tracking] BREACH_CONFIRMED_NO_ALPHA: found pending on Fan_L214_H213_Fan_L214_H213_f0 fraction=0.875 bar=4496 (cross-bar)
2026-05-07 16:34:24,087 - [Tracking] BREACH_CONFIRMED_NO_ALPHA (via target progression): Fan_L214_H213 0.875
2026-05-07 16:34:25,299 - [Tracking] Target HIT: Fan_L214_H213 0.5
2026-05-07 16:34:25,299 - [Tracking] BREACH_CONFIRMED_NO_ALPHA: no pending found for fan=Fan_L214_H213 prev_line=0.75
2026-05-07 16:34:25,300 - [Tracking] Target HIT: Fan_L214_H213 horizontal
2026-05-07 16:34:25,300 - [Tracking] BREACH_CONFIRMED_NO_ALPHA: no pending found for fan=Fan_L214_H213 prev_line=0.5
2026-05-07 16:34:26,132 - [Tracking] Target HIT: Fan_L214_H213 0.25
2026-05-07 16:34:26,133 - [Tracking] BREACH_CONFIRMED_NO_ALPHA: no pending found for fan=Fan_L214_H213 prev_line=0.5
2026-05-07 16:34:28,965 - [Study] Updating fan priority: Fan_L214_H213 -> P2 (L214-H213)
2026-05-07 16:34:28,966 - [Study] Creating new fan: Fan_H214_L214 (P1 (H214-L214))
2026-05-07 16:34:28,969 - [Study] Updating fan priority: Fan_H213_L213 -> P3 (H213-L213)
2026-05-07 16:34:29,026 - [Study] Removing invalidated/excess fan: Fan_H213_L211
2026-05-07 16:34:29,027 - [Tracking] Target FAILED: Fan_H213_L211 (horizontal) - fan invalidated with pending progression
2026-05-07 16:34:29,431 - [Tracking] Fan validated: Fan_H214_L214 via reversal at bar 4509
2026-05-07 16:34:29,439 - [Tracking] Target HIT: Fan_H214_L214 0.875
2026-05-07 16:34:29,439 - [Tracking] BREACH_CONFIRMED_NO_ALPHA: no pending found for fan=Fan_H214_L214 prev_line=0.5
2026-05-07 16:34:29,806 - [Study] Creating new fan: Fan_H208_L203 (P3 (H208-L203))
2026-05-07 16:34:29,809 - [Study] Creating new fan: Fan_H208_L204 (P2 (H208-L204))
2026-05-07 16:34:29,812 - [Study] Creating new fan: Fan_L211_H208 (P1 (L211-H208))
2026-05-07 16:34:30,895 - [Study] Removing invalidated/excess fan: Fan_H213_L213
2026-05-07 16:34:30,895 - [Tracking] Target FAILED: Fan_H213_L213 (0.5) - fan invalidated with pending progression
2026-05-07 16:34:30,895 - [Study] Removing invalidated/excess fan: Fan_L214_H213
2026-05-07 16:34:30,896 - [Tracking] Target HIT: Fan_L214_H213 reached full_coverage!
2026-05-07 16:34:30,896 - [Study] Removing invalidated/excess fan: Fan_H214_L214
2026-05-07 16:34:30,896 - [Tracking] Target FAILED: Fan_H214_L214 (0.875) - fan invalidated with pending progression
2026-05-07 16:34:32,968 - [Study] Removing invalidated/excess fan: Fan_L211_H208
2026-05-07 16:34:32,968 - [Study] Removing invalidated/excess fan: Fan_H208_L204
2026-05-07 16:34:32,968 - [Study] Removing invalidated/excess fan: Fan_H208_L203
2026-05-07 16:34:36,143 - [Study] Creating new fan: Fan_H215_L213 (P3 (H215-L213))
2026-05-07 16:34:36,145 - [Study] Creating new fan: Fan_H215_L214 (P2 (H215-L214))
2026-05-07 16:34:36,148 - [Study] Creating new fan: Fan_H215_L215 (P1 (H215-L215))
2026-05-07 16:34:36,210 - [Tracking] Fan validated: Fan_H215_L214 via breach at bar 4523
2026-05-07 16:34:36,221 - [Tracking] Target HIT: Fan_H215_L214 0.875
2026-05-07 16:34:36,221 - [Tracking] BREACH_CONFIRMED_NO_ALPHA: no pending found for fan=Fan_H215_L214 prev_line=0.5
2026-05-07 16:34:36,763 - [Tracking] Fan validated: Fan_H215_L213 via reversal at bar 4524
2026-05-07 16:34:36,773 - [Tracking] Target HIT: Fan_H215_L213 0.875
2026-05-07 16:34:36,773 - [Tracking] BREACH_CONFIRMED_NO_ALPHA: no pending found for fan=Fan_H215_L213 prev_line=0.5
2026-05-07 16:34:37,727 - [Tracking] Target HIT: Fan_H215_L213 0.75
2026-05-07 16:34:37,727 - [Tracking] BREACH_CONFIRMED_NO_ALPHA: no pending found for fan=Fan_H215_L213 prev_line=0.875
2026-05-07 16:34:37,728 - [Tracking] Target HIT: Fan_H215_L214 0.75
2026-05-07 16:34:37,728 - [Tracking] BREACH_CONFIRMED_NO_ALPHA: no pending found for fan=Fan_H215_L214 prev_line=0.875
2026-05-07 16:34:40,742 - [Study] Creating new fan: Fan_H215_L211 (P3 (H215-L211))
2026-05-07 16:34:40,746 - [Study] Updating fan priority: Fan_H215_L213 -> P2 (H215-L213)
2026-05-07 16:34:40,746 - [Study] Updating fan priority: Fan_H215_L214 -> P1 (H215-L214)
2026-05-07 16:34:40,916 - [Study] Removing invalidated/excess fan: Fan_H215_L215
2026-05-07 16:34:45,043 - [Tracking] Target HIT: Fan_H215_L214 0.5
2026-05-07 16:34:45,043 - [Tracking] BREACH_CONFIRMED_NO_ALPHA: no pending found for fan=Fan_H215_L214 prev_line=0.75
2026-05-07 16:34:45,636 - [Tracking] Target HIT: Fan_H215_L213 0.5
2026-05-07 16:34:45,636 - [Tracking] BREACH_CONFIRMED_NO_ALPHA: no pending found for fan=Fan_H215_L213 prev_line=0.75
2026-05-07 16:34:46,282 - [Tracking] Target HIT: Fan_H215_L213 horizontal
2026-05-07 16:34:46,283 - [Tracking] BREACH_CONFIRMED_NO_ALPHA: found pending on Fan_H215_L213_Fan_H215_L213_f2 fraction=0.5 bar=4540 (cross-bar)
2026-05-07 16:34:46,289 - [Tracking] BREACH_CONFIRMED_NO_ALPHA (via target progression): Fan_H215_L213 0.5
2026-05-07 16:34:46,290 - [Tracking] Target HIT: Fan_H215_L214 horizontal
2026-05-07 16:34:46,290 - [Tracking] BREACH_CONFIRMED_NO_ALPHA: no pending found for fan=Fan_H215_L214 prev_line=0.5
2026-05-07 16:34:46,290 - [Tracking] Target HIT: Fan_H215_L214 0.25
2026-05-07 16:34:46,291 - [Tracking] BREACH_CONFIRMED_NO_ALPHA: no pending found for fan=Fan_H215_L214 prev_line=0.5
2026-05-07 16:34:47,930 - [Study] Creating new fan: Fan_H215_L204 (P3 (H215-L204))
2026-05-07 16:34:47,933 - [Study] Updating fan priority: Fan_H215_L213 -> P1 (H215-L213)
2026-05-07 16:34:47,933 - [Study] Updating fan priority: Fan_H215_L211 -> P2 (H215-L211)
2026-05-07 16:34:48,173 - [Tracking] Target HIT: Fan_H215_L213 0.25
2026-05-07 16:34:48,173 - [Tracking] BREACH_CONFIRMED_NO_ALPHA: no pending found for fan=Fan_H215_L213 prev_line=0.5
2026-05-07 16:34:48,174 - [Study] Removing invalidated/excess fan: Fan_H215_L214
2026-05-07 16:34:48,174 - [Tracking] Target HIT: Fan_H215_L214 reached full_coverage!
2026-05-07 16:34:50,662 - [Study] Updating fan priority: Fan_H215_L204 -> P1 (H215-L204)
2026-05-07 16:34:50,662 - [Study] Creating new fan: Fan_H215_L199 (P3 (H215-L199))
2026-05-07 16:34:50,666 - [Study] Creating new fan: Fan_H215_L203 (P2 (H215-L203))
2026-05-07 16:34:50,950 - [Study] Removing invalidated/excess fan: Fan_H215_L213
2026-05-07 16:34:50,950 - [Tracking] Target HIT: Fan_H215_L213 reached full_coverage!
2026-05-07 16:34:50,950 - [Study] Removing invalidated/excess fan: Fan_H215_L211
2026-05-07 16:34:56,676 - [Study] Creating new fan: Fan_L216_H215 (P1 (L216-H215))
2026-05-07 16:34:56,679 - [Study] Updating fan priority: Fan_H215_L203 -> P3 (H215-L203)
2026-05-07 16:34:56,679 - [Study] Updating fan priority: Fan_H215_L204 -> P2 (H215-L204)
2026-05-07 16:34:56,752 - [Tracking] Fan validated: Fan_L216_H215 via breach at bar 4559
2026-05-07 16:34:56,760 - [Tracking] Target HIT: Fan_L216_H215 0.875
2026-05-07 16:34:56,760 - [Tracking] BREACH_CONFIRMED_NO_ALPHA: no pending found for fan=Fan_L216_H215 prev_line=0.5
2026-05-07 16:34:56,761 - [Study] Removing invalidated/excess fan: Fan_H215_L199
2026-05-07 16:34:58,840 - [Study] Creating new fan: Fan_H216_L216 (P1 (H216-L216))
2026-05-07 16:34:58,842 - [Study] Updating fan priority: Fan_L216_H215 -> P2 (L216-H215)
2026-05-07 16:34:58,843 - [Study] Updating fan priority: Fan_H215_L204 -> P3 (H215-L204)
2026-05-07 16:34:58,887 - [Study] Removing invalidated/excess fan: Fan_H215_L203
2026-05-07 16:34:59,298 - [Tracking] Fan validated: Fan_H216_L216 via reversal at bar 4565
2026-05-07 16:34:59,305 - [Tracking] Target HIT: Fan_H216_L216 0.875
2026-05-07 16:34:59,305 - [Tracking] BREACH_CONFIRMED_NO_ALPHA: no pending found for fan=Fan_H216_L216 prev_line=0.5
2026-05-07 16:35:00,557 - [Study] Updating fan priority: Fan_H216_L216 -> P2 (H216-L216)
2026-05-07 16:35:00,558 - [Study] Creating new fan: Fan_L217_H216 (P1 (L217-H216))
2026-05-07 16:35:00,561 - [Study] Updating fan priority: Fan_L216_H215 -> P3 (L216-H215)
2026-05-07 16:35:00,615 - [Study] Removing invalidated/excess fan: Fan_H215_L204
2026-05-07 16:35:01,027 - [Tracking] Fan validated: Fan_L217_H216 via breach at bar 4569
2026-05-07 16:35:01,034 - [Tracking] Target HIT: Fan_H216_L216 0.75
2026-05-07 16:35:01,034 - [Tracking] BREACH_CONFIRMED_NO_ALPHA: found pending on Fan_H216_L216_Fan_H216_L216_f0 fraction=0.875 bar=4569 (cross-bar)
2026-05-07 16:35:01,040 - [Tracking] BREACH_CONFIRMED_NO_ALPHA (via target progression): Fan_H216_L216 0.875
2026-05-07 16:35:01,041 - [Tracking] Target HIT: Fan_L217_H216 0.875
2026-05-07 16:35:01,041 - [Tracking] BREACH_CONFIRMED_NO_ALPHA: no pending found for fan=Fan_L217_H216 prev_line=0.5
2026-05-07 16:35:02,302 - [Study] Updating fan priority: Fan_H216_L216 -> P3 (H216-L216)
2026-05-07 16:35:02,303 - [Study] Updating fan priority: Fan_L217_H216 -> P2 (L217-H216)
2026-05-07 16:35:02,303 - [Study] Creating new fan: Fan_H217_L217 (P1 (H217-L217))
2026-05-07 16:35:02,369 - [Tracking] Fan validated: Fan_H217_L217 via breach at bar 4572
2026-05-07 16:35:02,377 - [Tracking] Target HIT: Fan_H217_L217 0.875
2026-05-07 16:35:02,378 - [Tracking] BREACH_CONFIRMED_NO_ALPHA: no pending found for fan=Fan_H217_L217 prev_line=0.5
2026-05-07 16:35:02,378 - [Tracking] Target HIT: Fan_L217_H216 0.75
2026-05-07 16:35:02,378 - [Tracking] BREACH_CONFIRMED_NO_ALPHA: no pending found for fan=Fan_L217_H216 prev_line=0.875
2026-05-07 16:35:02,378 - [Study] Removing invalidated/excess fan: Fan_L216_H215
2026-05-07 16:35:02,379 - [Tracking] Target FAILED: Fan_L216_H215 (0.875) - fan invalidated with pending progression
2026-05-07 16:35:02,786 - [Study] Updating fan priority: Fan_H216_L216 -> P2 (H216-L216)
2026-05-07 16:35:02,786 - [Study] Updating fan priority: Fan_L217_H216 -> P1 (L217-H216)
2026-05-07 16:35:02,787 - [Study] Creating new fan: Fan_L216_H215 (P3 (L216-H215))
2026-05-07 16:35:02,948 - [Tracking] Target HIT: Fan_L217_H216 0.5
2026-05-07 16:35:02,948 - [Tracking] BREACH_CONFIRMED_NO_ALPHA: no pending found for fan=Fan_L217_H216 prev_line=0.75
2026-05-07 16:35:02,948 - [Tracking] Target HIT: Fan_L217_H216 0.25
2026-05-07 16:35:02,948 - [Tracking] BREACH_CONFIRMED_NO_ALPHA: no pending found for fan=Fan_L217_H216 prev_line=0.5
2026-05-07 16:35:02,949 - [Tracking] Target HIT: Fan_L217_H216 horizontal
2026-05-07 16:35:02,949 - [Tracking] BREACH_CONFIRMED_NO_ALPHA: no pending found for fan=Fan_L217_H216 prev_line=0.5
2026-05-07 16:35:02,949 - [Study] Removing invalidated/excess fan: Fan_H217_L217
2026-05-07 16:35:02,949 - [Tracking] Target FAILED: Fan_H217_L217 (0.875) - fan invalidated with pending progression
2026-05-07 16:35:04,979 - [Study] Creating new fan: Fan_H218_L217 (P2 (H218-L217))
2026-05-07 16:35:04,982 - [Study] Creating new fan: Fan_H218_L218 (P1 (H218-L218))
2026-05-07 16:35:04,984 - [Study] Updating fan priority: Fan_L217_H216 -> P3 (L217-H216)
2026-05-07 16:35:05,044 - [Study] Removing invalidated/excess fan: Fan_H216_L216
2026-05-07 16:35:05,044 - [Tracking] Target FAILED: Fan_H216_L216 (0.75) - fan invalidated with pending progression
2026-05-07 16:35:05,044 - [Study] Removing invalidated/excess fan: Fan_L216_H215
2026-05-07 16:35:05,450 - [Study] Creating new fan: Fan_H216_L216 (P1 (H216-L216))
2026-05-07 16:35:05,453 - [Study] Creating new fan: Fan_L216_H215 (P2 (L216-H215))
2026-05-07 16:35:05,456 - [Study] Creating new fan: Fan_H215_L204 (P3 (H215-L204))
2026-05-07 16:35:05,933 - [Tracking] Fan validated: Fan_L216_H215 via breach at bar 4579
2026-05-07 16:35:05,942 - [Tracking] Target HIT: Fan_L216_H215 0.875
2026-05-07 16:35:05,943 - [Tracking] BREACH_CONFIRMED_NO_ALPHA: no pending found for fan=Fan_L216_H215 prev_line=0.5
2026-05-07 16:35:05,943 - [Study] Removing invalidated/excess fan: Fan_L217_H216
2026-05-07 16:35:05,944 - [Tracking] Target FAILED: Fan_L217_H216 (horizontal) - fan invalidated with pending progression
2026-05-07 16:35:05,944 - [Study] Removing invalidated/excess fan: Fan_H218_L218
2026-05-07 16:35:05,944 - [Study] Removing invalidated/excess fan: Fan_H218_L217
2026-05-07 16:35:08,776 - [Study] Updating fan priority: Fan_H216_L216 -> P3 (H216-L216)
2026-05-07 16:35:08,776 - [Study] Creating new fan: Fan_L219_H218 (P1 (L219-H218))
2026-05-07 16:35:08,780 - [Study] Creating new fan: Fan_L219_H216 (P2 (L219-H216))
2026-05-07 16:35:08,835 - [Tracking] Fan validated: Fan_L219_H216 via breach at bar 4585
2026-05-07 16:35:08,844 - [Tracking] Target HIT: Fan_L219_H216 0.875
2026-05-07 16:35:08,844 - [Tracking] BREACH_CONFIRMED_NO_ALPHA: no pending found for fan=Fan_L219_H216 prev_line=0.5
2026-05-07 16:35:08,845 - [Study] Removing invalidated/excess fan: Fan_L216_H215
2026-05-07 16:35:08,845 - [Tracking] Target FAILED: Fan_L216_H215 (0.875) - fan invalidated with pending progression
2026-05-07 16:35:08,845 - [Study] Removing invalidated/excess fan: Fan_H215_L204
2026-05-07 16:35:09,250 - [Study] Creating new fan: Fan_H215_L197 (P3 (H215-L197))
2026-05-07 16:35:09,253 - [Study] Creating new fan: Fan_H215_L199 (P2 (H215-L199))
2026-05-07 16:35:09,256 - [Study] Creating new fan: Fan_H215_L203 (P1 (H215-L203))
2026-05-07 16:35:09,797 - [Study] Removing invalidated/excess fan: Fan_H216_L216
2026-05-07 16:35:09,797 - [Study] Removing invalidated/excess fan: Fan_L219_H218
2026-05-07 16:35:09,798 - [Study] Removing invalidated/excess fan: Fan_L219_H216
2026-05-07 16:35:09,798 - [Tracking] Target FAILED: Fan_L219_H216 (0.875) - fan invalidated with pending progression
2026-05-07 16:35:11,857 - [Study] Creating new fan: Fan_H215_L196 (P3 (H215-L196))
2026-05-07 16:35:11,861 - [Study] Updating fan priority: Fan_H215_L199 -> P1 (H215-L199)
2026-05-07 16:35:11,861 - [Study] Updating fan priority: Fan_H215_L197 -> P2 (H215-L197)
2026-05-07 16:35:12,369 - [Study] Removing invalidated/excess fan: Fan_H215_L203
2026-05-07 16:35:13,588 - [Study] Creating new fan: Fan_H215_L191 (P2 (H215-L191))
2026-05-07 16:35:13,591 - [Study] Creating new fan: Fan_H215_L190 (P3 (H215-L190))
2026-05-07 16:35:13,593 - [Study] Updating fan priority: Fan_H215_L196 -> P1 (H215-L196)
2026-05-07 16:35:14,145 - [Study] Removing invalidated/excess fan: Fan_H215_L199
2026-05-07 16:35:14,146 - [Study] Removing invalidated/excess fan: Fan_H215_L197
2026-05-07 16:35:16,292 - [Study] Creating new fan: Fan_L220_H218 (P2 (L220-H218))
2026-05-07 16:35:16,296 - [Study] Creating new fan: Fan_L220_H219 (P1 (L220-H219))
2026-05-07 16:35:16,299 - [Study] Creating new fan: Fan_L220_H216 (P3 (L220-H216))
2026-05-07 16:35:16,355 - [Study] Removing invalidated/excess fan: Fan_H215_L196
2026-05-07 16:35:16,356 - [Study] Removing invalidated/excess fan: Fan_H215_L191
2026-05-07 16:35:16,356 - [Study] Removing invalidated/excess fan: Fan_H215_L190
2026-05-07 16:35:16,865 - [Tracking] Fan validated: Fan_L220_H218 via reversal at bar 4600
2026-05-07 16:35:16,865 - [Tracking] Fan validated: Fan_L220_H219 via reversal at bar 4600
2026-05-07 16:35:16,866 - [Tracking] Fan validated: Fan_L220_H216 via reversal at bar 4600
2026-05-07 16:35:16,877 - [Tracking] Target HIT: Fan_L220_H216 0.875
2026-05-07 16:35:16,878 - [Tracking] BREACH_CONFIRMED_NO_ALPHA: no pending found for fan=Fan_L220_H216 prev_line=0.5
2026-05-07 16:35:16,878 - [Tracking] Target HIT: Fan_L220_H218 0.875
2026-05-07 16:35:16,879 - [Tracking] BREACH_CONFIRMED_NO_ALPHA: no pending found for fan=Fan_L220_H218 prev_line=0.5
2026-05-07 16:35:16,879 - [Tracking] Target HIT: Fan_L220_H219 0.875
2026-05-07 16:35:16,879 - [Tracking] BREACH_CONFIRMED_NO_ALPHA: no pending found for fan=Fan_L220_H219 prev_line=0.5
2026-05-07 16:35:19,120 - [Study] Creating new fan: Fan_H220_L220 (P1 (H220-L220))
2026-05-07 16:35:19,124 - [Study] Updating fan priority: Fan_L220_H219 -> P2 (L220-H219)
2026-05-07 16:35:19,125 - [Study] Updating fan priority: Fan_L220_H218 -> P3 (L220-H218)
2026-05-07 16:35:19,195 - [Study] Removing invalidated/excess fan: Fan_L220_H216
2026-05-07 16:35:19,196 - [Tracking] Target FAILED: Fan_L220_H216 (0.875) - fan invalidated with pending progression
2026-05-07 16:35:20,903 - [Tracking] Fan validated: Fan_H220_L220 via breach at bar 4609
2026-05-07 16:35:20,912 - [Tracking] Target HIT: Fan_H220_L220 0.875
2026-05-07 16:35:20,912 - [Tracking] BREACH_CONFIRMED_NO_ALPHA: no pending found for fan=Fan_H220_L220 prev_line=0.5
2026-05-07 16:35:21,291 - [Study] Creating new fan: Fan_L221_H220 (P1 (L221-H220))
2026-05-07 16:35:21,295 - [Study] Updating fan priority: Fan_H220_L220 -> P2 (H220-L220)
2026-05-07 16:35:21,295 - [Study] Updating fan priority: Fan_L220_H219 -> P3 (L220-H219)
2026-05-07 16:35:21,352 - [Study] Removing invalidated/excess fan: Fan_L220_H218
2026-05-07 16:35:21,353 - [Tracking] Target FAILED: Fan_L220_H218 (0.875) - fan invalidated with pending progression
2026-05-07 16:35:21,744 - [Study] Updating fan priority: Fan_H220_L220 -> P1 (H220-L220)
2026-05-07 16:35:21,745 - [Study] Updating fan priority: Fan_L220_H219 -> P2 (L220-H219)
2026-05-07 16:35:21,745 - [Study] Creating new fan: Fan_L220_H218 (P3 (L220-H218))
2026-05-07 16:35:21,892 - [Tracking] Target HIT: Fan_H220_L220 0.75
2026-05-07 16:35:21,893 - [Tracking] BREACH_CONFIRMED_NO_ALPHA: no pending found for fan=Fan_H220_L220 prev_line=0.875
2026-05-07 16:35:21,893 - [Study] Removing invalidated/excess fan: Fan_L221_H220
2026-05-07 16:35:23,218 - [Tracking] Fan validated: Fan_L220_H218 via reversal at bar 4614
2026-05-07 16:35:23,226 - [Tracking] Target HIT: Fan_H220_L220 0.5
2026-05-07 16:35:23,226 - [Tracking] BREACH_CONFIRMED_NO_ALPHA: no pending found for fan=Fan_H220_L220 prev_line=0.75
2026-05-07 16:35:23,226 - [Tracking] Target HIT: Fan_H220_L220 0.25
2026-05-07 16:35:23,226 - [Tracking] BREACH_CONFIRMED_NO_ALPHA: no pending found for fan=Fan_H220_L220 prev_line=0.5
2026-05-07 16:35:23,227 - [Tracking] Target HIT: Fan_H220_L220 horizontal
2026-05-07 16:35:23,227 - [Tracking] BREACH_CONFIRMED_NO_ALPHA: no pending found for fan=Fan_H220_L220 prev_line=0.5
2026-05-07 16:35:23,227 - [Tracking] Target HIT: Fan_L220_H218 0.875
2026-05-07 16:35:23,227 - [Tracking] BREACH_CONFIRMED_NO_ALPHA: no pending found for fan=Fan_L220_H218 prev_line=0.5
2026-05-07 16:35:25,422 - [Study] Updating fan priority: Fan_H220_L220 -> P3 (H220-L220)
2026-05-07 16:35:25,423 - [Study] Creating new fan: Fan_L222_H220 (P2 (L222-H220))
2026-05-07 16:35:25,426 - [Study] Creating new fan: Fan_L222_H221 (P1 (L222-H221))
2026-05-07 16:35:25,498 - [Tracking] Fan validated: Fan_L222_H220 via breach at bar 4619
2026-05-07 16:35:25,498 - [Tracking] Fan validated: Fan_L222_H221 via breach at bar 4619
2026-05-07 16:35:25,507 - [Tracking] Target HIT: Fan_L222_H220 0.875
2026-05-07 16:35:25,508 - [Tracking] BREACH_CONFIRMED_NO_ALPHA: no pending found for fan=Fan_L222_H220 prev_line=0.5
2026-05-07 16:35:25,508 - [Tracking] Target HIT: Fan_L222_H221 0.875
2026-05-07 16:35:25,508 - [Tracking] BREACH_CONFIRMED_NO_ALPHA: no pending found for fan=Fan_L222_H221 prev_line=0.5
2026-05-07 16:35:25,509 - [Study] Removing invalidated/excess fan: Fan_L220_H219
2026-05-07 16:35:25,509 - [Tracking] Target FAILED: Fan_L220_H219 (0.875) - fan invalidated with pending progression
2026-05-07 16:35:25,509 - [Study] Removing invalidated/excess fan: Fan_L220_H218
2026-05-07 16:35:25,509 - [Tracking] Target FAILED: Fan_L220_H218 (0.875) - fan invalidated with pending progression
2026-05-07 16:35:25,916 - [Tracking] Target HIT: Fan_L222_H220 0.75
2026-05-07 16:35:25,916 - [Tracking] BREACH_CONFIRMED_NO_ALPHA: found pending on Fan_L222_H220_Fan_L222_H220_f0 fraction=0.875 bar=4620 (cross-bar)
2026-05-07 16:35:25,922 - [Tracking] BREACH_CONFIRMED_NO_ALPHA (via target progression): Fan_L222_H220 0.875
2026-05-07 16:35:25,923 - [Tracking] Target HIT: Fan_L222_H221 0.75
2026-05-07 16:35:25,923 - [Tracking] BREACH_CONFIRMED_NO_ALPHA: found pending on Fan_L222_H221_Fan_L222_H221_f0 fraction=0.875 bar=4620 (cross-bar)
2026-05-07 16:35:25,928 - [Tracking] BREACH_CONFIRMED_NO_ALPHA (via target progression): Fan_L222_H221 0.875
2026-05-07 16:35:26,304 - [Study] Updating fan priority: Fan_H220_L220 -> P2 (H220-L220)
2026-05-07 16:35:26,304 - [Study] Updating fan priority: Fan_L222_H220 -> P1 (L222-H220)
2026-05-07 16:35:26,305 - [Study] Creating new fan: Fan_L220_H219 (P3 (L220-H219))
2026-05-07 16:35:26,546 - [Tracking] Target HIT: Fan_L222_H220 0.5
2026-05-07 16:35:26,546 - [Tracking] BREACH_CONFIRMED_NO_ALPHA: found pending on Fan_L222_H220_Fan_L222_H220_f1 fraction=0.75 bar=4621 (cross-bar)
2026-05-07 16:35:26,551 - [Tracking] BREACH_CONFIRMED_NO_ALPHA (via target progression): Fan_L222_H220 0.75
2026-05-07 16:35:26,552 - [Tracking] Target HIT: Fan_L222_H220 horizontal
2026-05-07 16:35:26,552 - [Tracking] BREACH_CONFIRMED_NO_ALPHA: no pending found for fan=Fan_L222_H220 prev_line=0.5
2026-05-07 16:35:26,552 - [Tracking] Target HIT: Fan_L222_H221 0.5
2026-05-07 16:35:26,553 - [Tracking] BREACH_CONFIRMED_NO_ALPHA: no pending found for fan=Fan_L222_H221 prev_line=0.75
2026-05-07 16:35:26,553 - [Tracking] Target HIT: Fan_L222_H221 horizontal
2026-05-07 16:35:26,553 - [Tracking] BREACH_CONFIRMED_NO_ALPHA: no pending found for fan=Fan_L222_H221 prev_line=0.5
2026-05-07 16:35:26,553 - [Tracking] Target HIT: Fan_L222_H221 0.25
2026-05-07 16:35:26,554 - [Tracking] BREACH_CONFIRMED_NO_ALPHA: no pending found for fan=Fan_L222_H221 prev_line=0.5
2026-05-07 16:35:26,554 - [Study] Removing invalidated/excess fan: Fan_L222_H221
2026-05-07 16:35:26,554 - [Tracking] Target HIT: Fan_L222_H221 reached full_coverage!
2026-05-07 16:35:28,739 - [Study] Updating fan priority: Fan_H220_L220 -> P3 (H220-L220)
2026-05-07 16:35:28,740 - [Study] Updating fan priority: Fan_L222_H220 -> P2 (L222-H220)
2026-05-07 16:35:28,740 - [Study] Creating new fan: Fan_H222_L222 (P1 (H222-L222))
2026-05-07 16:35:28,806 - [Study] Removing invalidated/excess fan: Fan_L220_H219
2026-05-07 16:35:29,683 - [Tracking] Fan validated: Fan_H222_L222 via touch at bar 4628
2026-05-07 16:35:29,692 - [Tracking] Target HIT: Fan_H222_L222 0.875
2026-05-07 16:35:29,692 - [Tracking] BREACH_CONFIRMED_NO_ALPHA: no pending found for fan=Fan_H222_L222 prev_line=0.5
2026-05-07 16:35:31,495 - [Study] Creating new fan: Fan_L220_H218 (P2 (L220-H218))
2026-05-07 16:35:31,499 - [Study] Creating new fan: Fan_L220_H219 (P1 (L220-H219))
2026-05-07 16:35:31,502 - [Study] Creating new fan: Fan_L220_H216 (P3 (L220-H216))
2026-05-07 16:35:31,818 - [Tracking] Target HIT: Fan_L222_H220 0.25
2026-05-07 16:35:31,819 - [Tracking] BREACH_CONFIRMED_NO_ALPHA: no pending found for fan=Fan_L222_H220 prev_line=0.5
2026-05-07 16:35:31,819 - [Study] Removing invalidated/excess fan: Fan_H220_L220
2026-05-07 16:35:31,819 - [Tracking] Target FAILED: Fan_H220_L220 (horizontal) - fan invalidated with pending progression
2026-05-07 16:35:31,820 - [Study] Removing invalidated/excess fan: Fan_L222_H220
2026-05-07 16:35:31,820 - [Tracking] Target HIT: Fan_L222_H220 reached full_coverage!
2026-05-07 16:35:31,820 - [Study] Removing invalidated/excess fan: Fan_H222_L222
2026-05-07 16:35:31,820 - [Tracking] Target FAILED: Fan_H222_L222 (0.875) - fan invalidated with pending progression
2026-05-07 16:35:34,393 - [Study] Creating new fan: Fan_H223_L223 (P1 (H223-L223))
2026-05-07 16:35:34,396 - [Study] Creating new fan: Fan_H223_L222 (P2 (H223-L222))
2026-05-07 16:35:34,399 - [Study] Creating new fan: Fan_H223_L220 (P3 (H223-L220))
2026-05-07 16:35:34,465 - [Tracking] Fan validated: Fan_H223_L222 via breach at bar 4638
2026-05-07 16:35:34,474 - [Tracking] Target HIT: Fan_H223_L222 0.875
2026-05-07 16:35:34,474 - [Tracking] BREACH_CONFIRMED_NO_ALPHA: no pending found for fan=Fan_H223_L222 prev_line=0.5
2026-05-07 16:35:34,475 - [Study] Removing invalidated/excess fan: Fan_L220_H219
2026-05-07 16:35:34,475 - [Study] Removing invalidated/excess fan: Fan_L220_H218
2026-05-07 16:35:34,476 - [Study] Removing invalidated/excess fan: Fan_L220_H216
2026-05-07 16:35:34,940 - [Tracking] Fan validated: Fan_H223_L220 via breach at bar 4639
2026-05-07 16:35:34,949 - [Tracking] Target HIT: Fan_H223_L220 0.875
2026-05-07 16:35:34,949 - [Tracking] BREACH_CONFIRMED_NO_ALPHA: no pending found for fan=Fan_H223_L220 prev_line=0.5
2026-05-07 16:35:36,239 - [Study] Creating new fan: Fan_H215_L191 (P3 (H215-L191))
2026-05-07 16:35:36,243 - [Study] Creating new fan: Fan_H215_L196 (P2 (H215-L196))
2026-05-07 16:35:36,246 - [Study] Creating new fan: Fan_L220_H215 (P1 (L220-H215))
2026-05-07 16:35:37,209 - [Tracking] Fan validated: Fan_H223_L223 via touch at bar 4642
2026-05-07 16:35:37,217 - [Tracking] Target HIT: Fan_H223_L223 0.875
2026-05-07 16:35:37,217 - [Tracking] BREACH_CONFIRMED_NO_ALPHA: no pending found for fan=Fan_H223_L223 prev_line=0.5
2026-05-07 16:35:37,218 - [Study] Removing invalidated/excess fan: Fan_H223_L223
2026-05-07 16:35:37,219 - [Tracking] Target FAILED: Fan_H223_L223 (0.875) - fan invalidated with pending progression
2026-05-07 16:35:37,219 - [Study] Removing invalidated/excess fan: Fan_H223_L222
2026-05-07 16:35:37,219 - [Tracking] Target FAILED: Fan_H223_L222 (0.875) - fan invalidated with pending progression
2026-05-07 16:35:37,219 - [Study] Removing invalidated/excess fan: Fan_H223_L220
2026-05-07 16:35:37,220 - [Tracking] Target FAILED: Fan_H223_L220 (0.875) - fan invalidated with pending progression
2026-05-07 16:35:39,369 - [Study] Creating new fan: Fan_H224_L222 (P3 (H224-L222))
2026-05-07 16:35:39,371 - [Study] Creating new fan: Fan_H224_L224 (P1 (H224-L224))
2026-05-07 16:35:39,373 - [Study] Creating new fan: Fan_H224_L223 (P2 (H224-L223))
2026-05-07 16:35:39,428 - [Study] Removing invalidated/excess fan: Fan_L220_H215
2026-05-07 16:35:39,428 - [Study] Removing invalidated/excess fan: Fan_H215_L196
2026-05-07 16:35:39,429 - [Study] Removing invalidated/excess fan: Fan_H215_L191
2026-05-07 16:35:40,295 - [Tracking] Fan validated: Fan_H224_L223 via reversal at bar 4649
2026-05-07 16:35:40,304 - [Tracking] Target HIT: Fan_H224_L223 0.875
2026-05-07 16:35:40,304 - [Tracking] BREACH_CONFIRMED_NO_ALPHA: no pending found for fan=Fan_H224_L223 prev_line=0.5
2026-05-07 16:35:42,399 - [Study] Updating fan priority: Fan_H224_L224 -> P2 (H224-L224)
2026-05-07 16:35:42,399 - [Study] Updating fan priority: Fan_H224_L223 -> P3 (H224-L223)
2026-05-07 16:35:42,399 - [Study] Creating new fan: Fan_L225_H224 (P1 (L225-H224))
2026-05-07 16:35:42,448 - [Study] Removing invalidated/excess fan: Fan_H224_L222
2026-05-07 16:35:43,308 - [Tracking] Fan validated: Fan_H224_L224 via reversal at bar 4656
2026-05-07 16:35:43,315 - [Tracking] Target HIT: Fan_H224_L224 0.875
2026-05-07 16:35:43,315 - [Tracking] BREACH_CONFIRMED_NO_ALPHA: no pending found for fan=Fan_H224_L224 prev_line=0.5
2026-05-07 16:35:44,579 - [Study] Updating fan priority: Fan_L225_H224 -> P2 (L225-H224)
2026-05-07 16:35:44,579 - [Study] Updating fan priority: Fan_H224_L224 -> P3 (H224-L224)
2026-05-07 16:35:44,580 - [Study] Creating new fan: Fan_H225_L225 (P1 (H225-L225))
2026-05-07 16:35:44,639 - [Study] Removing invalidated/excess fan: Fan_H224_L223
2026-05-07 16:35:44,639 - [Tracking] Target FAILED: Fan_H224_L223 (0.875) - fan invalidated with pending progression
2026-05-07 16:35:46,335 - [Study] Creating new fan: Fan_H224_L222 (P3 (H224-L222))
2026-05-07 16:35:46,339 - [Study] Updating fan priority: Fan_H224_L224 -> P1 (H224-L224)
2026-05-07 16:35:46,339 - [Study] Creating new fan: Fan_H224_L223 (P2 (H224-L223))
2026-05-07 16:35:46,533 - [Tracking] Target HIT: Fan_H224_L224 0.75
2026-05-07 16:35:46,533 - [Tracking] BREACH_CONFIRMED_NO_ALPHA: no pending found for fan=Fan_H224_L224 prev_line=0.875
2026-05-07 16:35:46,534 - [Study] Removing invalidated/excess fan: Fan_L225_H224
2026-05-07 16:35:46,534 - [Study] Removing invalidated/excess fan: Fan_H225_L225
2026-05-07 16:35:49,111 - [Study] Creating new fan: Fan_L226_H225 (P1 (L226-H225))
2026-05-07 16:35:49,114 - [Study] Updating fan priority: Fan_H224_L224 -> P3 (H224-L224)
2026-05-07 16:35:49,114 - [Study] Creating new fan: Fan_L226_H224 (P2 (L226-H224))
2026-05-07 16:35:49,175 - [Study] Removing invalidated/excess fan: Fan_H224_L223
2026-05-07 16:35:49,176 - [Study] Removing invalidated/excess fan: Fan_H224_L222
2026-05-07 16:35:49,643 - [Study] Updating fan priority: Fan_H224_L224 -> P2 (H224-L224)
2026-05-07 16:35:49,644 - [Study] Creating new fan: Fan_H224_L223 (P3 (H224-L223))
2026-05-07 16:35:49,647 - [Study] Updating fan priority: Fan_L226_H224 -> P1 (L226-H224)
2026-05-07 16:35:49,883 - [Tracking] Fan validated: Fan_L226_H224 via breach at bar 4670
2026-05-07 16:35:49,893 - [Tracking] Target HIT: Fan_L226_H224 0.875
2026-05-07 16:35:49,894 - [Tracking] BREACH_CONFIRMED_NO_ALPHA: no pending found for fan=Fan_L226_H224 prev_line=0.5
2026-05-07 16:35:49,894 - [Study] Removing invalidated/excess fan: Fan_L226_H225
2026-05-07 16:35:52,108 - [Study] Updating fan priority: Fan_H224_L224 -> P3 (H224-L224)
2026-05-07 16:35:52,109 - [Study] Updating fan priority: Fan_L226_H224 -> P2 (L226-H224)
2026-05-07 16:35:52,109 - [Study] Creating new fan: Fan_H226_L226 (P1 (H226-L226))
2026-05-07 16:35:52,161 - [Study] Removing invalidated/excess fan: Fan_H224_L223
2026-05-07 16:35:53,013 - [Study] Updating fan priority: Fan_H224_L224 -> P2 (H224-L224)
2026-05-07 16:35:53,013 - [Study] Creating new fan: Fan_H224_L223 (P3 (H224-L223))
2026-05-07 16:35:53,017 - [Study] Updating fan priority: Fan_L226_H224 -> P1 (L226-H224)
2026-05-07 16:35:53,264 - [Tracking] Target HIT: Fan_L226_H224 0.75
2026-05-07 16:35:53,264 - [Tracking] BREACH_CONFIRMED_NO_ALPHA: no pending found for fan=Fan_L226_H224 prev_line=0.875
2026-05-07 16:35:53,264 - [Study] Removing invalidated/excess fan: Fan_H226_L226
2026-05-07 16:35:58,455 - [Study] Updating fan priority: Fan_H224_L224 -> P3 (H224-L224)
2026-05-07 16:35:58,455 - [Study] Updating fan priority: Fan_L226_H224 -> P2 (L226-H224)
2026-05-07 16:35:58,456 - [Study] Creating new fan: Fan_H226_L226 (P1 (H226-L226))
2026-05-07 16:35:58,506 - [Study] Removing invalidated/excess fan: Fan_H224_L223
2026-05-07 16:35:59,403 - [Tracking] Fan validated: Fan_H226_L226 via reversal at bar 4691
2026-05-07 16:35:59,410 - [Tracking] Target HIT: Fan_H226_L226 0.875
2026-05-07 16:35:59,411 - [Tracking] BREACH_CONFIRMED_NO_ALPHA: no pending found for fan=Fan_H226_L226 prev_line=0.5
2026-05-07 16:36:01,670 - [Tracking] Target HIT: Fan_H226_L226 0.75
2026-05-07 16:36:01,670 - [Tracking] BREACH_CONFIRMED_NO_ALPHA: no pending found for fan=Fan_H226_L226 prev_line=0.875
2026-05-07 16:36:02,589 - [Tracking] Target HIT: Fan_H224_L224 0.5
2026-05-07 16:36:02,590 - [Tracking] BREACH_CONFIRMED_NO_ALPHA: no pending found for fan=Fan_H224_L224 prev_line=0.75
2026-05-07 16:36:02,590 - [Tracking] Target HIT: Fan_H226_L226 0.5
2026-05-07 16:36:02,591 - [Tracking] BREACH_CONFIRMED_NO_ALPHA: no pending found for fan=Fan_H226_L226 prev_line=0.75
2026-05-07 16:36:04,835 - [Study] Creating new fan: Fan_H224_L222 (P3 (H224-L222))
2026-05-07 16:36:04,840 - [Study] Updating fan priority: Fan_H224_L224 -> P1 (H224-L224)
2026-05-07 16:36:04,840 - [Study] Creating new fan: Fan_H224_L223 (P2 (H224-L223))
2026-05-07 16:36:05,261 - [Study] Removing invalidated/excess fan: Fan_L226_H224
2026-05-07 16:36:05,261 - [Tracking] Target FAILED: Fan_L226_H224 (0.75) - fan invalidated with pending progression
2026-05-07 16:36:05,262 - [Study] Removing invalidated/excess fan: Fan_H226_L226
2026-05-07 16:36:05,262 - [Tracking] Target FAILED: Fan_H226_L226 (0.5) - fan invalidated with pending progression
2026-05-07 16:36:08,354 - [Study] Creating new fan: Fan_L227_H226 (P1 (L227-H226))
2026-05-07 16:36:08,358 - [Study] Creating new fan: Fan_L227_H224 (P2 (L227-H224))
2026-05-07 16:36:08,361 - [Study] Updating fan priority: Fan_H224_L224 -> P3 (H224-L224)
2026-05-07 16:36:08,432 - [Tracking] Fan validated: Fan_L227_H226 via breach at bar 4710
2026-05-07 16:36:08,432 - [Tracking] Fan validated: Fan_L227_H224 via breach at bar 4710
2026-05-07 16:36:08,441 - [Tracking] Target HIT: Fan_L227_H224 0.875
2026-05-07 16:36:08,441 - [Tracking] BREACH_CONFIRMED_NO_ALPHA: no pending found for fan=Fan_L227_H224 prev_line=0.5
2026-05-07 16:36:08,442 - [Tracking] Target HIT: Fan_L227_H226 0.875
2026-05-07 16:36:08,442 - [Tracking] BREACH_CONFIRMED_NO_ALPHA: no pending found for fan=Fan_L227_H226 prev_line=0.5
2026-05-07 16:36:08,442 - [Study] Removing invalidated/excess fan: Fan_H224_L223
2026-05-07 16:36:08,443 - [Study] Removing invalidated/excess fan: Fan_H224_L222
2026-05-07 16:36:09,821 - [Tracking] Target HIT: Fan_L227_H226 0.75
2026-05-07 16:36:09,821 - [Tracking] BREACH_CONFIRMED_NO_ALPHA: found pending on Fan_L227_H226_Fan_L227_H226_f0 fraction=0.875 bar=4713 (cross-bar)
2026-05-07 16:36:09,826 - [Tracking] BREACH_CONFIRMED_NO_ALPHA (via target progression): Fan_L227_H226 0.875
2026-05-07 16:36:12,478 - [Tracking] Target HIT: Fan_L227_H224 0.75
2026-05-07 16:36:12,478 - [Tracking] BREACH_CONFIRMED_NO_ALPHA: no pending found for fan=Fan_L227_H224 prev_line=0.875
2026-05-07 16:36:12,919 - [Study] Updating fan priority: Fan_L227_H226 -> P2 (L227-H226)
2026-05-07 16:36:12,919 - [Study] Creating new fan: Fan_H227_L227 (P1 (H227-L227))
2026-05-07 16:36:12,922 - [Study] Updating fan priority: Fan_L227_H224 -> P3 (L227-H224)
2026-05-07 16:36:12,990 - [Study] Removing invalidated/excess fan: Fan_H224_L224
2026-05-07 16:36:12,990 - [Tracking] Target FAILED: Fan_H224_L224 (0.5) - fan invalidated with pending progression
2026-05-07 16:36:14,745 - [Study] Updating fan priority: Fan_L227_H226 -> P1 (L227-H226)
2026-05-07 16:36:14,745 - [Study] Updating fan priority: Fan_L227_H224 -> P2 (L227-H224)
2026-05-07 16:36:14,745 - [Study] Creating new fan: Fan_H224_L224 (P3 (H224-L224))
2026-05-07 16:36:15,300 - [Tracking] Target HIT: Fan_L227_H226 0.5
2026-05-07 16:36:15,300 - [Tracking] BREACH_CONFIRMED_NO_ALPHA: no pending found for fan=Fan_L227_H226 prev_line=0.75
2026-05-07 16:36:15,301 - [Study] Removing invalidated/excess fan: Fan_H227_L227
2026-05-07 16:36:18,497 - [Study] Updating fan priority: Fan_L227_H226 -> P2 (L227-H226)
2026-05-07 16:36:18,497 - [Study] Updating fan priority: Fan_L227_H224 -> P3 (L227-H224)
2026-05-07 16:36:18,497 - [Study] Creating new fan: Fan_H228_L227 (P1 (H228-L227))
2026-05-07 16:36:18,578 - [Study] Removing invalidated/excess fan: Fan_H224_L224
2026-05-07 16:36:21,756 - [Study] Creating new fan: Fan_L229_H228 (P1 (L229-H228))
2026-05-07 16:36:21,759 - [Study] Updating fan priority: Fan_L227_H226 -> P3 (L227-H226)
2026-05-07 16:36:21,759 - [Study] Updating fan priority: Fan_H228_L227 -> P2 (H228-L227)
2026-05-07 16:36:21,815 - [Tracking] Fan validated: Fan_L229_H228 via reversal at bar 4738
2026-05-07 16:36:21,823 - [Tracking] Target HIT: Fan_L229_H228 0.875
2026-05-07 16:36:21,824 - [Tracking] BREACH_CONFIRMED_NO_ALPHA: no pending found for fan=Fan_L229_H228 prev_line=0.5
2026-05-07 16:36:21,824 - [Study] Removing invalidated/excess fan: Fan_L227_H224
2026-05-07 16:36:21,824 - [Tracking] Target FAILED: Fan_L227_H224 (0.75) - fan invalidated with pending progression
2026-05-07 16:36:22,747 - [Tracking] Target HIT: Fan_L229_H228 0.75
2026-05-07 16:36:22,747 - [Tracking] BREACH_CONFIRMED_NO_ALPHA: found pending on Fan_L229_H228_Fan_L229_H228_f0 fraction=0.875 bar=4740 (cross-bar)
2026-05-07 16:36:22,754 - [Tracking] BREACH_CONFIRMED_NO_ALPHA (via target progression): Fan_L229_H228 0.875
2026-05-07 16:36:25,027 - [Study] Creating new fan: Fan_H229_L229 (P1 (H229-L229))
2026-05-07 16:36:25,031 - [Study] Updating fan priority: Fan_L229_H228 -> P2 (L229-H228)
2026-05-07 16:36:25,031 - [Study] Updating fan priority: Fan_H228_L227 -> P3 (H228-L227)
2026-05-07 16:36:25,104 - [Study] Removing invalidated/excess fan: Fan_L227_H226
2026-05-07 16:36:25,105 - [Tracking] Target FAILED: Fan_L227_H226 (0.5) - fan invalidated with pending progression
2026-05-07 16:36:26,050 - [Tracking] Fan validated: Fan_H229_L229 via touch at bar 4747
2026-05-07 16:36:26,058 - [Tracking] Target HIT: Fan_H229_L229 0.875
2026-05-07 16:36:26,059 - [Tracking] BREACH_CONFIRMED_NO_ALPHA: no pending found for fan=Fan_H229_L229 prev_line=0.5
2026-05-07 16:36:26,059 - [Tracking] Target HIT: Fan_H229_L229 0.75
2026-05-07 16:36:26,059 - [Tracking] BREACH_CONFIRMED_NO_ALPHA: no pending found for fan=Fan_H229_L229 prev_line=0.875
2026-05-07 16:36:26,992 - [Tracking] Target HIT: Fan_H229_L229 0.5
2026-05-07 16:36:26,993 - [Tracking] BREACH_CONFIRMED_NO_ALPHA: found pending on Fan_H229_L229_Fan_H229_L229_f1 fraction=0.75 bar=4749 (cross-bar)
2026-05-07 16:36:26,998 - [Tracking] BREACH_CONFIRMED_NO_ALPHA (via target progression): Fan_H229_L229 0.75
2026-05-07 16:36:27,462 - [Tracking] Target HIT: Fan_H229_L229 0.25
2026-05-07 16:36:27,463 - [Tracking] BREACH_CONFIRMED_NO_ALPHA: found pending on Fan_H229_L229_Fan_H229_L229_f2 fraction=0.5 bar=4750 (cross-bar)
2026-05-07 16:36:27,468 - [Tracking] BREACH_CONFIRMED_NO_ALPHA (via target progression): Fan_H229_L229 0.5
2026-05-07 16:36:27,469 - [Tracking] Target HIT: Fan_H229_L229 horizontal
2026-05-07 16:36:27,469 - [Tracking] BREACH_CONFIRMED_NO_ALPHA: no pending found for fan=Fan_H229_L229 prev_line=0.5
2026-05-07 16:36:27,903 - [Study] Creating new fan: Fan_H224_L222 (P3 (H224-L222))
2026-05-07 16:36:27,907 - [Study] Creating new fan: Fan_H224_L224 (P1 (H224-L224))
2026-05-07 16:36:27,910 - [Study] Creating new fan: Fan_H224_L223 (P2 (H224-L223))
2026-05-07 16:36:28,697 - [Study] Removing invalidated/excess fan: Fan_H228_L227
2026-05-07 16:36:28,697 - [Study] Removing invalidated/excess fan: Fan_L229_H228
2026-05-07 16:36:28,697 - [Tracking] Target FAILED: Fan_L229_H228 (0.75) - fan invalidated with pending progression
2026-05-07 16:36:28,698 - [Study] Removing invalidated/excess fan: Fan_H229_L229
2026-05-07 16:36:28,698 - [Tracking] Target HIT: Fan_H229_L229 reached full_coverage!
2026-05-07 16:36:30,912 - [Study] Creating new fan: Fan_L230_H226 (P3 (L230-H226))
2026-05-07 16:36:30,916 - [Study] Creating new fan: Fan_L230_H229 (P1 (L230-H229))
2026-05-07 16:36:30,918 - [Study] Creating new fan: Fan_L230_H228 (P2 (L230-H228))
2026-05-07 16:36:30,984 - [Study] Removing invalidated/excess fan: Fan_H224_L224
2026-05-07 16:36:30,985 - [Study] Removing invalidated/excess fan: Fan_H224_L223
2026-05-07 16:36:30,985 - [Study] Removing invalidated/excess fan: Fan_H224_L222
2026-05-07 16:36:31,476 - [Tracking] Fan validated: Fan_L230_H226 via touch at bar 4757
2026-05-07 16:36:31,476 - [Tracking] Fan validated: Fan_L230_H229 via breach at bar 4757
2026-05-07 16:36:31,477 - [Tracking] Fan validated: Fan_L230_H228 via breach at bar 4757
2026-05-07 16:36:31,484 - [Tracking] Target HIT: Fan_L230_H226 0.875
2026-05-07 16:36:31,484 - [Tracking] BREACH_CONFIRMED_NO_ALPHA: no pending found for fan=Fan_L230_H226 prev_line=0.5
2026-05-07 16:36:31,484 - [Tracking] Target HIT: Fan_L230_H228 0.875
2026-05-07 16:36:31,485 - [Tracking] BREACH_CONFIRMED_NO_ALPHA: no pending found for fan=Fan_L230_H228 prev_line=0.5
2026-05-07 16:36:31,485 - [Tracking] Target HIT: Fan_L230_H229 0.875
2026-05-07 16:36:31,485 - [Tracking] BREACH_CONFIRMED_NO_ALPHA: no pending found for fan=Fan_L230_H229 prev_line=0.5
2026-05-07 16:36:32,841 - [Study] Updating fan priority: Fan_L230_H229 -> P2 (L230-H229)
2026-05-07 16:36:32,842 - [Study] Creating new fan: Fan_H230_L230 (P1 (H230-L230))
2026-05-07 16:36:32,845 - [Study] Updating fan priority: Fan_L230_H228 -> P3 (L230-H228)
2026-05-07 16:36:32,892 - [Study] Removing invalidated/excess fan: Fan_L230_H226
2026-05-07 16:36:32,892 - [Tracking] Target FAILED: Fan_L230_H226 (0.875) - fan invalidated with pending progression
2026-05-07 16:36:33,352 - [Tracking] Fan validated: Fan_H230_L230 via reversal at bar 4761
2026-05-07 16:36:33,359 - [Tracking] Target HIT: Fan_H230_L230 0.875
2026-05-07 16:36:33,359 - [Tracking] BREACH_CONFIRMED_NO_ALPHA: no pending found for fan=Fan_H230_L230 prev_line=0.5
2026-05-07 16:36:34,306 - [Tracking] Target HIT: Fan_H230_L230 0.75
2026-05-07 16:36:34,307 - [Tracking] BREACH_CONFIRMED_NO_ALPHA: found pending on Fan_H230_L230_Fan_H230_L230_f0 fraction=0.875 bar=4763 (cross-bar)
2026-05-07 16:36:34,312 - [Tracking] BREACH_CONFIRMED_NO_ALPHA (via target progression): Fan_H230_L230 0.875
2026-05-07 16:36:34,312 - [Tracking] Target HIT: Fan_L230_H228 0.75
2026-05-07 16:36:34,313 - [Tracking] BREACH_CONFIRMED_NO_ALPHA: no pending found for fan=Fan_L230_H228 prev_line=0.875
2026-05-07 16:36:36,581 - [Study] Creating new fan: Fan_H224_L222 (P3 (H224-L222))
2026-05-07 16:36:36,586 - [Study] Creating new fan: Fan_H224_L224 (P1 (H224-L224))
2026-05-07 16:36:36,589 - [Study] Creating new fan: Fan_H224_L223 (P2 (H224-L223))
2026-05-07 16:36:37,464 - [Tracking] Target HIT: Fan_H230_L230 0.5
2026-05-07 16:36:37,464 - [Tracking] BREACH_CONFIRMED_NO_ALPHA: no pending found for fan=Fan_H230_L230 prev_line=0.75
2026-05-07 16:36:37,464 - [Tracking] Target HIT: Fan_H230_L230 0.25
2026-05-07 16:36:37,465 - [Tracking] BREACH_CONFIRMED_NO_ALPHA: no pending found for fan=Fan_H230_L230 prev_line=0.5
2026-05-07 16:36:37,465 - [Tracking] Target HIT: Fan_H230_L230 horizontal
2026-05-07 16:36:37,465 - [Tracking] BREACH_CONFIRMED_NO_ALPHA: no pending found for fan=Fan_H230_L230 prev_line=0.5
2026-05-07 16:36:37,465 - [Study] Removing invalidated/excess fan: Fan_L230_H229
2026-05-07 16:36:37,466 - [Tracking] Target FAILED: Fan_L230_H229 (0.875) - fan invalidated with pending progression
2026-05-07 16:36:37,466 - [Study] Removing invalidated/excess fan: Fan_L230_H228
2026-05-07 16:36:37,466 - [Tracking] Target FAILED: Fan_L230_H228 (0.75) - fan invalidated with pending progression
2026-05-07 16:36:37,467 - [Study] Removing invalidated/excess fan: Fan_H230_L230
2026-05-07 16:36:37,467 - [Tracking] Target HIT: Fan_H230_L230 reached full_coverage!
2026-05-07 16:36:39,787 - [Study] Updating fan priority: Fan_H224_L222 -> P1 (H224-L222)
2026-05-07 16:36:39,787 - [Study] Creating new fan: Fan_H224_L220 (P2 (H224-L220))
2026-05-07 16:36:39,792 - [Study] Creating new fan: Fan_L220_H215 (P3 (L220-H215))
2026-05-07 16:36:41,045 - [Study] Removing invalidated/excess fan: Fan_H224_L224
2026-05-07 16:36:41,045 - [Study] Removing invalidated/excess fan: Fan_H224_L223
2026-05-07 16:36:41,983 - [Study] Creating new fan: Fan_H215_L191 (P2 (H215-L191))
2026-05-07 16:36:41,988 - [Study] Creating new fan: Fan_H215_L190 (P3 (H215-L190))
2026-05-07 16:36:41,992 - [Study] Creating new fan: Fan_H215_L196 (P1 (H215-L196))
2026-05-07 16:36:43,767 - [Study] Removing invalidated/excess fan: Fan_H224_L222
2026-05-07 16:36:43,768 - [Study] Removing invalidated/excess fan: Fan_H224_L220
2026-05-07 16:36:43,768 - [Study] Removing invalidated/excess fan: Fan_L220_H215
2026-05-07 16:36:46,776 - [Study] Creating new fan: Fan_H215_L161 (P2 (H215-L161))
2026-05-07 16:36:46,781 - [Study] Creating new fan: Fan_H215_L164 (P1 (H215-L164))
2026-05-07 16:36:46,785 - [Study] Creating new fan: Fan_H215_L159 (P3 (H215-L159))
2026-05-07 16:36:48,522 - [Study] Removing invalidated/excess fan: Fan_H215_L196
2026-05-07 16:36:48,523 - [Study] Removing invalidated/excess fan: Fan_H215_L191
2026-05-07 16:36:48,523 - [Study] Removing invalidated/excess fan: Fan_H215_L190
2026-05-07 16:36:50,739 - [Study] Creating new fan: Fan_L231_H230 (P1 (L231-H230))
2026-05-07 16:36:50,743 - [Study] Creating new fan: Fan_L231_H228 (P3 (L231-H228))
2026-05-07 16:36:50,745 - [Study] Creating new fan: Fan_L231_H229 (P2 (L231-H229))
2026-05-07 16:36:50,804 - [Study] Removing invalidated/excess fan: Fan_H215_L164
2026-05-07 16:36:50,804 - [Study] Removing invalidated/excess fan: Fan_H215_L161
2026-05-07 16:36:50,804 - [Study] Removing invalidated/excess fan: Fan_H215_L159
2026-05-07 16:36:56,195 - [Study] Creating new fan: Fan_L232_H231 (P1 (L232-H231))
2026-05-07 16:36:56,198 - [Study] Updating fan priority: Fan_L231_H230 -> P3 (L231-H230)
2026-05-07 16:36:56,198 - [Study] Creating new fan: Fan_H231_L231 (P2 (H231-L231))
2026-05-07 16:36:56,248 - [Tracking] Fan validated: Fan_H231_L231 via breach at bar 4799
2026-05-07 16:36:56,256 - [Tracking] Target HIT: Fan_H231_L231 0.875
2026-05-07 16:36:56,256 - [Tracking] BREACH_CONFIRMED_NO_ALPHA: no pending found for fan=Fan_H231_L231 prev_line=0.5
2026-05-07 16:36:56,257 - [Study] Removing invalidated/excess fan: Fan_L231_H229
2026-05-07 16:36:56,257 - [Study] Removing invalidated/excess fan: Fan_L231_H228
2026-05-07 16:36:57,136 - [Study] Creating new fan: Fan_L231_H229 (P3 (L231-H229))
2026-05-07 16:36:57,139 - [Study] Updating fan priority: Fan_L231_H230 -> P2 (L231-H230)
2026-05-07 16:36:57,139 - [Study] Updating fan priority: Fan_H231_L231 -> P1 (H231-L231)
2026-05-07 16:36:57,272 - [Tracking] Target HIT: Fan_H231_L231 0.75
2026-05-07 16:36:57,272 - [Tracking] BREACH_CONFIRMED_NO_ALPHA: no pending found for fan=Fan_H231_L231 prev_line=0.875
2026-05-07 16:36:57,272 - [Study] Removing invalidated/excess fan: Fan_L232_H231
2026-05-07 16:36:58,127 - [Study] Creating new fan: Fan_H215_L158 (P2 (H215-L158))
2026-05-07 16:36:58,132 - [Study] Creating new fan: Fan_H215_L89 (P3 (H215-L89))
2026-05-07 16:36:58,137 - [Study] Creating new fan: Fan_H215_L159 (P1 (H215-L159))
2026-05-07 16:37:00,059 - [Tracking] Target HIT: Fan_H231_L231 0.5
2026-05-07 16:37:00,059 - [Tracking] BREACH_CONFIRMED_NO_ALPHA: no pending found for fan=Fan_H231_L231 prev_line=0.75
2026-05-07 16:37:00,060 - [Study] Removing invalidated/excess fan: Fan_L231_H230
2026-05-07 16:37:00,060 - [Study] Removing invalidated/excess fan: Fan_H231_L231
2026-05-07 16:37:00,061 - [Tracking] Target FAILED: Fan_H231_L231 (0.5) - fan invalidated with pending progression
2026-05-07 16:37:00,061 - [Study] Removing invalidated/excess fan: Fan_L231_H229
2026-05-07 16:37:02,313 - [Study] Creating new fan: Fan_L232_H231 (P1 (L232-H231))
2026-05-07 16:37:02,317 - [Study] Creating new fan: Fan_L232_H229 (P3 (L232-H229))
2026-05-07 16:37:02,320 - [Study] Creating new fan: Fan_L232_H230 (P2 (L232-H230))
2026-05-07 16:37:02,388 - [Study] Removing invalidated/excess fan: Fan_H215_L159
2026-05-07 16:37:02,388 - [Study] Removing invalidated/excess fan: Fan_H215_L158
2026-05-07 16:37:02,389 - [Study] Removing invalidated/excess fan: Fan_H215_L89
2026-05-07 16:37:05,544 - [Study] Creating new fan: Fan_H232_L232 (P1 (H232-L232))
2026-05-07 16:37:05,547 - [Study] Updating fan priority: Fan_L232_H230 -> P3 (L232-H230)
2026-05-07 16:37:05,548 - [Study] Updating fan priority: Fan_L232_H231 -> P2 (L232-H231)
2026-05-07 16:37:05,593 - [Study] Removing invalidated/excess fan: Fan_L232_H229
2026-05-07 16:37:06,021 - [Study] Updating fan priority: Fan_L232_H231 -> P1 (L232-H231)
2026-05-07 16:37:06,022 - [Study] Creating new fan: Fan_L232_H229 (P3 (L232-H229))
2026-05-07 16:37:06,025 - [Study] Updating fan priority: Fan_L232_H230 -> P2 (L232-H230)
2026-05-07 16:37:06,117 - [Study] Removing invalidated/excess fan: Fan_H232_L232
2026-05-07 16:37:08,362 - [Study] Creating new fan: Fan_H232_L232 (P1 (H232-L232))
2026-05-07 16:37:08,366 - [Study] Updating fan priority: Fan_L232_H230 -> P3 (L232-H230)
2026-05-07 16:37:08,366 - [Study] Updating fan priority: Fan_L232_H231 -> P2 (L232-H231)
2026-05-07 16:37:08,414 - [Study] Removing invalidated/excess fan: Fan_L232_H229
2026-05-07 16:37:09,758 - [Study] Creating new fan: Fan_H215_L158 (P2 (H215-L158))
2026-05-07 16:37:09,763 - [Study] Creating new fan: Fan_H215_L89 (P3 (H215-L89))
2026-05-07 16:37:09,767 - [Study] Creating new fan: Fan_H215_L159 (P1 (H215-L159))
2026-05-07 16:37:11,906 - [Study] Removing invalidated/excess fan: Fan_L232_H231
2026-05-07 16:37:11,907 - [Study] Removing invalidated/excess fan: Fan_L232_H230
2026-05-07 16:37:11,907 - [Study] Removing invalidated/excess fan: Fan_H232_L232
2026-05-07 16:37:14,243 - [Study] Creating new fan: Fan_L233_H232 (P1 (L233-H232))
2026-05-07 16:37:14,246 - [Study] Creating new fan: Fan_L233_H231 (P2 (L233-H231))
2026-05-07 16:37:14,249 - [Study] Creating new fan: Fan_L233_H230 (P3 (L233-H230))
2026-05-07 16:37:14,297 - [Study] Removing invalidated/excess fan: Fan_H215_L159
2026-05-07 16:37:14,298 - [Study] Removing invalidated/excess fan: Fan_H215_L158
2026-05-07 16:37:14,298 - [Study] Removing invalidated/excess fan: Fan_H215_L89
2026-05-07 16:37:15,206 - [Study] Creating new fan: Fan_H215_L158 (P2 (H215-L158))
2026-05-07 16:37:15,210 - [Study] Creating new fan: Fan_H215_L89 (P3 (H215-L89))
2026-05-07 16:37:15,213 - [Study] Creating new fan: Fan_H215_L159 (P1 (H215-L159))
2026-05-07 16:37:17,287 - [Study] Removing invalidated/excess fan: Fan_L233_H232
2026-05-07 16:37:17,287 - [Study] Removing invalidated/excess fan: Fan_L233_H231
2026-05-07 16:37:17,287 - [Study] Removing invalidated/excess fan: Fan_L233_H230
2026-05-07 16:37:23,112 - [Study] Creating new fan: Fan_L233_H232 (P1 (L233-H232))
2026-05-07 16:37:23,115 - [Study] Creating new fan: Fan_L233_H231 (P2 (L233-H231))
2026-05-07 16:37:23,118 - [Study] Creating new fan: Fan_L233_H230 (P3 (L233-H230))
2026-05-07 16:37:23,173 - [Study] Removing invalidated/excess fan: Fan_H215_L159
2026-05-07 16:37:23,173 - [Study] Removing invalidated/excess fan: Fan_H215_L158
2026-05-07 16:37:23,174 - [Study] Removing invalidated/excess fan: Fan_H215_L89
2026-05-07 16:37:26,086 - [Tracking] Fan validated: Fan_L233_H232 via reversal at bar 4850
2026-05-07 16:37:26,094 - [Tracking] Target HIT: Fan_L233_H232 0.875
2026-05-07 16:37:26,094 - [Tracking] BREACH_CONFIRMED_NO_ALPHA: no pending found for fan=Fan_L233_H232 prev_line=0.5
2026-05-07 16:37:27,938 - [Tracking] Fan validated: Fan_L233_H231 via reversal at bar 4854
2026-05-07 16:37:27,946 - [Tracking] Target HIT: Fan_L233_H231 0.875
2026-05-07 16:37:27,946 - [Tracking] BREACH_CONFIRMED_NO_ALPHA: no pending found for fan=Fan_L233_H231 prev_line=0.5
2026-05-07 16:37:29,371 - [Tracking] Target HIT: Fan_L233_H232 0.75
2026-05-07 16:37:29,371 - [Tracking] BREACH_CONFIRMED_NO_ALPHA: no pending found for fan=Fan_L233_H232 prev_line=0.875
2026-05-07 16:37:31,721 - [Study] Updating fan priority: Fan_L233_H232 -> P2 (L233-H232)
2026-05-07 16:37:31,722 - [Study] Updating fan priority: Fan_L233_H231 -> P3 (L233-H231)
2026-05-07 16:37:31,722 - [Study] Creating new fan: Fan_H233_L233 (P1 (H233-L233))
2026-05-07 16:37:31,778 - [Study] Removing invalidated/excess fan: Fan_L233_H230
2026-05-07 16:37:32,690 - [Study] Creating new fan: Fan_H215_L158 (P2 (H215-L158))
2026-05-07 16:37:32,695 - [Study] Creating new fan: Fan_H215_L89 (P3 (H215-L89))
2026-05-07 16:37:32,699 - [Study] Creating new fan: Fan_H215_L159 (P1 (H215-L159))
2026-05-07 16:37:34,925 - [Study] Removing invalidated/excess fan: Fan_L233_H232
2026-05-07 16:37:34,925 - [Tracking] Target FAILED: Fan_L233_H232 (0.75) - fan invalidated with pending progression
2026-05-07 16:37:34,926 - [Study] Removing invalidated/excess fan: Fan_L233_H231
2026-05-07 16:37:34,926 - [Tracking] Target FAILED: Fan_L233_H231 (0.875) - fan invalidated with pending progression
2026-05-07 16:37:34,926 - [Study] Removing invalidated/excess fan: Fan_H233_L233
2026-05-07 16:37:37,231 - [Study] Creating new fan: Fan_L234_H233 (P1 (L234-H233))
2026-05-07 16:37:37,234 - [Study] Creating new fan: Fan_L234_H231 (P3 (L234-H231))
2026-05-07 16:37:37,237 - [Study] Creating new fan: Fan_L234_H232 (P2 (L234-H232))
2026-05-07 16:37:37,290 - [Study] Removing invalidated/excess fan: Fan_H215_L159
2026-05-07 16:37:37,290 - [Study] Removing invalidated/excess fan: Fan_H215_L158
2026-05-07 16:37:37,291 - [Study] Removing invalidated/excess fan: Fan_H215_L89
2026-05-07 16:37:39,174 - [Study] Creating new fan: Fan_H215_L158 (P2 (H215-L158))
2026-05-07 16:37:39,179 - [Study] Creating new fan: Fan_H215_L89 (P3 (H215-L89))
2026-05-07 16:37:39,186 - [Study] Creating new fan: Fan_H215_L159 (P1 (H215-L159))
2026-05-07 16:37:41,464 - [Study] Removing invalidated/excess fan: Fan_L234_H233
2026-05-07 16:37:41,465 - [Study] Removing invalidated/excess fan: Fan_L234_H232
2026-05-07 16:37:41,465 - [Study] Removing invalidated/excess fan: Fan_L234_H231
2026-05-07 16:37:45,110 - [Study] Creating new fan: Fan_L235_H233 (P2 (L235-H233))
2026-05-07 16:37:45,112 - [Study] Creating new fan: Fan_L235_H232 (P3 (L235-H232))
2026-05-07 16:37:45,115 - [Study] Creating new fan: Fan_L235_H234 (P1 (L235-H234))
2026-05-07 16:37:45,173 - [Study] Removing invalidated/excess fan: Fan_H215_L159
2026-05-07 16:37:45,173 - [Study] Removing invalidated/excess fan: Fan_H215_L158
2026-05-07 16:37:45,174 - [Study] Removing invalidated/excess fan: Fan_H215_L89
2026-05-07 16:37:46,105 - [Tracking] Fan validated: Fan_L235_H234 via touch at bar 4883
2026-05-07 16:37:46,112 - [Tracking] Target HIT: Fan_L235_H234 0.875
2026-05-07 16:37:46,112 - [Tracking] BREACH_CONFIRMED_NO_ALPHA: no pending found for fan=Fan_L235_H234 prev_line=0.5
2026-05-07 16:37:47,955 - [Tracking] Fan validated: Fan_L235_H233 via breach at bar 4887
2026-05-07 16:37:47,955 - [Tracking] Fan validated: Fan_L235_H232 via breach at bar 4887
2026-05-07 16:37:47,962 - [Tracking] Target HIT: Fan_L235_H232 0.875
2026-05-07 16:37:47,962 - [Tracking] BREACH_CONFIRMED_NO_ALPHA: no pending found for fan=Fan_L235_H232 prev_line=0.5
2026-05-07 16:37:47,963 - [Tracking] Target HIT: Fan_L235_H233 0.875
2026-05-07 16:37:47,963 - [Tracking] BREACH_CONFIRMED_NO_ALPHA: no pending found for fan=Fan_L235_H233 prev_line=0.5
2026-05-07 16:37:47,963 - [Tracking] Target HIT: Fan_L235_H234 0.75
2026-05-07 16:37:47,964 - [Tracking] BREACH_CONFIRMED_NO_ALPHA: found pending on Fan_L235_H234_Fan_L235_H234_f0 fraction=0.875 bar=4887 (cross-bar)
2026-05-07 16:37:47,969 - [Tracking] BREACH_CONFIRMED_NO_ALPHA (via target progression): Fan_L235_H234 0.875
2026-05-07 16:37:47,969 - [Tracking] Target HIT: Fan_L235_H234 0.5
2026-05-07 16:37:47,970 - [Tracking] BREACH_CONFIRMED_NO_ALPHA: no pending found for fan=Fan_L235_H234 prev_line=0.75
2026-05-07 16:37:47,970 - [Tracking] Target HIT: Fan_L235_H234 horizontal
2026-05-07 16:37:47,970 - [Tracking] BREACH_CONFIRMED_NO_ALPHA: no pending found for fan=Fan_L235_H234 prev_line=0.5
2026-05-07 16:37:47,971 - [Tracking] Target HIT: Fan_L235_H234 0.25
2026-05-07 16:37:47,971 - [Tracking] BREACH_CONFIRMED_NO_ALPHA: no pending found for fan=Fan_L235_H234 prev_line=0.5
2026-05-07 16:37:48,417 - [Study] Updating fan priority: Fan_L235_H233 -> P1 (L235-H233)
2026-05-07 16:37:48,418 - [Study] Updating fan priority: Fan_L235_H232 -> P2 (L235-H232)
2026-05-07 16:37:48,418 - [Study] Creating new fan: Fan_L235_H231 (P3 (L235-H231))
2026-05-07 16:37:48,526 - [Study] Removing invalidated/excess fan: Fan_L235_H234
2026-05-07 16:37:48,527 - [Tracking] Target HIT: Fan_L235_H234 reached full_coverage!
2026-05-07 16:37:49,494 - [Tracking] Fan validated: Fan_L235_H231 via reversal at bar 4890
2026-05-07 16:37:49,502 - [Tracking] Target HIT: Fan_L235_H231 0.875
2026-05-07 16:37:49,502 - [Tracking] BREACH_CONFIRMED_NO_ALPHA: no pending found for fan=Fan_L235_H231 prev_line=0.5
2026-05-07 16:37:51,890 - [Study] Updating fan priority: Fan_L235_H233 -> P2 (L235-H233)
2026-05-07 16:37:51,891 - [Study] Creating new fan: Fan_H235_L235 (P1 (H235-L235))
2026-05-07 16:37:51,893 - [Study] Updating fan priority: Fan_L235_H232 -> P3 (L235-H232)
2026-05-07 16:37:51,939 - [Study] Removing invalidated/excess fan: Fan_L235_H231
2026-05-07 16:37:51,939 - [Tracking] Target FAILED: Fan_L235_H231 (0.875) - fan invalidated with pending progression
2026-05-07 16:37:53,314 - [Tracking] Fan validated: Fan_H235_L235 via breach at bar 4898
2026-05-07 16:37:53,322 - [Tracking] Target HIT: Fan_H235_L235 0.875
2026-05-07 16:37:53,322 - [Tracking] BREACH_CONFIRMED_NO_ALPHA: no pending found for fan=Fan_H235_L235 prev_line=0.5
2026-05-07 16:37:54,725 - [Tracking] Target HIT: Fan_H235_L235 0.75
2026-05-07 16:37:54,725 - [Tracking] BREACH_CONFIRMED_NO_ALPHA: no pending found for fan=Fan_H235_L235 prev_line=0.875
2026-05-07 16:37:55,186 - [Study] Creating new fan: Fan_H215_L158 (P2 (H215-L158))
2026-05-07 16:37:55,191 - [Study] Creating new fan: Fan_H215_L89 (P3 (H215-L89))
2026-05-07 16:37:55,196 - [Study] Creating new fan: Fan_H215_L159 (P1 (H215-L159))
2026-05-07 16:37:57,608 - [Study] Removing invalidated/excess fan: Fan_L235_H233
2026-05-07 16:37:57,608 - [Tracking] Target FAILED: Fan_L235_H233 (0.875) - fan invalidated with pending progression
2026-05-07 16:37:57,608 - [Study] Removing invalidated/excess fan: Fan_L235_H232
2026-05-07 16:37:57,609 - [Tracking] Target FAILED: Fan_L235_H232 (0.875) - fan invalidated with pending progression
2026-05-07 16:37:57,609 - [Study] Removing invalidated/excess fan: Fan_H235_L235
2026-05-07 16:37:57,609 - [Tracking] Target FAILED: Fan_H235_L235 (0.75) - fan invalidated with pending progression
2026-05-07 16:37:59,483 - [Study] Updating fan priority: Fan_H215_L158 -> P1 (H215-L158)
2026-05-07 16:37:59,484 - [Study] Creating new fan: Fan_H215_L56 (P3 (H215-L56))
2026-05-07 16:37:59,491 - [Study] Updating fan priority: Fan_H215_L89 -> P2 (H215-L89)
2026-05-07 16:38:02,121 - [Study] Removing invalidated/excess fan: Fan_H215_L159
2026-05-07 16:38:04,414 - [Study] Creating new fan: Fan_L236_H233 (P2 (L236-H233))
2026-05-07 16:38:04,417 - [Study] Creating new fan: Fan_L236_H232 (P3 (L236-H232))
2026-05-07 16:38:04,420 - [Study] Creating new fan: Fan_L236_H235 (P1 (L236-H235))
2026-05-07 16:38:04,470 - [Study] Removing invalidated/excess fan: Fan_H215_L158
2026-05-07 16:38:04,470 - [Study] Removing invalidated/excess fan: Fan_H215_L89
2026-05-07 16:38:04,471 - [Study] Removing invalidated/excess fan: Fan_H215_L56
2026-05-07 16:38:05,426 - [Study] Updating fan priority: Fan_L236_H233 -> P3 (L236-H233)
2026-05-07 16:38:05,427 - [Study] Creating new fan: Fan_H236_L236 (P1 (H236-L236))
2026-05-07 16:38:05,430 - [Study] Updating fan priority: Fan_L236_H235 -> P2 (L236-H235)
2026-05-07 16:38:05,474 - [Study] Removing invalidated/excess fan: Fan_L236_H232
2026-05-07 16:38:06,377 - [Study] Creating new fan: Fan_H215_L158 (P1 (H215-L158))
2026-05-07 16:38:06,383 - [Study] Creating new fan: Fan_H215_L56 (P3 (H215-L56))
2026-05-07 16:38:06,389 - [Study] Creating new fan: Fan_H215_L89 (P2 (H215-L89))
2026-05-07 16:38:08,928 - [Tracking] Fan validated: Fan_H236_L236 via touch at bar 4915
2026-05-07 16:38:08,935 - [Tracking] Target HIT: Fan_H236_L236 0.875
2026-05-07 16:38:08,936 - [Tracking] BREACH_CONFIRMED_NO_ALPHA: no pending found for fan=Fan_H236_L236 prev_line=0.5
2026-05-07 16:38:08,937 - [Study] Removing invalidated/excess fan: Fan_L236_H235
2026-05-07 16:38:08,937 - [Study] Removing invalidated/excess fan: Fan_L236_H233
2026-05-07 16:38:08,938 - [Study] Removing invalidated/excess fan: Fan_H236_L236
2026-05-07 16:38:08,938 - [Tracking] Target FAILED: Fan_H236_L236 (0.875) - fan invalidated with pending progression
2026-05-07 16:38:11,376 - [Study] Creating new fan: Fan_L237_H236 (P1 (L237-H236))
2026-05-07 16:38:11,380 - [Study] Creating new fan: Fan_L237_H233 (P3 (L237-H233))
2026-05-07 16:38:11,383 - [Study] Creating new fan: Fan_L237_H235 (P2 (L237-H235))
2026-05-07 16:38:11,441 - [Tracking] Fan validated: Fan_L237_H236 via breach at bar 4920
2026-05-07 16:38:11,448 - [Tracking] Target HIT: Fan_L237_H236 0.875
2026-05-07 16:38:11,449 - [Tracking] BREACH_CONFIRMED_NO_ALPHA: no pending found for fan=Fan_L237_H236 prev_line=0.5
2026-05-07 16:38:11,450 - [Study] Removing invalidated/excess fan: Fan_H215_L158
2026-05-07 16:38:11,451 - [Study] Removing invalidated/excess fan: Fan_H215_L89
2026-05-07 16:38:11,451 - [Study] Removing invalidated/excess fan: Fan_H215_L56
2026-05-07 16:38:12,350 - [Tracking] Target HIT: Fan_L237_H236 0.75
2026-05-07 16:38:12,350 - [Tracking] BREACH_CONFIRMED_NO_ALPHA: found pending on Fan_L237_H236_Fan_L237_H236_f0 fraction=0.875 bar=4922 (cross-bar)
2026-05-07 16:38:12,355 - [Tracking] BREACH_CONFIRMED_NO_ALPHA (via target progression): Fan_L237_H236 0.875
2026-05-07 16:38:13,767 - [Tracking] Fan validated: Fan_L237_H235 via breach at bar 4925
2026-05-07 16:38:13,774 - [Tracking] Target HIT: Fan_L237_H235 0.875
2026-05-07 16:38:13,774 - [Tracking] BREACH_CONFIRMED_NO_ALPHA: no pending found for fan=Fan_L237_H235 prev_line=0.5
2026-05-07 16:38:13,775 - [Tracking] Target HIT: Fan_L237_H236 0.5
2026-05-07 16:38:13,775 - [Tracking] BREACH_CONFIRMED_NO_ALPHA: no pending found for fan=Fan_L237_H236 prev_line=0.75
2026-05-07 16:38:14,282 - [Tracking] Fan validated: Fan_L237_H233 via touch at bar 4926
2026-05-07 16:38:14,291 - [Tracking] Target HIT: Fan_L237_H233 0.875
2026-05-07 16:38:14,291 - [Tracking] BREACH_CONFIRMED_NO_ALPHA: no pending found for fan=Fan_L237_H233 prev_line=0.5
2026-05-07 16:38:14,291 - [Tracking] Target HIT: Fan_L237_H236 0.25
2026-05-07 16:38:14,292 - [Tracking] BREACH_CONFIRMED_NO_ALPHA: found pending on Fan_L237_H236_Fan_L237_H236_f2 fraction=0.5 bar=4926 (cross-bar)
2026-05-07 16:38:14,297 - [Tracking] BREACH_CONFIRMED_NO_ALPHA (via target progression): Fan_L237_H236 0.5
2026-05-07 16:38:14,297 - [Tracking] Target HIT: Fan_L237_H236 horizontal
2026-05-07 16:38:14,297 - [Tracking] BREACH_CONFIRMED_NO_ALPHA: no pending found for fan=Fan_L237_H236 prev_line=0.5
2026-05-07 16:38:14,740 - [Study] Updating fan priority: Fan_L237_H233 -> P2 (L237-H233)
2026-05-07 16:38:14,741 - [Study] Creating new fan: Fan_L237_H232 (P3 (L237-H232))
2026-05-07 16:38:14,744 - [Study] Updating fan priority: Fan_L237_H235 -> P1 (L237-H235)
2026-05-07 16:38:14,847 - [Tracking] Fan validated: Fan_L237_H232 via breach at bar 4927
2026-05-07 16:38:14,856 - [Tracking] Target HIT: Fan_L237_H232 0.875
2026-05-07 16:38:14,856 - [Tracking] BREACH_CONFIRMED_NO_ALPHA: no pending found for fan=Fan_L237_H232 prev_line=0.5
2026-05-07 16:38:14,857 - [Study] Removing invalidated/excess fan: Fan_L237_H236
2026-05-07 16:38:14,857 - [Tracking] Target HIT: Fan_L237_H236 reached full_coverage!
2026-05-07 16:38:17,269 - [Study] Creating new fan: Fan_H237_L237 (P1 (H237-L237))
2026-05-07 16:38:17,272 - [Study] Updating fan priority: Fan_L237_H233 -> P3 (L237-H233)
2026-05-07 16:38:17,272 - [Study] Updating fan priority: Fan_L237_H235 -> P2 (L237-H235)
2026-05-07 16:38:17,318 - [Study] Removing invalidated/excess fan: Fan_L237_H232
2026-05-07 16:38:17,318 - [Tracking] Target FAILED: Fan_L237_H232 (0.875) - fan invalidated with pending progression
2026-05-07 16:38:17,774 - [Study] Updating fan priority: Fan_L237_H233 -> P2 (L237-H233)
2026-05-07 16:38:17,774 - [Study] Creating new fan: Fan_L237_H232 (P3 (L237-H232))
2026-05-07 16:38:17,778 - [Study] Updating fan priority: Fan_L237_H235 -> P1 (L237-H235)
2026-05-07 16:38:17,928 - [Tracking] Target HIT: Fan_L237_H235 0.75
2026-05-07 16:38:17,928 - [Tracking] BREACH_CONFIRMED_NO_ALPHA: no pending found for fan=Fan_L237_H235 prev_line=0.875
2026-05-07 16:38:17,928 - [Study] Removing invalidated/excess fan: Fan_H237_L237
2026-05-07 16:38:18,945 - [Tracking] Target HIT: Fan_L237_H233 0.75
2026-05-07 16:38:18,946 - [Tracking] BREACH_CONFIRMED_NO_ALPHA: no pending found for fan=Fan_L237_H233 prev_line=0.875
2026-05-07 16:38:19,396 - [Study] Creating new fan: Fan_L237_H231 (P2 (L237-H231))
2026-05-07 16:38:19,399 - [Study] Updating fan priority: Fan_L237_H232 -> P1 (L237-H232)
2026-05-07 16:38:19,400 - [Study] Creating new fan: Fan_L237_H230 (P3 (L237-H230))
2026-05-07 16:38:19,689 - [Tracking] Fan validated: Fan_L237_H230 via touch at bar 4936
2026-05-07 16:38:19,696 - [Tracking] Target HIT: Fan_L237_H230 0.875
2026-05-07 16:38:19,696 - [Tracking] BREACH_CONFIRMED_NO_ALPHA: no pending found for fan=Fan_L237_H230 prev_line=0.5
2026-05-07 16:38:19,696 - [Tracking] Target HIT: Fan_L237_H233 0.5
2026-05-07 16:38:19,697 - [Tracking] BREACH_CONFIRMED_NO_ALPHA: no pending found for fan=Fan_L237_H233 prev_line=0.75
2026-05-07 16:38:19,697 - [Tracking] Target HIT: Fan_L237_H235 0.5
2026-05-07 16:38:19,697 - [Tracking] BREACH_CONFIRMED_NO_ALPHA: no pending found for fan=Fan_L237_H235 prev_line=0.75
2026-05-07 16:38:19,698 - [Study] Removing invalidated/excess fan: Fan_L237_H235
2026-05-07 16:38:19,698 - [Tracking] Target FAILED: Fan_L237_H235 (0.5) - fan invalidated with pending progression
2026-05-07 16:38:19,698 - [Study] Removing invalidated/excess fan: Fan_L237_H233
2026-05-07 16:38:19,699 - [Tracking] Target FAILED: Fan_L237_H233 (0.5) - fan invalidated with pending progression
2026-05-07 16:38:24,081 - [Study] Creating new fan: Fan_H237_L237 (P1 (H237-L237))
2026-05-07 16:38:24,084 - [Study] Updating fan priority: Fan_L237_H232 -> P2 (L237-H232)
2026-05-07 16:38:24,085 - [Study] Updating fan priority: Fan_L237_H231 -> P3 (L237-H231)
2026-05-07 16:38:24,136 - [Study] Removing invalidated/excess fan: Fan_L237_H230
2026-05-07 16:38:24,137 - [Tracking] Target FAILED: Fan_L237_H230 (0.875) - fan invalidated with pending progression
2026-05-07 16:38:27,030 - [Study] Updating fan priority: Fan_L237_H231 -> P2 (L237-H231)
2026-05-07 16:38:27,031 - [Study] Updating fan priority: Fan_L237_H232 -> P1 (L237-H232)
2026-05-07 16:38:27,031 - [Study] Creating new fan: Fan_L237_H230 (P3 (L237-H230))
2026-05-07 16:38:27,269 - [Study] Removing invalidated/excess fan: Fan_H237_L237
2026-05-07 16:38:31,652 - [Study] Updating fan priority: Fan_L237_H231 -> P3 (L237-H231)
2026-05-07 16:38:31,653 - [Study] Updating fan priority: Fan_L237_H232 -> P2 (L237-H232)
2026-05-07 16:38:31,653 - [Study] Creating new fan: Fan_H238_L237 (P1 (H238-L237))
2026-05-07 16:38:31,701 - [Study] Removing invalidated/excess fan: Fan_L237_H230
2026-05-07 16:38:32,722 - [Study] Creating new fan: Fan_L239_H238 (P1 (L239-H238))
2026-05-07 16:38:32,725 - [Study] Updating fan priority: Fan_L237_H232 -> P3 (L237-H232)
2026-05-07 16:38:32,725 - [Study] Updating fan priority: Fan_H238_L237 -> P2 (H238-L237)
2026-05-07 16:38:32,778 - [Study] Removing invalidated/excess fan: Fan_L237_H231
2026-05-07 16:38:33,747 - [Study] Creating new fan: Fan_L237_H231 (P2 (L237-H231))
2026-05-07 16:38:33,751 - [Study] Updating fan priority: Fan_L237_H232 -> P1 (L237-H232)
2026-05-07 16:38:33,751 - [Study] Creating new fan: Fan_L237_H230 (P3 (L237-H230))
2026-05-07 16:38:34,143 - [Tracking] Fan validated: Fan_L239_H238 via touch at bar 4964
2026-05-07 16:38:34,150 - [Tracking] Target HIT: Fan_L239_H238 0.875
2026-05-07 16:38:34,151 - [Tracking] BREACH_CONFIRMED_NO_ALPHA: no pending found for fan=Fan_L239_H238 prev_line=0.5
2026-05-07 16:38:34,151 - [Study] Removing invalidated/excess fan: Fan_H238_L237
2026-05-07 16:38:34,152 - [Study] Removing invalidated/excess fan: Fan_L239_H238
2026-05-07 16:38:34,152 - [Tracking] Target FAILED: Fan_L239_H238 (0.875) - fan invalidated with pending progression
2026-05-07 16:38:37,002 - [Study] Creating new fan: Fan_H239_L237 (P2 (H239-L237))
2026-05-07 16:38:37,006 - [Study] Updating fan priority: Fan_L237_H232 -> P3 (L237-H232)
2026-05-07 16:38:37,006 - [Study] Creating new fan: Fan_H239_L239 (P1 (H239-L239))
2026-05-07 16:38:37,054 - [Study] Removing invalidated/excess fan: Fan_L237_H231
2026-05-07 16:38:37,055 - [Study] Removing invalidated/excess fan: Fan_L237_H230
2026-05-07 16:38:37,518 - [Study] Creating new fan: Fan_L237_H230 (P2 (L237-H230))
2026-05-07 16:38:37,521 - [Study] Creating new fan: Fan_L237_H231 (P1 (L237-H231))
2026-05-07 16:38:37,524 - [Study] Creating new fan: Fan_L237_H229 (P3 (L237-H229))
2026-05-07 16:38:37,913 - [Study] Removing invalidated/excess fan: Fan_L237_H232
2026-05-07 16:38:37,913 - [Study] Removing invalidated/excess fan: Fan_H239_L239
2026-05-07 16:38:37,914 - [Study] Removing invalidated/excess fan: Fan_H239_L237
2026-05-07 16:38:40,352 - [Study] Updating fan priority: Fan_L237_H231 -> P3 (L237-H231)
2026-05-07 16:38:40,352 - [Study] Creating new fan: Fan_H239_L237 (P2 (H239-L237))
2026-05-07 16:38:40,355 - [Study] Creating new fan: Fan_H239_L239 (P1 (H239-L239))
2026-05-07 16:38:40,412 - [Study] Removing invalidated/excess fan: Fan_L237_H230
2026-05-07 16:38:40,412 - [Study] Removing invalidated/excess fan: Fan_L237_H229
2026-05-07 16:38:42,414 - [Study] Updating fan priority: Fan_H239_L237 -> P3 (H239-L237)
2026-05-07 16:38:42,414 - [Study] Creating new fan: Fan_L240_H239 (P1 (L240-H239))
2026-05-07 16:38:42,418 - [Study] Updating fan priority: Fan_H239_L239 -> P2 (H239-L239)
2026-05-07 16:38:42,474 - [Study] Removing invalidated/excess fan: Fan_L237_H231
2026-05-07 16:38:46,004 - [Study] Creating new fan: Fan_L237_H230 (P2 (L237-H230))
2026-05-07 16:38:46,008 - [Study] Creating new fan: Fan_L237_H231 (P1 (L237-H231))
2026-05-07 16:38:46,011 - [Study] Creating new fan: Fan_L237_H229 (P3 (L237-H229))
2026-05-07 16:38:46,538 - [Study] Removing invalidated/excess fan: Fan_H239_L239
2026-05-07 16:38:46,539 - [Study] Removing invalidated/excess fan: Fan_H239_L237
2026-05-07 16:38:46,539 - [Study] Removing invalidated/excess fan: Fan_L240_H239
2026-05-07 16:38:51,969 - [Study] Creating new fan: Fan_H240_L239 (P2 (H240-L239))
2026-05-07 16:38:51,972 - [Study] Creating new fan: Fan_H240_L240 (P1 (H240-L240))
2026-05-07 16:38:51,975 - [Study] Creating new fan: Fan_H240_L237 (P3 (H240-L237))
2026-05-07 16:38:52,028 - [Tracking] Fan validated: Fan_H240_L240 via reversal at bar 4998
2026-05-07 16:38:52,036 - [Tracking] Target HIT: Fan_H240_L240 0.875
2026-05-07 16:38:52,036 - [Tracking] BREACH_CONFIRMED_NO_ALPHA: no pending found for fan=Fan_H240_L240 prev_line=0.5
2026-05-07 16:38:52,037 - [Study] Removing invalidated/excess fan: Fan_L237_H231
2026-05-07 16:38:52,037 - [Study] Removing invalidated/excess fan: Fan_L237_H230
2026-05-07 16:38:52,037 - [Study] Removing invalidated/excess fan: Fan_L237_H229
2026-05-07 16:38:53,007 - [Study] Creating new fan: Fan_L241_H240 (P1 (L241-H240))
2026-05-07 16:38:53,010 - [Study] Updating fan priority: Fan_H240_L240 -> P2 (H240-L240)
2026-05-07 16:38:53,011 - [Study] Updating fan priority: Fan_H240_L239 -> P3 (H240-L239)
2026-05-07 16:38:53,061 - [Study] Removing invalidated/excess fan: Fan_H240_L237
2026-05-07 16:38:53,546 - [Study] Updating fan priority: Fan_H240_L239 -> P2 (H240-L239)
2026-05-07 16:38:53,546 - [Study] Updating fan priority: Fan_H240_L240 -> P1 (H240-L240)
2026-05-07 16:38:53,547 - [Study] Creating new fan: Fan_H240_L237 (P3 (H240-L237))
2026-05-07 16:38:53,646 - [Tracking] Fan validated: Fan_H240_L239 via reversal at bar 5001
2026-05-07 16:38:53,653 - [Tracking] Target HIT: Fan_H240_L239 0.875
2026-05-07 16:38:53,653 - [Tracking] BREACH_CONFIRMED_NO_ALPHA: no pending found for fan=Fan_H240_L239 prev_line=0.5
2026-05-07 16:38:53,654 - [Tracking] Target HIT: Fan_H240_L240 0.75
2026-05-07 16:38:53,654 - [Tracking] BREACH_CONFIRMED_NO_ALPHA: no pending found for fan=Fan_H240_L240 prev_line=0.875
2026-05-07 16:38:53,654 - [Study] Removing invalidated/excess fan: Fan_L241_H240
2026-05-07 16:38:56,131 - [Study] Creating new fan: Fan_L241_H240 (P1 (L241-H240))
2026-05-07 16:38:56,135 - [Study] Updating fan priority: Fan_H240_L240 -> P2 (H240-L240)
2026-05-07 16:38:56,135 - [Study] Updating fan priority: Fan_H240_L239 -> P3 (H240-L239)
2026-05-07 16:38:56,202 - [Study] Removing invalidated/excess fan: Fan_H240_L237
2026-05-07 16:38:57,165 - [Study] Updating fan priority: Fan_H240_L239 -> P1 (H240-L239)
2026-05-07 16:38:57,165 - [Study] Creating new fan: Fan_L237_H231 (P3 (L237-H231))
2026-05-07 16:38:57,169 - [Study] Creating new fan: Fan_H240_L237 (P2 (H240-L237))
2026-05-07 16:38:57,820 - [Tracking] Target HIT: Fan_H240_L239 0.75
2026-05-07 16:38:57,821 - [Tracking] BREACH_CONFIRMED_NO_ALPHA: no pending found for fan=Fan_H240_L239 prev_line=0.875
2026-05-07 16:38:57,821 - [Study] Removing invalidated/excess fan: Fan_H240_L240
2026-05-07 16:38:57,821 - [Tracking] Target FAILED: Fan_H240_L240 (0.75) - fan invalidated with pending progression
2026-05-07 16:38:57,821 - [Study] Removing invalidated/excess fan: Fan_L241_H240
2026-05-07 16:39:02,503 - [Study] Creating new fan: Fan_L241_H240 (P1 (L241-H240))
2026-05-07 16:39:02,506 - [Study] Updating fan priority: Fan_H240_L237 -> P3 (H240-L237)
2026-05-07 16:39:02,506 - [Study] Updating fan priority: Fan_H240_L239 -> P2 (H240-L239)
2026-05-07 16:39:02,552 - [Study] Removing invalidated/excess fan: Fan_L237_H231
2026-05-07 16:39:05,085 - [Tracking] Fan validated: Fan_L241_H240 via breach at bar 5022
2026-05-07 16:39:05,092 - [Tracking] Target HIT: Fan_L241_H240 0.875
2026-05-07 16:39:05,093 - [Tracking] BREACH_CONFIRMED_NO_ALPHA: no pending found for fan=Fan_L241_H240 prev_line=0.5
2026-05-07 16:39:08,095 - [Study] Updating fan priority: Fan_L241_H240 -> P2 (L241-H240)
2026-05-07 16:39:08,095 - [Study] Creating new fan: Fan_H241_L241 (P1 (H241-L241))
2026-05-07 16:39:08,098 - [Study] Updating fan priority: Fan_H240_L239 -> P3 (H240-L239)
2026-05-07 16:39:08,160 - [Study] Removing invalidated/excess fan: Fan_H240_L237
2026-05-07 16:39:08,666 - [Study] Updating fan priority: Fan_L241_H240 -> P1 (L241-H240)
2026-05-07 16:39:08,666 - [Study] Creating new fan: Fan_H240_L237 (P3 (H240-L237))
2026-05-07 16:39:08,669 - [Study] Updating fan priority: Fan_H240_L239 -> P2 (H240-L239)
2026-05-07 16:39:08,952 - [Tracking] Fan validated: Fan_H241_L241 via touch at bar 5029
2026-05-07 16:39:08,960 - [Tracking] Target HIT: Fan_H241_L241 0.875
2026-05-07 16:39:08,961 - [Tracking] BREACH_CONFIRMED_NO_ALPHA: no pending found for fan=Fan_H241_L241 prev_line=0.5
2026-05-07 16:39:08,962 - [Tracking] Target HIT: Fan_L241_H240 0.75
2026-05-07 16:39:08,962 - [Tracking] BREACH_CONFIRMED_NO_ALPHA: no pending found for fan=Fan_L241_H240 prev_line=0.875
2026-05-07 16:39:08,962 - [Study] Removing invalidated/excess fan: Fan_H241_L241
2026-05-07 16:39:08,963 - [Tracking] Target FAILED: Fan_H241_L241 (0.875) - fan invalidated with pending progression
2026-05-07 16:39:12,567 - [Tracking] Fan validated: Fan_H240_L237 via breach at bar 5036
2026-05-07 16:39:12,575 - [Tracking] Target HIT: Fan_H240_L237 0.875
2026-05-07 16:39:12,576 - [Tracking] BREACH_CONFIRMED_NO_ALPHA: no pending found for fan=Fan_H240_L237 prev_line=0.5
2026-05-07 16:39:12,576 - [Tracking] Target HIT: Fan_H240_L239 0.5
2026-05-07 16:39:12,576 - [Tracking] BREACH_CONFIRMED_NO_ALPHA: no pending found for fan=Fan_H240_L239 prev_line=0.75
2026-05-07 16:39:13,097 - [Study] Updating fan priority: Fan_H240_L239 -> P1 (H240-L239)
2026-05-07 16:39:13,098 - [Study] Creating new fan: Fan_L237_H231 (P3 (L237-H231))
2026-05-07 16:39:13,102 - [Study] Updating fan priority: Fan_H240_L237 -> P2 (H240-L237)
2026-05-07 16:39:14,004 - [Study] Removing invalidated/excess fan: Fan_L241_H240
2026-05-07 16:39:14,004 - [Tracking] Target FAILED: Fan_L241_H240 (0.75) - fan invalidated with pending progression
2026-05-07 16:39:17,029 - [Study] Updating fan priority: Fan_H240_L239 -> P3 (H240-L239)
2026-05-07 16:39:17,029 - [Study] Creating new fan: Fan_L243_H242 (P1 (L243-H242))
2026-05-07 16:39:17,032 - [Study] Creating new fan: Fan_L243_H240 (P2 (L243-H240))
2026-05-07 16:39:17,135 - [Tracking] Fan validated: Fan_L243_H242 via breach at bar 5043
2026-05-07 16:39:17,135 - [Tracking] Fan validated: Fan_L243_H240 via touch at bar 5043
2026-05-07 16:39:17,144 - [Tracking] Target HIT: Fan_L243_H240 0.875
2026-05-07 16:39:17,144 - [Tracking] BREACH_CONFIRMED_NO_ALPHA: no pending found for fan=Fan_L243_H240 prev_line=0.5
2026-05-07 16:39:17,144 - [Tracking] Target HIT: Fan_L243_H240 0.75
2026-05-07 16:39:17,145 - [Tracking] BREACH_CONFIRMED_NO_ALPHA: found pending on Fan_L243_H240_Fan_L243_H240_f0 fraction=0.875 bar=5043 (cross-bar)
2026-05-07 16:39:17,150 - [Tracking] BREACH_CONFIRMED_NO_ALPHA (via target progression): Fan_L243_H240 0.875
2026-05-07 16:39:17,151 - [Tracking] Target HIT: Fan_L243_H242 0.875
2026-05-07 16:39:17,151 - [Tracking] BREACH_CONFIRMED_NO_ALPHA: no pending found for fan=Fan_L243_H242 prev_line=0.5
2026-05-07 16:39:17,151 - [Tracking] Target HIT: Fan_L243_H242 0.75
2026-05-07 16:39:17,151 - [Tracking] BREACH_CONFIRMED_NO_ALPHA: found pending on Fan_L243_H242_Fan_L243_H242_f0 fraction=0.875 bar=5043 (cross-bar)
2026-05-07 16:39:17,156 - [Tracking] BREACH_CONFIRMED_NO_ALPHA (via target progression): Fan_L243_H242 0.875
2026-05-07 16:39:17,156 - [Tracking] Target HIT: Fan_L243_H242 0.5
2026-05-07 16:39:17,157 - [Tracking] BREACH_CONFIRMED_NO_ALPHA: no pending found for fan=Fan_L243_H242 prev_line=0.75
2026-05-07 16:39:17,158 - [Study] Removing invalidated/excess fan: Fan_H240_L237
2026-05-07 16:39:17,158 - [Tracking] Target FAILED: Fan_H240_L237 (0.875) - fan invalidated with pending progression
2026-05-07 16:39:17,158 - [Study] Removing invalidated/excess fan: Fan_L237_H231
2026-05-07 16:39:19,804 - [Study] Creating new fan: Fan_H243_L243 (P1 (H243-L243))
2026-05-07 16:39:19,807 - [Study] Updating fan priority: Fan_L243_H242 -> P2 (L243-H242)
2026-05-07 16:39:19,808 - [Study] Updating fan priority: Fan_L243_H240 -> P3 (L243-H240)
2026-05-07 16:39:19,867 - [Study] Removing invalidated/excess fan: Fan_H240_L239
2026-05-07 16:39:19,867 - [Tracking] Target FAILED: Fan_H240_L239 (0.5) - fan invalidated with pending progression
2026-05-07 16:39:20,939 - [Tracking] Fan validated: Fan_H243_L243 via touch at bar 5050
2026-05-07 16:39:20,946 - [Tracking] Target HIT: Fan_H243_L243 0.875
2026-05-07 16:39:20,947 - [Tracking] BREACH_CONFIRMED_NO_ALPHA: no pending found for fan=Fan_H243_L243 prev_line=0.5
2026-05-07 16:39:21,442 - [Tracking] Target HIT: Fan_H243_L243 0.75
2026-05-07 16:39:21,443 - [Tracking] BREACH_CONFIRMED_NO_ALPHA: found pending on Fan_H243_L243_Fan_H243_L243_f0 fraction=0.875 bar=5051 (cross-bar)
2026-05-07 16:39:21,448 - [Tracking] BREACH_CONFIRMED_NO_ALPHA (via target progression): Fan_H243_L243 0.875
2026-05-07 16:39:24,672 - [Study] Updating fan priority: Fan_H243_L243 -> P2 (H243-L243)
2026-05-07 16:39:24,672 - [Study] Creating new fan: Fan_L244_H243 (P1 (L244-H243))
2026-05-07 16:39:24,675 - [Study] Updating fan priority: Fan_L243_H242 -> P3 (L243-H242)
2026-05-07 16:39:24,780 - [Tracking] Fan validated: Fan_L244_H243 via touch at bar 5057
2026-05-07 16:39:24,789 - [Tracking] Target HIT: Fan_L244_H243 0.875
2026-05-07 16:39:24,789 - [Tracking] BREACH_CONFIRMED_NO_ALPHA: no pending found for fan=Fan_L244_H243 prev_line=0.5
2026-05-07 16:39:24,790 - [Study] Removing invalidated/excess fan: Fan_L243_H240
2026-05-07 16:39:24,791 - [Tracking] Target FAILED: Fan_L243_H240 (0.75) - fan invalidated with pending progression
2026-05-07 16:39:27,391 - [Study] Creating new fan: Fan_H240_L239 (P2 (H240-L239))
2026-05-07 16:39:27,395 - [Study] Creating new fan: Fan_H240_L237 (P3 (H240-L237))
2026-05-07 16:39:27,398 - [Study] Creating new fan: Fan_L243_H240 (P1 (L243-H240))
2026-05-07 16:39:27,940 - [Tracking] Target HIT: Fan_L243_H242 0.25
2026-05-07 16:39:27,940 - [Tracking] BREACH_CONFIRMED_NO_ALPHA: no pending found for fan=Fan_L243_H242 prev_line=0.5
2026-05-07 16:39:27,941 - [Tracking] Target HIT: Fan_L243_H242 horizontal
2026-05-07 16:39:27,941 - [Tracking] BREACH_CONFIRMED_NO_ALPHA: no pending found for fan=Fan_L243_H242 prev_line=0.5
2026-05-07 16:39:27,941 - [Study] Removing invalidated/excess fan: Fan_L243_H242
2026-05-07 16:39:27,941 - [Tracking] Target HIT: Fan_L243_H242 reached full_coverage!
2026-05-07 16:39:27,942 - [Study] Removing invalidated/excess fan: Fan_H243_L243
2026-05-07 16:39:27,942 - [Tracking] Target FAILED: Fan_H243_L243 (0.75) - fan invalidated with pending progression
2026-05-07 16:39:27,942 - [Study] Removing invalidated/excess fan: Fan_L244_H243
2026-05-07 16:39:27,942 - [Tracking] Target FAILED: Fan_L244_H243 (0.875) - fan invalidated with pending progression
2026-05-07 16:39:30,582 - [Tracking] Fan validated: Fan_H240_L237 via reversal at bar 5067
2026-05-07 16:39:30,591 - [Tracking] Target HIT: Fan_H240_L237 0.875
2026-05-07 16:39:30,592 - [Tracking] BREACH_CONFIRMED_NO_ALPHA: no pending found for fan=Fan_H240_L237 prev_line=0.5
2026-05-07 16:39:32,811 - Initialized AngularPriceCoverageStudy v4.0. Config: {'left_bars': 5, 'right_bars': 5, 'line_extension_bars': 100, 'fraction_colors': {0.125: '#FF5252', 0.25: '#FF5252', 0.375: '#FF5252', 0.5: '#2196F3', 0.625: '#4CAF50', 0.75: '#4CAF50', 0.875: '#4CAF50', 1.0: '#FFFFFF'}, 'main_color': '#FFFFFF', 'main_line_width': 1, 'fraction_line_width': 2, 'scale_ratio': 13.7262, 'breach_mode': 'wick', 'show_intersection_labels': False, 'max_historical_fans': 3, 'bounce_threshold_percent': 0.3, 'rejection_lookback_bars': 5, 'rest_required_bars': 3, 'symbol': '^NSEI', 'resolution': '15', 'successive_closes_required': 2, 'run_mode': 'simulation'}
2026-05-07 16:39:32,812 - [Study] First process_bar at index 0. Running initialize_history.
2026-05-07 16:39:32,812 - [Study] initialize_history called with 0 candles
2026-05-07 16:39:32,812 - [Study] Not enough candles for pivot detection
2026-05-07 16:39:33,009 - [Study] Creating new fan: Fan_H1_L1 (P1 (H1-L1))
2026-05-07 16:39:33,100 - [Study] Creating new fan: Fan_L2_H1 (P1 (L2-H1))
2026-05-07 16:39:33,102 - [Study] Updating fan priority: Fan_H1_L1 -> P2 (H1-L1)
2026-05-07 16:39:33,295 - [Study] Removing invalidated/excess fan: Fan_H1_L1
2026-05-07 16:39:33,295 - [Study] Removing invalidated/excess fan: Fan_L2_H1
2026-05-07 16:39:33,364 - [Study] Creating new fan: Fan_H2_L2 (P1 (H2-L2))
2026-05-07 16:39:33,366 - [Study] Creating new fan: Fan_H2_L1 (P2 (H2-L1))
2026-05-07 16:39:33,594 - [Study] Creating new fan: Fan_L3_H2 (P1 (L3-H2))
2026-05-07 16:39:33,596 - [Study] Updating fan priority: Fan_H2_L2 -> P2 (H2-L2)
2026-05-07 16:39:33,596 - [Study] Updating fan priority: Fan_H2_L1 -> P3 (H2-L1)
2026-05-07 16:39:33,819 - [Study] Removing invalidated/excess fan: Fan_H2_L2
2026-05-07 16:39:33,820 - [Study] Removing invalidated/excess fan: Fan_H2_L1
2026-05-07 16:39:33,820 - [Study] Removing invalidated/excess fan: Fan_L3_H2
2026-05-07 16:39:33,909 - [Study] Creating new fan: Fan_H3_L2 (P2 (H3-L2))
2026-05-07 16:39:33,911 - [Study] Creating new fan: Fan_H3_L3 (P1 (H3-L3))
2026-05-07 16:39:33,913 - [Study] Creating new fan: Fan_H3_L1 (P3 (H3-L1))
2026-05-07 16:39:33,978 - [Tracking] Fan validated: Fan_H3_L2 via reversal at bar 60
2026-05-07 16:39:33,978 - [Tracking] Fan validated: Fan_H3_L1 via reversal at bar 60
2026-05-07 16:39:33,986 - [Tracking] Target HIT: Fan_H3_L1 0.875
2026-05-07 16:39:33,987 - [Tracking] BREACH_CONFIRMED_NO_ALPHA: no pending found for fan=Fan_H3_L1 prev_line=0.5
2026-05-07 16:39:33,987 - [Tracking] Target HIT: Fan_H3_L2 0.875
2026-05-07 16:39:33,987 - [Tracking] BREACH_CONFIRMED_NO_ALPHA: no pending found for fan=Fan_H3_L2 prev_line=0.5
2026-05-07 16:39:34,094 - [Study] Removing invalidated/excess fan: Fan_H3_L3
2026-05-07 16:39:34,095 - [Study] Removing invalidated/excess fan: Fan_H3_L2
2026-05-07 16:39:34,095 - [Tracking] Target FAILED: Fan_H3_L2 (0.875) - fan invalidated with pending progression
2026-05-07 16:39:34,095 - [Study] Removing invalidated/excess fan: Fan_H3_L1
2026-05-07 16:39:34,095 - [Tracking] Target FAILED: Fan_H3_L1 (0.875) - fan invalidated with pending progression
2026-05-07 16:39:34,139 - [Study] Creating new fan: Fan_H4_L2 (P2 (H4-L2))
2026-05-07 16:39:34,141 - [Study] Creating new fan: Fan_H4_L3 (P1 (H4-L3))
2026-05-07 16:39:34,142 - [Study] Creating new fan: Fan_H4_L1 (P3 (H4-L1))
2026-05-07 16:39:34,288 - [Study] Updating fan priority: Fan_H4_L2 -> P3 (H4-L2)
2026-05-07 16:39:34,289 - [Study] Creating new fan: Fan_L5_H4 (P1 (L5-H4))
2026-05-07 16:39:34,291 - [Study] Updating fan priority: Fan_H4_L3 -> P2 (H4-L3)
2026-05-07 16:39:34,373 - [Study] Removing invalidated/excess fan: Fan_H4_L1
2026-05-07 16:39:34,443 - [Study] Removing invalidated/excess fan: Fan_H4_L3
2026-05-07 16:39:34,443 - [Study] Removing invalidated/excess fan: Fan_H4_L2
2026-05-07 16:39:34,443 - [Study] Removing invalidated/excess fan: Fan_L5_H4
2026-05-07 16:39:34,484 - [Study] Creating new fan: Fan_H5_L5 (P1 (H5-L5))
2026-05-07 16:39:34,486 - [Study] Creating new fan: Fan_H5_L2 (P3 (H5-L2))
2026-05-07 16:39:34,488 - [Study] Creating new fan: Fan_H5_L3 (P2 (H5-L3))
2026-05-07 16:39:34,554 - [Tracking] Fan validated: Fan_H5_L2 via breach at bar 80
2026-05-07 16:39:34,561 - [Tracking] Target HIT: Fan_H5_L2 0.875
2026-05-07 16:39:34,561 - [Tracking] BREACH_CONFIRMED_NO_ALPHA: no pending found for fan=Fan_H5_L2 prev_line=0.5
2026-05-07 16:39:34,776 - [Tracking] Target HIT: Fan_H5_L2 0.75
2026-05-07 16:39:34,776 - [Tracking] BREACH_CONFIRMED_NO_ALPHA: no pending found for fan=Fan_H5_L2 prev_line=0.875
2026-05-07 16:39:34,896 - [Study] Updating fan priority: Fan_H5_L5 -> P2 (H5-L5)
2026-05-07 16:39:34,896 - [Study] Creating new fan: Fan_L6_H5 (P1 (L6-H5))
2026-05-07 16:39:34,899 - [Study] Updating fan priority: Fan_H5_L3 -> P3 (H5-L3)
2026-05-07 16:39:34,981 - [Study] Removing invalidated/excess fan: Fan_H5_L2
2026-05-07 16:39:34,981 - [Tracking] Target FAILED: Fan_H5_L2 (0.75) - fan invalidated with pending progression
2026-05-07 16:39:35,089 - [Study] Updating fan priority: Fan_H5_L5 -> P3 (H5-L5)
2026-05-07 16:39:35,089 - [Study] Updating fan priority: Fan_L6_H5 -> P2 (L6-H5)
2026-05-07 16:39:35,090 - [Study] Creating new fan: Fan_H6_L6 (P1 (H6-L6))
2026-05-07 16:39:35,143 - [Study] Removing invalidated/excess fan: Fan_H5_L3
2026-05-07 16:39:35,147 - [Study] Updating fan priority: Fan_H5_L5 -> P2 (H5-L5)
2026-05-07 16:39:35,147 - [Study] Updating fan priority: Fan_L6_H5 -> P1 (L6-H5)
2026-05-07 16:39:35,148 - [Study] Creating new fan: Fan_H5_L3 (P3 (H5-L3))
2026-05-07 16:39:35,337 - [Study] Removing invalidated/excess fan: Fan_H6_L6
2026-05-07 16:39:35,373 - [Study] Creating new fan: Fan_H5_L2 (P2 (H5-L2))
2026-05-07 16:39:35,376 - [Study] Creating new fan: Fan_H5_L1 (P3 (H5-L1))
2026-05-07 16:39:35,378 - [Study] Updating fan priority: Fan_H5_L3 -> P1 (H5-L3)
2026-05-07 16:39:35,604 - [Tracking] Fan validated: Fan_L6_H5 via breach at bar 100
2026-05-07 16:39:35,611 - [Tracking] Target HIT: Fan_L6_H5 0.875
2026-05-07 16:39:35,611 - [Tracking] BREACH_CONFIRMED_NO_ALPHA: no pending found for fan=Fan_L6_H5 prev_line=0.5
2026-05-07 16:39:35,612 - [Study] Removing invalidated/excess fan: Fan_H5_L5
2026-05-07 16:39:35,612 - [Study] Removing invalidated/excess fan: Fan_L6_H5
2026-05-07 16:39:35,612 - [Tracking] Target FAILED: Fan_L6_H5 (0.875) - fan invalidated with pending progression
2026-05-07 16:39:35,716 - [Study] Creating new fan: Fan_L7_H5 (P2 (L7-H5))
2026-05-07 16:39:35,718 - [Study] Creating new fan: Fan_L7_H6 (P1 (L7-H6))
2026-05-07 16:39:35,720 - [Study] Updating fan priority: Fan_H5_L3 -> P3 (H5-L3)
2026-05-07 16:39:35,779 - [Study] Removing invalidated/excess fan: Fan_H5_L2
2026-05-07 16:39:35,779 - [Study] Removing invalidated/excess fan: Fan_H5_L1
2026-05-07 16:39:35,823 - [Study] Creating new fan: Fan_H5_L2 (P1 (H5-L2))
2026-05-07 16:39:35,825 - [Study] Creating new fan: Fan_H5_L1 (P2 (H5-L1))
2026-05-07 16:39:36,075 - [Study] Removing invalidated/excess fan: Fan_H5_L3
2026-05-07 16:39:36,075 - [Study] Removing invalidated/excess fan: Fan_L7_H6
2026-05-07 16:39:36,076 - [Study] Removing invalidated/excess fan: Fan_L7_H5
2026-05-07 16:39:36,159 - [Study] Creating new fan: Fan_L7_H5 (P2 (L7-H5))
2026-05-07 16:39:36,161 - [Study] Updating fan priority: Fan_H5_L2 -> P3 (H5-L2)
2026-05-07 16:39:36,161 - [Study] Creating new fan: Fan_L7_H6 (P1 (L7-H6))
2026-05-07 16:39:36,239 - [Study] Removing invalidated/excess fan: Fan_H5_L1
2026-05-07 16:39:36,259 - [Study] Updating fan priority: Fan_H5_L2 -> P1 (H5-L2)
2026-05-07 16:39:36,260 - [Study] Creating new fan: Fan_H5_L1 (P2 (H5-L1))
2026-05-07 16:39:36,563 - [Study] Removing invalidated/excess fan: Fan_L7_H6
2026-05-07 16:39:36,563 - [Study] Removing invalidated/excess fan: Fan_L7_H5
2026-05-07 16:39:36,702 - [Study] Updating fan priority: Fan_H5_L1 -> P1 (H5-L1)
2026-05-07 16:39:36,712 - [Study] Removing invalidated/excess fan: Fan_H5_L2
2026-05-07 16:39:36,810 - [Study] Creating new fan: Fan_L8_H5 (P3 (L8-H5))
2026-05-07 16:39:36,814 - [Study] Creating new fan: Fan_L8_H6 (P2 (L8-H6))
2026-05-07 16:39:36,817 - [Study] Creating new fan: Fan_L8_H7 (P1 (L8-H7))
2026-05-07 16:39:36,906 - [Tracking] Fan validated: Fan_L8_H5 via breach at bar 134
2026-05-07 16:39:36,906 - [Tracking] Fan validated: Fan_L8_H6 via reversal at bar 134
2026-05-07 16:39:36,914 - [Tracking] Target HIT: Fan_L8_H5 0.875
2026-05-07 16:39:36,915 - [Tracking] BREACH_CONFIRMED_NO_ALPHA: no pending found for fan=Fan_L8_H5 prev_line=0.5
2026-05-07 16:39:36,915 - [Tracking] Target HIT: Fan_L8_H6 0.875
2026-05-07 16:39:36,915 - [Tracking] BREACH_CONFIRMED_NO_ALPHA: no pending found for fan=Fan_L8_H6 prev_line=0.5
2026-05-07 16:39:36,916 - [Study] Removing invalidated/excess fan: Fan_H5_L1
2026-05-07 16:39:36,996 - [Tracking] Target HIT: Fan_L8_H5 0.75
2026-05-07 16:39:36,996 - [Tracking] BREACH_CONFIRMED_NO_ALPHA: found pending on Fan_L8_H5_Fan_L8_H5_f0 fraction=0.875 bar=137 (cross-bar)
2026-05-07 16:39:37,002 - [Tracking] BREACH_CONFIRMED_NO_ALPHA (via target progression): Fan_L8_H5 0.875
2026-05-07 16:39:37,003 - [Tracking] Target HIT: Fan_L8_H6 0.75
2026-05-07 16:39:37,003 - [Tracking] BREACH_CONFIRMED_NO_ALPHA: found pending on Fan_L8_H6_Fan_L8_H6_f0 fraction=0.875 bar=137 (cross-bar)
2026-05-07 16:39:37,008 - [Tracking] BREACH_CONFIRMED_NO_ALPHA (via target progression): Fan_L8_H6 0.875
2026-05-07 16:39:37,163 - [Study] Creating new fan: Fan_H5_L1 (P1 (H5-L1))
2026-05-07 16:39:37,641 - [Study] Removing invalidated/excess fan: Fan_L8_H7
2026-05-07 16:39:37,641 - [Study] Removing invalidated/excess fan: Fan_L8_H6
2026-05-07 16:39:37,642 - [Tracking] Target FAILED: Fan_L8_H6 (0.75) - fan invalidated with pending progression
2026-05-07 16:39:37,642 - [Study] Removing invalidated/excess fan: Fan_L8_H5
2026-05-07 16:39:37,642 - [Tracking] Target FAILED: Fan_L8_H5 (0.75) - fan invalidated with pending progression
2026-05-07 16:39:37,703 - [Study] Removing invalidated/excess fan: Fan_H5_L1
2026-05-07 16:39:37,769 - [Study] Creating new fan: Fan_L9_H6 (P3 (L9-H6))
2026-05-07 16:39:37,772 - [Study] Creating new fan: Fan_L9_H7 (P2 (L9-H7))
2026-05-07 16:39:37,773 - [Study] Creating new fan: Fan_L9_H8 (P1 (L9-H8))
2026-05-07 16:39:37,933 - [Study] Creating new fan: Fan_H9_L9 (P1 (H9-L9))
2026-05-07 16:39:37,936 - [Study] Updating fan priority: Fan_L9_H7 -> P3 (L9-H7)
2026-05-07 16:39:37,936 - [Study] Updating fan priority: Fan_L9_H8 -> P2 (L9-H8)
2026-05-07 16:39:37,989 - [Study] Removing invalidated/excess fan: Fan_L9_H6
2026-05-07 16:39:38,042 - [Study] Creating new fan: Fan_L9_H6 (P3 (L9-H6))
2026-05-07 16:39:38,044 - [Study] Updating fan priority: Fan_L9_H7 -> P2 (L9-H7)
2026-05-07 16:39:38,044 - [Study] Updating fan priority: Fan_L9_H8 -> P1 (L9-H8)
2026-05-07 16:39:38,140 - [Study] Removing invalidated/excess fan: Fan_H9_L9
2026-05-07 16:39:38,283 - [Study] Updating fan priority: Fan_L9_H6 -> P2 (L9-H6)
2026-05-07 16:39:38,283 - [Study] Updating fan priority: Fan_L9_H7 -> P1 (L9-H7)
2026-05-07 16:39:38,284 - [Study] Creating new fan: Fan_L9_H5 (P3 (L9-H5))
2026-05-07 16:39:38,440 - [Study] Removing invalidated/excess fan: Fan_L9_H8
2026-05-07 16:39:38,633 - [Study] Updating fan priority: Fan_L9_H7 -> P3 (L9-H7)
2026-05-07 16:39:38,633 - [Study] Creating new fan: Fan_H10_L9 (P2 (H10-L9))
2026-05-07 16:39:38,636 - [Study] Creating new fan: Fan_H10_L10 (P1 (H10-L10))
2026-05-07 16:39:38,703 - [Study] Removing invalidated/excess fan: Fan_L9_H6
2026-05-07 16:39:38,704 - [Study] Removing invalidated/excess fan: Fan_L9_H5
2026-05-07 16:39:38,709 - [Study] Creating new fan: Fan_L9_H6 (P2 (L9-H6))
2026-05-07 16:39:38,712 - [Study] Updating fan priority: Fan_L9_H7 -> P1 (L9-H7)
2026-05-07 16:39:38,712 - [Study] Creating new fan: Fan_L9_H5 (P3 (L9-H5))
2026-05-07 16:39:38,980 - [Tracking] Fan validated: Fan_H10_L9 via breach at bar 179
2026-05-07 16:39:38,989 - [Tracking] Target HIT: Fan_H10_L9 0.875
2026-05-07 16:39:38,989 - [Tracking] BREACH_CONFIRMED_NO_ALPHA: no pending found for fan=Fan_H10_L9 prev_line=0.5
2026-05-07 16:39:38,990 - [Study] Removing invalidated/excess fan: Fan_H10_L10
2026-05-07 16:39:38,990 - [Study] Removing invalidated/excess fan: Fan_H10_L9
2026-05-07 16:39:38,990 - [Tracking] Target FAILED: Fan_H10_L9 (0.875) - fan invalidated with pending progression
2026-05-07 16:39:39,406 - [Study] Creating new fan: Fan_H11_L10 (P2 (H11-L10))
2026-05-07 16:39:39,409 - [Study] Creating new fan: Fan_H11_L9 (P3 (H11-L9))
2026-05-07 16:39:39,411 - [Study] Creating new fan: Fan_H11_L11 (P1 (H11-L11))
2026-05-07 16:39:39,491 - [Study] Removing invalidated/excess fan: Fan_L9_H7
2026-05-07 16:39:39,492 - [Study] Removing invalidated/excess fan: Fan_L9_H6
2026-05-07 16:39:39,492 - [Study] Removing invalidated/excess fan: Fan_L9_H5
2026-05-07 16:39:39,630 - [Study] Updating fan priority: Fan_H11_L10 -> P3 (H11-L10)
2026-05-07 16:39:39,630 - [Study] Updating fan priority: Fan_H11_L11 -> P2 (H11-L11)
2026-05-07 16:39:39,630 - [Study] Creating new fan: Fan_L12_H11 (P1 (L12-H11))
2026-05-07 16:39:39,727 - [Study] Removing invalidated/excess fan: Fan_H11_L9
2026-05-07 16:39:39,769 - [Study] Updating fan priority: Fan_H11_L10 -> P2 (H11-L10)
2026-05-07 16:39:39,769 - [Study] Creating new fan: Fan_H11_L9 (P3 (H11-L9))
2026-05-07 16:39:39,771 - [Study] Updating fan priority: Fan_H11_L11 -> P1 (H11-L11)
2026-05-07 16:39:39,920 - [Study] Removing invalidated/excess fan: Fan_L12_H11
2026-05-07 16:39:40,105 - [Study] Creating new fan: Fan_L13_H12 (P1 (L13-H12))
2026-05-07 16:39:40,107 - [Study] Updating fan priority: Fan_H11_L11 -> P3 (H11-L11)
2026-05-07 16:39:40,108 - [Study] Creating new fan: Fan_L13_H11 (P2 (L13-H11))
2026-05-07 16:39:40,197 - [Study] Removing invalidated/excess fan: Fan_H11_L10
2026-05-07 16:39:40,198 - [Study] Removing invalidated/excess fan: Fan_H11_L9
2026-05-07 16:39:40,523 - [Study] Creating new fan: Fan_H11_L10 (P3 (H11-L10))
2026-05-07 16:39:40,526 - [Study] Updating fan priority: Fan_H11_L11 -> P2 (H11-L11)
2026-05-07 16:39:40,526 - [Study] Updating fan priority: Fan_L13_H11 -> P1 (L13-H11)
2026-05-07 16:39:40,829 - [Study] Removing invalidated/excess fan: Fan_L13_H12
2026-05-07 16:39:40,836 - [Study] Creating new fan: Fan_L9_H6 (P2 (L9-H6))
2026-05-07 16:39:40,839 - [Study] Creating new fan: Fan_L9_H7 (P1 (L9-H7))
2026-05-07 16:39:40,841 - [Study] Creating new fan: Fan_L9_H5 (P3 (L9-H5))
2026-05-07 16:39:41,326 - [Study] Removing invalidated/excess fan: Fan_H11_L11
2026-05-07 16:39:41,326 - [Study] Removing invalidated/excess fan: Fan_L13_H11
2026-05-07 16:39:41,326 - [Study] Removing invalidated/excess fan: Fan_H11_L10
2026-05-07 16:39:41,399 - [Study] Updating fan priority: Fan_L9_H6 -> P1 (L9-H6)
2026-05-07 16:39:41,400 - [Study] Updating fan priority: Fan_L9_H5 -> P2 (L9-H5)
2026-05-07 16:39:41,409 - [Study] Removing invalidated/excess fan: Fan_L9_H7
2026-05-07 16:39:41,476 - [Study] Creating new fan: Fan_H13_L10 (P3 (H13-L10))
2026-05-07 16:39:41,479 - [Study] Creating new fan: Fan_H13_L11 (P2 (H13-L11))
2026-05-07 16:39:41,481 - [Study] Creating new fan: Fan_H13_L13 (P1 (H13-L13))
2026-05-07 16:39:41,599 - [Study] Removing invalidated/excess fan: Fan_L9_H6
2026-05-07 16:39:41,599 - [Study] Removing invalidated/excess fan: Fan_L9_H5
2026-05-07 16:39:41,783 - [Study] Creating new fan: Fan_H13_L9 (P3 (H13-L9))
2026-05-07 16:39:41,786 - [Study] Updating fan priority: Fan_H13_L10 -> P2 (H13-L10)
2026-05-07 16:39:41,786 - [Study] Updating fan priority: Fan_H13_L11 -> P1 (H13-L11)
2026-05-07 16:39:41,915 - [Study] Removing invalidated/excess fan: Fan_H13_L13
2026-05-07 16:39:41,956 - [Study] Creating new fan: Fan_L9_H6 (P3 (L9-H6))
2026-05-07 16:39:41,959 - [Study] Updating fan priority: Fan_H13_L9 -> P2 (H13-L9)
2026-05-07 16:39:41,959 - [Study] Updating fan priority: Fan_H13_L10 -> P1 (H13-L10)
2026-05-07 16:39:42,601 - [Study] Removing invalidated/excess fan: Fan_H13_L11
2026-05-07 16:39:42,857 - [Study] Updating fan priority: Fan_L9_H6 -> P2 (L9-H6)
2026-05-07 16:39:42,858 - [Study] Updating fan priority: Fan_H13_L9 -> P1 (H13-L9)
2026-05-07 16:39:42,858 - [Study] Creating new fan: Fan_L9_H5 (P3 (L9-H5))
2026-05-07 16:39:43,518 - [Study] Removing invalidated/excess fan: Fan_H13_L10
2026-05-07 16:39:43,652 - [Study] Creating new fan: Fan_L14_H13 (P1 (L14-H13))
2026-05-07 16:39:43,654 - [Study] Updating fan priority: Fan_H13_L9 -> P2 (H13-L9)
2026-05-07 16:39:43,654 - [Study] Updating fan priority: Fan_L9_H6 -> P3 (L9-H6)
2026-05-07 16:39:43,709 - [Study] Removing invalidated/excess fan: Fan_L9_H5
2026-05-07 16:39:44,070 - [Study] Updating fan priority: Fan_L14_H13 -> P2 (L14-H13)
2026-05-07 16:39:44,070 - [Study] Updating fan priority: Fan_H13_L9 -> P3 (H13-L9)
2026-05-07 16:39:44,071 - [Study] Creating new fan: Fan_H14_L14 (P1 (H14-L14))
2026-05-07 16:39:44,147 - [Study] Removing invalidated/excess fan: Fan_L9_H6
2026-05-07 16:39:44,221 - [Study] Updating fan priority: Fan_L14_H13 -> P3 (L14-H13)
2026-05-07 16:39:44,222 - [Study] Updating fan priority: Fan_H14_L14 -> P2 (H14-L14)
2026-05-07 16:39:44,222 - [Study] Creating new fan: Fan_L15_H14 (P1 (L15-H14))
2026-05-07 16:39:44,301 - [Study] Removing invalidated/excess fan: Fan_H13_L9
2026-05-07 16:39:44,422 - [Study] Updating fan priority: Fan_L14_H13 -> P1 (L14-H13)
2026-05-07 16:39:44,422 - [Study] Creating new fan: Fan_H13_L9 (P2 (H13-L9))
2026-05-07 16:39:44,425 - [Study] Creating new fan: Fan_L9_H6 (P3 (L9-H6))
2026-05-07 16:39:45,316 - [Study] Removing invalidated/excess fan: Fan_H14_L14
2026-05-07 16:39:45,316 - [Study] Removing invalidated/excess fan: Fan_L15_H14
2026-05-07 16:39:45,478 - [Study] Updating fan priority: Fan_L14_H13 -> P3 (L14-H13)
2026-05-07 16:39:45,478 - [Study] Creating new fan: Fan_H15_L14 (P2 (H15-L14))
2026-05-07 16:39:45,481 - [Study] Creating new fan: Fan_H15_L15 (P1 (H15-L15))
2026-05-07 16:39:45,537 - [Study] Removing invalidated/excess fan: Fan_H13_L9
2026-05-07 16:39:45,537 - [Study] Removing invalidated/excess fan: Fan_L9_H6
2026-05-07 16:39:46,121 - [Study] Creating new fan: Fan_L16_H15 (P1 (L16-H15))
2026-05-07 16:39:46,124 - [Study] Updating fan priority: Fan_H15_L14 -> P3 (H15-L14)
2026-05-07 16:39:46,124 - [Study] Updating fan priority: Fan_H15_L15 -> P2 (H15-L15)
2026-05-07 16:39:46,169 - [Study] Removing invalidated/excess fan: Fan_L14_H13
2026-05-07 16:39:46,175 - [Study] Creating new fan: Fan_L14_H13 (P3 (L14-H13))
2026-05-07 16:39:46,178 - [Study] Updating fan priority: Fan_H15_L14 -> P2 (H15-L14)
2026-05-07 16:39:46,178 - [Study] Updating fan priority: Fan_H15_L15 -> P1 (H15-L15)
2026-05-07 16:39:46,591 - [Tracking] Fan validated: Fan_L16_H15 via breach at bar 300
2026-05-07 16:39:46,599 - [Tracking] Target HIT: Fan_L16_H15 0.875
2026-05-07 16:39:46,600 - [Tracking] BREACH_CONFIRMED_NO_ALPHA: no pending found for fan=Fan_L16_H15 prev_line=0.5
2026-05-07 16:39:46,600 - [Study] Removing invalidated/excess fan: Fan_L16_H15
2026-05-07 16:39:46,600 - [Tracking] Target FAILED: Fan_L16_H15 (0.875) - fan invalidated with pending progression
2026-05-07 16:39:46,607 - [Study] Updating fan priority: Fan_L14_H13 -> P2 (L14-H13)
2026-05-07 16:39:46,607 - [Study] Creating new fan: Fan_H13_L9 (P3 (H13-L9))
2026-05-07 16:39:46,609 - [Study] Updating fan priority: Fan_H15_L14 -> P1 (H15-L14)
2026-05-07 16:39:47,111 - [Study] Removing invalidated/excess fan: Fan_H15_L15
2026-05-07 16:39:47,368 - [Study] Creating new fan: Fan_L9_H6 (P2 (L9-H6))
2026-05-07 16:39:47,371 - [Study] Updating fan priority: Fan_H13_L9 -> P1 (H13-L9)
2026-05-07 16:39:47,371 - [Study] Creating new fan: Fan_L9_H5 (P3 (L9-H5))
2026-05-07 16:39:48,426 - [Study] Removing invalidated/excess fan: Fan_H15_L14
2026-05-07 16:39:48,426 - [Study] Removing invalidated/excess fan: Fan_L14_H13
2026-05-07 16:39:48,444 - [Study] Removing invalidated/excess fan: Fan_H13_L9
2026-05-07 16:39:48,444 - [Study] Removing invalidated/excess fan: Fan_L9_H6
2026-05-07 16:39:48,444 - [Study] Removing invalidated/excess fan: Fan_L9_H5
2026-05-07 16:39:48,502 - [Study] Creating new fan: Fan_L17_H15 (P2 (L17-H15))
2026-05-07 16:39:48,505 - [Study] Creating new fan: Fan_L17_H16 (P1 (L17-H16))
2026-05-07 16:39:48,507 - [Study] Creating new fan: Fan_L17_H13 (P3 (L17-H13))
2026-05-07 16:39:48,573 - [Tracking] Fan validated: Fan_L17_H13 via touch at bar 322
2026-05-07 16:39:48,581 - [Tracking] Target HIT: Fan_L17_H13 0.875
2026-05-07 16:39:48,581 - [Tracking] BREACH_CONFIRMED_NO_ALPHA: no pending found for fan=Fan_L17_H13 prev_line=0.5
2026-05-07 16:39:48,647 - [Tracking] Target HIT: Fan_L17_H13 0.75
2026-05-07 16:39:48,648 - [Tracking] BREACH_CONFIRMED_NO_ALPHA: found pending on Fan_L17_H13_Fan_L17_H13_f0 fraction=0.875 bar=324 (cross-bar)
2026-05-07 16:39:48,652 - [Tracking] BREACH_CONFIRMED_NO_ALPHA (via target progression): Fan_L17_H13 0.875
2026-05-07 16:39:48,720 - [Tracking] Target HIT: Fan_L17_H13 0.5
2026-05-07 16:39:48,721 - [Tracking] BREACH_CONFIRMED_NO_ALPHA: found pending on Fan_L17_H13_Fan_L17_H13_f1 fraction=0.75 bar=325 (cross-bar)
2026-05-07 16:39:48,725 - [Tracking] BREACH_CONFIRMED_NO_ALPHA (via target progression): Fan_L17_H13 0.75
2026-05-07 16:39:48,855 - [Tracking] Target HIT: Fan_L17_H13 horizontal
2026-05-07 16:39:48,855 - [Tracking] BREACH_CONFIRMED_NO_ALPHA: found pending on Fan_L17_H13_Fan_L17_H13_f2 fraction=0.5 bar=328 (cross-bar)
2026-05-07 16:39:48,861 - [Tracking] BREACH_CONFIRMED_NO_ALPHA (via target progression): Fan_L17_H13 0.5
2026-05-07 16:39:49,046 - [Study] Updating fan priority: Fan_L17_H15 -> P3 (L17-H15)
2026-05-07 16:39:49,047 - [Study] Updating fan priority: Fan_L17_H16 -> P2 (L17-H16)
2026-05-07 16:39:49,047 - [Study] Creating new fan: Fan_H17_L17 (P1 (H17-L17))
2026-05-07 16:39:49,112 - [Study] Removing invalidated/excess fan: Fan_L17_H13
2026-05-07 16:39:49,113 - [Tracking] Target FAILED: Fan_L17_H13 (horizontal) - fan invalidated with pending progression
2026-05-07 16:39:49,505 - [Study] Updating fan priority: Fan_L17_H16 -> P3 (L17-H16)
2026-05-07 16:39:49,505 - [Study] Creating new fan: Fan_L18_H17 (P1 (L18-H17))
2026-05-07 16:39:49,508 - [Study] Updating fan priority: Fan_H17_L17 -> P2 (H17-L17)
2026-05-07 16:39:49,563 - [Study] Removing invalidated/excess fan: Fan_L17_H15
2026-05-07 16:39:49,912 - [Study] Creating new fan: Fan_H18_L18 (P1 (H18-L18))
2026-05-07 16:39:49,915 - [Study] Updating fan priority: Fan_L18_H17 -> P2 (L18-H17)
2026-05-07 16:39:49,916 - [Study] Updating fan priority: Fan_H17_L17 -> P3 (H17-L17)
2026-05-07 16:39:49,999 - [Study] Removing invalidated/excess fan: Fan_L17_H16
2026-05-07 16:39:50,137 - [Study] Creating new fan: Fan_L17_H15 (P3 (L17-H15))
2026-05-07 16:39:50,140 - [Study] Creating new fan: Fan_L17_H16 (P2 (L17-H16))
2026-05-07 16:39:50,142 - [Study] Updating fan priority: Fan_H17_L17 -> P1 (H17-L17)
2026-05-07 16:39:50,467 - [Study] Removing invalidated/excess fan: Fan_L18_H17
2026-05-07 16:39:50,467 - [Study] Removing invalidated/excess fan: Fan_H18_L18
2026-05-07 16:39:50,617 - [Study] Creating new fan: Fan_L19_H18 (P1 (L19-H18))
2026-05-07 16:39:50,620 - [Study] Creating new fan: Fan_L19_H17 (P2 (L19-H17))
2026-05-07 16:39:50,622 - [Study] Updating fan priority: Fan_H17_L17 -> P3 (H17-L17)
2026-05-07 16:39:50,679 - [Study] Removing invalidated/excess fan: Fan_L17_H16
2026-05-07 16:39:50,680 - [Study] Removing invalidated/excess fan: Fan_L17_H15
2026-05-07 16:39:51,059 - [Study] Creating new fan: Fan_L17_H15 (P3 (L17-H15))
2026-05-07 16:39:51,061 - [Study] Creating new fan: Fan_L17_H16 (P2 (L17-H16))
2026-05-07 16:39:51,063 - [Study] Updating fan priority: Fan_H17_L17 -> P1 (H17-L17)
2026-05-07 16:39:51,511 - [Study] Removing invalidated/excess fan: Fan_L19_H18
2026-05-07 16:39:51,511 - [Study] Removing invalidated/excess fan: Fan_L19_H17
2026-05-07 16:39:51,567 - [Study] Removing invalidated/excess fan: Fan_H17_L17
2026-05-07 16:39:51,568 - [Study] Removing invalidated/excess fan: Fan_L17_H16
2026-05-07 16:39:51,568 - [Study] Removing invalidated/excess fan: Fan_L17_H15
2026-05-07 16:39:51,785 - [Study] Creating new fan: Fan_L20_H19 (P1 (L20-H19))
2026-05-07 16:39:51,788 - [Study] Creating new fan: Fan_L20_H17 (P3 (L20-H17))
2026-05-07 16:39:51,791 - [Study] Creating new fan: Fan_L20_H18 (P2 (L20-H18))
2026-05-07 16:39:52,027 - [Tracking] Fan validated: Fan_L20_H19 via breach at bar 398
2026-05-07 16:39:52,027 - [Tracking] Fan validated: Fan_L20_H17 via breach at bar 398
2026-05-07 16:39:52,027 - [Tracking] Fan validated: Fan_L20_H18 via breach at bar 398
2026-05-07 16:39:52,036 - [Tracking] Target HIT: Fan_L20_H17 0.875
2026-05-07 16:39:52,036 - [Tracking] BREACH_CONFIRMED_NO_ALPHA: no pending found for fan=Fan_L20_H17 prev_line=0.5
2026-05-07 16:39:52,036 - [Tracking] Target HIT: Fan_L20_H18 0.875
2026-05-07 16:39:52,036 - [Tracking] BREACH_CONFIRMED_NO_ALPHA: no pending found for fan=Fan_L20_H18 prev_line=0.5
2026-05-07 16:39:52,037 - [Tracking] Target HIT: Fan_L20_H19 0.875
2026-05-07 16:39:52,037 - [Tracking] BREACH_CONFIRMED_NO_ALPHA: no pending found for fan=Fan_L20_H19 prev_line=0.5
2026-05-07 16:39:52,037 - [Study] Removing invalidated/excess fan: Fan_L20_H19
2026-05-07 16:39:52,038 - [Tracking] Target FAILED: Fan_L20_H19 (0.875) - fan invalidated with pending progression
2026-05-07 16:39:52,038 - [Study] Removing invalidated/excess fan: Fan_L20_H18
2026-05-07 16:39:52,038 - [Tracking] Target FAILED: Fan_L20_H18 (0.875) - fan invalidated with pending progression
2026-05-07 16:39:52,038 - [Study] Removing invalidated/excess fan: Fan_L20_H17
2026-05-07 16:39:52,038 - [Tracking] Target FAILED: Fan_L20_H17 (0.875) - fan invalidated with pending progression
2026-05-07 16:39:52,130 - [Study] Creating new fan: Fan_L21_H19 (P2 (L21-H19))
2026-05-07 16:39:52,134 - [Study] Creating new fan: Fan_L21_H18 (P3 (L21-H18))
2026-05-07 16:39:52,136 - [Study] Creating new fan: Fan_L21_H20 (P1 (L21-H20))
2026-05-07 16:39:52,206 - [Tracking] Fan validated: Fan_L21_H19 via breach at bar 405
2026-05-07 16:39:52,206 - [Tracking] Fan validated: Fan_L21_H18 via breach at bar 405
2026-05-07 16:39:52,207 - [Tracking] Fan validated: Fan_L21_H20 via reversal at bar 405
2026-05-07 16:39:52,214 - [Tracking] Target HIT: Fan_L21_H18 0.875
2026-05-07 16:39:52,214 - [Tracking] BREACH_CONFIRMED_NO_ALPHA: no pending found for fan=Fan_L21_H18 prev_line=0.5
2026-05-07 16:39:52,214 - [Tracking] Target HIT: Fan_L21_H19 0.875
2026-05-07 16:39:52,215 - [Tracking] BREACH_CONFIRMED_NO_ALPHA: no pending found for fan=Fan_L21_H19 prev_line=0.5
2026-05-07 16:39:52,215 - [Tracking] Target HIT: Fan_L21_H20 0.875
2026-05-07 16:39:52,215 - [Tracking] BREACH_CONFIRMED_NO_ALPHA: no pending found for fan=Fan_L21_H20 prev_line=0.5
2026-05-07 16:39:52,386 - [Study] Removing invalidated/excess fan: Fan_L21_H20
2026-05-07 16:39:52,386 - [Tracking] Target FAILED: Fan_L21_H20 (0.875) - fan invalidated with pending progression
2026-05-07 16:39:52,387 - [Study] Removing invalidated/excess fan: Fan_L21_H19
2026-05-07 16:39:52,387 - [Tracking] Target FAILED: Fan_L21_H19 (0.875) - fan invalidated with pending progression
2026-05-07 16:39:52,387 - [Study] Removing invalidated/excess fan: Fan_L21_H18
2026-05-07 16:39:52,387 - [Tracking] Target FAILED: Fan_L21_H18 (0.875) - fan invalidated with pending progression
2026-05-07 16:39:52,564 - [Study] Creating new fan: Fan_L21_H19 (P2 (L21-H19))
2026-05-07 16:39:52,567 - [Study] Creating new fan: Fan_L21_H18 (P3 (L21-H18))
2026-05-07 16:39:52,569 - [Study] Creating new fan: Fan_L21_H20 (P1 (L21-H20))
2026-05-07 16:39:52,693 - [Tracking] Fan validated: Fan_L21_H19 via touch at bar 425
2026-05-07 16:39:52,693 - [Tracking] Fan validated: Fan_L21_H18 via touch at bar 425
2026-05-07 16:39:52,694 - [Tracking] Fan validated: Fan_L21_H20 via touch at bar 425
2026-05-07 16:39:52,702 - [Tracking] Target HIT: Fan_L21_H18 0.875
2026-05-07 16:39:52,702 - [Tracking] BREACH_CONFIRMED_NO_ALPHA: no pending found for fan=Fan_L21_H18 prev_line=0.5
2026-05-07 16:39:52,703 - [Tracking] Target HIT: Fan_L21_H19 0.875
2026-05-07 16:39:52,703 - [Tracking] BREACH_CONFIRMED_NO_ALPHA: no pending found for fan=Fan_L21_H19 prev_line=0.5
2026-05-07 16:39:52,703 - [Tracking] Target HIT: Fan_L21_H20 0.875
2026-05-07 16:39:52,703 - [Tracking] BREACH_CONFIRMED_NO_ALPHA: no pending found for fan=Fan_L21_H20 prev_line=0.5
2026-05-07 16:39:52,703 - [Study] Removing invalidated/excess fan: Fan_L21_H20
2026-05-07 16:39:52,704 - [Tracking] Target FAILED: Fan_L21_H20 (0.875) - fan invalidated with pending progression
2026-05-07 16:39:52,704 - [Study] Removing invalidated/excess fan: Fan_L21_H19
2026-05-07 16:39:52,704 - [Tracking] Target FAILED: Fan_L21_H19 (0.875) - fan invalidated with pending progression
2026-05-07 16:39:52,704 - [Study] Removing invalidated/excess fan: Fan_L21_H18
2026-05-07 16:39:52,705 - [Tracking] Target FAILED: Fan_L21_H18 (0.875) - fan invalidated with pending progression
2026-05-07 16:39:52,822 - [Study] Creating new fan: Fan_L22_H20 (P2 (L22-H20))
2026-05-07 16:39:52,825 - [Study] Creating new fan: Fan_L22_H21 (P1 (L22-H21))
2026-05-07 16:39:52,828 - [Study] Creating new fan: Fan_L22_H19 (P3 (L22-H19))
2026-05-07 16:39:52,913 - [Tracking] Fan validated: Fan_L22_H21 via reversal at bar 435
2026-05-07 16:39:52,920 - [Tracking] Target HIT: Fan_L22_H21 0.875
2026-05-07 16:39:52,920 - [Tracking] BREACH_CONFIRMED_NO_ALPHA: no pending found for fan=Fan_L22_H21 prev_line=0.5
2026-05-07 16:39:52,959 - [Study] Creating new fan: Fan_H22_L22 (P1 (H22-L22))
2026-05-07 16:39:52,962 - [Study] Updating fan priority: Fan_L22_H20 -> P3 (L22-H20)
2026-05-07 16:39:52,962 - [Study] Updating fan priority: Fan_L22_H21 -> P2 (L22-H21)
2026-05-07 16:39:53,003 - [Study] Removing invalidated/excess fan: Fan_L22_H19
2026-05-07 16:39:53,033 - [Study] Updating fan priority: Fan_H22_L22 -> P2 (H22-L22)
2026-05-07 16:39:53,034 - [Study] Updating fan priority: Fan_L22_H21 -> P3 (L22-H21)
2026-05-07 16:39:53,034 - [Study] Creating new fan: Fan_L23_H22 (P1 (L23-H22))
2026-05-07 16:39:53,103 - [Tracking] Fan validated: Fan_L22_H20 via touch at bar 439
2026-05-07 16:39:53,111 - [Tracking] Target HIT: Fan_L22_H20 0.875
2026-05-07 16:39:53,111 - [Tracking] BREACH_CONFIRMED_NO_ALPHA: no pending found for fan=Fan_L22_H20 prev_line=0.5
2026-05-07 16:39:53,112 - [Study] Removing invalidated/excess fan: Fan_L22_H20
2026-05-07 16:39:53,112 - [Tracking] Target FAILED: Fan_L22_H20 (0.875) - fan invalidated with pending progression
2026-05-07 16:39:53,172 - [Study] Creating new fan: Fan_L22_H20 (P2 (L22-H20))
2026-05-07 16:39:53,175 - [Study] Updating fan priority: Fan_L22_H21 -> P1 (L22-H21)
2026-05-07 16:39:53,175 - [Study] Creating new fan: Fan_L22_H19 (P3 (L22-H19))
2026-05-07 16:39:53,307 - [Tracking] Target HIT: Fan_L22_H21 0.75
2026-05-07 16:39:53,307 - [Tracking] BREACH_CONFIRMED_NO_ALPHA: no pending found for fan=Fan_L22_H21 prev_line=0.875
2026-05-07 16:39:53,308 - [Study] Removing invalidated/excess fan: Fan_H22_L22
2026-05-07 16:39:53,308 - [Study] Removing invalidated/excess fan: Fan_L23_H22
2026-05-07 16:39:53,633 - [Tracking] Target HIT: Fan_L22_H21 0.5
2026-05-07 16:39:53,634 - [Tracking] BREACH_CONFIRMED_NO_ALPHA: no pending found for fan=Fan_L22_H21 prev_line=0.75
2026-05-07 16:39:53,889 - [Study] Creating new fan: Fan_H23_L23 (P1 (H23-L23))
2026-05-07 16:39:53,892 - [Study] Updating fan priority: Fan_L22_H21 -> P3 (L22-H21)
2026-05-07 16:39:53,892 - [Study] Creating new fan: Fan_H23_L22 (P2 (H23-L22))
2026-05-07 16:39:53,969 - [Study] Removing invalidated/excess fan: Fan_L22_H20
2026-05-07 16:39:53,969 - [Study] Removing invalidated/excess fan: Fan_L22_H19
2026-05-07 16:39:54,245 - [Study] Creating new fan: Fan_L22_H20 (P2 (L22-H20))
2026-05-07 16:39:54,249 - [Study] Updating fan priority: Fan_L22_H21 -> P1 (L22-H21)
2026-05-07 16:39:54,249 - [Study] Creating new fan: Fan_L22_H19 (P3 (L22-H19))
2026-05-07 16:39:54,585 - [Tracking] Fan validated: Fan_H23_L22 via touch at bar 471
2026-05-07 16:39:54,592 - [Tracking] Target HIT: Fan_H23_L22 0.875
2026-05-07 16:39:54,592 - [Tracking] BREACH_CONFIRMED_NO_ALPHA: no pending found for fan=Fan_H23_L22 prev_line=0.5
2026-05-07 16:39:54,593 - [Tracking] Target HIT: Fan_L22_H21 0.25
2026-05-07 16:39:54,593 - [Tracking] BREACH_CONFIRMED_NO_ALPHA: no pending found for fan=Fan_L22_H21 prev_line=0.5
2026-05-07 16:39:54,593 - [Study] Removing invalidated/excess fan: Fan_H23_L23
2026-05-07 16:39:54,593 - [Study] Removing invalidated/excess fan: Fan_H23_L22
2026-05-07 16:39:54,594 - [Tracking] Target FAILED: Fan_H23_L22 (0.875) - fan invalidated with pending progression
2026-05-07 16:39:54,769 - [Study] Creating new fan: Fan_H24_L23 (P2 (H24-L23))
2026-05-07 16:39:54,771 - [Study] Creating new fan: Fan_H24_L22 (P3 (H24-L22))
2026-05-07 16:39:54,773 - [Study] Creating new fan: Fan_H24_L24 (P1 (H24-L24))
2026-05-07 16:39:54,832 - [Study] Removing invalidated/excess fan: Fan_L22_H21
2026-05-07 16:39:54,833 - [Tracking] Target FAILED: Fan_L22_H21 (0.25) - fan invalidated with pending progression
2026-05-07 16:39:54,833 - [Study] Removing invalidated/excess fan: Fan_L22_H20
2026-05-07 16:39:54,834 - [Study] Removing invalidated/excess fan: Fan_L22_H19
2026-05-07 16:39:55,133 - [Study] Updating fan priority: Fan_H24_L23 -> P3 (H24-L23)
2026-05-07 16:39:55,133 - [Study] Creating new fan: Fan_L25_H24 (P1 (L25-H24))
2026-05-07 16:39:55,136 - [Study] Updating fan priority: Fan_H24_L24 -> P2 (H24-L24)
2026-05-07 16:39:55,214 - [Study] Removing invalidated/excess fan: Fan_H24_L22
2026-05-07 16:39:55,367 - [Study] Updating fan priority: Fan_H24_L23 -> P2 (H24-L23)
2026-05-07 16:39:55,367 - [Study] Creating new fan: Fan_H24_L22 (P3 (H24-L22))
2026-05-07 16:39:55,369 - [Study] Updating fan priority: Fan_H24_L24 -> P1 (H24-L24)
2026-05-07 16:39:55,507 - [Study] Removing invalidated/excess fan: Fan_L25_H24
2026-05-07 16:39:55,684 - [Study] Updating fan priority: Fan_H24_L23 -> P1 (H24-L23)
2026-05-07 16:39:55,685 - [Study] Updating fan priority: Fan_H24_L22 -> P2 (H24-L22)
2026-05-07 16:39:55,685 - [Study] Creating new fan: Fan_L22_H21 (P3 (L22-H21))
2026-05-07 16:39:56,202 - [Study] Removing invalidated/excess fan: Fan_H24_L24
2026-05-07 16:39:56,296 - [Study] Removing invalidated/excess fan: Fan_H24_L23
2026-05-07 16:39:56,297 - [Study] Removing invalidated/excess fan: Fan_H24_L22
2026-05-07 16:39:56,297 - [Study] Removing invalidated/excess fan: Fan_L22_H21
2026-05-07 16:39:56,374 - [Study] Creating new fan: Fan_L26_H21 (P3 (L26-H21))
2026-05-07 16:39:56,377 - [Study] Creating new fan: Fan_L26_H25 (P1 (L26-H25))
2026-05-07 16:39:56,379 - [Study] Creating new fan: Fan_L26_H24 (P2 (L26-H24))
2026-05-07 16:39:56,451 - [Tracking] Fan validated: Fan_L26_H21 via breach at bar 506
2026-05-07 16:39:56,458 - [Tracking] Target HIT: Fan_L26_H21 0.875
2026-05-07 16:39:56,459 - [Tracking] BREACH_CONFIRMED_NO_ALPHA: no pending found for fan=Fan_L26_H21 prev_line=0.5
2026-05-07 16:39:56,562 - [Tracking] Fan validated: Fan_L26_H25 via reversal at bar 509
2026-05-07 16:39:56,562 - [Tracking] Fan validated: Fan_L26_H24 via reversal at bar 509
2026-05-07 16:39:56,570 - [Tracking] Target HIT: Fan_L26_H24 0.875
2026-05-07 16:39:56,570 - [Tracking] BREACH_CONFIRMED_NO_ALPHA: no pending found for fan=Fan_L26_H24 prev_line=0.5
2026-05-07 16:39:56,570 - [Tracking] Target HIT: Fan_L26_H25 0.875
2026-05-07 16:39:56,571 - [Tracking] BREACH_CONFIRMED_NO_ALPHA: no pending found for fan=Fan_L26_H25 prev_line=0.5
2026-05-07 16:39:56,667 - [Study] Creating new fan: Fan_H26_L26 (P1 (H26-L26))
2026-05-07 16:39:56,669 - [Study] Updating fan priority: Fan_L26_H25 -> P2 (L26-H25)
2026-05-07 16:39:56,670 - [Study] Updating fan priority: Fan_L26_H24 -> P3 (L26-H24)
2026-05-07 16:39:56,730 - [Study] Removing invalidated/excess fan: Fan_L26_H21
2026-05-07 16:39:56,730 - [Tracking] Target FAILED: Fan_L26_H21 (0.875) - fan invalidated with pending progression
2026-05-07 16:39:56,798 - [Study] Creating new fan: Fan_L26_H21 (P3 (L26-H21))
2026-05-07 16:39:56,800 - [Study] Updating fan priority: Fan_L26_H25 -> P1 (L26-H25)
2026-05-07 16:39:56,801 - [Study] Updating fan priority: Fan_L26_H24 -> P2 (L26-H24)
2026-05-07 16:39:56,920 - [Study] Removing invalidated/excess fan: Fan_H26_L26
2026-05-07 16:39:56,995 - [Tracking] Target HIT: Fan_L26_H25 0.75
2026-05-07 16:39:56,995 - [Tracking] BREACH_CONFIRMED_NO_ALPHA: no pending found for fan=Fan_L26_H25 prev_line=0.875
2026-05-07 16:39:57,038 - [Tracking] Target HIT: Fan_L26_H24 0.75
2026-05-07 16:39:57,039 - [Tracking] BREACH_CONFIRMED_NO_ALPHA: no pending found for fan=Fan_L26_H24 prev_line=0.875
2026-05-07 16:39:57,148 - [Tracking] Target HIT: Fan_L26_H25 0.5
2026-05-07 16:39:57,148 - [Tracking] BREACH_CONFIRMED_NO_ALPHA: no pending found for fan=Fan_L26_H25 prev_line=0.75
2026-05-07 16:39:57,257 - [Study] Creating new fan: Fan_H26_L26 (P1 (H26-L26))
2026-05-07 16:39:57,259 - [Study] Updating fan priority: Fan_L26_H25 -> P2 (L26-H25)
2026-05-07 16:39:57,259 - [Study] Updating fan priority: Fan_L26_H24 -> P3 (L26-H24)
2026-05-07 16:39:57,315 - [Study] Removing invalidated/excess fan: Fan_L26_H21
2026-05-07 16:39:57,410 - [Tracking] Target HIT: Fan_L26_H24 0.5
2026-05-07 16:39:57,410 - [Tracking] BREACH_CONFIRMED_NO_ALPHA: no pending found for fan=Fan_L26_H24 prev_line=0.75
2026-05-07 16:39:57,680 - [Study] Updating fan priority: Fan_H26_L26 -> P2 (H26-L26)
2026-05-07 16:39:57,680 - [Study] Updating fan priority: Fan_L26_H25 -> P3 (L26-H25)
2026-05-07 16:39:57,680 - [Study] Creating new fan: Fan_L27_H26 (P1 (L27-H26))
2026-05-07 16:39:57,751 - [Study] Removing invalidated/excess fan: Fan_L26_H24
2026-05-07 16:39:57,752 - [Tracking] Target FAILED: Fan_L26_H24 (0.5) - fan invalidated with pending progression
2026-05-07 16:39:57,990 - [Study] Creating new fan: Fan_L26_H21 (P3 (L26-H21))
2026-05-07 16:39:57,992 - [Study] Updating fan priority: Fan_L26_H25 -> P1 (L26-H25)
2026-05-07 16:39:57,992 - [Study] Creating new fan: Fan_L26_H24 (P2 (L26-H24))
2026-05-07 16:39:58,380 - [Study] Removing invalidated/excess fan: Fan_H26_L26
2026-05-07 16:39:58,380 - [Study] Removing invalidated/excess fan: Fan_L27_H26
2026-05-07 16:39:58,512 - [Study] Updating fan priority: Fan_L26_H24 -> P3 (L26-H24)
2026-05-07 16:39:58,513 - [Study] Updating fan priority: Fan_L26_H25 -> P2 (L26-H25)
2026-05-07 16:39:58,513 - [Study] Creating new fan: Fan_H27_L26 (P1 (H27-L26))
2026-05-07 16:39:58,573 - [Study] Removing invalidated/excess fan: Fan_L26_H21
2026-05-07 16:39:59,331 - [Study] Removing invalidated/excess fan: Fan_L26_H25
2026-05-07 16:39:59,332 - [Tracking] Target FAILED: Fan_L26_H25 (0.5) - fan invalidated with pending progression
2026-05-07 16:39:59,332 - [Study] Removing invalidated/excess fan: Fan_L26_H24
2026-05-07 16:39:59,333 - [Study] Removing invalidated/excess fan: Fan_H27_L26
2026-05-07 16:39:59,418 - [Study] Creating new fan: Fan_L28_H24 (P3 (L28-H24))
2026-05-07 16:39:59,420 - [Study] Creating new fan: Fan_L28_H27 (P1 (L28-H27))
2026-05-07 16:39:59,422 - [Study] Creating new fan: Fan_L28_H25 (P2 (L28-H25))
2026-05-07 16:39:59,484 - [Tracking] Fan validated: Fan_L28_H27 via reversal at bar 580
2026-05-07 16:39:59,484 - [Tracking] Fan validated: Fan_L28_H25 via breach at bar 580
2026-05-07 16:39:59,492 - [Tracking] Target HIT: Fan_L28_H25 0.875
2026-05-07 16:39:59,492 - [Tracking] BREACH_CONFIRMED_NO_ALPHA: no pending found for fan=Fan_L28_H25 prev_line=0.5
2026-05-07 16:39:59,492 - [Tracking] Target HIT: Fan_L28_H27 0.875
2026-05-07 16:39:59,492 - [Tracking] BREACH_CONFIRMED_NO_ALPHA: no pending found for fan=Fan_L28_H27 prev_line=0.5
2026-05-07 16:39:59,532 - [Tracking] Fan validated: Fan_L28_H24 via breach at bar 581
2026-05-07 16:39:59,543 - [Tracking] Target HIT: Fan_L28_H24 0.875
2026-05-07 16:39:59,543 - [Tracking] BREACH_CONFIRMED_NO_ALPHA: no pending found for fan=Fan_L28_H24 prev_line=0.5
2026-05-07 16:39:59,693 - [Tracking] Target HIT: Fan_L28_H27 0.75
2026-05-07 16:39:59,693 - [Tracking] BREACH_CONFIRMED_NO_ALPHA: no pending found for fan=Fan_L28_H27 prev_line=0.875
2026-05-07 16:39:59,705 - [Study] Creating new fan: Fan_H28_L28 (P1 (H28-L28))
2026-05-07 16:39:59,708 - [Study] Updating fan priority: Fan_L28_H27 -> P2 (L28-H27)
2026-05-07 16:39:59,708 - [Study] Updating fan priority: Fan_L28_H25 -> P3 (L28-H25)
2026-05-07 16:39:59,770 - [Study] Removing invalidated/excess fan: Fan_L28_H24
2026-05-07 16:39:59,770 - [Tracking] Target FAILED: Fan_L28_H24 (0.875) - fan invalidated with pending progression
2026-05-07 16:39:59,929 - [Tracking] Target HIT: Fan_L28_H25 0.75
2026-05-07 16:39:59,929 - [Tracking] BREACH_CONFIRMED_NO_ALPHA: no pending found for fan=Fan_L28_H25 prev_line=0.875
2026-05-07 16:39:59,943 - [Study] Creating new fan: Fan_L28_H24 (P3 (L28-H24))
2026-05-07 16:39:59,946 - [Study] Updating fan priority: Fan_L28_H27 -> P1 (L28-H27)
2026-05-07 16:39:59,946 - [Study] Updating fan priority: Fan_L28_H25 -> P2 (L28-H25)
2026-05-07 16:40:00,096 - [Study] Removing invalidated/excess fan: Fan_H28_L28
2026-05-07 16:40:00,256 - [Study] Updating fan priority: Fan_L28_H27 -> P2 (L28-H27)
2026-05-07 16:40:00,257 - [Study] Creating new fan: Fan_H29_L28 (P1 (H29-L28))
2026-05-07 16:40:00,260 - [Study] Updating fan priority: Fan_L28_H25 -> P3 (L28-H25)
2026-05-07 16:40:00,349 - [Study] Removing invalidated/excess fan: Fan_L28_H24
2026-05-07 16:40:00,508 - [Study] Removing invalidated/excess fan: Fan_L28_H27
2026-05-07 16:40:00,508 - [Tracking] Target FAILED: Fan_L28_H27 (0.75) - fan invalidated with pending progression
2026-05-07 16:40:00,508 - [Study] Removing invalidated/excess fan: Fan_L28_H25
2026-05-07 16:40:00,509 - [Tracking] Target FAILED: Fan_L28_H25 (0.75) - fan invalidated with pending progression
2026-05-07 16:40:00,509 - [Study] Removing invalidated/excess fan: Fan_H29_L28
2026-05-07 16:40:00,680 - [Study] Creating new fan: Fan_L30_H29 (P1 (L30-H29))
2026-05-07 16:40:00,683 - [Study] Creating new fan: Fan_L30_H27 (P2 (L30-H27))
2026-05-07 16:40:00,686 - [Study] Creating new fan: Fan_L30_H25 (P3 (L30-H25))
2026-05-07 16:40:00,735 - [Tracking] Fan validated: Fan_L30_H29 via touch at bar 609
2026-05-07 16:40:00,742 - [Tracking] Target HIT: Fan_L30_H29 0.875
2026-05-07 16:40:00,742 - [Tracking] BREACH_CONFIRMED_NO_ALPHA: no pending found for fan=Fan_L30_H29 prev_line=0.5
2026-05-07 16:40:00,830 - [Study] Removing invalidated/excess fan: Fan_L30_H29
2026-05-07 16:40:00,830 - [Tracking] Target FAILED: Fan_L30_H29 (0.875) - fan invalidated with pending progression
2026-05-07 16:40:00,831 - [Study] Removing invalidated/excess fan: Fan_L30_H27
2026-05-07 16:40:00,831 - [Study] Removing invalidated/excess fan: Fan_L30_H25
2026-05-07 16:40:01,097 - [Study] Creating new fan: Fan_L31_H29 (P2 (L31-H29))
2026-05-07 16:40:01,100 - [Study] Creating new fan: Fan_L31_H27 (P3 (L31-H27))
2026-05-07 16:40:01,101 - [Study] Creating new fan: Fan_L31_H30 (P1 (L31-H30))
2026-05-07 16:40:01,235 - [Tracking] Fan validated: Fan_L31_H29 via reversal at bar 625
2026-05-07 16:40:01,242 - [Tracking] Target HIT: Fan_L31_H29 0.875
2026-05-07 16:40:01,242 - [Tracking] BREACH_CONFIRMED_NO_ALPHA: no pending found for fan=Fan_L31_H29 prev_line=0.5
2026-05-07 16:40:01,243 - [Study] Removing invalidated/excess fan: Fan_L31_H30
2026-05-07 16:40:01,243 - [Study] Removing invalidated/excess fan: Fan_L31_H29
2026-05-07 16:40:01,243 - [Tracking] Target FAILED: Fan_L31_H29 (0.875) - fan invalidated with pending progression
2026-05-07 16:40:01,243 - [Study] Removing invalidated/excess fan: Fan_L31_H27
2026-05-07 16:40:01,454 - [Study] Creating new fan: Fan_L32_H30 (P2 (L32-H30))
2026-05-07 16:40:01,457 - [Study] Creating new fan: Fan_L32_H29 (P3 (L32-H29))
2026-05-07 16:40:01,459 - [Study] Creating new fan: Fan_L32_H31 (P1 (L32-H31))
2026-05-07 16:40:01,619 - [Study] Creating new fan: Fan_H32_L32 (P1 (H32-L32))
2026-05-07 16:40:01,621 - [Study] Updating fan priority: Fan_L32_H30 -> P3 (L32-H30)
2026-05-07 16:40:01,621 - [Study] Updating fan priority: Fan_L32_H31 -> P2 (L32-H31)
2026-05-07 16:40:01,698 - [Study] Removing invalidated/excess fan: Fan_L32_H29
2026-05-07 16:40:01,911 - [Study] Creating new fan: Fan_L32_H27 (P3 (L32-H27))
2026-05-07 16:40:01,914 - [Study] Updating fan priority: Fan_L32_H30 -> P1 (L32-H30)
2026-05-07 16:40:01,914 - [Study] Creating new fan: Fan_L32_H29 (P2 (L32-H29))
2026-05-07 16:40:02,102 - [Study] Removing invalidated/excess fan: Fan_L32_H31
2026-05-07 16:40:02,102 - [Study] Removing invalidated/excess fan: Fan_H32_L32
2026-05-07 16:40:02,117 - [Study] Creating new fan: Fan_L32_H25 (P3 (L32-H25))
2026-05-07 16:40:02,119 - [Study] Updating fan priority: Fan_L32_H27 -> P2 (L32-H27)
2026-05-07 16:40:02,119 - [Study] Updating fan priority: Fan_L32_H29 -> P1 (L32-H29)
2026-05-07 16:40:02,250 - [Study] Removing invalidated/excess fan: Fan_L32_H30
2026-05-07 16:40:02,450 - [Study] Updating fan priority: Fan_L32_H29 -> P3 (L32-H29)
2026-05-07 16:40:02,450 - [Study] Creating new fan: Fan_H33_L32 (P2 (H33-L32))
2026-05-07 16:40:02,452 - [Study] Creating new fan: Fan_H33_L33 (P1 (H33-L33))
2026-05-07 16:40:02,517 - [Tracking] Fan validated: Fan_H33_L32 via touch at bar 652
2026-05-07 16:40:02,517 - [Tracking] Fan validated: Fan_H33_L33 via breach at bar 652
2026-05-07 16:40:02,524 - [Tracking] Target HIT: Fan_H33_L32 0.875
2026-05-07 16:40:02,524 - [Tracking] BREACH_CONFIRMED_NO_ALPHA: no pending found for fan=Fan_H33_L32 prev_line=0.5
2026-05-07 16:40:02,524 - [Tracking] Target HIT: Fan_H33_L33 0.875
2026-05-07 16:40:02,525 - [Tracking] BREACH_CONFIRMED_NO_ALPHA: no pending found for fan=Fan_H33_L33 prev_line=0.5
2026-05-07 16:40:02,525 - [Study] Removing invalidated/excess fan: Fan_L32_H27
2026-05-07 16:40:02,526 - [Study] Removing invalidated/excess fan: Fan_L32_H25
2026-05-07 16:40:02,541 - [Study] Creating new fan: Fan_L32_H25 (P3 (L32-H25))
2026-05-07 16:40:02,544 - [Study] Creating new fan: Fan_L32_H27 (P2 (L32-H27))
2026-05-07 16:40:02,546 - [Study] Updating fan priority: Fan_L32_H29 -> P1 (L32-H29)
2026-05-07 16:40:02,719 - [Study] Removing invalidated/excess fan: Fan_H33_L33
2026-05-07 16:40:02,719 - [Tracking] Target FAILED: Fan_H33_L33 (0.875) - fan invalidated with pending progression
2026-05-07 16:40:02,719 - [Study] Removing invalidated/excess fan: Fan_H33_L32
2026-05-07 16:40:02,720 - [Tracking] Target FAILED: Fan_H33_L32 (0.875) - fan invalidated with pending progression
2026-05-07 16:40:02,889 - [Study] Updating fan priority: Fan_L32_H29 -> P3 (L32-H29)
2026-05-07 16:40:02,889 - [Study] Creating new fan: Fan_H33_L32 (P2 (H33-L32))
2026-05-07 16:40:02,892 - [Study] Creating new fan: Fan_H33_L33 (P1 (H33-L33))
2026-05-07 16:40:02,950 - [Study] Removing invalidated/excess fan: Fan_L32_H27
2026-05-07 16:40:02,951 - [Study] Removing invalidated/excess fan: Fan_L32_H25
2026-05-07 16:40:03,120 - [Study] Updating fan priority: Fan_H33_L32 -> P3 (H33-L32)
2026-05-07 16:40:03,121 - [Study] Creating new fan: Fan_L34_H33 (P1 (L34-H33))
2026-05-07 16:40:03,124 - [Study] Updating fan priority: Fan_H33_L33 -> P2 (H33-L33)
2026-05-07 16:40:03,181 - [Study] Removing invalidated/excess fan: Fan_L32_H29
2026-05-07 16:40:03,305 - [Study] Creating new fan: Fan_L32_H25 (P3 (L32-H25))
2026-05-07 16:40:03,308 - [Study] Creating new fan: Fan_L32_H27 (P2 (L32-H27))
2026-05-07 16:40:03,310 - [Study] Creating new fan: Fan_L32_H29 (P1 (L32-H29))
2026-05-07 16:40:03,623 - [Study] Removing invalidated/excess fan: Fan_H33_L33
2026-05-07 16:40:03,623 - [Study] Removing invalidated/excess fan: Fan_H33_L32
2026-05-07 16:40:03,623 - [Study] Removing invalidated/excess fan: Fan_L34_H33
2026-05-07 16:40:04,262 - [Study] Creating new fan: Fan_L32_H24 (P3 (L32-H24))
2026-05-07 16:40:04,265 - [Study] Updating fan priority: Fan_L32_H25 -> P2 (L32-H25)
2026-05-07 16:40:04,266 - [Study] Updating fan priority: Fan_L32_H27 -> P1 (L32-H27)
2026-05-07 16:40:04,610 - [Study] Removing invalidated/excess fan: Fan_L32_H29
2026-05-07 16:40:04,783 - [Study] Creating new fan: Fan_H34_L32 (P3 (H34-L32))
2026-05-07 16:40:04,786 - [Study] Creating new fan: Fan_H34_L34 (P1 (H34-L34))
2026-05-07 16:40:04,788 - [Study] Creating new fan: Fan_H34_L33 (P2 (H34-L33))
2026-05-07 16:40:04,850 - [Study] Removing invalidated/excess fan: Fan_L32_H27
2026-05-07 16:40:04,850 - [Study] Removing invalidated/excess fan: Fan_L32_H25
2026-05-07 16:40:04,851 - [Study] Removing invalidated/excess fan: Fan_L32_H24
2026-05-07 16:40:04,891 - [Study] Creating new fan: Fan_L32_H24 (P3 (L32-H24))
2026-05-07 16:40:04,893 - [Study] Creating new fan: Fan_L32_H25 (P2 (L32-H25))
2026-05-07 16:40:04,896 - [Study] Creating new fan: Fan_L32_H27 (P1 (L32-H27))
2026-05-07 16:40:05,289 - [Study] Removing invalidated/excess fan: Fan_H34_L34
2026-05-07 16:40:05,289 - [Study] Removing invalidated/excess fan: Fan_H34_L33
2026-05-07 16:40:05,289 - [Study] Removing invalidated/excess fan: Fan_H34_L32
2026-05-07 16:40:05,620 - [Study] Creating new fan: Fan_H35_L33 (P1 (H35-L33))
2026-05-07 16:40:05,623 - [Study] Updating fan priority: Fan_L32_H27 -> P3 (L32-H27)
2026-05-07 16:40:05,624 - [Study] Creating new fan: Fan_H35_L32 (P2 (H35-L32))
2026-05-07 16:40:05,792 - [Tracking] Fan validated: Fan_H35_L32 via touch at bar 700
2026-05-07 16:40:05,799 - [Tracking] Target HIT: Fan_H35_L32 0.875
2026-05-07 16:40:05,799 - [Tracking] BREACH_CONFIRMED_NO_ALPHA: no pending found for fan=Fan_H35_L32 prev_line=0.5
2026-05-07 16:40:05,800 - [Study] Removing invalidated/excess fan: Fan_L32_H25
2026-05-07 16:40:05,801 - [Study] Removing invalidated/excess fan: Fan_L32_H24
2026-05-07 16:40:06,131 - [Study] Updating fan priority: Fan_H35_L33 -> P2 (H35-L33)
2026-05-07 16:40:06,131 - [Study] Creating new fan: Fan_L36_H35 (P1 (L36-H35))
2026-05-07 16:40:06,134 - [Study] Updating fan priority: Fan_H35_L32 -> P3 (H35-L32)
2026-05-07 16:40:06,177 - [Study] Removing invalidated/excess fan: Fan_L32_H27
2026-05-07 16:40:06,269 - [Tracking] Fan validated: Fan_L36_H35 via reversal at bar 712
2026-05-07 16:40:06,277 - [Tracking] Target HIT: Fan_L36_H35 0.875
2026-05-07 16:40:06,277 - [Tracking] BREACH_CONFIRMED_NO_ALPHA: no pending found for fan=Fan_L36_H35 prev_line=0.5
2026-05-07 16:40:06,357 - [Study] Updating fan priority: Fan_H35_L33 -> P1 (H35-L33)
2026-05-07 16:40:06,358 - [Study] Creating new fan: Fan_L32_H27 (P3 (L32-H27))
2026-05-07 16:40:06,360 - [Study] Updating fan priority: Fan_H35_L32 -> P2 (H35-L32)
2026-05-07 16:40:06,904 - [Study] Removing invalidated/excess fan: Fan_L36_H35
2026-05-07 16:40:06,905 - [Tracking] Target FAILED: Fan_L36_H35 (0.875) - fan invalidated with pending progression
2026-05-07 16:40:07,106 - [Study] Creating new fan: Fan_L32_H25 (P3 (L32-H25))
2026-05-07 16:40:07,108 - [Study] Updating fan priority: Fan_L32_H27 -> P2 (L32-H27)
2026-05-07 16:40:07,108 - [Study] Updating fan priority: Fan_H35_L32 -> P1 (H35-L32)
2026-05-07 16:40:07,699 - [Study] Removing invalidated/excess fan: Fan_H35_L33
2026-05-07 16:40:07,725 - [Study] Removing invalidated/excess fan: Fan_H35_L32
2026-05-07 16:40:07,725 - [Tracking] Target FAILED: Fan_H35_L32 (0.875) - fan invalidated with pending progression
2026-05-07 16:40:07,726 - [Study] Removing invalidated/excess fan: Fan_L32_H27
2026-05-07 16:40:07,726 - [Study] Removing invalidated/excess fan: Fan_L32_H25
2026-05-07 16:40:07,858 - [Study] Creating new fan: Fan_L37_H35 (P1 (L37-H35))
2026-05-07 16:40:07,861 - [Study] Creating new fan: Fan_L37_H27 (P2 (L37-H27))
2026-05-07 16:40:07,863 - [Study] Creating new fan: Fan_L37_H25 (P3 (L37-H25))
2026-05-07 16:40:08,006 - [Study] Creating new fan: Fan_H37_L37 (P1 (H37-L37))
2026-05-07 16:40:08,009 - [Study] Updating fan priority: Fan_L37_H35 -> P2 (L37-H35)
2026-05-07 16:40:08,009 - [Study] Updating fan priority: Fan_L37_H27 -> P3 (L37-H27)
2026-05-07 16:40:08,059 - [Tracking] Fan validated: Fan_H37_L37 via reversal at bar 731
2026-05-07 16:40:08,066 - [Tracking] Target HIT: Fan_H37_L37 0.875
2026-05-07 16:40:08,066 - [Tracking] BREACH_CONFIRMED_NO_ALPHA: no pending found for fan=Fan_H37_L37 prev_line=0.5
2026-05-07 16:40:08,067 - [Study] Removing invalidated/excess fan: Fan_L37_H25
2026-05-07 16:40:08,124 - [Study] Updating fan priority: Fan_L37_H35 -> P1 (L37-H35)
2026-05-07 16:40:08,124 - [Study] Updating fan priority: Fan_L37_H27 -> P2 (L37-H27)
2026-05-07 16:40:08,124 - [Study] Creating new fan: Fan_L37_H25 (P3 (L37-H25))
2026-05-07 16:40:08,206 - [Study] Removing invalidated/excess fan: Fan_H37_L37
2026-05-07 16:40:08,206 - [Tracking] Target FAILED: Fan_H37_L37 (0.875) - fan invalidated with pending progression
2026-05-07 16:40:08,385 - [Study] Creating new fan: Fan_H37_L37 (P1 (H37-L37))
2026-05-07 16:40:08,388 - [Study] Updating fan priority: Fan_L37_H35 -> P2 (L37-H35)
2026-05-07 16:40:08,388 - [Study] Updating fan priority: Fan_L37_H27 -> P3 (L37-H27)
2026-05-07 16:40:08,456 - [Study] Removing invalidated/excess fan: Fan_L37_H25
2026-05-07 16:40:08,650 - [Study] Updating fan priority: Fan_H37_L37 -> P2 (H37-L37)
2026-05-07 16:40:08,650 - [Study] Creating new fan: Fan_L38_H37 (P1 (L38-H37))
2026-05-07 16:40:08,653 - [Study] Updating fan priority: Fan_L37_H35 -> P3 (L37-H35)
2026-05-07 16:40:08,712 - [Study] Removing invalidated/excess fan: Fan_L37_H27
2026-05-07 16:40:08,801 - [Study] Updating fan priority: Fan_H37_L37 -> P1 (H37-L37)
2026-05-07 16:40:08,802 - [Study] Updating fan priority: Fan_L37_H35 -> P2 (L37-H35)
2026-05-07 16:40:08,802 - [Study] Creating new fan: Fan_L37_H27 (P3 (L37-H27))
2026-05-07 16:40:08,986 - [Study] Removing invalidated/excess fan: Fan_L38_H37
2026-05-07 16:40:09,155 - [Tracking] Fan validated: Fan_L37_H27 via touch at bar 750
2026-05-07 16:40:09,163 - [Tracking] Target HIT: Fan_L37_H27 0.875
2026-05-07 16:40:09,164 - [Tracking] BREACH_CONFIRMED_NO_ALPHA: no pending found for fan=Fan_L37_H27 prev_line=0.5
2026-05-07 16:40:09,164 - [Study] Removing invalidated/excess fan: Fan_L37_H35
2026-05-07 16:40:09,164 - [Study] Removing invalidated/excess fan: Fan_H37_L37
2026-05-07 16:40:09,164 - [Study] Removing invalidated/excess fan: Fan_L37_H27
2026-05-07 16:40:09,165 - [Tracking] Target FAILED: Fan_L37_H27 (0.875) - fan invalidated with pending progression
2026-05-07 16:40:09,625 - [Study] Creating new fan: Fan_L39_H37 (P2 (L39-H37))
2026-05-07 16:40:09,628 - [Study] Creating new fan: Fan_L39_H35 (P3 (L39-H35))
2026-05-07 16:40:09,630 - [Study] Creating new fan: Fan_L39_H38 (P1 (L39-H38))
2026-05-07 16:40:09,700 - [Tracking] Fan validated: Fan_L39_H37 via reversal at bar 770
2026-05-07 16:40:09,701 - [Tracking] Fan validated: Fan_L39_H38 via reversal at bar 770
2026-05-07 16:40:09,709 - [Tracking] Target HIT: Fan_L39_H37 0.875
2026-05-07 16:40:09,709 - [Tracking] BREACH_CONFIRMED_NO_ALPHA: no pending found for fan=Fan_L39_H37 prev_line=0.5
2026-05-07 16:40:09,710 - [Tracking] Target HIT: Fan_L39_H38 0.875
2026-05-07 16:40:09,710 - [Tracking] BREACH_CONFIRMED_NO_ALPHA: no pending found for fan=Fan_L39_H38 prev_line=0.5
2026-05-07 16:40:09,880 - [Study] Updating fan priority: Fan_L39_H37 -> P3 (L39-H37)
2026-05-07 16:40:09,880 - [Study] Creating new fan: Fan_H39_L39 (P1 (H39-L39))
2026-05-07 16:40:09,883 - [Study] Updating fan priority: Fan_L39_H38 -> P2 (L39-H38)
2026-05-07 16:40:09,939 - [Study] Removing invalidated/excess fan: Fan_L39_H35
2026-05-07 16:40:09,957 - [Study] Updating fan priority: Fan_L39_H37 -> P2 (L39-H37)
2026-05-07 16:40:09,957 - [Study] Creating new fan: Fan_L39_H35 (P3 (L39-H35))
2026-05-07 16:40:09,961 - [Study] Updating fan priority: Fan_L39_H38 -> P1 (L39-H38)
2026-05-07 16:40:10,158 - [Tracking] Fan validated: Fan_H39_L39 via touch at bar 775
2026-05-07 16:40:10,158 - [Tracking] Fan validated: Fan_L39_H35 via touch at bar 775
2026-05-07 16:40:10,166 - [Tracking] Target HIT: Fan_H39_L39 0.875
2026-05-07 16:40:10,166 - [Tracking] BREACH_CONFIRMED_NO_ALPHA: no pending found for fan=Fan_H39_L39 prev_line=0.5
2026-05-07 16:40:10,166 - [Tracking] Target HIT: Fan_H39_L39 0.75
2026-05-07 16:40:10,166 - [Tracking] BREACH_CONFIRMED_NO_ALPHA: found pending on Fan_H39_L39_Fan_H39_L39_f0 fraction=0.875 bar=775 (cross-bar)
2026-05-07 16:40:10,171 - [Tracking] BREACH_CONFIRMED_NO_ALPHA (via target progression): Fan_H39_L39 0.875
2026-05-07 16:40:10,171 - [Tracking] Target HIT: Fan_H39_L39 0.5
2026-05-07 16:40:10,172 - [Tracking] BREACH_CONFIRMED_NO_ALPHA: no pending found for fan=Fan_H39_L39 prev_line=0.75
2026-05-07 16:40:10,172 - [Tracking] Target HIT: Fan_H39_L39 horizontal
2026-05-07 16:40:10,172 - [Tracking] BREACH_CONFIRMED_NO_ALPHA: no pending found for fan=Fan_H39_L39 prev_line=0.5
2026-05-07 16:40:10,172 - [Tracking] Target HIT: Fan_L39_H35 0.875
2026-05-07 16:40:10,172 - [Tracking] BREACH_CONFIRMED_NO_ALPHA: no pending found for fan=Fan_L39_H35 prev_line=0.5
2026-05-07 16:40:10,173 - [Tracking] Target HIT: Fan_L39_H37 0.75
2026-05-07 16:40:10,173 - [Tracking] BREACH_CONFIRMED_NO_ALPHA: no pending found for fan=Fan_L39_H37 prev_line=0.875
2026-05-07 16:40:10,173 - [Tracking] Target HIT: Fan_L39_H38 0.75
2026-05-07 16:40:10,173 - [Tracking] BREACH_CONFIRMED_NO_ALPHA: no pending found for fan=Fan_L39_H38 prev_line=0.875
2026-05-07 16:40:10,174 - [Study] Removing invalidated/excess fan: Fan_H39_L39
2026-05-07 16:40:10,174 - [Tracking] Target FAILED: Fan_H39_L39 (horizontal) - fan invalidated with pending progression
2026-05-07 16:40:10,310 - [Study] Creating new fan: Fan_H40_L40 (P1 (H40-L40))
2026-05-07 16:40:10,313 - [Study] Creating new fan: Fan_H40_L39 (P2 (H40-L39))
2026-05-07 16:40:10,316 - [Study] Updating fan priority: Fan_L39_H38 -> P3 (L39-H38)
2026-05-07 16:40:10,420 - [Study] Removing invalidated/excess fan: Fan_L39_H37
2026-05-07 16:40:10,421 - [Tracking] Target FAILED: Fan_L39_H37 (0.75) - fan invalidated with pending progression
2026-05-07 16:40:10,421 - [Study] Removing invalidated/excess fan: Fan_L39_H35
2026-05-07 16:40:10,421 - [Tracking] Target FAILED: Fan_L39_H35 (0.875) - fan invalidated with pending progression
2026-05-07 16:40:10,626 - [Study] Updating fan priority: Fan_H40_L40 -> P2 (H40-L40)
2026-05-07 16:40:10,627 - [Study] Updating fan priority: Fan_H40_L39 -> P3 (H40-L39)
2026-05-07 16:40:10,627 - [Study] Creating new fan: Fan_L41_H40 (P1 (L41-H40))
2026-05-07 16:40:10,700 - [Study] Removing invalidated/excess fan: Fan_L39_H38
2026-05-07 16:40:10,701 - [Tracking] Target FAILED: Fan_L39_H38 (0.75) - fan invalidated with pending progression
2026-05-07 16:40:10,768 - [Study] Creating new fan: Fan_L39_H37 (P2 (L39-H37))
2026-05-07 16:40:10,771 - [Study] Creating new fan: Fan_L39_H35 (P3 (L39-H35))
2026-05-07 16:40:10,774 - [Study] Creating new fan: Fan_L39_H38 (P1 (L39-H38))
2026-05-07 16:40:11,034 - [Study] Removing invalidated/excess fan: Fan_H40_L40
2026-05-07 16:40:11,035 - [Study] Removing invalidated/excess fan: Fan_H40_L39
2026-05-07 16:40:11,035 - [Study] Removing invalidated/excess fan: Fan_L41_H40
2026-05-07 16:40:11,390 - [Study] Creating new fan: Fan_H41_L39 (P3 (H41-L39))
2026-05-07 16:40:11,392 - [Study] Creating new fan: Fan_H41_L40 (P2 (H41-L40))
2026-05-07 16:40:11,394 - [Study] Creating new fan: Fan_H41_L41 (P1 (H41-L41))
2026-05-07 16:40:11,465 - [Study] Removing invalidated/excess fan: Fan_L39_H38
2026-05-07 16:40:11,465 - [Study] Removing invalidated/excess fan: Fan_L39_H37
2026-05-07 16:40:11,465 - [Study] Removing invalidated/excess fan: Fan_L39_H35
2026-05-07 16:40:11,597 - [Study] Creating new fan: Fan_L39_H37 (P2 (L39-H37))
2026-05-07 16:40:11,600 - [Study] Creating new fan: Fan_L39_H35 (P3 (L39-H35))
2026-05-07 16:40:11,604 - [Study] Creating new fan: Fan_L39_H38 (P1 (L39-H38))
2026-05-07 16:40:11,949 - [Tracking] Fan validated: Fan_H41_L39 via touch at bar 800
2026-05-07 16:40:11,949 - [Tracking] Fan validated: Fan_H41_L40 via touch at bar 800
2026-05-07 16:40:11,949 - [Tracking] Fan validated: Fan_H41_L41 via breach at bar 800
2026-05-07 16:40:11,957 - [Tracking] Target HIT: Fan_H41_L39 0.875
2026-05-07 16:40:11,958 - [Tracking] BREACH_CONFIRMED_NO_ALPHA: no pending found for fan=Fan_H41_L39 prev_line=0.5
2026-05-07 16:40:11,958 - [Tracking] Target HIT: Fan_H41_L40 0.875
2026-05-07 16:40:11,958 - [Tracking] BREACH_CONFIRMED_NO_ALPHA: no pending found for fan=Fan_H41_L40 prev_line=0.5
2026-05-07 16:40:11,958 - [Tracking] Target HIT: Fan_H41_L41 0.875
2026-05-07 16:40:11,959 - [Tracking] BREACH_CONFIRMED_NO_ALPHA: no pending found for fan=Fan_H41_L41 prev_line=0.5
2026-05-07 16:40:11,959 - [Study] Removing invalidated/excess fan: Fan_H41_L41
2026-05-07 16:40:11,959 - [Tracking] Target FAILED: Fan_H41_L41 (0.875) - fan invalidated with pending progression
2026-05-07 16:40:11,959 - [Study] Removing invalidated/excess fan: Fan_H41_L40
2026-05-07 16:40:11,960 - [Tracking] Target FAILED: Fan_H41_L40 (0.875) - fan invalidated with pending progression
2026-05-07 16:40:11,960 - [Study] Removing invalidated/excess fan: Fan_H41_L39
2026-05-07 16:40:11,960 - [Tracking] Target FAILED: Fan_H41_L39 (0.875) - fan invalidated with pending progression
2026-05-07 16:40:11,979 - [Study] Updating fan priority: Fan_L39_H37 -> P1 (L39-H37)
2026-05-07 16:40:11,979 - [Study] Updating fan priority: Fan_L39_H35 -> P2 (L39-H35)
2026-05-07 16:40:11,980 - [Study] Creating new fan: Fan_L39_H27 (P3 (L39-H27))
2026-05-07 16:40:12,246 - [Study] Removing invalidated/excess fan: Fan_L39_H38
2026-05-07 16:40:12,372 - [Study] Creating new fan: Fan_L39_H25 (P3 (L39-H25))
2026-05-07 16:40:12,374 - [Study] Updating fan priority: Fan_L39_H35 -> P1 (L39-H35)
2026-05-07 16:40:12,375 - [Study] Updating fan priority: Fan_L39_H27 -> P2 (L39-H27)
2026-05-07 16:40:12,656 - [Study] Removing invalidated/excess fan: Fan_L39_H37
2026-05-07 16:40:13,177 - [Study] Creating new fan: Fan_H42_L42 (P1 (H42-L42))
2026-05-07 16:40:13,181 - [Study] Creating new fan: Fan_H42_L41 (P2 (H42-L41))
2026-05-07 16:40:13,183 - [Study] Creating new fan: Fan_H42_L40 (P3 (H42-L40))
2026-05-07 16:40:13,266 - [Study] Removing invalidated/excess fan: Fan_L39_H35
2026-05-07 16:40:13,266 - [Study] Removing invalidated/excess fan: Fan_L39_H27
2026-05-07 16:40:13,266 - [Study] Removing invalidated/excess fan: Fan_L39_H25
2026-05-07 16:40:13,308 - [Tracking] Fan validated: Fan_H42_L42 via breach at bar 819
2026-05-07 16:40:13,316 - [Tracking] Target HIT: Fan_H42_L42 0.875
2026-05-07 16:40:13,316 - [Tracking] BREACH_CONFIRMED_NO_ALPHA: no pending found for fan=Fan_H42_L42 prev_line=0.5
2026-05-07 16:40:13,365 - [Tracking] Fan validated: Fan_H42_L41 via breach at bar 820
2026-05-07 16:40:13,365 - [Tracking] Fan validated: Fan_H42_L40 via breach at bar 820
2026-05-07 16:40:13,373 - [Tracking] Target HIT: Fan_H42_L40 0.875
2026-05-07 16:40:13,373 - [Tracking] BREACH_CONFIRMED_NO_ALPHA: no pending found for fan=Fan_H42_L40 prev_line=0.5
2026-05-07 16:40:13,373 - [Tracking] Target HIT: Fan_H42_L41 0.875
2026-05-07 16:40:13,373 - [Tracking] BREACH_CONFIRMED_NO_ALPHA: no pending found for fan=Fan_H42_L41 prev_line=0.5
2026-05-07 16:40:13,498 - [Tracking] Target HIT: Fan_H42_L42 0.75
2026-05-07 16:40:13,498 - [Tracking] BREACH_CONFIRMED_NO_ALPHA: no pending found for fan=Fan_H42_L42 prev_line=0.875
2026-05-07 16:40:13,606 - [Tracking] Target HIT: Fan_H42_L40 0.75
2026-05-07 16:40:13,606 - [Tracking] BREACH_CONFIRMED_NO_ALPHA: no pending found for fan=Fan_H42_L40 prev_line=0.875
2026-05-07 16:40:13,606 - [Tracking] Target HIT: Fan_H42_L41 0.75
2026-05-07 16:40:13,607 - [Tracking] BREACH_CONFIRMED_NO_ALPHA: no pending found for fan=Fan_H42_L41 prev_line=0.875
2026-05-07 16:40:13,607 - [Tracking] Target HIT: Fan_H42_L42 0.5
2026-05-07 16:40:13,607 - [Tracking] BREACH_CONFIRMED_NO_ALPHA: found pending on Fan_H42_L42_Fan_H42_L42_f1 fraction=0.75 bar=825 (cross-bar)
2026-05-07 16:40:13,611 - [Tracking] BREACH_CONFIRMED_NO_ALPHA (via target progression): Fan_H42_L42 0.75
2026-05-07 16:40:13,672 - [Tracking] Target HIT: Fan_H42_L41 0.5
2026-05-07 16:40:13,672 - [Tracking] BREACH_CONFIRMED_NO_ALPHA: found pending on Fan_H42_L41_Fan_H42_L41_f1 fraction=0.75 bar=826 (cross-bar)
2026-05-07 16:40:13,677 - [Tracking] BREACH_CONFIRMED_NO_ALPHA (via target progression): Fan_H42_L41 0.75
2026-05-07 16:40:13,678 - [Tracking] Target HIT: Fan_H42_L42 horizontal
2026-05-07 16:40:13,678 - [Tracking] BREACH_CONFIRMED_NO_ALPHA: found pending on Fan_H42_L42_Fan_H42_L42_f2 fraction=0.5 bar=826 (cross-bar)
2026-05-07 16:40:13,683 - [Tracking] BREACH_CONFIRMED_NO_ALPHA (via target progression): Fan_H42_L42 0.5
2026-05-07 16:40:13,777 - [Tracking] Target HIT: Fan_H42_L42 0.25
2026-05-07 16:40:13,778 - [Tracking] BREACH_CONFIRMED_NO_ALPHA: no pending found for fan=Fan_H42_L42 prev_line=0.5
2026-05-07 16:40:14,116 - [Tracking] Target HIT: Fan_H42_L40 0.5
2026-05-07 16:40:14,117 - [Tracking] BREACH_CONFIRMED_NO_ALPHA: no pending found for fan=Fan_H42_L40 prev_line=0.75
2026-05-07 16:40:14,402 - [Study] Updating fan priority: Fan_H42_L42 -> P2 (H42-L42)
2026-05-07 16:40:14,402 - [Study] Updating fan priority: Fan_H42_L41 -> P3 (H42-L41)
2026-05-07 16:40:14,402 - [Study] Creating new fan: Fan_L43_H42 (P1 (L43-H42))
2026-05-07 16:40:14,448 - [Study] Removing invalidated/excess fan: Fan_H42_L40
2026-05-07 16:40:14,448 - [Tracking] Target FAILED: Fan_H42_L40 (0.5) - fan invalidated with pending progression
2026-05-07 16:40:14,488 - [Tracking] Fan validated: Fan_L43_H42 via reversal at bar 843
2026-05-07 16:40:14,495 - [Tracking] Target HIT: Fan_L43_H42 0.875
2026-05-07 16:40:14,495 - [Tracking] BREACH_CONFIRMED_NO_ALPHA: no pending found for fan=Fan_L43_H42 prev_line=0.5
2026-05-07 16:40:14,521 - [Study] Updating fan priority: Fan_H42_L42 -> P1 (H42-L42)
2026-05-07 16:40:14,522 - [Study] Updating fan priority: Fan_H42_L41 -> P2 (H42-L41)
2026-05-07 16:40:14,522 - [Study] Creating new fan: Fan_H42_L40 (P3 (H42-L40))
2026-05-07 16:40:14,754 - [Tracking] Target HIT: Fan_H42_L41 horizontal
2026-05-07 16:40:14,754 - [Tracking] BREACH_CONFIRMED_NO_ALPHA: no pending found for fan=Fan_H42_L41 prev_line=0.5
2026-05-07 16:40:14,755 - [Study] Removing invalidated/excess fan: Fan_L43_H42
2026-05-07 16:40:14,755 - [Tracking] Target FAILED: Fan_L43_H42 (0.875) - fan invalidated with pending progression
2026-05-07 16:40:14,778 - [Study] Updating fan priority: Fan_H42_L41 -> P1 (H42-L41)
2026-05-07 16:40:14,778 - [Study] Creating new fan: Fan_H42_L39 (P3 (H42-L39))
2026-05-07 16:40:14,782 - [Study] Updating fan priority: Fan_H42_L40 -> P2 (H42-L40)
2026-05-07 16:40:15,008 - [Study] Removing invalidated/excess fan: Fan_H42_L42
2026-05-07 16:40:15,008 - [Tracking] Target HIT: Fan_H42_L42 reached full_coverage!
2026-05-07 16:40:15,065 - [Tracking] Target HIT: Fan_H42_L41 0.25
2026-05-07 16:40:15,066 - [Tracking] BREACH_CONFIRMED_NO_ALPHA: no pending found for fan=Fan_H42_L41 prev_line=0.5
2026-05-07 16:40:15,213 - [Study] Creating new fan: Fan_L39_H35 (P2 (L39-H35))
2026-05-07 16:40:15,216 - [Study] Updating fan priority: Fan_H42_L39 -> P1 (H42-L39)
2026-05-07 16:40:15,216 - [Study] Creating new fan: Fan_L39_H27 (P3 (L39-H27))
2026-05-07 16:40:15,854 - [Study] Removing invalidated/excess fan: Fan_H42_L41
2026-05-07 16:40:15,854 - [Tracking] Target HIT: Fan_H42_L41 reached full_coverage!
2026-05-07 16:40:15,855 - [Study] Removing invalidated/excess fan: Fan_H42_L40
2026-05-07 16:40:16,020 - [Study] Updating fan priority: Fan_H42_L39 -> P3 (H42-L39)
2026-05-07 16:40:16,020 - [Study] Creating new fan: Fan_L44_H43 (P1 (L44-H43))
2026-05-07 16:40:16,022 - [Study] Creating new fan: Fan_L44_H42 (P2 (L44-H42))
2026-05-07 16:40:16,075 - [Tracking] Fan validated: Fan_L44_H43 via reversal at bar 855
2026-05-07 16:40:16,083 - [Tracking] Target HIT: Fan_L44_H43 0.875
2026-05-07 16:40:16,083 - [Tracking] BREACH_CONFIRMED_NO_ALPHA: no pending found for fan=Fan_L44_H43 prev_line=0.5
2026-05-07 16:40:16,084 - [Study] Removing invalidated/excess fan: Fan_L39_H35
2026-05-07 16:40:16,084 - [Study] Removing invalidated/excess fan: Fan_L39_H27
2026-05-07 16:40:16,172 - [Study] Removing invalidated/excess fan: Fan_H42_L39
2026-05-07 16:40:16,173 - [Study] Removing invalidated/excess fan: Fan_L44_H43
2026-05-07 16:40:16,173 - [Tracking] Target FAILED: Fan_L44_H43 (0.875) - fan invalidated with pending progression
2026-05-07 16:40:16,173 - [Study] Removing invalidated/excess fan: Fan_L44_H42
2026-05-07 16:40:16,385 - [Study] Creating new fan: Fan_L44_H35 (P3 (L44-H35))
2026-05-07 16:40:16,387 - [Study] Creating new fan: Fan_L44_H43 (P1 (L44-H43))
2026-05-07 16:40:16,389 - [Study] Creating new fan: Fan_L44_H42 (P2 (L44-H42))
2026-05-07 16:40:16,438 - [Tracking] Fan validated: Fan_L44_H43 via breach at bar 865
2026-05-07 16:40:16,445 - [Tracking] Target HIT: Fan_L44_H43 0.875
2026-05-07 16:40:16,445 - [Tracking] BREACH_CONFIRMED_NO_ALPHA: no pending found for fan=Fan_L44_H43 prev_line=0.5
2026-05-07 16:40:16,469 - [Study] Updating fan priority: Fan_L44_H43 -> P2 (L44-H43)
2026-05-07 16:40:16,470 - [Study] Creating new fan: Fan_H44_L44 (P1 (H44-L44))
2026-05-07 16:40:16,472 - [Study] Updating fan priority: Fan_L44_H42 -> P3 (L44-H42)
2026-05-07 16:40:16,557 - [Study] Removing invalidated/excess fan: Fan_L44_H35
2026-05-07 16:40:16,686 - [Study] Removing invalidated/excess fan: Fan_L44_H43
2026-05-07 16:40:16,686 - [Tracking] Target FAILED: Fan_L44_H43 (0.875) - fan invalidated with pending progression
2026-05-07 16:40:16,687 - [Study] Removing invalidated/excess fan: Fan_L44_H42
2026-05-07 16:40:16,687 - [Study] Removing invalidated/excess fan: Fan_H44_L44
2026-05-07 16:40:17,011 - [Study] Creating new fan: Fan_L45_H35 (P3 (L45-H35))
2026-05-07 16:40:17,015 - [Study] Creating new fan: Fan_L45_H42 (P2 (L45-H42))
2026-05-07 16:40:17,017 - [Study] Creating new fan: Fan_L45_H43 (P1 (L45-H43))
2026-05-07 16:40:17,252 - [Study] Creating new fan: Fan_H45_L45 (P1 (H45-L45))
2026-05-07 16:40:17,256 - [Study] Updating fan priority: Fan_L45_H42 -> P3 (L45-H42)
2026-05-07 16:40:17,256 - [Study] Updating fan priority: Fan_L45_H43 -> P2 (L45-H43)
2026-05-07 16:40:17,319 - [Tracking] Fan validated: Fan_H45_L45 via reversal at bar 883
2026-05-07 16:40:17,326 - [Tracking] Target HIT: Fan_H45_L45 0.875
2026-05-07 16:40:17,326 - [Tracking] BREACH_CONFIRMED_NO_ALPHA: no pending found for fan=Fan_H45_L45 prev_line=0.5
2026-05-07 16:40:17,327 - [Study] Removing invalidated/excess fan: Fan_L45_H35
2026-05-07 16:40:17,640 - [Study] Updating fan priority: Fan_H45_L45 -> P2 (H45-L45)
2026-05-07 16:40:17,640 - [Study] Updating fan priority: Fan_L45_H43 -> P3 (L45-H43)
2026-05-07 16:40:17,641 - [Study] Creating new fan: Fan_L46_H45 (P1 (L46-H45))
2026-05-07 16:40:17,710 - [Study] Removing invalidated/excess fan: Fan_L45_H42
2026-05-07 16:40:17,840 - [Study] Updating fan priority: Fan_H45_L45 -> P1 (H45-L45)
2026-05-07 16:40:17,841 - [Study] Creating new fan: Fan_L45_H42 (P3 (L45-H42))
2026-05-07 16:40:17,843 - [Study] Updating fan priority: Fan_L45_H43 -> P2 (L45-H43)
2026-05-07 16:40:18,013 - [Tracking] Target HIT: Fan_H45_L45 0.75
2026-05-07 16:40:18,014 - [Tracking] BREACH_CONFIRMED_NO_ALPHA: no pending found for fan=Fan_H45_L45 prev_line=0.875
2026-05-07 16:40:18,014 - [Study] Removing invalidated/excess fan: Fan_L46_H45
2026-05-07 16:40:18,400 - [Tracking] Target HIT: Fan_H45_L45 0.5
2026-05-07 16:40:18,400 - [Tracking] BREACH_CONFIRMED_NO_ALPHA: no pending found for fan=Fan_H45_L45 prev_line=0.75
2026-05-07 16:40:18,400 - [Study] Removing invalidated/excess fan: Fan_L45_H43
2026-05-07 16:40:18,401 - [Study] Removing invalidated/excess fan: Fan_H45_L45
2026-05-07 16:40:18,401 - [Tracking] Target FAILED: Fan_H45_L45 (0.5) - fan invalidated with pending progression
2026-05-07 16:40:18,401 - [Study] Removing invalidated/excess fan: Fan_L45_H42
2026-05-07 16:40:18,628 - [Study] Creating new fan: Fan_L47_H43 (P3 (L47-H43))
2026-05-07 16:40:18,631 - [Study] Creating new fan: Fan_L47_H45 (P2 (L47-H45))
2026-05-07 16:40:18,634 - [Study] Creating new fan: Fan_L47_H46 (P1 (L47-H46))
2026-05-07 16:40:18,803 - [Tracking] Fan validated: Fan_L47_H43 via breach at bar 910
2026-05-07 16:40:18,803 - [Tracking] Fan validated: Fan_L47_H45 via breach at bar 910
2026-05-07 16:40:18,803 - [Tracking] Fan validated: Fan_L47_H46 via breach at bar 910
2026-05-07 16:40:18,811 - [Tracking] Target HIT: Fan_L47_H43 0.875
2026-05-07 16:40:18,811 - [Tracking] BREACH_CONFIRMED_NO_ALPHA: no pending found for fan=Fan_L47_H43 prev_line=0.5
2026-05-07 16:40:18,812 - [Tracking] Target HIT: Fan_L47_H45 0.875
2026-05-07 16:40:18,812 - [Tracking] BREACH_CONFIRMED_NO_ALPHA: no pending found for fan=Fan_L47_H45 prev_line=0.5
2026-05-07 16:40:18,812 - [Tracking] Target HIT: Fan_L47_H46 0.875
2026-05-07 16:40:18,812 - [Tracking] BREACH_CONFIRMED_NO_ALPHA: no pending found for fan=Fan_L47_H46 prev_line=0.5
2026-05-07 16:40:18,963 - [Tracking] Target HIT: Fan_L47_H43 0.75
2026-05-07 16:40:18,963 - [Tracking] BREACH_CONFIRMED_NO_ALPHA: no pending found for fan=Fan_L47_H43 prev_line=0.875
2026-05-07 16:40:19,033 - [Tracking] Target HIT: Fan_L47_H45 0.75
2026-05-07 16:40:19,033 - [Tracking] BREACH_CONFIRMED_NO_ALPHA: no pending found for fan=Fan_L47_H45 prev_line=0.875
2026-05-07 16:40:19,107 - [Tracking] Target HIT: Fan_L47_H46 0.75
2026-05-07 16:40:19,107 - [Tracking] BREACH_CONFIRMED_NO_ALPHA: no pending found for fan=Fan_L47_H46 prev_line=0.875
2026-05-07 16:40:19,295 - [Tracking] Target HIT: Fan_L47_H43 0.5
2026-05-07 16:40:19,295 - [Tracking] BREACH_CONFIRMED_NO_ALPHA: no pending found for fan=Fan_L47_H43 prev_line=0.75
2026-05-07 16:40:19,296 - [Tracking] Target HIT: Fan_L47_H45 0.5
2026-05-07 16:40:19,296 - [Tracking] BREACH_CONFIRMED_NO_ALPHA: no pending found for fan=Fan_L47_H45 prev_line=0.75
2026-05-07 16:40:19,296 - [Tracking] Target HIT: Fan_L47_H46 0.5
2026-05-07 16:40:19,296 - [Tracking] BREACH_CONFIRMED_NO_ALPHA: no pending found for fan=Fan_L47_H46 prev_line=0.75
2026-05-07 16:40:19,346 - [Tracking] Target HIT: Fan_L47_H43 horizontal
2026-05-07 16:40:19,346 - [Tracking] BREACH_CONFIRMED_NO_ALPHA: found pending on Fan_L47_H43_Fan_L47_H43_f2 fraction=0.5 bar=920 (cross-bar)
2026-05-07 16:40:19,352 - [Tracking] BREACH_CONFIRMED_NO_ALPHA (via target progression): Fan_L47_H43 0.5
2026-05-07 16:40:19,547 - [Tracking] Target HIT: Fan_L47_H45 horizontal
2026-05-07 16:40:19,547 - [Tracking] BREACH_CONFIRMED_NO_ALPHA: no pending found for fan=Fan_L47_H45 prev_line=0.5
2026-05-07 16:40:19,548 - [Tracking] Target HIT: Fan_L47_H45 0.25
2026-05-07 16:40:19,548 - [Tracking] BREACH_CONFIRMED_NO_ALPHA: no pending found for fan=Fan_L47_H45 prev_line=0.5
2026-05-07 16:40:19,548 - [Tracking] Target HIT: Fan_L47_H46 0.25
2026-05-07 16:40:19,548 - [Tracking] BREACH_CONFIRMED_NO_ALPHA: no pending found for fan=Fan_L47_H46 prev_line=0.5
2026-05-07 16:40:19,650 - [Tracking] Target HIT: Fan_L47_H43 0.25
2026-05-07 16:40:19,650 - [Tracking] BREACH_CONFIRMED_NO_ALPHA: no pending found for fan=Fan_L47_H43 prev_line=0.5
2026-05-07 16:40:19,651 - [Tracking] Target HIT: Fan_L47_H46 horizontal
2026-05-07 16:40:19,651 - [Tracking] BREACH_CONFIRMED_NO_ALPHA: no pending found for fan=Fan_L47_H46 prev_line=0.5
2026-05-07 16:40:20,016 - [Study] Creating new fan: Fan_H47_L47 (P1 (H47-L47))
2026-05-07 16:40:20,019 - [Study] Updating fan priority: Fan_L47_H45 -> P3 (L47-H45)
2026-05-07 16:40:20,019 - [Study] Updating fan priority: Fan_L47_H46 -> P2 (L47-H46)
2026-05-07 16:40:20,077 - [Study] Removing invalidated/excess fan: Fan_L47_H43
2026-05-07 16:40:20,077 - [Tracking] Target FAILED: Fan_L47_H43 (0.25) - fan invalidated with pending progression
2026-05-07 16:40:20,424 - [Study] Creating new fan: Fan_L48_H47 (P1 (L48-H47))
2026-05-07 16:40:20,427 - [Study] Updating fan priority: Fan_H47_L47 -> P2 (H47-L47)
2026-05-07 16:40:20,427 - [Study] Updating fan priority: Fan_L47_H46 -> P3 (L47-H46)
2026-05-07 16:40:20,551 - [Study] Removing invalidated/excess fan: Fan_L47_H45
2026-05-07 16:40:20,552 - [Tracking] Target FAILED: Fan_L47_H45 (0.25) - fan invalidated with pending progression
2026-05-07 16:40:20,658 - [Study] Creating new fan: Fan_L47_H43 (P3 (L47-H43))
2026-05-07 16:40:20,661 - [Study] Creating new fan: Fan_L47_H45 (P2 (L47-H45))
2026-05-07 16:40:20,664 - [Study] Updating fan priority: Fan_L47_H46 -> P1 (L47-H46)
2026-05-07 16:40:20,987 - [Study] Removing invalidated/excess fan: Fan_H47_L47
2026-05-07 16:40:20,988 - [Study] Removing invalidated/excess fan: Fan_L48_H47
2026-05-07 16:40:21,062 - [Study] Updating fan priority: Fan_L47_H43 -> P2 (L47-H43)
2026-05-07 16:40:21,062 - [Study] Updating fan priority: Fan_L47_H45 -> P1 (L47-H45)
2026-05-07 16:40:21,063 - [Study] Creating new fan: Fan_L47_H42 (P3 (L47-H42))
2026-05-07 16:40:21,337 - [Study] Removing invalidated/excess fan: Fan_L47_H46
2026-05-07 16:40:21,337 - [Tracking] Target HIT: Fan_L47_H46 reached full_coverage!
2026-05-07 16:40:21,592 - [Study] Updating fan priority: Fan_L47_H42 -> P1 (L47-H42)
2026-05-07 16:40:21,593 - [Study] Creating new fan: Fan_L47_H35 (P2 (L47-H35))
2026-05-07 16:40:21,596 - [Study] Creating new fan: Fan_L47_H27 (P3 (L47-H27))
2026-05-07 16:40:21,929 - [Study] Removing invalidated/excess fan: Fan_L47_H45
2026-05-07 16:40:21,929 - [Study] Removing invalidated/excess fan: Fan_L47_H43
2026-05-07 16:40:22,142 - [Study] Creating new fan: Fan_H48_L47 (P2 (H48-L47))
2026-05-07 16:40:22,146 - [Study] Creating new fan: Fan_H48_L48 (P1 (H48-L48))
2026-05-07 16:40:22,147 - [Study] Updating fan priority: Fan_L47_H42 -> P3 (L47-H42)
2026-05-07 16:40:22,213 - [Tracking] Fan validated: Fan_H48_L47 via breach at bar 953
2026-05-07 16:40:22,221 - [Tracking] Target HIT: Fan_H48_L47 0.875
2026-05-07 16:40:22,221 - [Tracking] BREACH_CONFIRMED_NO_ALPHA: no pending found for fan=Fan_H48_L47 prev_line=0.5
2026-05-07 16:40:22,222 - [Study] Removing invalidated/excess fan: Fan_L47_H35
2026-05-07 16:40:22,222 - [Study] Removing invalidated/excess fan: Fan_L47_H27
2026-05-07 16:40:22,304 - [Study] Updating fan priority: Fan_H48_L47 -> P3 (H48-L47)
2026-05-07 16:40:22,304 - [Study] Creating new fan: Fan_L49_H48 (P1 (L49-H48))
2026-05-07 16:40:22,307 - [Study] Updating fan priority: Fan_H48_L48 -> P2 (H48-L48)
2026-05-07 16:40:22,416 - [Study] Removing invalidated/excess fan: Fan_L47_H42
2026-05-07 16:40:23,067 - [Study] Updating fan priority: Fan_L49_H48 -> P2 (L49-H48)
2026-05-07 16:40:23,067 - [Study] Updating fan priority: Fan_H48_L48 -> P3 (H48-L48)
2026-05-07 16:40:23,068 - [Study] Creating new fan: Fan_H49_L49 (P1 (H49-L49))
2026-05-07 16:40:23,140 - [Study] Removing invalidated/excess fan: Fan_H48_L47
2026-05-07 16:40:23,141 - [Tracking] Target FAILED: Fan_H48_L47 (0.875) - fan invalidated with pending progression
2026-05-07 16:40:23,220 - [Study] Creating new fan: Fan_L47_H42 (P1 (L47-H42))
2026-05-07 16:40:23,224 - [Study] Creating new fan: Fan_L47_H35 (P2 (L47-H35))
2026-05-07 16:40:23,226 - [Study] Creating new fan: Fan_L47_H27 (P3 (L47-H27))
2026-05-07 16:40:23,679 - [Tracking] Fan validated: Fan_H49_L49 via touch at bar 967
2026-05-07 16:40:23,688 - [Tracking] Target HIT: Fan_H49_L49 0.875
2026-05-07 16:40:23,688 - [Tracking] BREACH_CONFIRMED_NO_ALPHA: no pending found for fan=Fan_H49_L49 prev_line=0.5
2026-05-07 16:40:23,688 - [Study] Removing invalidated/excess fan: Fan_H48_L48
2026-05-07 16:40:23,689 - [Study] Removing invalidated/excess fan: Fan_L49_H48
2026-05-07 16:40:23,689 - [Study] Removing invalidated/excess fan: Fan_H49_L49
2026-05-07 16:40:23,689 - [Tracking] Target FAILED: Fan_H49_L49 (0.875) - fan invalidated with pending progression
2026-05-07 16:40:24,095 - [Study] Creating new fan: Fan_L47_H25 (P2 (L47-H25))
2026-05-07 16:40:24,098 - [Study] Updating fan priority: Fan_L47_H27 -> P1 (L47-H27)
2026-05-07 16:40:24,098 - [Study] Creating new fan: Fan_L47_H24 (P3 (L47-H24))
2026-05-07 16:40:24,660 - [Study] Removing invalidated/excess fan: Fan_L47_H42
2026-05-07 16:40:24,660 - [Study] Removing invalidated/excess fan: Fan_L47_H35
2026-05-07 16:40:25,292 - [Study] Creating new fan: Fan_H49_L48 (P2 (H49-L48))
2026-05-07 16:40:25,295 - [Study] Creating new fan: Fan_H49_L47 (P3 (H49-L47))
2026-05-07 16:40:25,298 - [Study] Creating new fan: Fan_H49_L49 (P1 (H49-L49))
2026-05-07 16:40:25,360 - [Study] Removing invalidated/excess fan: Fan_L47_H27
2026-05-07 16:40:25,360 - [Study] Removing invalidated/excess fan: Fan_L47_H25
2026-05-07 16:40:25,361 - [Study] Removing invalidated/excess fan: Fan_L47_H24
2026-05-07 16:40:25,501 - [Study] Creating new fan: Fan_L47_H25 (P2 (L47-H25))
2026-05-07 16:40:25,505 - [Study] Creating new fan: Fan_L47_H27 (P1 (L47-H27))
2026-05-07 16:40:25,507 - [Study] Creating new fan: Fan_L47_H24 (P3 (L47-H24))
2026-05-07 16:40:26,099 - [Study] Removing invalidated/excess fan: Fan_H49_L49
2026-05-07 16:40:26,100 - [Study] Removing invalidated/excess fan: Fan_H49_L48
2026-05-07 16:40:26,100 - [Study] Removing invalidated/excess fan: Fan_H49_L47
2026-05-07 16:40:26,310 - [Study] Creating new fan: Fan_H50_L50 (P1 (H50-L50))
2026-05-07 16:40:26,312 - [Study] Creating new fan: Fan_H50_L48 (P3 (H50-L48))
2026-05-07 16:40:26,314 - [Study] Creating new fan: Fan_H50_L49 (P2 (H50-L49))
2026-05-07 16:40:26,378 - [Study] Removing invalidated/excess fan: Fan_L47_H27
2026-05-07 16:40:26,379 - [Study] Removing invalidated/excess fan: Fan_L47_H25
2026-05-07 16:40:26,379 - [Study] Removing invalidated/excess fan: Fan_L47_H24
2026-05-07 16:40:26,510 - [Study] Updating fan priority: Fan_H50_L49 -> P1 (H50-L49)
2026-05-07 16:40:26,511 - [Study] Creating new fan: Fan_H50_L47 (P3 (H50-L47))
2026-05-07 16:40:26,514 - [Study] Updating fan priority: Fan_H50_L48 -> P2 (H50-L48)
2026-05-07 16:40:26,620 - [Study] Removing invalidated/excess fan: Fan_H50_L50
2026-05-07 16:40:26,719 - [Tracking] Fan validated: Fan_H50_L48 via breach at bar 1002
2026-05-07 16:40:26,719 - [Tracking] Fan validated: Fan_H50_L49 via breach at bar 1002
2026-05-07 16:40:26,727 - [Tracking] Target HIT: Fan_H50_L48 0.875
2026-05-07 16:40:26,727 - [Tracking] BREACH_CONFIRMED_NO_ALPHA: no pending found for fan=Fan_H50_L48 prev_line=0.5
2026-05-07 16:40:26,728 - [Tracking] Target HIT: Fan_H50_L49 0.875
2026-05-07 16:40:26,728 - [Tracking] BREACH_CONFIRMED_NO_ALPHA: no pending found for fan=Fan_H50_L49 prev_line=0.5
2026-05-07 16:40:26,792 - [Tracking] Fan validated: Fan_H50_L47 via touch at bar 1003
2026-05-07 16:40:26,801 - [Tracking] Target HIT: Fan_H50_L47 0.875
2026-05-07 16:40:26,801 - [Tracking] BREACH_CONFIRMED_NO_ALPHA: no pending found for fan=Fan_H50_L47 prev_line=0.5
2026-05-07 16:40:27,044 - [Study] Creating new fan: Fan_L51_H50 (P1 (L51-H50))
2026-05-07 16:40:27,048 - [Study] Updating fan priority: Fan_H50_L49 -> P2 (H50-L49)
2026-05-07 16:40:27,048 - [Study] Updating fan priority: Fan_H50_L48 -> P3 (H50-L48)
2026-05-07 16:40:27,106 - [Study] Removing invalidated/excess fan: Fan_H50_L47
2026-05-07 16:40:27,106 - [Tracking] Target FAILED: Fan_H50_L47 (0.875) - fan invalidated with pending progression
2026-05-07 16:40:27,499 - [Study] Updating fan priority: Fan_L51_H50 -> P2 (L51-H50)
2026-05-07 16:40:27,500 - [Study] Updating fan priority: Fan_H50_L49 -> P3 (H50-L49)
2026-05-07 16:40:27,500 - [Study] Creating new fan: Fan_H51_L51 (P1 (H51-L51))
2026-05-07 16:40:27,591 - [Tracking] Target HIT: Fan_H50_L49 0.75
2026-05-07 16:40:27,591 - [Tracking] BREACH_CONFIRMED_NO_ALPHA: found pending on Fan_H50_L49_Fan_H50_L49_f0 fraction=0.875 bar=1016 (cross-bar)
2026-05-07 16:40:27,596 - [Tracking] BREACH_CONFIRMED_NO_ALPHA (via target progression): Fan_H50_L49 0.875
2026-05-07 16:40:27,597 - [Study] Removing invalidated/excess fan: Fan_H50_L48
2026-05-07 16:40:27,597 - [Tracking] Target FAILED: Fan_H50_L48 (0.875) - fan invalidated with pending progression
2026-05-07 16:40:27,627 - [Study] Updating fan priority: Fan_H50_L49 -> P1 (H50-L49)
2026-05-07 16:40:27,628 - [Study] Creating new fan: Fan_H50_L47 (P3 (H50-L47))
2026-05-07 16:40:27,631 - [Study] Creating new fan: Fan_H50_L48 (P2 (H50-L48))
2026-05-07 16:40:27,801 - [Study] Removing invalidated/excess fan: Fan_L51_H50
2026-05-07 16:40:27,802 - [Study] Removing invalidated/excess fan: Fan_H51_L51
2026-05-07 16:40:28,444 - [Study] Updating fan priority: Fan_H50_L49 -> P2 (H50-L49)
2026-05-07 16:40:28,445 - [Study] Creating new fan: Fan_L52_H50 (P1 (L52-H50))
2026-05-07 16:40:28,447 - [Study] Updating fan priority: Fan_H50_L48 -> P3 (H50-L48)
2026-05-07 16:40:28,519 - [Study] Removing invalidated/excess fan: Fan_H50_L47
2026-05-07 16:40:28,673 - [Study] Creating new fan: Fan_L47_H25 (P2 (L47-H25))
2026-05-07 16:40:28,676 - [Study] Creating new fan: Fan_L47_H27 (P1 (L47-H27))
2026-05-07 16:40:28,679 - [Study] Creating new fan: Fan_L47_H24 (P3 (L47-H24))
2026-05-07 16:40:29,514 - [Study] Removing invalidated/excess fan: Fan_H50_L49
2026-05-07 16:40:29,514 - [Tracking] Target FAILED: Fan_H50_L49 (0.75) - fan invalidated with pending progression
2026-05-07 16:40:29,515 - [Study] Removing invalidated/excess fan: Fan_H50_L48
2026-05-07 16:40:29,515 - [Study] Removing invalidated/excess fan: Fan_L52_H50
2026-05-07 16:40:29,722 - [Study] Creating new fan: Fan_H52_L48 (P3 (H52-L48))
2026-05-07 16:40:29,725 - [Study] Creating new fan: Fan_H52_L49 (P2 (H52-L49))
2026-05-07 16:40:29,728 - [Study] Creating new fan: Fan_H52_L52 (P1 (H52-L52))
2026-05-07 16:40:29,775 - [Study] Removing invalidated/excess fan: Fan_L47_H27
2026-05-07 16:40:29,775 - [Study] Removing invalidated/excess fan: Fan_L47_H25
2026-05-07 16:40:29,776 - [Study] Removing invalidated/excess fan: Fan_L47_H24
2026-05-07 16:40:30,036 - [Study] Creating new fan: Fan_L53_H52 (P1 (L53-H52))
2026-05-07 16:40:30,039 - [Study] Updating fan priority: Fan_H52_L49 -> P3 (H52-L49)
2026-05-07 16:40:30,039 - [Study] Updating fan priority: Fan_H52_L52 -> P2 (H52-L52)
2026-05-07 16:40:30,113 - [Study] Removing invalidated/excess fan: Fan_H52_L48
2026-05-07 16:40:30,215 - [Study] Updating fan priority: Fan_L53_H52 -> P2 (L53-H52)
2026-05-07 16:40:30,215 - [Study] Creating new fan: Fan_H53_L53 (P1 (H53-L53))
2026-05-07 16:40:30,217 - [Study] Updating fan priority: Fan_H52_L52 -> P3 (H52-L52)
2026-05-07 16:40:30,306 - [Study] Removing invalidated/excess fan: Fan_H52_L49
2026-05-07 16:40:30,336 - [Study] Creating new fan: Fan_L47_H25 (P2 (L47-H25))
2026-05-07 16:40:30,339 - [Study] Creating new fan: Fan_L47_H27 (P1 (L47-H27))
2026-05-07 16:40:30,342 - [Study] Creating new fan: Fan_L47_H24 (P3 (L47-H24))
2026-05-07 16:40:31,261 - [Study] Removing invalidated/excess fan: Fan_H52_L52
2026-05-07 16:40:31,264 - [Study] Removing invalidated/excess fan: Fan_L53_H52
2026-05-07 16:40:31,269 - [Study] Removing invalidated/excess fan: Fan_H53_L53
2026-05-07 16:40:31,910 - [Study] Creating new fan: Fan_H53_L48 (P2 (H53-L48))
2026-05-07 16:40:31,913 - [Study] Creating new fan: Fan_H53_L47 (P3 (H53-L47))
2026-05-07 16:40:31,916 - [Study] Creating new fan: Fan_H53_L49 (P1 (H53-L49))
2026-05-07 16:40:31,980 - [Study] Removing invalidated/excess fan: Fan_L47_H27
2026-05-07 16:40:31,981 - [Study] Removing invalidated/excess fan: Fan_L47_H25
2026-05-07 16:40:31,981 - [Study] Removing invalidated/excess fan: Fan_L47_H24
2026-05-07 16:40:32,075 - [Study] Updating fan priority: Fan_H53_L48 -> P3 (H53-L48)
2026-05-07 16:40:32,075 - [Study] Updating fan priority: Fan_H53_L49 -> P2 (H53-L49)
2026-05-07 16:40:32,075 - [Study] Creating new fan: Fan_L54_H53 (P1 (L54-H53))
2026-05-07 16:40:32,130 - [Tracking] Fan validated: Fan_L54_H53 via touch at bar 1055
2026-05-07 16:40:32,137 - [Tracking] Target HIT: Fan_L54_H53 0.875
2026-05-07 16:40:32,138 - [Tracking] BREACH_CONFIRMED_NO_ALPHA: no pending found for fan=Fan_L54_H53 prev_line=0.5
2026-05-07 16:40:32,138 - [Study] Removing invalidated/excess fan: Fan_H53_L47
2026-05-07 16:40:32,382 - [Tracking] Target HIT: Fan_L54_H53 0.75
2026-05-07 16:40:32,382 - [Tracking] BREACH_CONFIRMED_NO_ALPHA: no pending found for fan=Fan_L54_H53 prev_line=0.875
2026-05-07 16:40:32,786 - [Tracking] Target HIT: Fan_L54_H53 0.5
2026-05-07 16:40:32,787 - [Tracking] BREACH_CONFIRMED_NO_ALPHA: no pending found for fan=Fan_L54_H53 prev_line=0.75
2026-05-07 16:40:33,141 - [Study] Creating new fan: Fan_H54_L54 (P1 (H54-L54))
2026-05-07 16:40:33,144 - [Study] Updating fan priority: Fan_H53_L49 -> P3 (H53-L49)
2026-05-07 16:40:33,144 - [Study] Updating fan priority: Fan_L54_H53 -> P2 (L54-H53)
2026-05-07 16:40:33,214 - [Study] Removing invalidated/excess fan: Fan_H53_L48
2026-05-07 16:40:33,323 - [Study] Creating new fan: Fan_L47_H25 (P2 (L47-H25))
2026-05-07 16:40:33,330 - [Study] Creating new fan: Fan_L47_H27 (P1 (L47-H27))
2026-05-07 16:40:33,334 - [Study] Creating new fan: Fan_L47_H24 (P3 (L47-H24))
2026-05-07 16:40:34,589 - [Tracking] Fan validated: Fan_H53_L49 via touch at bar 1075
2026-05-07 16:40:34,589 - [Tracking] Fan validated: Fan_H54_L54 via touch at bar 1075
2026-05-07 16:40:34,597 - [Tracking] Target HIT: Fan_H53_L49 0.875
2026-05-07 16:40:34,597 - [Tracking] BREACH_CONFIRMED_NO_ALPHA: no pending found for fan=Fan_H53_L49 prev_line=0.5
2026-05-07 16:40:34,598 - [Tracking] Target HIT: Fan_H54_L54 0.875
2026-05-07 16:40:34,598 - [Tracking] BREACH_CONFIRMED_NO_ALPHA: no pending found for fan=Fan_H54_L54 prev_line=0.5
2026-05-07 16:40:34,598 - [Tracking] Target HIT: Fan_L54_H53 horizontal
2026-05-07 16:40:34,598 - [Tracking] BREACH_CONFIRMED_NO_ALPHA: no pending found for fan=Fan_L54_H53 prev_line=0.5
2026-05-07 16:40:34,599 - [Tracking] Target HIT: Fan_L54_H53 0.25
2026-05-07 16:40:34,599 - [Tracking] BREACH_CONFIRMED_NO_ALPHA: no pending found for fan=Fan_L54_H53 prev_line=0.5
2026-05-07 16:40:34,599 - [Study] Removing invalidated/excess fan: Fan_H53_L49
2026-05-07 16:40:34,599 - [Tracking] Target FAILED: Fan_H53_L49 (0.875) - fan invalidated with pending progression
2026-05-07 16:40:34,600 - [Study] Removing invalidated/excess fan: Fan_L54_H53
2026-05-07 16:40:34,600 - [Tracking] Target HIT: Fan_L54_H53 reached full_coverage!
2026-05-07 16:40:34,600 - [Study] Removing invalidated/excess fan: Fan_H54_L54
2026-05-07 16:40:34,600 - [Tracking] Target FAILED: Fan_H54_L54 (0.875) - fan invalidated with pending progression
2026-05-07 16:40:35,033 - [Study] Creating new fan: Fan_H55_L55 (P1 (H55-L55))
2026-05-07 16:40:35,036 - [Study] Creating new fan: Fan_H55_L49 (P3 (H55-L49))
2026-05-07 16:40:35,038 - [Study] Creating new fan: Fan_H55_L54 (P2 (H55-L54))
2026-05-07 16:40:35,092 - [Tracking] Fan validated: Fan_H55_L55 via reversal at bar 1085
2026-05-07 16:40:35,099 - [Tracking] Target HIT: Fan_H55_L55 0.875
2026-05-07 16:40:35,100 - [Tracking] BREACH_CONFIRMED_NO_ALPHA: no pending found for fan=Fan_H55_L55 prev_line=0.5
2026-05-07 16:40:35,100 - [Study] Removing invalidated/excess fan: Fan_L47_H27
2026-05-07 16:40:35,101 - [Study] Removing invalidated/excess fan: Fan_L47_H25
2026-05-07 16:40:35,101 - [Study] Removing invalidated/excess fan: Fan_L47_H24
2026-05-07 16:40:35,199 - [Tracking] Fan validated: Fan_H55_L54 via breach at bar 1087
2026-05-07 16:40:35,207 - [Tracking] Target HIT: Fan_H55_L54 0.875
2026-05-07 16:40:35,207 - [Tracking] BREACH_CONFIRMED_NO_ALPHA: no pending found for fan=Fan_H55_L54 prev_line=0.5
2026-05-07 16:40:35,240 - [Study] Creating new fan: Fan_L56_H55 (P1 (L56-H55))
2026-05-07 16:40:35,243 - [Study] Updating fan priority: Fan_H55_L54 -> P3 (H55-L54)
2026-05-07 16:40:35,243 - [Study] Updating fan priority: Fan_H55_L55 -> P2 (H55-L55)
2026-05-07 16:40:35,290 - [Study] Removing invalidated/excess fan: Fan_H55_L49
2026-05-07 16:40:35,462 - [Tracking] Target HIT: Fan_H55_L55 0.75
2026-05-07 16:40:35,462 - [Tracking] BREACH_CONFIRMED_NO_ALPHA: found pending on Fan_H55_L55_Fan_H55_L55_f0 fraction=0.875 bar=1091 (cross-bar)
2026-05-07 16:40:35,468 - [Tracking] BREACH_CONFIRMED_NO_ALPHA (via target progression): Fan_H55_L55 0.875
2026-05-07 16:40:35,880 - [Tracking] Target HIT: Fan_H55_L54 0.75
2026-05-07 16:40:35,880 - [Tracking] BREACH_CONFIRMED_NO_ALPHA: found pending on Fan_H55_L54_Fan_H55_L54_f0 fraction=0.875 bar=1099 (cross-bar)
2026-05-07 16:40:35,884 - [Tracking] BREACH_CONFIRMED_NO_ALPHA (via target progression): Fan_H55_L54 0.875
2026-05-07 16:40:35,914 - [Study] Creating new fan: Fan_L47_H21 (P3 (L47-H21))
2026-05-07 16:40:35,918 - [Study] Creating new fan: Fan_L47_H24 (P2 (L47-H24))
2026-05-07 16:40:35,921 - [Study] Creating new fan: Fan_L47_H25 (P1 (L47-H25))
2026-05-07 16:40:37,175 - [Study] Removing invalidated/excess fan: Fan_H55_L55
2026-05-07 16:40:37,176 - [Tracking] Target FAILED: Fan_H55_L55 (0.75) - fan invalidated with pending progression
2026-05-07 16:40:37,176 - [Study] Removing invalidated/excess fan: Fan_H55_L54
2026-05-07 16:40:37,176 - [Tracking] Target FAILED: Fan_H55_L54 (0.75) - fan invalidated with pending progression
2026-05-07 16:40:37,176 - [Study] Removing invalidated/excess fan: Fan_L56_H55
2026-05-07 16:40:37,406 - [Study] Creating new fan: Fan_H56_L55 (P2 (H56-L55))
2026-05-07 16:40:37,409 - [Study] Creating new fan: Fan_H56_L54 (P3 (H56-L54))
2026-05-07 16:40:37,412 - [Study] Creating new fan: Fan_H56_L56 (P1 (H56-L56))
2026-05-07 16:40:37,484 - [Tracking] Fan validated: Fan_H56_L54 via reversal at bar 1105
2026-05-07 16:40:37,492 - [Tracking] Target HIT: Fan_H56_L54 0.875
2026-05-07 16:40:37,492 - [Tracking] BREACH_CONFIRMED_NO_ALPHA: no pending found for fan=Fan_H56_L54 prev_line=0.5
2026-05-07 16:40:37,493 - [Study] Removing invalidated/excess fan: Fan_L47_H25
2026-05-07 16:40:37,493 - [Study] Removing invalidated/excess fan: Fan_L47_H24
2026-05-07 16:40:37,493 - [Study] Removing invalidated/excess fan: Fan_L47_H21
2026-05-07 16:40:37,852 - [Tracking] Target HIT: Fan_H56_L54 0.75
2026-05-07 16:40:37,852 - [Tracking] BREACH_CONFIRMED_NO_ALPHA: no pending found for fan=Fan_H56_L54 prev_line=0.875
2026-05-07 16:40:37,883 - [Study] Updating fan priority: Fan_H56_L55 -> P1 (H56-L55)
2026-05-07 16:40:37,884 - [Study] Updating fan priority: Fan_H56_L54 -> P2 (H56-L54)
2026-05-07 16:40:37,884 - [Study] Creating new fan: Fan_H56_L49 (P3 (H56-L49))
2026-05-07 16:40:37,965 - [Study] Removing invalidated/excess fan: Fan_H56_L56
2026-05-07 16:40:38,531 - [Study] Updating fan priority: Fan_H56_L55 -> P2 (H56-L55)
2026-05-07 16:40:38,532 - [Study] Updating fan priority: Fan_H56_L54 -> P3 (H56-L54)
2026-05-07 16:40:38,532 - [Study] Creating new fan: Fan_L57_H56 (P1 (L57-H56))
2026-05-07 16:40:38,612 - [Study] Removing invalidated/excess fan: Fan_H56_L49
2026-05-07 16:40:39,012 - [Study] Creating new fan: Fan_H57_L57 (P1 (H57-L57))
2026-05-07 16:40:39,014 - [Study] Updating fan priority: Fan_H56_L55 -> P3 (H56-L55)
2026-05-07 16:40:39,014 - [Study] Updating fan priority: Fan_L57_H56 -> P2 (L57-H56)
2026-05-07 16:40:39,103 - [Study] Removing invalidated/excess fan: Fan_H56_L54
2026-05-07 16:40:39,103 - [Tracking] Target FAILED: Fan_H56_L54 (0.75) - fan invalidated with pending progression
2026-05-07 16:40:39,137 - [Study] Updating fan priority: Fan_H56_L55 -> P2 (H56-L55)
2026-05-07 16:40:39,137 - [Study] Creating new fan: Fan_H56_L54 (P3 (H56-L54))
2026-05-07 16:40:39,140 - [Study] Updating fan priority: Fan_L57_H56 -> P1 (L57-H56)
2026-05-07 16:40:39,380 - [Study] Removing invalidated/excess fan: Fan_H57_L57
2026-05-07 16:40:39,742 - [Study] Creating new fan: Fan_H58_L57 (P2 (H58-L57))
2026-05-07 16:40:39,746 - [Study] Updating fan priority: Fan_L57_H56 -> P3 (L57-H56)
2026-05-07 16:40:39,746 - [Study] Creating new fan: Fan_H58_L58 (P1 (H58-L58))
2026-05-07 16:40:39,864 - [Study] Removing invalidated/excess fan: Fan_H56_L55
2026-05-07 16:40:39,865 - [Study] Removing invalidated/excess fan: Fan_H56_L54
2026-05-07 16:40:39,899 - [Study] Creating new fan: Fan_H56_L55 (P2 (H56-L55))
2026-05-07 16:40:39,901 - [Study] Creating new fan: Fan_H56_L54 (P3 (H56-L54))
2026-05-07 16:40:39,904 - [Study] Updating fan priority: Fan_L57_H56 -> P1 (L57-H56)
2026-05-07 16:40:40,204 - [Study] Removing invalidated/excess fan: Fan_H58_L58
2026-05-07 16:40:40,204 - [Study] Removing invalidated/excess fan: Fan_H58_L57
2026-05-07 16:40:40,508 - [Study] Creating new fan: Fan_H58_L57 (P2 (H58-L57))
2026-05-07 16:40:40,511 - [Study] Updating fan priority: Fan_L57_H56 -> P3 (L57-H56)
2026-05-07 16:40:40,511 - [Study] Creating new fan: Fan_H58_L58 (P1 (H58-L58))
2026-05-07 16:40:40,585 - [Study] Removing invalidated/excess fan: Fan_H56_L55
2026-05-07 16:40:40,585 - [Study] Removing invalidated/excess fan: Fan_H56_L54
2026-05-07 16:40:40,878 - [Study] Creating new fan: Fan_H56_L55 (P2 (H56-L55))
2026-05-07 16:40:40,881 - [Study] Creating new fan: Fan_H56_L54 (P3 (H56-L54))
2026-05-07 16:40:40,884 - [Study] Updating fan priority: Fan_L57_H56 -> P1 (L57-H56)
2026-05-07 16:40:41,179 - [Study] Removing invalidated/excess fan: Fan_H58_L58
2026-05-07 16:40:41,179 - [Study] Removing invalidated/excess fan: Fan_H58_L57
2026-05-07 16:40:41,569 - [Study] Creating new fan: Fan_L47_H21 (P3 (L47-H21))
2026-05-07 16:40:41,574 - [Study] Creating new fan: Fan_L47_H24 (P2 (L47-H24))
2026-05-07 16:40:41,578 - [Study] Creating new fan: Fan_L47_H25 (P1 (L47-H25))
2026-05-07 16:40:43,160 - [Study] Removing invalidated/excess fan: Fan_L57_H56
2026-05-07 16:40:43,160 - [Study] Removing invalidated/excess fan: Fan_H56_L55
2026-05-07 16:40:43,161 - [Study] Removing invalidated/excess fan: Fan_H56_L54
2026-05-07 16:40:44,121 - [Study] Creating new fan: Fan_H58_L57 (P2 (H58-L57))
2026-05-07 16:40:44,125 - [Study] Creating new fan: Fan_H58_L55 (P3 (H58-L55))
2026-05-07 16:40:44,128 - [Study] Creating new fan: Fan_H58_L58 (P1 (H58-L58))
2026-05-07 16:40:44,197 - [Tracking] Fan validated: Fan_H58_L57 via breach at bar 1170
2026-05-07 16:40:44,198 - [Tracking] Fan validated: Fan_H58_L58 via breach at bar 1170
2026-05-07 16:40:44,205 - [Tracking] Target HIT: Fan_H58_L57 0.875
2026-05-07 16:40:44,205 - [Tracking] BREACH_CONFIRMED_NO_ALPHA: no pending found for fan=Fan_H58_L57 prev_line=0.5
2026-05-07 16:40:44,206 - [Tracking] Target HIT: Fan_H58_L58 0.875
2026-05-07 16:40:44,206 - [Tracking] BREACH_CONFIRMED_NO_ALPHA: no pending found for fan=Fan_H58_L58 prev_line=0.5
2026-05-07 16:40:44,207 - [Study] Removing invalidated/excess fan: Fan_L47_H25
2026-05-07 16:40:44,207 - [Study] Removing invalidated/excess fan: Fan_L47_H24
2026-05-07 16:40:44,207 - [Study] Removing invalidated/excess fan: Fan_L47_H21
2026-05-07 16:40:44,316 - [Study] Creating new fan: Fan_L47_H21 (P3 (L47-H21))
2026-05-07 16:40:44,319 - [Study] Creating new fan: Fan_L47_H24 (P2 (L47-H24))
2026-05-07 16:40:44,322 - [Study] Creating new fan: Fan_L47_H25 (P1 (L47-H25))
2026-05-07 16:40:46,047 - [Study] Removing invalidated/excess fan: Fan_H58_L58
2026-05-07 16:40:46,047 - [Tracking] Target FAILED: Fan_H58_L58 (0.875) - fan invalidated with pending progression
2026-05-07 16:40:46,048 - [Study] Removing invalidated/excess fan: Fan_H58_L57
2026-05-07 16:40:46,048 - [Tracking] Target FAILED: Fan_H58_L57 (0.875) - fan invalidated with pending progression
2026-05-07 16:40:46,048 - [Study] Removing invalidated/excess fan: Fan_H58_L55
2026-05-07 16:40:46,489 - [Study] Creating new fan: Fan_H59_L57 (P2 (H59-L57))
2026-05-07 16:40:46,492 - [Study] Creating new fan: Fan_H59_L55 (P3 (H59-L55))
2026-05-07 16:40:46,495 - [Study] Creating new fan: Fan_H59_L58 (P1 (H59-L58))
2026-05-07 16:40:46,545 - [Study] Removing invalidated/excess fan: Fan_L47_H25
2026-05-07 16:40:46,545 - [Study] Removing invalidated/excess fan: Fan_L47_H24
2026-05-07 16:40:46,546 - [Study] Removing invalidated/excess fan: Fan_L47_H21
2026-05-07 16:40:46,841 - [Study] Creating new fan: Fan_L60_H59 (P1 (L60-H59))
2026-05-07 16:40:46,844 - [Study] Updating fan priority: Fan_H59_L57 -> P3 (H59-L57)
2026-05-07 16:40:46,844 - [Study] Updating fan priority: Fan_H59_L58 -> P2 (H59-L58)
2026-05-07 16:40:46,903 - [Study] Removing invalidated/excess fan: Fan_H59_L55
2026-05-07 16:40:47,102 - [Study] Updating fan priority: Fan_L60_H59 -> P2 (L60-H59)
2026-05-07 16:40:47,102 - [Study] Updating fan priority: Fan_H59_L58 -> P3 (H59-L58)
2026-05-07 16:40:47,102 - [Study] Creating new fan: Fan_H60_L60 (P1 (H60-L60))
2026-05-07 16:40:47,150 - [Study] Removing invalidated/excess fan: Fan_H59_L57
2026-05-07 16:40:47,484 - [Study] Updating fan priority: Fan_L60_H59 -> P1 (L60-H59)
2026-05-07 16:40:47,484 - [Study] Creating new fan: Fan_H59_L57 (P3 (H59-L57))
2026-05-07 16:40:47,487 - [Study] Updating fan priority: Fan_H59_L58 -> P2 (H59-L58)
2026-05-07 16:40:47,626 - [Study] Removing invalidated/excess fan: Fan_H60_L60
2026-05-07 16:40:48,027 - [Study] Updating fan priority: Fan_L60_H59 -> P2 (L60-H59)
2026-05-07 16:40:48,027 - [Study] Creating new fan: Fan_H61_L60 (P1 (H61-L60))
2026-05-07 16:40:48,030 - [Study] Updating fan priority: Fan_H59_L58 -> P3 (H59-L58)
2026-05-07 16:40:48,097 - [Study] Removing invalidated/excess fan: Fan_H59_L57
2026-05-07 16:40:48,135 - [Study] Creating new fan: Fan_H59_L57 (P2 (H59-L57))
2026-05-07 16:40:48,137 - [Study] Creating new fan: Fan_H59_L55 (P3 (H59-L55))
2026-05-07 16:40:48,138 - [Study] Updating fan priority: Fan_H59_L58 -> P1 (H59-L58)
2026-05-07 16:40:48,413 - [Study] Removing invalidated/excess fan: Fan_L60_H59
2026-05-07 16:40:48,414 - [Study] Removing invalidated/excess fan: Fan_H61_L60
2026-05-07 16:40:48,780 - [Study] Creating new fan: Fan_L62_H59 (P2 (L62-H59))
2026-05-07 16:40:48,783 - [Study] Updating fan priority: Fan_H59_L58 -> P3 (H59-L58)
2026-05-07 16:40:48,784 - [Study] Creating new fan: Fan_L62_H61 (P1 (L62-H61))
2026-05-07 16:40:48,861 - [Study] Removing invalidated/excess fan: Fan_H59_L57
2026-05-07 16:40:48,862 - [Study] Removing invalidated/excess fan: Fan_H59_L55
2026-05-07 16:40:49,784 - [Study] Creating new fan: Fan_H62_L62 (P1 (H62-L62))
2026-05-07 16:40:49,786 - [Study] Updating fan priority: Fan_L62_H59 -> P3 (L62-H59)
2026-05-07 16:40:49,786 - [Study] Updating fan priority: Fan_L62_H61 -> P2 (L62-H61)
2026-05-07 16:40:49,862 - [Study] Removing invalidated/excess fan: Fan_H59_L58
2026-05-07 16:40:50,143 - [Study] Creating new fan: Fan_H59_L54 (P2 (H59-L54))
2026-05-07 16:40:50,147 - [Study] Creating new fan: Fan_H59_L55 (P1 (H59-L55))
2026-05-07 16:40:50,149 - [Study] Creating new fan: Fan_H59_L49 (P3 (H59-L49))
2026-05-07 16:40:50,571 - [Study] Removing invalidated/excess fan: Fan_L62_H61
2026-05-07 16:40:50,572 - [Study] Removing invalidated/excess fan: Fan_L62_H59
2026-05-07 16:40:50,572 - [Study] Removing invalidated/excess fan: Fan_H62_L62
2026-05-07 16:40:52,019 - [Study] Creating new fan: Fan_L63_H62 (P1 (L63-H62))
2026-05-07 16:40:52,022 - [Study] Creating new fan: Fan_L63_H61 (P2 (L63-H61))
2026-05-07 16:40:52,025 - [Study] Creating new fan: Fan_L63_H59 (P3 (L63-H59))
2026-05-07 16:40:52,080 - [Tracking] Fan validated: Fan_L63_H59 via breach at bar 1251
2026-05-07 16:40:52,088 - [Tracking] Target HIT: Fan_L63_H59 0.875
2026-05-07 16:40:52,089 - [Tracking] BREACH_CONFIRMED_NO_ALPHA: no pending found for fan=Fan_L63_H59 prev_line=0.5
2026-05-07 16:40:52,089 - [Study] Removing invalidated/excess fan: Fan_H59_L55
2026-05-07 16:40:52,090 - [Study] Removing invalidated/excess fan: Fan_H59_L54
2026-05-07 16:40:52,090 - [Study] Removing invalidated/excess fan: Fan_H59_L49
2026-05-07 16:40:52,200 - [Tracking] Target HIT: Fan_L63_H59 0.75
2026-05-07 16:40:52,201 - [Tracking] BREACH_CONFIRMED_NO_ALPHA: found pending on Fan_L63_H59_Fan_L63_H59_f0 fraction=0.875 bar=1252 (cross-bar)
2026-05-07 16:40:52,205 - [Tracking] BREACH_CONFIRMED_NO_ALPHA (via target progression): Fan_L63_H59 0.875
2026-05-07 16:40:52,703 - [Study] Creating new fan: Fan_H63_L63 (P1 (H63-L63))
2026-05-07 16:40:52,707 - [Study] Updating fan priority: Fan_L63_H61 -> P3 (L63-H61)
2026-05-07 16:40:52,707 - [Study] Updating fan priority: Fan_L63_H62 -> P2 (L63-H62)
2026-05-07 16:40:52,775 - [Study] Removing invalidated/excess fan: Fan_L63_H59
2026-05-07 16:40:52,775 - [Tracking] Target FAILED: Fan_L63_H59 (0.75) - fan invalidated with pending progression
2026-05-07 16:40:53,200 - [Study] Updating fan priority: Fan_H63_L63 -> P2 (H63-L63)
2026-05-07 16:40:53,201 - [Study] Creating new fan: Fan_L64_H63 (P1 (L64-H63))
2026-05-07 16:40:53,203 - [Study] Updating fan priority: Fan_L63_H62 -> P3 (L63-H62)
2026-05-07 16:40:53,281 - [Study] Removing invalidated/excess fan: Fan_L63_H61
2026-05-07 16:40:53,388 - [Study] Updating fan priority: Fan_L63_H62 -> P1 (L63-H62)
2026-05-07 16:40:53,389 - [Study] Creating new fan: Fan_L63_H61 (P2 (L63-H61))
2026-05-07 16:40:53,391 - [Study] Creating new fan: Fan_L63_H59 (P3 (L63-H59))
2026-05-07 16:40:53,571 - [Study] Removing invalidated/excess fan: Fan_H63_L63
2026-05-07 16:40:53,571 - [Study] Removing invalidated/excess fan: Fan_L64_H63
2026-05-07 16:40:54,997 - [Study] Updating fan priority: Fan_L63_H62 -> P3 (L63-H62)
2026-05-07 16:40:54,997 - [Study] Creating new fan: Fan_H64_L63 (P2 (H64-L63))
2026-05-07 16:40:54,999 - [Study] Creating new fan: Fan_H64_L64 (P1 (H64-L64))
2026-05-07 16:40:55,097 - [Study] Removing invalidated/excess fan: Fan_L63_H61
2026-05-07 16:40:55,097 - [Study] Removing invalidated/excess fan: Fan_L63_H59
2026-05-07 16:40:55,668 - [Study] Updating fan priority: Fan_L63_H62 -> P2 (L63-H62)
2026-05-07 16:40:55,669 - [Study] Creating new fan: Fan_L63_H61 (P3 (L63-H61))
2026-05-07 16:40:55,671 - [Study] Updating fan priority: Fan_H64_L63 -> P1 (H64-L63)
2026-05-07 16:40:55,996 - [Study] Removing invalidated/excess fan: Fan_H64_L64
2026-05-07 16:40:56,290 - [Study] Updating fan priority: Fan_L63_H62 -> P3 (L63-H62)
2026-05-07 16:40:56,290 - [Study] Creating new fan: Fan_L65_H64 (P1 (L65-H64))
2026-05-07 16:40:56,293 - [Study] Updating fan priority: Fan_H64_L63 -> P2 (H64-L63)
2026-05-07 16:40:56,359 - [Study] Removing invalidated/excess fan: Fan_L63_H61
2026-05-07 16:40:56,504 - [Study] Updating fan priority: Fan_L63_H62 -> P2 (L63-H62)
2026-05-07 16:40:56,504 - [Study] Creating new fan: Fan_L63_H61 (P3 (L63-H61))
2026-05-07 16:40:56,507 - [Study] Updating fan priority: Fan_H64_L63 -> P1 (H64-L63)
2026-05-07 16:40:56,911 - [Study] Removing invalidated/excess fan: Fan_L65_H64
2026-05-07 16:40:57,203 - [Study] Updating fan priority: Fan_L63_H62 -> P1 (L63-H62)
2026-05-07 16:40:57,203 - [Study] Updating fan priority: Fan_L63_H61 -> P2 (L63-H61)
2026-05-07 16:40:57,204 - [Study] Creating new fan: Fan_L63_H59 (P3 (L63-H59))
2026-05-07 16:40:57,631 - [Study] Removing invalidated/excess fan: Fan_H64_L63
2026-05-07 16:40:57,677 - [Study] Updating fan priority: Fan_L63_H61 -> P1 (L63-H61)
2026-05-07 16:40:57,678 - [Study] Creating new fan: Fan_H59_L55 (P3 (H59-L55))
2026-05-07 16:40:57,682 - [Study] Updating fan priority: Fan_L63_H59 -> P2 (L63-H59)
2026-05-07 16:40:58,554 - [Study] Removing invalidated/excess fan: Fan_L63_H62
2026-05-07 16:40:59,733 - [Study] Creating new fan: Fan_H65_L63 (P2 (H65-L63))
2026-05-07 16:40:59,735 - [Study] Updating fan priority: Fan_L63_H61 -> P3 (L63-H61)
2026-05-07 16:40:59,735 - [Study] Creating new fan: Fan_H65_L65 (P1 (H65-L65))
2026-05-07 16:40:59,813 - [Study] Removing invalidated/excess fan: Fan_L63_H59
2026-05-07 16:40:59,813 - [Study] Removing invalidated/excess fan: Fan_H59_L55
2026-05-07 16:41:00,197 - [Study] Updating fan priority: Fan_H65_L63 -> P1 (H65-L63)
2026-05-07 16:41:00,197 - [Study] Updating fan priority: Fan_L63_H61 -> P2 (L63-H61)
2026-05-07 16:41:00,198 - [Study] Creating new fan: Fan_L63_H59 (P3 (L63-H59))
2026-05-07 16:41:00,847 - [Study] Removing invalidated/excess fan: Fan_H65_L65
2026-05-07 16:41:01,104 - [Study] Creating new fan: Fan_H59_L54 (P1 (H59-L54))
2026-05-07 16:41:01,107 - [Study] Creating new fan: Fan_H59_L48 (P3 (H59-L48))
2026-05-07 16:41:01,111 - [Study] Creating new fan: Fan_H59_L49 (P2 (H59-L49))
2026-05-07 16:41:02,215 - [Study] Removing invalidated/excess fan: Fan_L63_H61
2026-05-07 16:41:02,215 - [Study] Removing invalidated/excess fan: Fan_H65_L63
2026-05-07 16:41:02,216 - [Study] Removing invalidated/excess fan: Fan_L63_H59
2026-05-07 16:41:02,742 - [Study] Creating new fan: Fan_L66_H59 (P3 (L66-H59))
2026-05-07 16:41:02,745 - [Study] Creating new fan: Fan_L66_H61 (P2 (L66-H61))
2026-05-07 16:41:02,748 - [Study] Creating new fan: Fan_L66_H65 (P1 (L66-H65))
2026-05-07 16:41:02,796 - [Study] Removing invalidated/excess fan: Fan_H59_L54
2026-05-07 16:41:02,796 - [Study] Removing invalidated/excess fan: Fan_H59_L49
2026-05-07 16:41:02,796 - [Study] Removing invalidated/excess fan: Fan_H59_L48
2026-05-07 16:41:04,316 - [Study] Updating fan priority: Fan_L66_H61 -> P3 (L66-H61)
2026-05-07 16:41:04,316 - [Study] Creating new fan: Fan_H66_L66 (P1 (H66-L66))
2026-05-07 16:41:04,319 - [Study] Updating fan priority: Fan_L66_H65 -> P2 (L66-H65)
2026-05-07 16:41:04,382 - [Study] Removing invalidated/excess fan: Fan_L66_H59
2026-05-07 16:41:05,705 - [Study] Creating new fan: Fan_L67_H66 (P1 (L67-H66))
2026-05-07 16:41:05,708 - [Study] Updating fan priority: Fan_H66_L66 -> P2 (H66-L66)
2026-05-07 16:41:05,709 - [Study] Updating fan priority: Fan_L66_H65 -> P3 (L66-H65)
2026-05-07 16:41:05,769 - [Study] Removing invalidated/excess fan: Fan_L66_H61
2026-05-07 16:41:05,966 - [Study] Creating new fan: Fan_L66_H61 (P3 (L66-H61))
2026-05-07 16:41:05,970 - [Study] Updating fan priority: Fan_H66_L66 -> P1 (H66-L66)
2026-05-07 16:41:05,970 - [Study] Updating fan priority: Fan_L66_H65 -> P2 (L66-H65)
2026-05-07 16:41:06,362 - [Tracking] Fan validated: Fan_L67_H66 via reversal at bar 1377
2026-05-07 16:41:06,371 - [Tracking] Target HIT: Fan_L67_H66 0.875
2026-05-07 16:41:06,371 - [Tracking] BREACH_CONFIRMED_NO_ALPHA: no pending found for fan=Fan_L67_H66 prev_line=0.5
2026-05-07 16:41:06,371 - [Study] Removing invalidated/excess fan: Fan_L67_H66
2026-05-07 16:41:06,371 - [Tracking] Target FAILED: Fan_L67_H66 (0.875) - fan invalidated with pending progression
2026-05-07 16:41:07,564 - [Study] Creating new fan: Fan_L68_H67 (P1 (L68-H67))
2026-05-07 16:41:07,567 - [Study] Creating new fan: Fan_L68_H66 (P2 (L68-H66))
2026-05-07 16:41:07,570 - [Study] Updating fan priority: Fan_H66_L66 -> P3 (H66-L66)
2026-05-07 16:41:07,684 - [Study] Removing invalidated/excess fan: Fan_L66_H65
2026-05-07 16:41:07,684 - [Study] Removing invalidated/excess fan: Fan_L66_H61
2026-05-07 16:41:08,168 - [Study] Updating fan priority: Fan_L68_H67 -> P2 (L68-H67)
2026-05-07 16:41:08,168 - [Study] Creating new fan: Fan_H68_L68 (P1 (H68-L68))
2026-05-07 16:41:08,171 - [Study] Updating fan priority: Fan_L68_H66 -> P3 (L68-H66)
2026-05-07 16:41:08,300 - [Study] Removing invalidated/excess fan: Fan_H66_L66
2026-05-07 16:41:08,600 - [Study] Updating fan priority: Fan_L68_H66 -> P1 (L68-H66)
2026-05-07 16:41:08,601 - [Study] Creating new fan: Fan_H66_L66 (P2 (H66-L66))
2026-05-07 16:41:08,604 - [Study] Creating new fan: Fan_L66_H65 (P3 (L66-H65))
2026-05-07 16:41:09,167 - [Tracking] Fan validated: Fan_H68_L68 via reversal at bar 1402
2026-05-07 16:41:09,175 - [Tracking] Target HIT: Fan_H68_L68 0.875
2026-05-07 16:41:09,175 - [Tracking] BREACH_CONFIRMED_NO_ALPHA: no pending found for fan=Fan_H68_L68 prev_line=0.5
2026-05-07 16:41:09,176 - [Study] Removing invalidated/excess fan: Fan_L68_H67
2026-05-07 16:41:09,176 - [Study] Removing invalidated/excess fan: Fan_H68_L68
2026-05-07 16:41:09,176 - [Tracking] Target FAILED: Fan_H68_L68 (0.875) - fan invalidated with pending progression
2026-05-07 16:41:09,532 - [Study] Creating new fan: Fan_H69_L68 (P2 (H69-L68))
2026-05-07 16:41:09,535 - [Study] Creating new fan: Fan_H69_L69 (P1 (H69-L69))
2026-05-07 16:41:09,537 - [Study] Updating fan priority: Fan_L68_H66 -> P3 (L68-H66)
2026-05-07 16:41:09,599 - [Study] Removing invalidated/excess fan: Fan_H66_L66
2026-05-07 16:41:09,600 - [Study] Removing invalidated/excess fan: Fan_L66_H65
2026-05-07 16:41:10,725 - [Study] Creating new fan: Fan_L70_H69 (P1 (L70-H69))
2026-05-07 16:41:10,727 - [Study] Updating fan priority: Fan_H69_L68 -> P3 (H69-L68)
2026-05-07 16:41:10,727 - [Study] Updating fan priority: Fan_H69_L69 -> P2 (H69-L69)
2026-05-07 16:41:10,834 - [Study] Removing invalidated/excess fan: Fan_L68_H66
2026-05-07 16:41:10,881 - [Study] Creating new fan: Fan_L66_H59 (P3 (L66-H59))
2026-05-07 16:41:10,884 - [Study] Creating new fan: Fan_L66_H61 (P2 (L66-H61))
2026-05-07 16:41:10,886 - [Study] Creating new fan: Fan_L66_H65 (P1 (L66-H65))
2026-05-07 16:41:11,602 - [Study] Removing invalidated/excess fan: Fan_H69_L69
2026-05-07 16:41:11,603 - [Study] Removing invalidated/excess fan: Fan_H69_L68
2026-05-07 16:41:11,603 - [Study] Removing invalidated/excess fan: Fan_L70_H69
2026-05-07 16:41:11,658 - [Study] Updating fan priority: Fan_L66_H59 -> P2 (L66-H59)
2026-05-07 16:41:11,658 - [Study] Updating fan priority: Fan_L66_H61 -> P1 (L66-H61)
2026-05-07 16:41:11,659 - [Study] Creating new fan: Fan_H59_L54 (P3 (H59-L54))
2026-05-07 16:41:13,322 - [Study] Removing invalidated/excess fan: Fan_L66_H65
2026-05-07 16:41:13,905 - [Study] Creating new fan: Fan_H70_L68 (P3 (H70-L68))
2026-05-07 16:41:13,909 - [Study] Creating new fan: Fan_H70_L70 (P1 (H70-L70))
2026-05-07 16:41:13,912 - [Study] Creating new fan: Fan_H70_L69 (P2 (H70-L69))
2026-05-07 16:41:13,962 - [Study] Removing invalidated/excess fan: Fan_L66_H61
2026-05-07 16:41:13,962 - [Study] Removing invalidated/excess fan: Fan_L66_H59
2026-05-07 16:41:13,962 - [Study] Removing invalidated/excess fan: Fan_H59_L54
2026-05-07 16:41:14,601 - [Study] Creating new fan: Fan_L66_H59 (P1 (L66-H59))
2026-05-07 16:41:14,604 - [Study] Creating new fan: Fan_H59_L54 (P2 (H59-L54))
2026-05-07 16:41:14,608 - [Study] Creating new fan: Fan_H59_L49 (P3 (H59-L49))
2026-05-07 16:41:16,343 - [Tracking] Fan validated: Fan_H70_L68 via touch at bar 1440
2026-05-07 16:41:16,351 - [Tracking] Target HIT: Fan_H70_L68 0.875
2026-05-07 16:41:16,351 - [Tracking] BREACH_CONFIRMED_NO_ALPHA: no pending found for fan=Fan_H70_L68 prev_line=0.5
2026-05-07 16:41:16,352 - [Study] Removing invalidated/excess fan: Fan_H70_L70
2026-05-07 16:41:16,352 - [Study] Removing invalidated/excess fan: Fan_H70_L69
2026-05-07 16:41:16,352 - [Study] Removing invalidated/excess fan: Fan_H70_L68
2026-05-07 16:41:16,352 - [Tracking] Target FAILED: Fan_H70_L68 (0.875) - fan invalidated with pending progression
2026-05-07 16:41:16,682 - [Study] Creating new fan: Fan_H71_L69 (P3 (H71-L69))
2026-05-07 16:41:16,685 - [Study] Creating new fan: Fan_H71_L70 (P2 (H71-L70))
2026-05-07 16:41:16,687 - [Study] Creating new fan: Fan_H71_L71 (P1 (H71-L71))
2026-05-07 16:41:16,798 - [Study] Removing invalidated/excess fan: Fan_L66_H59
2026-05-07 16:41:16,799 - [Study] Removing invalidated/excess fan: Fan_H59_L54
2026-05-07 16:41:16,799 - [Study] Removing invalidated/excess fan: Fan_H59_L49
2026-05-07 16:41:17,047 - [Study] Updating fan priority: Fan_H71_L70 -> P3 (H71-L70)
2026-05-07 16:41:17,048 - [Study] Updating fan priority: Fan_H71_L71 -> P2 (H71-L71)
2026-05-07 16:41:17,048 - [Study] Creating new fan: Fan_L72_H71 (P1 (L72-H71))
2026-05-07 16:41:17,114 - [Study] Removing invalidated/excess fan: Fan_H71_L69
2026-05-07 16:41:17,165 - [Study] Creating new fan: Fan_H71_L69 (P3 (H71-L69))
2026-05-07 16:41:17,167 - [Study] Updating fan priority: Fan_H71_L70 -> P2 (H71-L70)
2026-05-07 16:41:17,168 - [Study] Updating fan priority: Fan_H71_L71 -> P1 (H71-L71)
2026-05-07 16:41:17,257 - [Study] Removing invalidated/excess fan: Fan_L72_H71
2026-05-07 16:41:18,079 - Initialized AngularPriceCoverageStudy v4.0. Config: {'left_bars': 5, 'right_bars': 5, 'line_extension_bars': 100, 'fraction_colors': {0.125: '#FF5252', 0.25: '#FF5252', 0.375: '#FF5252', 0.5: '#2196F3', 0.625: '#4CAF50', 0.75: '#4CAF50', 0.875: '#4CAF50', 1.0: '#FFFFFF'}, 'main_color': '#FFFFFF', 'main_line_width': 1, 'fraction_line_width': 2, 'scale_ratio': 3.6603, 'breach_mode': 'wick', 'show_intersection_labels': False, 'max_historical_fans': 3, 'bounce_threshold_percent': 0.3, 'rejection_lookback_bars': 5, 'rest_required_bars': 3, 'symbol': '^NSEI', 'resolution': '4', 'successive_closes_required': 2, 'run_mode': 'simulation'}
2026-05-07 16:41:18,080 - [Study] First process_bar at index 0. Running initialize_history.
2026-05-07 16:41:18,080 - [Study] initialize_history called with 0 candles
2026-05-07 16:41:18,080 - [Study] Not enough candles for pivot detection
2026-05-07 16:41:18,339 - [Study] Creating new fan: Fan_L1_H1 (P1 (L1-H1))
2026-05-07 16:41:18,517 - [Study] Updating fan priority: Fan_L1_H1 -> P2 (L1-H1)
2026-05-07 16:41:18,517 - [Study] Creating new fan: Fan_H2_L1 (P1 (H2-L1))
2026-05-07 16:41:18,619 - [Study] Removing invalidated/excess fan: Fan_L1_H1
2026-05-07 16:41:18,620 - [Study] Removing invalidated/excess fan: Fan_H2_L1
2026-05-07 16:41:18,673 - [Study] Creating new fan: Fan_L2_H1 (P2 (L2-H1))
2026-05-07 16:41:18,675 - [Study] Creating new fan: Fan_L2_H2 (P1 (L2-H2))
2026-05-07 16:41:18,766 - [Tracking] Fan validated: Fan_L2_H1 via breach at bar 41
2026-05-07 16:41:18,766 - [Tracking] Fan validated: Fan_L2_H2 via breach at bar 41
2026-05-07 16:41:18,774 - [Tracking] Target HIT: Fan_L2_H1 0.875
2026-05-07 16:41:18,774 - [Tracking] BREACH_CONFIRMED_NO_ALPHA: no pending found for fan=Fan_L2_H1 prev_line=0.5
2026-05-07 16:41:18,775 - [Tracking] Target HIT: Fan_L2_H2 0.875
2026-05-07 16:41:18,775 - [Tracking] BREACH_CONFIRMED_NO_ALPHA: no pending found for fan=Fan_L2_H2 prev_line=0.5
2026-05-07 16:41:18,775 - [Study] Removing invalidated/excess fan: Fan_L2_H2
2026-05-07 16:41:18,775 - [Tracking] Target FAILED: Fan_L2_H2 (0.875) - fan invalidated with pending progression
2026-05-07 16:41:18,775 - [Study] Removing invalidated/excess fan: Fan_L2_H1
2026-05-07 16:41:18,776 - [Tracking] Target FAILED: Fan_L2_H1 (0.875) - fan invalidated with pending progression
2026-05-07 16:41:18,884 - [Study] Creating new fan: Fan_L2_H1 (P2 (L2-H1))
2026-05-07 16:41:18,887 - [Study] Creating new fan: Fan_L2_H2 (P1 (L2-H2))
2026-05-07 16:41:18,967 - [Tracking] Fan validated: Fan_L2_H1 via breach at bar 55
2026-05-07 16:41:18,967 - [Tracking] Fan validated: Fan_L2_H2 via breach at bar 55
2026-05-07 16:41:18,975 - [Tracking] Target HIT: Fan_L2_H1 0.875
2026-05-07 16:41:18,975 - [Tracking] BREACH_CONFIRMED_NO_ALPHA: no pending found for fan=Fan_L2_H1 prev_line=0.5
2026-05-07 16:41:18,975 - [Tracking] Target HIT: Fan_L2_H2 0.875
2026-05-07 16:41:18,976 - [Tracking] BREACH_CONFIRMED_NO_ALPHA: no pending found for fan=Fan_L2_H2 prev_line=0.5
2026-05-07 16:41:19,050 - [Study] Creating new fan: Fan_H3_L2 (P1 (H3-L2))
2026-05-07 16:41:19,052 - [Study] Updating fan priority: Fan_L2_H1 -> P3 (L2-H1)
2026-05-07 16:41:19,052 - [Study] Updating fan priority: Fan_L2_H2 -> P2 (L2-H2)
2026-05-07 16:41:19,175 - [Tracking] Target HIT: Fan_L2_H1 0.75
2026-05-07 16:41:19,175 - [Tracking] BREACH_CONFIRMED_NO_ALPHA: no pending found for fan=Fan_L2_H1 prev_line=0.875
2026-05-07 16:41:19,175 - [Tracking] Target HIT: Fan_L2_H2 0.75
2026-05-07 16:41:19,176 - [Tracking] BREACH_CONFIRMED_NO_ALPHA: no pending found for fan=Fan_L2_H2 prev_line=0.875
2026-05-07 16:41:19,179 - [Study] Updating fan priority: Fan_H3_L2 -> P2 (H3-L2)
2026-05-07 16:41:19,179 - [Study] Updating fan priority: Fan_L2_H2 -> P3 (L2-H2)
2026-05-07 16:41:19,179 - [Study] Creating new fan: Fan_L3_H3 (P1 (L3-H3))
2026-05-07 16:41:19,294 - [Study] Removing invalidated/excess fan: Fan_L2_H1
2026-05-07 16:41:19,294 - [Tracking] Target FAILED: Fan_L2_H1 (0.75) - fan invalidated with pending progression
2026-05-07 16:41:19,297 - [Study] Creating new fan: Fan_L2_H1 (P2 (L2-H1))
2026-05-07 16:41:19,299 - [Study] Updating fan priority: Fan_L2_H2 -> P1 (L2-H2)
2026-05-07 16:41:19,408 - [Study] Removing invalidated/excess fan: Fan_H3_L2
2026-05-07 16:41:19,409 - [Study] Removing invalidated/excess fan: Fan_L3_H3
2026-05-07 16:41:19,486 - [Tracking] Fan validated: Fan_L2_H1 via reversal at bar 65
2026-05-07 16:41:19,494 - [Tracking] Target HIT: Fan_L2_H1 0.875
2026-05-07 16:41:19,494 - [Tracking] BREACH_CONFIRMED_NO_ALPHA: no pending found for fan=Fan_L2_H1 prev_line=0.5
2026-05-07 16:41:19,494 - [Study] Removing invalidated/excess fan: Fan_L2_H2
2026-05-07 16:41:19,494 - [Tracking] Target FAILED: Fan_L2_H2 (0.75) - fan invalidated with pending progression
2026-05-07 16:41:19,495 - [Study] Removing invalidated/excess fan: Fan_L2_H1
2026-05-07 16:41:19,495 - [Tracking] Target FAILED: Fan_L2_H1 (0.875) - fan invalidated with pending progression
2026-05-07 16:41:19,564 - [Study] Creating new fan: Fan_L4_H4 (P1 (L4-H4))
2026-05-07 16:41:19,568 - [Study] Creating new fan: Fan_L4_H1 (P3 (L4-H1))
2026-05-07 16:41:19,570 - [Study] Creating new fan: Fan_L4_H2 (P2 (L4-H2))
2026-05-07 16:41:19,744 - [Study] Updating fan priority: Fan_L4_H4 -> P2 (L4-H4)
2026-05-07 16:41:19,744 - [Study] Updating fan priority: Fan_L4_H2 -> P3 (L4-H2)
2026-05-07 16:41:19,744 - [Study] Creating new fan: Fan_H5_L4 (P1 (H5-L4))
2026-05-07 16:41:19,839 - [Study] Removing invalidated/excess fan: Fan_L4_H1
2026-05-07 16:41:19,992 - [Study] Updating fan priority: Fan_L4_H4 -> P1 (L4-H4)
2026-05-07 16:41:19,992 - [Study] Creating new fan: Fan_L4_H1 (P3 (L4-H1))
2026-05-07 16:41:19,994 - [Study] Updating fan priority: Fan_L4_H2 -> P2 (L4-H2)
2026-05-07 16:41:20,109 - [Study] Removing invalidated/excess fan: Fan_H5_L4
2026-05-07 16:41:20,466 - [Study] Removing invalidated/excess fan: Fan_L4_H4
2026-05-07 16:41:20,467 - [Study] Removing invalidated/excess fan: Fan_L4_H2
2026-05-07 16:41:20,467 - [Study] Removing invalidated/excess fan: Fan_L4_H1
2026-05-07 16:41:20,507 - [Study] Creating new fan: Fan_L6_H2 (P1 (L6-H2))
2026-05-07 16:41:20,509 - [Study] Creating new fan: Fan_L6_H1 (P2 (L6-H1))
2026-05-07 16:41:20,818 - [Study] Updating fan priority: Fan_L6_H1 -> P1 (L6-H1)
2026-05-07 16:41:20,827 - [Study] Removing invalidated/excess fan: Fan_L6_H2
2026-05-07 16:41:20,850 - [Study] Removing invalidated/excess fan: Fan_L6_H1
2026-05-07 16:41:20,956 - [Study] Creating new fan: Fan_H7_L6 (P1 (H7-L6))
2026-05-07 16:41:21,031 - [Study] Removing invalidated/excess fan: Fan_H7_L6
2026-05-07 16:41:21,072 - [Study] Creating new fan: Fan_H8_L7 (P1 (H8-L7))
2026-05-07 16:41:21,075 - [Study] Creating new fan: Fan_H8_L6 (P2 (H8-L6))
2026-05-07 16:41:21,278 - [Study] Creating new fan: Fan_L8_H8 (P1 (L8-H8))
2026-05-07 16:41:21,280 - [Study] Updating fan priority: Fan_H8_L7 -> P2 (H8-L7)
2026-05-07 16:41:21,280 - [Study] Updating fan priority: Fan_H8_L6 -> P3 (H8-L6)
2026-05-07 16:41:21,417 - [Tracking] Fan validated: Fan_H8_L6 via reversal at bar 133
2026-05-07 16:41:21,424 - [Tracking] Target HIT: Fan_H8_L6 0.875
2026-05-07 16:41:21,424 - [Tracking] BREACH_CONFIRMED_NO_ALPHA: no pending found for fan=Fan_H8_L6 prev_line=0.5
2026-05-07 16:41:21,657 - [Study] Removing invalidated/excess fan: Fan_H8_L7
2026-05-07 16:41:21,657 - [Study] Removing invalidated/excess fan: Fan_H8_L6
2026-05-07 16:41:21,657 - [Tracking] Target FAILED: Fan_H8_L6 (0.875) - fan invalidated with pending progression
2026-05-07 16:41:21,658 - [Study] Removing invalidated/excess fan: Fan_L8_H8
2026-05-07 16:41:21,777 - [Study] Creating new fan: Fan_H9_L7 (P2 (H9-L7))
2026-05-07 16:41:21,780 - [Study] Creating new fan: Fan_H9_L6 (P3 (H9-L6))
2026-05-07 16:41:21,782 - [Study] Creating new fan: Fan_H9_L8 (P1 (H9-L8))
2026-05-07 16:41:21,962 - [Study] Removing invalidated/excess fan: Fan_H9_L8
2026-05-07 16:41:21,963 - [Study] Removing invalidated/excess fan: Fan_H9_L7
2026-05-07 16:41:21,963 - [Study] Removing invalidated/excess fan: Fan_H9_L6
2026-05-07 16:41:22,007 - [Study] Creating new fan: Fan_H9_L7 (P2 (H9-L7))
2026-05-07 16:41:22,009 - [Study] Creating new fan: Fan_H9_L6 (P3 (H9-L6))
2026-05-07 16:41:22,011 - [Study] Creating new fan: Fan_H9_L8 (P1 (H9-L8))
2026-05-07 16:41:22,212 - [Tracking] Fan validated: Fan_H9_L6 via breach at bar 160
2026-05-07 16:41:22,219 - [Tracking] Target HIT: Fan_H9_L6 0.875
2026-05-07 16:41:22,219 - [Tracking] BREACH_CONFIRMED_NO_ALPHA: no pending found for fan=Fan_H9_L6 prev_line=0.5
2026-05-07 16:41:22,251 - [Study] Updating fan priority: Fan_H9_L7 -> P1 (H9-L7)
2026-05-07 16:41:22,252 - [Study] Updating fan priority: Fan_H9_L6 -> P2 (H9-L6)
2026-05-07 16:41:22,261 - [Study] Removing invalidated/excess fan: Fan_H9_L8
2026-05-07 16:41:22,345 - [Study] Updating fan priority: Fan_H9_L6 -> P1 (H9-L6)
2026-05-07 16:41:22,360 - [Study] Removing invalidated/excess fan: Fan_H9_L7
2026-05-07 16:41:22,403 - [Tracking] Target HIT: Fan_H9_L6 0.75
2026-05-07 16:41:22,404 - [Tracking] BREACH_CONFIRMED_NO_ALPHA: no pending found for fan=Fan_H9_L6 prev_line=0.875
2026-05-07 16:41:22,530 - [Study] Creating new fan: Fan_L9_H9 (P1 (L9-H9))
2026-05-07 16:41:22,533 - [Study] Updating fan priority: Fan_H9_L6 -> P2 (H9-L6)
2026-05-07 16:41:22,584 - [Tracking] Fan validated: Fan_L9_H9 via reversal at bar 177
2026-05-07 16:41:22,592 - [Tracking] Target HIT: Fan_L9_H9 0.875
2026-05-07 16:41:22,592 - [Tracking] BREACH_CONFIRMED_NO_ALPHA: no pending found for fan=Fan_L9_H9 prev_line=0.5
2026-05-07 16:41:22,637 - [Study] Updating fan priority: Fan_H9_L6 -> P3 (H9-L6)
2026-05-07 16:41:22,638 - [Study] Updating fan priority: Fan_L9_H9 -> P2 (L9-H9)
2026-05-07 16:41:22,638 - [Study] Creating new fan: Fan_H10_L9 (P1 (H10-L9))
2026-05-07 16:41:22,742 - [Study] Updating fan priority: Fan_H9_L6 -> P1 (H9-L6)
2026-05-07 16:41:22,785 - [Study] Removing invalidated/excess fan: Fan_L9_H9
2026-05-07 16:41:22,785 - [Tracking] Target FAILED: Fan_L9_H9 (0.875) - fan invalidated with pending progression
2026-05-07 16:41:22,785 - [Study] Removing invalidated/excess fan: Fan_H10_L9
2026-05-07 16:41:22,840 - [Tracking] Target HIT: Fan_H9_L6 0.5
2026-05-07 16:41:22,840 - [Tracking] BREACH_CONFIRMED_NO_ALPHA: no pending found for fan=Fan_H9_L6 prev_line=0.75
2026-05-07 16:41:22,959 - [Tracking] Target HIT: Fan_H9_L6 0.25
2026-05-07 16:41:22,959 - [Tracking] BREACH_CONFIRMED_NO_ALPHA: no pending found for fan=Fan_H9_L6 prev_line=0.5
2026-05-07 16:41:22,959 - [Tracking] Target HIT: Fan_H9_L6 horizontal
2026-05-07 16:41:22,960 - [Tracking] BREACH_CONFIRMED_NO_ALPHA: no pending found for fan=Fan_H9_L6 prev_line=0.5
2026-05-07 16:41:22,960 - [Study] Removing invalidated/excess fan: Fan_H9_L6
2026-05-07 16:41:22,960 - [Tracking] Target HIT: Fan_H9_L6 reached full_coverage!
2026-05-07 16:41:23,039 - [Study] Creating new fan: Fan_L10_H10 (P1 (L10-H10))
2026-05-07 16:41:23,042 - [Study] Creating new fan: Fan_L10_H9 (P2 (L10-H9))
2026-05-07 16:41:23,127 - [Study] Removing invalidated/excess fan: Fan_L10_H10
2026-05-07 16:41:23,127 - [Study] Removing invalidated/excess fan: Fan_L10_H9
2026-05-07 16:41:23,218 - [Study] Creating new fan: Fan_L11_H9 (P3 (L11-H9))
2026-05-07 16:41:23,220 - [Study] Creating new fan: Fan_L11_H11 (P1 (L11-H11))
2026-05-07 16:41:23,222 - [Study] Creating new fan: Fan_L11_H10 (P2 (L11-H10))
2026-05-07 16:41:23,279 - [Tracking] Fan validated: Fan_L11_H11 via touch at bar 208
2026-05-07 16:41:23,288 - [Tracking] Target HIT: Fan_L11_H11 0.875
2026-05-07 16:41:23,288 - [Tracking] BREACH_CONFIRMED_NO_ALPHA: no pending found for fan=Fan_L11_H11 prev_line=0.5
2026-05-07 16:41:23,359 - [Study] Removing invalidated/excess fan: Fan_L11_H11
2026-05-07 16:41:23,359 - [Tracking] Target FAILED: Fan_L11_H11 (0.875) - fan invalidated with pending progression
2026-05-07 16:41:23,360 - [Study] Removing invalidated/excess fan: Fan_L11_H10
2026-05-07 16:41:23,360 - [Study] Removing invalidated/excess fan: Fan_L11_H9
2026-05-07 16:41:23,468 - [Study] Creating new fan: Fan_L12_H12 (P1 (L12-H12))
2026-05-07 16:41:23,471 - [Study] Creating new fan: Fan_L12_H10 (P3 (L12-H10))
2026-05-07 16:41:23,473 - [Study] Creating new fan: Fan_L12_H11 (P2 (L12-H11))
2026-05-07 16:41:23,826 - [Study] Updating fan priority: Fan_L12_H12 -> P2 (L12-H12)
2026-05-07 16:41:23,827 - [Study] Creating new fan: Fan_H13_L12 (P1 (H13-L12))
2026-05-07 16:41:23,829 - [Study] Updating fan priority: Fan_L12_H11 -> P3 (L12-H11)
2026-05-07 16:41:23,909 - [Study] Removing invalidated/excess fan: Fan_L12_H10
2026-05-07 16:41:23,964 - [Study] Creating new fan: Fan_L12_H9 (P3 (L12-H9))
2026-05-07 16:41:23,966 - [Study] Creating new fan: Fan_L12_H10 (P2 (L12-H10))
2026-05-07 16:41:23,968 - [Study] Updating fan priority: Fan_L12_H11 -> P1 (L12-H11)
2026-05-07 16:41:24,113 - [Study] Removing invalidated/excess fan: Fan_L12_H12
2026-05-07 16:41:24,114 - [Study] Removing invalidated/excess fan: Fan_H13_L12
2026-05-07 16:41:24,155 - [Tracking] Fan validated: Fan_L12_H10 via reversal at bar 231
2026-05-07 16:41:24,163 - [Tracking] Target HIT: Fan_L12_H10 0.875
2026-05-07 16:41:24,163 - [Tracking] BREACH_CONFIRMED_NO_ALPHA: no pending found for fan=Fan_L12_H10 prev_line=0.5
2026-05-07 16:41:24,205 - [Tracking] Fan validated: Fan_L12_H9 via breach at bar 232
2026-05-07 16:41:24,213 - [Tracking] Target HIT: Fan_L12_H9 0.875
2026-05-07 16:41:24,213 - [Tracking] BREACH_CONFIRMED_NO_ALPHA: no pending found for fan=Fan_L12_H9 prev_line=0.5
2026-05-07 16:41:24,575 - [Tracking] Target HIT: Fan_L12_H10 0.75
2026-05-07 16:41:24,575 - [Tracking] BREACH_CONFIRMED_NO_ALPHA: no pending found for fan=Fan_L12_H10 prev_line=0.875
2026-05-07 16:41:24,654 - [Tracking] Target HIT: Fan_L12_H9 0.75
2026-05-07 16:41:24,655 - [Tracking] BREACH_CONFIRMED_NO_ALPHA: no pending found for fan=Fan_L12_H9 prev_line=0.875
2026-05-07 16:41:24,740 - [Study] Updating fan priority: Fan_L12_H9 -> P2 (L12-H9)
2026-05-07 16:41:24,740 - [Study] Updating fan priority: Fan_L12_H10 -> P1 (L12-H10)
2026-05-07 16:41:24,750 - [Study] Removing invalidated/excess fan: Fan_L12_H11
2026-05-07 16:41:24,848 - [Tracking] Target HIT: Fan_L12_H10 0.5
2026-05-07 16:41:24,848 - [Tracking] BREACH_CONFIRMED_NO_ALPHA: no pending found for fan=Fan_L12_H10 prev_line=0.75
2026-05-07 16:41:24,981 - [Study] Updating fan priority: Fan_L12_H9 -> P3 (L12-H9)
2026-05-07 16:41:24,982 - [Study] Creating new fan: Fan_H13_L12 (P1 (H13-L12))
2026-05-07 16:41:24,984 - [Study] Updating fan priority: Fan_L12_H10 -> P2 (L12-H10)
2026-05-07 16:41:25,053 - [Tracking] Fan validated: Fan_H13_L12 via breach at bar 263
2026-05-07 16:41:25,061 - [Tracking] Target HIT: Fan_H13_L12 0.875
2026-05-07 16:41:25,062 - [Tracking] BREACH_CONFIRMED_NO_ALPHA: no pending found for fan=Fan_H13_L12 prev_line=0.5
2026-05-07 16:41:25,209 - [Study] Updating fan priority: Fan_L12_H9 -> P2 (L12-H9)
2026-05-07 16:41:25,210 - [Study] Updating fan priority: Fan_L12_H10 -> P1 (L12-H10)
2026-05-07 16:41:25,252 - [Tracking] Target HIT: Fan_L12_H9 0.5
2026-05-07 16:41:25,252 - [Tracking] BREACH_CONFIRMED_NO_ALPHA: no pending found for fan=Fan_L12_H9 prev_line=0.75
2026-05-07 16:41:25,252 - [Study] Removing invalidated/excess fan: Fan_H13_L12
2026-05-07 16:41:25,252 - [Tracking] Target FAILED: Fan_H13_L12 (0.875) - fan invalidated with pending progression
2026-05-07 16:41:25,360 - [Study] Creating new fan: Fan_H14_L12 (P2 (H14-L12))
2026-05-07 16:41:25,362 - [Study] Updating fan priority: Fan_L12_H10 -> P3 (L12-H10)
2026-05-07 16:41:25,362 - [Study] Creating new fan: Fan_H14_L13 (P1 (H14-L13))
2026-05-07 16:41:25,473 - [Study] Removing invalidated/excess fan: Fan_L12_H9
2026-05-07 16:41:25,474 - [Tracking] Target FAILED: Fan_L12_H9 (0.5) - fan invalidated with pending progression
2026-05-07 16:41:25,479 - [Study] Creating new fan: Fan_L12_H9 (P3 (L12-H9))
2026-05-07 16:41:25,483 - [Study] Updating fan priority: Fan_L12_H10 -> P2 (L12-H10)
2026-05-07 16:41:25,484 - [Study] Updating fan priority: Fan_H14_L12 -> P1 (H14-L12)
2026-05-07 16:41:25,959 - [Study] Removing invalidated/excess fan: Fan_H14_L13
2026-05-07 16:41:26,134 - [Study] Updating fan priority: Fan_L12_H9 -> P1 (L12-H9)
2026-05-07 16:41:26,223 - [Tracking] Fan validated: Fan_H14_L12 via touch at bar 282
2026-05-07 16:41:26,231 - [Tracking] Target HIT: Fan_H14_L12 0.875
2026-05-07 16:41:26,231 - [Tracking] BREACH_CONFIRMED_NO_ALPHA: no pending found for fan=Fan_H14_L12 prev_line=0.5
2026-05-07 16:41:26,232 - [Tracking] Target HIT: Fan_L12_H10 0.25
2026-05-07 16:41:26,232 - [Tracking] BREACH_CONFIRMED_NO_ALPHA: no pending found for fan=Fan_L12_H10 prev_line=0.5
2026-05-07 16:41:26,232 - [Tracking] Target HIT: Fan_L12_H10 horizontal
2026-05-07 16:41:26,232 - [Tracking] BREACH_CONFIRMED_NO_ALPHA: no pending found for fan=Fan_L12_H10 prev_line=0.5
2026-05-07 16:41:26,233 - [Study] Removing invalidated/excess fan: Fan_L12_H10
2026-05-07 16:41:26,233 - [Tracking] Target HIT: Fan_L12_H10 reached full_coverage!
2026-05-07 16:41:26,233 - [Study] Removing invalidated/excess fan: Fan_H14_L12
2026-05-07 16:41:26,233 - [Tracking] Target FAILED: Fan_H14_L12 (0.875) - fan invalidated with pending progression
2026-05-07 16:41:26,469 - [Study] Creating new fan: Fan_H15_L12 (P2 (H15-L12))
2026-05-07 16:41:26,471 - [Study] Updating fan priority: Fan_L12_H9 -> P3 (L12-H9)
2026-05-07 16:41:26,472 - [Study] Creating new fan: Fan_H15_L14 (P1 (H15-L14))
2026-05-07 16:41:26,640 - [Tracking] Fan validated: Fan_H15_L12 via breach at bar 296
2026-05-07 16:41:26,640 - [Tracking] Fan validated: Fan_H15_L14 via breach at bar 296
2026-05-07 16:41:26,649 - [Tracking] Target HIT: Fan_H15_L12 0.875
2026-05-07 16:41:26,650 - [Tracking] BREACH_CONFIRMED_NO_ALPHA: no pending found for fan=Fan_H15_L12 prev_line=0.5
2026-05-07 16:41:26,650 - [Tracking] Target HIT: Fan_H15_L14 0.875
2026-05-07 16:41:26,650 - [Tracking] BREACH_CONFIRMED_NO_ALPHA: no pending found for fan=Fan_H15_L14 prev_line=0.5
2026-05-07 16:41:26,894 - [Study] Updating fan priority: Fan_H15_L12 -> P3 (H15-L12)
2026-05-07 16:41:26,895 - [Study] Updating fan priority: Fan_H15_L14 -> P2 (H15-L14)
2026-05-07 16:41:26,895 - [Study] Creating new fan: Fan_L15_H15 (P1 (L15-H15))
2026-05-07 16:41:26,943 - [Study] Removing invalidated/excess fan: Fan_L12_H9
2026-05-07 16:41:27,072 - [Tracking] Target HIT: Fan_H15_L14 0.75
2026-05-07 16:41:27,072 - [Tracking] BREACH_CONFIRMED_NO_ALPHA: no pending found for fan=Fan_H15_L14 prev_line=0.875
2026-05-07 16:41:27,097 - [Study] Creating new fan: Fan_H16_L15 (P1 (H16-L15))
2026-05-07 16:41:27,099 - [Study] Updating fan priority: Fan_H15_L14 -> P3 (H15-L14)
2026-05-07 16:41:27,100 - [Study] Updating fan priority: Fan_L15_H15 -> P2 (L15-H15)
2026-05-07 16:41:27,161 - [Study] Removing invalidated/excess fan: Fan_H15_L12
2026-05-07 16:41:27,161 - [Tracking] Target FAILED: Fan_H15_L12 (0.875) - fan invalidated with pending progression
2026-05-07 16:41:27,215 - [Study] Creating new fan: Fan_H15_L12 (P3 (H15-L12))
2026-05-07 16:41:27,218 - [Study] Updating fan priority: Fan_H15_L14 -> P2 (H15-L14)
2026-05-07 16:41:27,218 - [Study] Updating fan priority: Fan_L15_H15 -> P1 (L15-H15)
2026-05-07 16:41:27,381 - [Study] Removing invalidated/excess fan: Fan_H16_L15
2026-05-07 16:41:27,493 - [Study] Creating new fan: Fan_H17_L15 (P2 (H17-L15))
2026-05-07 16:41:27,496 - [Study] Creating new fan: Fan_H17_L16 (P1 (H17-L16))
2026-05-07 16:41:27,499 - [Study] Updating fan priority: Fan_L15_H15 -> P3 (L15-H15)
2026-05-07 16:41:27,563 - [Study] Removing invalidated/excess fan: Fan_H15_L14
2026-05-07 16:41:27,564 - [Tracking] Target FAILED: Fan_H15_L14 (0.75) - fan invalidated with pending progression
2026-05-07 16:41:27,564 - [Study] Removing invalidated/excess fan: Fan_H15_L12
2026-05-07 16:41:27,571 - [Study] Creating new fan: Fan_H15_L12 (P3 (H15-L12))
2026-05-07 16:41:27,573 - [Study] Creating new fan: Fan_H15_L14 (P2 (H15-L14))
2026-05-07 16:41:27,576 - [Study] Updating fan priority: Fan_L15_H15 -> P1 (L15-H15)
2026-05-07 16:41:27,800 - [Study] Removing invalidated/excess fan: Fan_H17_L16
2026-05-07 16:41:27,801 - [Study] Removing invalidated/excess fan: Fan_H17_L15
2026-05-07 16:41:27,949 - [Study] Creating new fan: Fan_H17_L15 (P1 (H17-L15))
2026-05-07 16:41:27,952 - [Study] Updating fan priority: Fan_H15_L14 -> P3 (H15-L14)
2026-05-07 16:41:27,952 - [Study] Updating fan priority: Fan_L15_H15 -> P2 (L15-H15)
2026-05-07 16:41:28,046 - [Study] Removing invalidated/excess fan: Fan_H15_L12
2026-05-07 16:41:28,054 - [Study] Creating new fan: Fan_H15_L12 (P2 (H15-L12))
2026-05-07 16:41:28,057 - [Study] Creating new fan: Fan_L12_H9 (P3 (L12-H9))
2026-05-07 16:41:28,059 - [Study] Updating fan priority: Fan_H15_L14 -> P1 (H15-L14)
2026-05-07 16:41:28,820 - [Study] Removing invalidated/excess fan: Fan_L15_H15
2026-05-07 16:41:28,820 - [Study] Removing invalidated/excess fan: Fan_H17_L15
2026-05-07 16:41:29,175 - [Study] Creating new fan: Fan_L17_H15 (P2 (L17-H15))
2026-05-07 16:41:29,178 - [Study] Updating fan priority: Fan_H15_L14 -> P3 (H15-L14)
2026-05-07 16:41:29,178 - [Study] Creating new fan: Fan_L17_H17 (P1 (L17-H17))
2026-05-07 16:41:29,254 - [Tracking] Fan validated: Fan_L17_H15 via breach at bar 340
2026-05-07 16:41:29,255 - [Tracking] Fan validated: Fan_L17_H17 via breach at bar 340
2026-05-07 16:41:29,263 - [Tracking] Target HIT: Fan_L17_H15 0.875
2026-05-07 16:41:29,263 - [Tracking] BREACH_CONFIRMED_NO_ALPHA: no pending found for fan=Fan_L17_H15 prev_line=0.5
2026-05-07 16:41:29,263 - [Tracking] Target HIT: Fan_L17_H17 0.875
2026-05-07 16:41:29,263 - [Tracking] BREACH_CONFIRMED_NO_ALPHA: no pending found for fan=Fan_L17_H17 prev_line=0.5
2026-05-07 16:41:29,264 - [Study] Removing invalidated/excess fan: Fan_H15_L12
2026-05-07 16:41:29,264 - [Study] Removing invalidated/excess fan: Fan_L12_H9
2026-05-07 16:41:29,288 - [Study] Creating new fan: Fan_H15_L12 (P2 (H15-L12))
2026-05-07 16:41:29,291 - [Study] Creating new fan: Fan_L12_H9 (P3 (L12-H9))
2026-05-07 16:41:29,294 - [Study] Updating fan priority: Fan_H15_L14 -> P1 (H15-L14)
2026-05-07 16:41:30,157 - [Study] Removing invalidated/excess fan: Fan_L17_H17
2026-05-07 16:41:30,157 - [Tracking] Target FAILED: Fan_L17_H17 (0.875) - fan invalidated with pending progression
2026-05-07 16:41:30,158 - [Study] Removing invalidated/excess fan: Fan_L17_H15
2026-05-07 16:41:30,158 - [Tracking] Target FAILED: Fan_L17_H15 (0.875) - fan invalidated with pending progression
2026-05-07 16:41:30,399 - [Study] Creating new fan: Fan_L18_H17 (P2 (L18-H17))
2026-05-07 16:41:30,403 - [Study] Creating new fan: Fan_L18_H15 (P3 (L18-H15))
2026-05-07 16:41:30,405 - [Study] Creating new fan: Fan_L18_H18 (P1 (L18-H18))
2026-05-07 16:41:30,506 - [Study] Removing invalidated/excess fan: Fan_H15_L14
2026-05-07 16:41:30,506 - [Study] Removing invalidated/excess fan: Fan_H15_L12
2026-05-07 16:41:30,506 - [Study] Removing invalidated/excess fan: Fan_L12_H9
2026-05-07 16:41:30,841 - [Study] Creating new fan: Fan_H15_L14 (P3 (H15-L14))
2026-05-07 16:41:30,844 - [Study] Updating fan priority: Fan_L18_H15 -> P2 (L18-H15)
2026-05-07 16:41:30,844 - [Study] Updating fan priority: Fan_L18_H17 -> P1 (L18-H17)
2026-05-07 16:41:31,331 - [Study] Removing invalidated/excess fan: Fan_L18_H18
2026-05-07 16:41:31,422 - [Study] Creating new fan: Fan_H19_L18 (P1 (H19-L18))
2026-05-07 16:41:31,425 - [Study] Updating fan priority: Fan_L18_H15 -> P3 (L18-H15)
2026-05-07 16:41:31,425 - [Study] Updating fan priority: Fan_L18_H17 -> P2 (L18-H17)
2026-05-07 16:41:31,510 - [Study] Removing invalidated/excess fan: Fan_H15_L14
2026-05-07 16:41:31,645 - [Study] Creating new fan: Fan_L19_H19 (P1 (L19-H19))
2026-05-07 16:41:31,647 - [Study] Updating fan priority: Fan_H19_L18 -> P2 (H19-L18)
2026-05-07 16:41:31,647 - [Study] Updating fan priority: Fan_L18_H17 -> P3 (L18-H17)
2026-05-07 16:41:31,727 - [Study] Removing invalidated/excess fan: Fan_L18_H15
2026-05-07 16:41:31,997 - [Study] Creating new fan: Fan_H15_L12 (P1 (H15-L12))
2026-05-07 16:41:31,999 - [Study] Creating new fan: Fan_L12_H9 (P2 (L12-H9))
2026-05-07 16:41:33,211 - [Tracking] Fan validated: Fan_L19_H19 via reversal at bar 376
2026-05-07 16:41:33,220 - [Tracking] Target HIT: Fan_L19_H19 0.875
2026-05-07 16:41:33,221 - [Tracking] BREACH_CONFIRMED_NO_ALPHA: no pending found for fan=Fan_L19_H19 prev_line=0.5
2026-05-07 16:41:33,221 - [Study] Removing invalidated/excess fan: Fan_L18_H17
2026-05-07 16:41:33,221 - [Study] Removing invalidated/excess fan: Fan_H19_L18
2026-05-07 16:41:33,222 - [Study] Removing invalidated/excess fan: Fan_L19_H19
2026-05-07 16:41:33,222 - [Tracking] Target FAILED: Fan_L19_H19 (0.875) - fan invalidated with pending progression
2026-05-07 16:41:33,303 - [Study] Creating new fan: Fan_L20_H19 (P2 (L20-H19))
2026-05-07 16:41:33,306 - [Study] Creating new fan: Fan_L20_H17 (P3 (L20-H17))
2026-05-07 16:41:33,308 - [Study] Creating new fan: Fan_L20_H20 (P1 (L20-H20))
2026-05-07 16:41:33,391 - [Study] Removing invalidated/excess fan: Fan_H15_L12
2026-05-07 16:41:33,392 - [Study] Removing invalidated/excess fan: Fan_L12_H9
2026-05-07 16:41:33,956 - [Study] Creating new fan: Fan_H15_L12 (P1 (H15-L12))
2026-05-07 16:41:33,959 - [Study] Creating new fan: Fan_L12_H9 (P2 (L12-H9))
2026-05-07 16:41:35,142 - [Study] Removing invalidated/excess fan: Fan_L20_H20
2026-05-07 16:41:35,143 - [Study] Removing invalidated/excess fan: Fan_L20_H19
2026-05-07 16:41:35,143 - [Study] Removing invalidated/excess fan: Fan_L20_H17
2026-05-07 16:41:35,438 - [Study] Creating new fan: Fan_L20_H19 (P2 (L20-H19))
2026-05-07 16:41:35,440 - [Study] Creating new fan: Fan_L20_H17 (P3 (L20-H17))
2026-05-07 16:41:35,442 - [Study] Creating new fan: Fan_L20_H20 (P1 (L20-H20))
2026-05-07 16:41:35,499 - [Tracking] Fan validated: Fan_L20_H19 via touch at bar 407
2026-05-07 16:41:35,506 - [Tracking] Target HIT: Fan_L20_H19 0.875
2026-05-07 16:41:35,507 - [Tracking] BREACH_CONFIRMED_NO_ALPHA: no pending found for fan=Fan_L20_H19 prev_line=0.5
2026-05-07 16:41:35,507 - [Study] Removing invalidated/excess fan: Fan_H15_L12
2026-05-07 16:41:35,507 - [Study] Removing invalidated/excess fan: Fan_L12_H9
2026-05-07 16:41:35,570 - [Tracking] Fan validated: Fan_L20_H20 via breach at bar 409
2026-05-07 16:41:35,579 - [Tracking] Target HIT: Fan_L20_H20 0.875
2026-05-07 16:41:35,579 - [Tracking] BREACH_CONFIRMED_NO_ALPHA: no pending found for fan=Fan_L20_H20 prev_line=0.5
2026-05-07 16:41:35,607 - [Tracking] Fan validated: Fan_L20_H17 via reversal at bar 410
2026-05-07 16:41:35,614 - [Tracking] Target HIT: Fan_L20_H17 0.875
2026-05-07 16:41:35,615 - [Tracking] BREACH_CONFIRMED_NO_ALPHA: no pending found for fan=Fan_L20_H17 prev_line=0.5
2026-05-07 16:41:35,739 - [Study] Creating new fan: Fan_H15_L12 (P1 (H15-L12))
2026-05-07 16:41:35,742 - [Study] Creating new fan: Fan_L12_H9 (P2 (L12-H9))
2026-05-07 16:41:37,051 - [Study] Removing invalidated/excess fan: Fan_L20_H20
2026-05-07 16:41:37,051 - [Tracking] Target FAILED: Fan_L20_H20 (0.875) - fan invalidated with pending progression
2026-05-07 16:41:37,052 - [Study] Removing invalidated/excess fan: Fan_L20_H19
2026-05-07 16:41:37,052 - [Tracking] Target FAILED: Fan_L20_H19 (0.875) - fan invalidated with pending progression
2026-05-07 16:41:37,052 - [Study] Removing invalidated/excess fan: Fan_L20_H17
2026-05-07 16:41:37,052 - [Tracking] Target FAILED: Fan_L20_H17 (0.875) - fan invalidated with pending progression
2026-05-07 16:41:37,234 - [Study] Creating new fan: Fan_L21_H19 (P2 (L21-H19))
2026-05-07 16:41:37,237 - [Study] Creating new fan: Fan_L21_H17 (P3 (L21-H17))
2026-05-07 16:41:37,239 - [Study] Creating new fan: Fan_L21_H20 (P1 (L21-H20))
2026-05-07 16:41:37,338 - [Study] Removing invalidated/excess fan: Fan_H15_L12
2026-05-07 16:41:37,338 - [Study] Removing invalidated/excess fan: Fan_L12_H9
2026-05-07 16:41:37,576 - [Study] Updating fan priority: Fan_L21_H19 -> P3 (L21-H19)
2026-05-07 16:41:37,577 - [Study] Creating new fan: Fan_H22_L21 (P1 (H22-L21))
2026-05-07 16:41:37,579 - [Study] Updating fan priority: Fan_L21_H20 -> P2 (L21-H20)
2026-05-07 16:41:37,623 - [Study] Removing invalidated/excess fan: Fan_L21_H17
2026-05-07 16:41:37,632 - [Study] Updating fan priority: Fan_L21_H19 -> P2 (L21-H19)
2026-05-07 16:41:37,633 - [Study] Creating new fan: Fan_L21_H17 (P3 (L21-H17))
2026-05-07 16:41:37,635 - [Study] Updating fan priority: Fan_L21_H20 -> P1 (L21-H20)
2026-05-07 16:41:37,738 - [Study] Removing invalidated/excess fan: Fan_H22_L21
2026-05-07 16:41:38,273 - [Study] Updating fan priority: Fan_L21_H19 -> P3 (L21-H19)
2026-05-07 16:41:38,273 - [Study] Creating new fan: Fan_H22_L21 (P1 (H22-L21))
2026-05-07 16:41:38,276 - [Study] Updating fan priority: Fan_L21_H20 -> P2 (L21-H20)
2026-05-07 16:41:38,364 - [Tracking] Fan validated: Fan_H22_L21 via reversal at bar 441
2026-05-07 16:41:38,371 - [Tracking] Target HIT: Fan_H22_L21 0.875
2026-05-07 16:41:38,372 - [Tracking] BREACH_CONFIRMED_NO_ALPHA: no pending found for fan=Fan_H22_L21 prev_line=0.5
2026-05-07 16:41:38,372 - [Study] Removing invalidated/excess fan: Fan_L21_H17
2026-05-07 16:41:38,580 - [Study] Updating fan priority: Fan_H22_L21 -> P2 (H22-L21)
2026-05-07 16:41:38,580 - [Study] Creating new fan: Fan_L22_H22 (P1 (L22-H22))
2026-05-07 16:41:38,583 - [Study] Updating fan priority: Fan_L21_H20 -> P3 (L21-H20)
2026-05-07 16:41:38,678 - [Study] Removing invalidated/excess fan: Fan_L21_H19
2026-05-07 16:41:38,808 - [Study] Updating fan priority: Fan_H22_L21 -> P3 (H22-L21)
2026-05-07 16:41:38,809 - [Study] Creating new fan: Fan_H23_L22 (P1 (H23-L22))
2026-05-07 16:41:38,811 - [Study] Updating fan priority: Fan_L22_H22 -> P2 (L22-H22)
2026-05-07 16:41:38,921 - [Tracking] Target HIT: Fan_H22_L21 0.75
2026-05-07 16:41:38,921 - [Tracking] BREACH_CONFIRMED_NO_ALPHA: no pending found for fan=Fan_H22_L21 prev_line=0.875
2026-05-07 16:41:38,922 - [Study] Removing invalidated/excess fan: Fan_L21_H20
2026-05-07 16:41:38,931 - [Study] Creating new fan: Fan_L21_H19 (P3 (L21-H19))
2026-05-07 16:41:38,933 - [Study] Updating fan priority: Fan_H22_L21 -> P1 (H22-L21)
2026-05-07 16:41:38,933 - [Study] Creating new fan: Fan_L21_H20 (P2 (L21-H20))
2026-05-07 16:41:39,192 - [Study] Removing invalidated/excess fan: Fan_L22_H22
2026-05-07 16:41:39,192 - [Study] Removing invalidated/excess fan: Fan_H23_L22
2026-05-07 16:41:39,423 - [Study] Creating new fan: Fan_L23_H23 (P1 (L23-H23))
2026-05-07 16:41:39,425 - [Study] Updating fan priority: Fan_H22_L21 -> P3 (H22-L21)
2026-05-07 16:41:39,426 - [Study] Creating new fan: Fan_L23_H22 (P2 (L23-H22))
2026-05-07 16:41:39,564 - [Study] Removing invalidated/excess fan: Fan_L21_H20
2026-05-07 16:41:39,564 - [Study] Removing invalidated/excess fan: Fan_L21_H19
2026-05-07 16:41:39,809 - [Study] Creating new fan: Fan_H24_L23 (P1 (H24-L23))
2026-05-07 16:41:39,812 - [Study] Updating fan priority: Fan_L23_H23 -> P2 (L23-H23)
2026-05-07 16:41:39,812 - [Study] Updating fan priority: Fan_L23_H22 -> P3 (L23-H22)
2026-05-07 16:41:39,889 - [Study] Removing invalidated/excess fan: Fan_H22_L21
2026-05-07 16:41:39,890 - [Tracking] Target FAILED: Fan_H22_L21 (0.75) - fan invalidated with pending progression
2026-05-07 16:41:39,899 - [Study] Creating new fan: Fan_L21_H19 (P3 (L21-H19))
2026-05-07 16:41:39,901 - [Study] Creating new fan: Fan_H22_L21 (P1 (H22-L21))
2026-05-07 16:41:39,903 - [Study] Creating new fan: Fan_L21_H20 (P2 (L21-H20))
2026-05-07 16:41:40,268 - [Study] Removing invalidated/excess fan: Fan_L23_H23
2026-05-07 16:41:40,268 - [Study] Removing invalidated/excess fan: Fan_L23_H22
2026-05-07 16:41:40,269 - [Study] Removing invalidated/excess fan: Fan_H24_L23
2026-05-07 16:41:40,554 - [Study] Creating new fan: Fan_L24_H23 (P2 (L24-H23))
2026-05-07 16:41:40,557 - [Study] Creating new fan: Fan_L24_H24 (P1 (L24-H24))
2026-05-07 16:41:40,559 - [Study] Creating new fan: Fan_L24_H22 (P3 (L24-H22))
2026-05-07 16:41:40,788 - [Study] Removing invalidated/excess fan: Fan_H22_L21
2026-05-07 16:41:40,788 - [Study] Removing invalidated/excess fan: Fan_L21_H20
2026-05-07 16:41:40,788 - [Study] Removing invalidated/excess fan: Fan_L21_H19
2026-05-07 16:41:40,889 - [Study] Creating new fan: Fan_H15_L12 (P3 (H15-L12))
2026-05-07 16:41:40,892 - [Study] Creating new fan: Fan_L21_H15 (P2 (L21-H15))
2026-05-07 16:41:40,894 - [Study] Creating new fan: Fan_L21_H17 (P1 (L21-H17))
2026-05-07 16:41:42,237 - [Study] Removing invalidated/excess fan: Fan_L24_H24
2026-05-07 16:41:42,237 - [Study] Removing invalidated/excess fan: Fan_L24_H23
2026-05-07 16:41:42,238 - [Study] Removing invalidated/excess fan: Fan_L24_H22
2026-05-07 16:41:42,384 - [Study] Creating new fan: Fan_H25_L21 (P2 (H25-L21))
2026-05-07 16:41:42,387 - [Study] Updating fan priority: Fan_L21_H17 -> P3 (L21-H17)
2026-05-07 16:41:42,387 - [Study] Creating new fan: Fan_H25_L24 (P1 (H25-L24))
2026-05-07 16:41:42,451 - [Study] Removing invalidated/excess fan: Fan_L21_H15
2026-05-07 16:41:42,451 - [Study] Removing invalidated/excess fan: Fan_H15_L12
2026-05-07 16:41:42,482 - [Tracking] Fan validated: Fan_H25_L24 via breach at bar 476
2026-05-07 16:41:42,490 - [Tracking] Target HIT: Fan_H25_L24 0.875
2026-05-07 16:41:42,490 - [Tracking] BREACH_CONFIRMED_NO_ALPHA: no pending found for fan=Fan_H25_L24 prev_line=0.5
2026-05-07 16:41:42,710 - [Tracking] Target HIT: Fan_H25_L24 0.75
2026-05-07 16:41:42,710 - [Tracking] BREACH_CONFIRMED_NO_ALPHA: no pending found for fan=Fan_H25_L24 prev_line=0.875
2026-05-07 16:41:42,935 - [Study] Updating fan priority: Fan_H25_L21 -> P3 (H25-L21)
2026-05-07 16:41:42,936 - [Study] Creating new fan: Fan_L25_H25 (P1 (L25-H25))
2026-05-07 16:41:42,938 - [Study] Updating fan priority: Fan_H25_L24 -> P2 (H25-L24)
2026-05-07 16:41:43,004 - [Study] Removing invalidated/excess fan: Fan_L21_H17
2026-05-07 16:41:43,184 - [Study] Updating fan priority: Fan_H25_L21 -> P2 (H25-L21)
2026-05-07 16:41:43,184 - [Study] Creating new fan: Fan_L21_H17 (P3 (L21-H17))
2026-05-07 16:41:43,187 - [Study] Updating fan priority: Fan_H25_L24 -> P1 (H25-L24)
2026-05-07 16:41:43,748 - [Tracking] Target HIT: Fan_H25_L24 0.5
2026-05-07 16:41:43,748 - [Tracking] BREACH_CONFIRMED_NO_ALPHA: no pending found for fan=Fan_H25_L24 prev_line=0.75
2026-05-07 16:41:43,749 - [Study] Removing invalidated/excess fan: Fan_L25_H25
2026-05-07 16:41:44,022 - [Study] Updating fan priority: Fan_H25_L21 -> P3 (H25-L21)
2026-05-07 16:41:44,022 - [Study] Creating new fan: Fan_L25_H25 (P1 (L25-H25))
2026-05-07 16:41:44,024 - [Study] Updating fan priority: Fan_H25_L24 -> P2 (H25-L24)
2026-05-07 16:41:44,085 - [Tracking] Fan validated: Fan_L25_H25 via reversal at bar 502
2026-05-07 16:41:44,094 - [Tracking] Target HIT: Fan_L25_H25 0.875
2026-05-07 16:41:44,095 - [Tracking] BREACH_CONFIRMED_NO_ALPHA: no pending found for fan=Fan_L25_H25 prev_line=0.5
2026-05-07 16:41:44,095 - [Study] Removing invalidated/excess fan: Fan_L21_H17
2026-05-07 16:41:44,148 - [Study] Updating fan priority: Fan_H25_L21 -> P2 (H25-L21)
2026-05-07 16:41:44,149 - [Study] Creating new fan: Fan_L21_H17 (P3 (L21-H17))
2026-05-07 16:41:44,151 - [Study] Updating fan priority: Fan_H25_L24 -> P1 (H25-L24)
2026-05-07 16:41:44,804 - [Study] Removing invalidated/excess fan: Fan_L25_H25
2026-05-07 16:41:44,805 - [Tracking] Target FAILED: Fan_L25_H25 (0.875) - fan invalidated with pending progression
2026-05-07 16:41:44,991 - [Study] Creating new fan: Fan_L26_H25 (P2 (L26-H25))
2026-05-07 16:41:44,993 - [Study] Creating new fan: Fan_L26_H26 (P1 (L26-H26))
2026-05-07 16:41:44,996 - [Study] Updating fan priority: Fan_H25_L24 -> P3 (H25-L24)
2026-05-07 16:41:45,100 - [Study] Removing invalidated/excess fan: Fan_H25_L21
2026-05-07 16:41:45,100 - [Study] Removing invalidated/excess fan: Fan_L21_H17
2026-05-07 16:41:45,151 - [Tracking] Fan validated: Fan_L26_H25 via touch at bar 511
2026-05-07 16:41:45,157 - [Tracking] Target HIT: Fan_L26_H25 0.875
2026-05-07 16:41:45,158 - [Tracking] BREACH_CONFIRMED_NO_ALPHA: no pending found for fan=Fan_L26_H25 prev_line=0.5
2026-05-07 16:41:45,323 - [Study] Creating new fan: Fan_H25_L21 (P2 (H25-L21))
2026-05-07 16:41:45,325 - [Study] Creating new fan: Fan_L21_H17 (P3 (L21-H17))
2026-05-07 16:41:45,327 - [Study] Updating fan priority: Fan_H25_L24 -> P1 (H25-L24)
2026-05-07 16:41:46,079 - [Tracking] Target HIT: Fan_H25_L24 0.25
2026-05-07 16:41:46,079 - [Tracking] BREACH_CONFIRMED_NO_ALPHA: no pending found for fan=Fan_H25_L24 prev_line=0.5
2026-05-07 16:41:46,080 - [Study] Removing invalidated/excess fan: Fan_L26_H26
2026-05-07 16:41:46,080 - [Study] Removing invalidated/excess fan: Fan_L26_H25
2026-05-07 16:41:46,080 - [Tracking] Target FAILED: Fan_L26_H25 (0.875) - fan invalidated with pending progression
2026-05-07 16:41:46,282 - [Tracking] Target HIT: Fan_H25_L24 horizontal
2026-05-07 16:41:46,283 - [Tracking] BREACH_CONFIRMED_NO_ALPHA: no pending found for fan=Fan_H25_L24 prev_line=0.5
2026-05-07 16:41:46,555 - [Study] Creating new fan: Fan_L27_H25 (P3 (L27-H25))
2026-05-07 16:41:46,559 - [Study] Creating new fan: Fan_L27_H27 (P1 (L27-H27))
2026-05-07 16:41:46,561 - [Study] Creating new fan: Fan_L27_H26 (P2 (L27-H26))
2026-05-07 16:41:46,635 - [Study] Removing invalidated/excess fan: Fan_H25_L24
2026-05-07 16:41:46,636 - [Tracking] Target FAILED: Fan_H25_L24 (horizontal) - fan invalidated with pending progression
2026-05-07 16:41:46,636 - [Study] Removing invalidated/excess fan: Fan_H25_L21
2026-05-07 16:41:46,636 - [Study] Removing invalidated/excess fan: Fan_L21_H17
2026-05-07 16:41:47,165 - [Study] Updating fan priority: Fan_L27_H25 -> P2 (L27-H25)
2026-05-07 16:41:47,165 - [Study] Updating fan priority: Fan_L27_H26 -> P1 (L27-H26)
2026-05-07 16:41:47,165 - [Study] Creating new fan: Fan_H25_L24 (P3 (H25-L24))
2026-05-07 16:41:47,648 - [Study] Removing invalidated/excess fan: Fan_L27_H27
2026-05-07 16:41:47,660 - [Study] Creating new fan: Fan_H25_L21 (P3 (H25-L21))
2026-05-07 16:41:47,663 - [Study] Updating fan priority: Fan_L27_H25 -> P1 (L27-H25)
2026-05-07 16:41:47,663 - [Study] Updating fan priority: Fan_H25_L24 -> P2 (H25-L24)
2026-05-07 16:41:48,155 - [Study] Removing invalidated/excess fan: Fan_L27_H26
2026-05-07 16:41:48,499 - [Study] Creating new fan: Fan_L12_H9 (P1 (L12-H9))
2026-05-07 16:41:50,711 - [Study] Removing invalidated/excess fan: Fan_L27_H25
2026-05-07 16:41:50,711 - [Study] Removing invalidated/excess fan: Fan_H25_L24
2026-05-07 16:41:50,712 - [Study] Removing invalidated/excess fan: Fan_H25_L21
2026-05-07 16:41:50,838 - [Study] Removing invalidated/excess fan: Fan_L12_H9
2026-05-07 16:41:50,940 - [Study] Creating new fan: Fan_H28_L21 (P3 (H28-L21))
2026-05-07 16:41:50,942 - [Study] Creating new fan: Fan_H28_L27 (P1 (H28-L27))
2026-05-07 16:41:50,945 - [Study] Creating new fan: Fan_H28_L24 (P2 (H28-L24))
2026-05-07 16:41:51,129 - [Study] Removing invalidated/excess fan: Fan_H28_L27
2026-05-07 16:41:51,129 - [Study] Removing invalidated/excess fan: Fan_H28_L24
2026-05-07 16:41:51,130 - [Study] Removing invalidated/excess fan: Fan_H28_L21
2026-05-07 16:41:51,213 - [Study] Creating new fan: Fan_H28_L21 (P3 (H28-L21))
2026-05-07 16:41:51,216 - [Study] Creating new fan: Fan_H28_L27 (P1 (H28-L27))
2026-05-07 16:41:51,219 - [Study] Creating new fan: Fan_H28_L24 (P2 (H28-L24))
2026-05-07 16:41:51,275 - [Tracking] Fan validated: Fan_H28_L24 via breach at bar 569
2026-05-07 16:41:51,284 - [Tracking] Target HIT: Fan_H28_L24 0.875
2026-05-07 16:41:51,284 - [Tracking] BREACH_CONFIRMED_NO_ALPHA: no pending found for fan=Fan_H28_L24 prev_line=0.5
2026-05-07 16:41:51,296 - [Study] Creating new fan: Fan_L28_H28 (P1 (L28-H28))
2026-05-07 16:41:51,298 - [Study] Updating fan priority: Fan_H28_L24 -> P3 (H28-L24)
2026-05-07 16:41:51,299 - [Study] Updating fan priority: Fan_H28_L27 -> P2 (H28-L27)
2026-05-07 16:41:51,383 - [Study] Removing invalidated/excess fan: Fan_H28_L21
2026-05-07 16:41:51,544 - [Tracking] Fan validated: Fan_H28_L27 via breach at bar 573
2026-05-07 16:41:51,553 - [Tracking] Target HIT: Fan_H28_L27 0.875
2026-05-07 16:41:51,553 - [Tracking] BREACH_CONFIRMED_NO_ALPHA: no pending found for fan=Fan_H28_L27 prev_line=0.5
2026-05-07 16:41:51,688 - [Study] Updating fan priority: Fan_H28_L27 -> P3 (H28-L27)
2026-05-07 16:41:51,688 - [Study] Creating new fan: Fan_H29_L28 (P1 (H29-L28))
2026-05-07 16:41:51,691 - [Study] Updating fan priority: Fan_L28_H28 -> P2 (L28-H28)
2026-05-07 16:41:51,814 - [Study] Removing invalidated/excess fan: Fan_H28_L24
2026-05-07 16:41:51,815 - [Tracking] Target FAILED: Fan_H28_L24 (0.875) - fan invalidated with pending progression
2026-05-07 16:41:52,180 - [Study] Creating new fan: Fan_L29_H29 (P1 (L29-H29))
2026-05-07 16:41:52,184 - [Study] Updating fan priority: Fan_H29_L28 -> P2 (H29-L28)
2026-05-07 16:41:52,184 - [Study] Updating fan priority: Fan_L28_H28 -> P3 (L28-H28)
2026-05-07 16:41:52,261 - [Study] Removing invalidated/excess fan: Fan_H28_L27
2026-05-07 16:41:52,262 - [Tracking] Target FAILED: Fan_H28_L27 (0.875) - fan invalidated with pending progression
2026-05-07 16:41:52,669 - [Study] Updating fan priority: Fan_L29_H29 -> P2 (L29-H29)
2026-05-07 16:41:52,670 - [Study] Updating fan priority: Fan_H29_L28 -> P3 (H29-L28)
2026-05-07 16:41:52,670 - [Study] Creating new fan: Fan_H30_L29 (P1 (H30-L29))
2026-05-07 16:41:52,750 - [Study] Removing invalidated/excess fan: Fan_L28_H28
2026-05-07 16:41:52,973 - [Study] Creating new fan: Fan_H28_L21 (P3 (H28-L21))
2026-05-07 16:41:52,977 - [Study] Creating new fan: Fan_H28_L27 (P1 (H28-L27))
2026-05-07 16:41:52,980 - [Study] Creating new fan: Fan_H28_L24 (P2 (H28-L24))
2026-05-07 16:41:53,237 - [Study] Removing invalidated/excess fan: Fan_H29_L28
2026-05-07 16:41:53,238 - [Study] Removing invalidated/excess fan: Fan_L29_H29
2026-05-07 16:41:53,238 - [Study] Removing invalidated/excess fan: Fan_H30_L29
2026-05-07 16:41:53,557 - [Study] Creating new fan: Fan_L30_H29 (P2 (L30-H29))
2026-05-07 16:41:53,560 - [Study] Creating new fan: Fan_L30_H30 (P1 (L30-H30))
2026-05-07 16:41:53,563 - [Study] Creating new fan: Fan_L30_H28 (P3 (L30-H28))
2026-05-07 16:41:53,650 - [Study] Removing invalidated/excess fan: Fan_H28_L27
2026-05-07 16:41:53,650 - [Study] Removing invalidated/excess fan: Fan_H28_L24
2026-05-07 16:41:53,651 - [Study] Removing invalidated/excess fan: Fan_H28_L21
2026-05-07 16:41:53,768 - [Study] Updating fan priority: Fan_L30_H29 -> P1 (L30-H29)
2026-05-07 16:41:53,768 - [Study] Creating new fan: Fan_H28_L27 (P3 (H28-L27))
2026-05-07 16:41:53,771 - [Study] Updating fan priority: Fan_L30_H28 -> P2 (L30-H28)
2026-05-07 16:41:54,124 - [Study] Removing invalidated/excess fan: Fan_L30_H30
2026-05-07 16:41:54,505 - [Study] Removing invalidated/excess fan: Fan_L30_H29
2026-05-07 16:41:54,505 - [Study] Removing invalidated/excess fan: Fan_L30_H28
2026-05-07 16:41:54,506 - [Study] Removing invalidated/excess fan: Fan_H28_L27
2026-05-07 16:41:54,636 - [Study] Creating new fan: Fan_H31_L30 (P1 (H31-L30))
2026-05-07 16:41:54,638 - [Study] Creating new fan: Fan_H31_L24 (P3 (H31-L24))
2026-05-07 16:41:54,640 - [Study] Creating new fan: Fan_H31_L27 (P2 (H31-L27))
2026-05-07 16:41:54,730 - [Tracking] Fan validated: Fan_H31_L24 via breach at bar 620
2026-05-07 16:41:54,730 - [Tracking] Fan validated: Fan_H31_L27 via touch at bar 620
2026-05-07 16:41:54,738 - [Tracking] Target HIT: Fan_H31_L24 0.875
2026-05-07 16:41:54,738 - [Tracking] BREACH_CONFIRMED_NO_ALPHA: no pending found for fan=Fan_H31_L24 prev_line=0.5
2026-05-07 16:41:54,739 - [Tracking] Target HIT: Fan_H31_L27 0.875
2026-05-07 16:41:54,739 - [Tracking] BREACH_CONFIRMED_NO_ALPHA: no pending found for fan=Fan_H31_L27 prev_line=0.5
2026-05-07 16:41:54,920 - [Tracking] Target HIT: Fan_H31_L24 0.75
2026-05-07 16:41:54,920 - [Tracking] BREACH_CONFIRMED_NO_ALPHA: found pending on Fan_H31_L24_Fan_H31_L24_f0 fraction=0.875 bar=623 (cross-bar)
2026-05-07 16:41:54,925 - [Tracking] BREACH_CONFIRMED_NO_ALPHA (via target progression): Fan_H31_L24 0.875
2026-05-07 16:41:55,272 - [Study] Updating fan priority: Fan_H31_L30 -> P2 (H31-L30)
2026-05-07 16:41:55,272 - [Study] Creating new fan: Fan_L31_H31 (P1 (L31-H31))
2026-05-07 16:41:55,275 - [Study] Updating fan priority: Fan_H31_L27 -> P3 (H31-L27)
2026-05-07 16:41:55,355 - [Tracking] Fan validated: Fan_L31_H31 via breach at bar 629
2026-05-07 16:41:55,363 - [Tracking] Target HIT: Fan_H31_L27 0.75
2026-05-07 16:41:55,363 - [Tracking] BREACH_CONFIRMED_NO_ALPHA: no pending found for fan=Fan_H31_L27 prev_line=0.875
2026-05-07 16:41:55,363 - [Tracking] Target HIT: Fan_L31_H31 0.875
2026-05-07 16:41:55,363 - [Tracking] BREACH_CONFIRMED_NO_ALPHA: no pending found for fan=Fan_L31_H31 prev_line=0.5
2026-05-07 16:41:55,364 - [Study] Removing invalidated/excess fan: Fan_H31_L24
2026-05-07 16:41:55,364 - [Tracking] Target FAILED: Fan_H31_L24 (0.75) - fan invalidated with pending progression
2026-05-07 16:41:55,568 - [Tracking] Target HIT: Fan_L31_H31 0.75
2026-05-07 16:41:55,568 - [Tracking] BREACH_CONFIRMED_NO_ALPHA: no pending found for fan=Fan_L31_H31 prev_line=0.875
2026-05-07 16:41:56,139 - [Study] Updating fan priority: Fan_H31_L30 -> P1 (H31-L30)
2026-05-07 16:41:56,139 - [Study] Creating new fan: Fan_H31_L24 (P3 (H31-L24))
2026-05-07 16:41:56,142 - [Study] Updating fan priority: Fan_H31_L27 -> P2 (H31-L27)
2026-05-07 16:41:56,391 - [Study] Removing invalidated/excess fan: Fan_L31_H31
2026-05-07 16:41:56,391 - [Tracking] Target FAILED: Fan_L31_H31 (0.75) - fan invalidated with pending progression
