2026-04-27 12:58:48,930 [INFO] Logging initialized. Output writing to C:\Dev\GannTesting\logs\backend\backend_session_20260427_125848.log
2026-04-27 12:58:48,931 [INFO] Successfully loaded ticker configuration from C:\Dev\GannTesting\gann-visualizer\backend\ticker_config.json
2026-04-27 12:58:48,932 [INFO] --- BACKEND RESTART v4 - PNL TRACKING ---
2026-04-27 12:58:48,932 [INFO] Middleware Stack: [Middleware(BaseHTTPMiddleware, dispatch=<function cors_middleware at 0x000001D5690F25C0>)]
2026-04-27 12:58:50,132 [INFO] DEBUG CORS: Origin header received: 'http://localhost:5173'
2026-04-27 12:58:50,135 [INFO] DEBUG CORS: Origin header received: 'http://localhost:5173'
2026-04-27 12:58:50,211 [INFO] [YFinance] Client initialized
2026-04-27 12:58:50,212 [INFO] DEBUG CORS: Origin header received: 'http://localhost:5173'
2026-04-27 12:58:50,276 [INFO] 
2026-04-27 12:58:50,276 [INFO] ============================================================
2026-04-27 12:58:50,276 [INFO] [UDF_HISTORY] === NEW REQUEST ===
2026-04-27 12:58:50,276 [INFO] [UDF_HISTORY] symbol=^NSEI:YF, resolution=1
2026-04-27 12:58:50,276 [INFO] [UDF_HISTORY] from_=1777205870, to=1777274990, data_source=yfinance
2026-04-27 12:58:50,277 [INFO] ============================================================
2026-04-27 12:58:50,277 [INFO] [YFinance] Client initialized
2026-04-27 12:58:50,279 [INFO] 
2026-04-27 12:58:50,279 [INFO] ============================================================
2026-04-27 12:58:50,279 [INFO] [UDF_HISTORY] INCOMING REQUEST
2026-04-27 12:58:50,279 [INFO]   Symbol: ^NSEI
2026-04-27 12:58:50,280 [INFO]   Data Source: yfinance
2026-04-27 12:58:50,280 [INFO]   Resolution: 1
2026-04-27 12:58:50,280 [INFO]   From (Unix): 1777205870 -> 2026-04-26 17:47:50
2026-04-27 12:58:50,280 [INFO]   To (Unix): 1777274990 -> 2026-04-27 12:59:50
2026-04-27 12:58:50,280 [INFO] ============================================================
2026-04-27 12:58:50,281 [INFO] [UDF_HISTORY] Calling client.fetch_data(^NSEI, 2026-04-26 17:47:50, 2026-04-27 12:59:50, interval=1)
2026-04-27 12:58:50,281 [INFO] Cache MISS: ^NSEI:1:2026-04-26 17:47:50:2026-04-27 12:59:50
2026-04-27 12:58:50,281 [INFO] [YFinance] Fetching ^NSEI | interval=1 -> 1m | 2026-04-26 17:47:50 to 2026-04-27 12:59:50
2026-04-27 12:58:50,282 [INFO] [YFinance] Using period=8d to get maximum available 1m data
2026-04-27 12:58:52,164 [INFO] [YFinance] Received 2488 bars
2026-04-27 12:58:52,175 [INFO] [YFinance] Returning 2488 bars, range: 2026-04-16 09:15:00 to 2026-04-27 12:58:00
2026-04-27 12:58:52,176 [INFO] Cache PUT: ^NSEI:1:2026-04-26 17:47:50:2026-04-27 12:59:50 (TTL: 300.0s, 2488 rows)
2026-04-27 12:58:52,177 [INFO] [UDF_HISTORY] fetch_data returned: type=<class 'pandas.core.frame.DataFrame'>, empty=False
2026-04-27 12:58:52,177 [INFO] [UDF_HISTORY] Raw data shape: (2488, 6), columns: ['timestamp', 'open', 'high', 'low', 'close', 'volume']
2026-04-27 12:58:52,178 [INFO] [UDF_HISTORY] Raw timestamp range: 1776311100 - 1777274880
2026-04-27 12:58:52,178 [INFO] [UDF_HISTORY] Raw date range: 2026-04-16 09:15:00 - 2026-04-27 12:58:00
2026-04-27 12:58:52,178 [INFO] DEBUG: fetch_data result type: <class 'pandas.core.frame.DataFrame'>
2026-04-27 12:58:52,179 [INFO] DEBUG: fetch_data result shape: (2488, 6)
2026-04-27 12:58:52,184 [INFO] DEBUG: Data Head:
2026-04-27 12:58:52,184 [INFO]     timestamp      open          high           low         close  volume
2026-04-27 12:58:52,184 [INFO] 0  1776311100  24380.25  24384.750000  24337.699219  24355.150391       0
2026-04-27 12:58:52,184 [INFO] 1  1776311160  24353.50  24367.599609  24341.900391  24360.400391       0
2026-04-27 12:58:52,185 [INFO] DEBUG: from_=1777205870 (2026-04-26 17:47:50)
2026-04-27 12:58:52,185 [INFO] DEBUG: to=1777274990 (2026-04-27 12:59:50)
2026-04-27 12:58:52,185 [INFO] DEBUG: df['timestamp'] dtype=int64
2026-04-27 12:58:52,185 [INFO] DEBUG: df timestamp range: 1776311100 - 1777274880
2026-04-27 12:58:52,185 [INFO] DEBUG: df timestamp as dates: 2026-04-16T09:15:00 - 2026-04-27T12:58:00
2026-04-27 12:58:52,186 [INFO] [LazyLoadFix] Intraday interval (1). Returning all 2488 bars without filtering.
2026-04-27 12:58:52,186 [INFO] PAGINATION: Returning 2488 bars for ^NSEI (1)
2026-04-27 12:58:52,205 [INFO] DEBUG CORS: Origin header received: 'http://localhost:5173'
2026-04-27 12:58:52,223 [INFO] DEBUG CORS: Origin header received: 'http://localhost:5173'
2026-04-27 12:58:54,945 [INFO] 
2026-04-27 12:58:54,946 [INFO] ============================================================
2026-04-27 12:58:54,946 [INFO] [UDF_HISTORY] === NEW REQUEST ===
2026-04-27 12:58:54,947 [INFO] [UDF_HISTORY] symbol=^NSEI:YF, resolution=4
2026-04-27 12:58:54,947 [INFO] [UDF_HISTORY] from_=1776998514, to=1777274994, data_source=yfinance
2026-04-27 12:58:54,947 [INFO] ============================================================
2026-04-27 12:58:54,947 [INFO] [YFinance] Client initialized
2026-04-27 12:58:54,948 [INFO] 
2026-04-27 12:58:54,948 [INFO] ============================================================
2026-04-27 12:58:54,949 [INFO] [UDF_HISTORY] INCOMING REQUEST
2026-04-27 12:58:54,949 [INFO]   Symbol: ^NSEI
2026-04-27 12:58:54,949 [INFO]   Data Source: yfinance
2026-04-27 12:58:54,949 [INFO]   Resolution: 4
2026-04-27 12:58:54,950 [INFO]   From (Unix): 1776998514 -> 2026-04-24 08:11:54
2026-04-27 12:58:54,950 [INFO]   To (Unix): 1777274994 -> 2026-04-27 12:59:54
2026-04-27 12:58:54,950 [INFO] ============================================================
2026-04-27 12:58:54,950 [INFO] [UDF_HISTORY] Calling client.fetch_data(^NSEI, 2026-04-24 08:11:54, 2026-04-27 12:59:54, interval=4)
2026-04-27 12:58:54,951 [INFO] Cache MISS: ^NSEI:4:2026-04-24 08:11:54:2026-04-27 12:59:54
2026-04-27 12:58:54,951 [INFO] [YFinance] Fetching ^NSEI | interval=4 -> 1m | 2026-04-24 08:11:54 to 2026-04-27 12:59:54
2026-04-27 12:58:54,952 [INFO] [YFinance] Using period=8d to get maximum available 4m data
2026-04-27 12:58:55,212 [INFO] [YFinance] Received 2488 bars
2026-04-27 12:58:55,218 [INFO] [YFinance] Aggregating 2488 1m bars into 4m candles...
2026-04-27 12:58:55,361 [INFO] [YFinance] Aggregated to 624 4m candles
2026-04-27 12:58:55,362 [INFO] [YFinance] Returning 624 bars, range: 2026-04-16 09:15:00 to 2026-04-27 12:55:00
2026-04-27 12:58:55,362 [INFO] Cache PUT: ^NSEI:4:2026-04-24 08:11:54:2026-04-27 12:59:54 (TTL: 300.0s, 624 rows)
2026-04-27 12:58:55,363 [INFO] [UDF_HISTORY] fetch_data returned: type=<class 'pandas.core.frame.DataFrame'>, empty=False
2026-04-27 12:58:55,363 [INFO] [UDF_HISTORY] Raw data shape: (624, 6), columns: ['timestamp', 'open', 'high', 'low', 'close', 'volume']
2026-04-27 12:58:55,364 [INFO] [UDF_HISTORY] Raw timestamp range: 1776311100 - 1777274700
2026-04-27 12:58:55,364 [INFO] [UDF_HISTORY] Raw date range: 2026-04-16 09:15:00 - 2026-04-27 12:55:00
2026-04-27 12:58:55,364 [INFO] DEBUG: fetch_data result type: <class 'pandas.core.frame.DataFrame'>
2026-04-27 12:58:55,365 [INFO] DEBUG: fetch_data result shape: (624, 6)
2026-04-27 12:58:55,371 [INFO] DEBUG: Data Head:
2026-04-27 12:58:55,371 [INFO]     timestamp          open          high           low         close  volume
2026-04-27 12:58:55,371 [INFO] 0  1776311100  24380.250000  24384.750000  24337.699219  24376.199219       0
2026-04-27 12:58:55,372 [INFO] 1  1776311340  24373.050781  24397.550781  24373.050781  24388.199219       0
2026-04-27 12:58:55,372 [INFO] DEBUG: from_=1776998514 (2026-04-24 08:11:54)
2026-04-27 12:58:55,372 [INFO] DEBUG: to=1777274994 (2026-04-27 12:59:54)
2026-04-27 12:58:55,373 [INFO] DEBUG: df['timestamp'] dtype=int64
2026-04-27 12:58:55,373 [INFO] DEBUG: df timestamp range: 1776311100 - 1777274700
2026-04-27 12:58:55,373 [INFO] DEBUG: df timestamp as dates: 2026-04-16T09:15:00 - 2026-04-27T12:55:00
2026-04-27 12:58:55,373 [INFO] [LazyLoadFix] Intraday interval (4). Returning all 624 bars without filtering.
2026-04-27 12:58:55,374 [INFO] PAGINATION: Returning 624 bars for ^NSEI (4)
2026-04-27 12:58:55,383 [INFO] DEBUG CORS: Origin header received: 'http://localhost:5173'
2026-04-27 12:58:56,821 [INFO] DEBUG CORS: Origin header received: 'http://localhost:5173'
2026-04-27 12:58:56,828 [INFO] [Step-by-Step] Fetching candles: ^NSEI [yfinance] from 2025-11-07 to 2026-04-27, resolution: 4
2026-04-27 12:58:56,828 [INFO] [Step-by-Step] Lookback bars requested: 5000
2026-04-27 12:58:56,829 [INFO] [YFinance] Client initialized
2026-04-27 12:58:56,829 [INFO] [Step-by-Step] Adjusted from_date: 2025-11-07 -> 2025-09-08 (expanded lookback: 60 days)
2026-04-27 12:58:56,830 [INFO] Cache MISS: ^NSEI:4:2025-09-08:2026-04-27
2026-04-27 12:58:56,830 [INFO] [YFinance] Fetching ^NSEI | interval=4 -> 1m | 2025-09-08 to 2026-04-27
2026-04-27 12:58:56,831 [INFO] [YFinance] Using period=8d to get maximum available 4m data
2026-04-27 12:58:58,138 [INFO] [YFinance] Received 2488 bars
2026-04-27 12:58:58,147 [INFO] [YFinance] Aggregating 2488 1m bars into 4m candles...
2026-04-27 12:58:58,343 [INFO] [YFinance] Aggregated to 624 4m candles
2026-04-27 12:58:58,343 [INFO] [YFinance] Returning 624 bars, range: 2026-04-16 09:15:00 to 2026-04-27 12:55:00
2026-04-27 12:58:58,344 [INFO] Cache PUT: ^NSEI:4:2025-09-08:2026-04-27 (TTL: 300.0s, 624 rows)
2026-04-27 12:58:58,349 [INFO] [FetchCandles] YFinance clamped date: requested 2025-11-07 (1762453800) -> actual 2026-04-16 (1776311100)
2026-04-27 12:58:58,350 [INFO] [FetchCandles] Pre-calculating historical state for angular_coverage
2026-04-27 12:58:58,377 [INFO] Initialized AngularPriceCoverageStudy v4.0. Config: {'left_bars': 5, 'right_bars': 5, 'line_extension_bars': 100, 'fraction_colors': {0.125: '#FF5252', 0.25: '#FF5252', 0.375: '#FF5252', 0.5: '#2196F3', 0.625: '#4CAF50', 0.75: '#4CAF50', 0.875: '#4CAF50', 1.0: '#FFFFFF'}, 'main_color': '#FFFFFF', 'main_line_width': 1, 'fraction_line_width': 2, 'scale_ratio': 1.0, 'breach_mode': 'wick', 'show_intersection_labels': False, 'max_historical_fans': 3, 'bounce_threshold_percent': 0.3, 'rejection_lookback_bars': 5, 'rest_required_bars': 3, 'resolution': '4'}
2026-04-27 12:58:58,378 [INFO] [FetchCandles] Initializing study state on 624 bars...
2026-04-27 12:58:58,378 [INFO] [FetchCandles] Replay Start: 2025-11-07 (1762453800). Cutoff Index: -1 (Last Lookback Bar)
2026-04-27 12:58:58,378 [INFO] [FetchCandles] No lookback context found (cutoff_index=-1). Starting with empty state.
2026-04-27 12:58:58,379 [INFO] [Replay] Returning 624 candles, option_cache_ready: False, Initial Markers: 0
2026-04-27 12:58:58,390 [INFO] DEBUG CORS: Origin header received: 'http://localhost:5173'
2026-04-27 12:58:58,399 [INFO] DEBUG CORS: Origin header received: 'http://localhost:5173'
2026-04-27 12:58:58,401 [INFO] DEBUG CORS: Origin header received: 'http://localhost:5173'
2026-04-27 12:58:58,757 [INFO] DEBUG CORS: Origin header received: 'http://localhost:5173'
2026-04-27 12:58:58,762 [INFO] [Replay] New session detected — replay_events.csv truncated
2026-04-27 12:58:58,763 [INFO] Initialized AngularPriceCoverageStudy v4.0. Config: {'left_bars': 5, 'right_bars': 5, 'line_extension_bars': 100, 'fraction_colors': {0.125: '#FF5252', 0.25: '#FF5252', 0.375: '#FF5252', 0.5: '#2196F3', 0.625: '#4CAF50', 0.75: '#4CAF50', 0.875: '#4CAF50', 1.0: '#FFFFFF'}, 'main_color': '#FFFFFF', 'main_line_width': 1, 'fraction_line_width': 2, 'scale_ratio': 3.6603, 'breach_mode': 'wick', 'show_intersection_labels': False, 'max_historical_fans': 3, 'bounce_threshold_percent': 0.3, 'rejection_lookback_bars': 5, 'rest_required_bars': 3, 'resolution': '4', 'symbol': '^NSEI', 'run_mode': 'replay', 'is_new_replay': True}
2026-04-27 12:58:58,764 [INFO] [Study] Evaluating AngularPriceCoverageStudy (config: {'resolution': '4', 'symbol': '^NSEI', 'scale_ratio': 3.6603, 'left_bars': 5, 'right_bars': 5, 'show_intersection_labels': False, 'run_mode': 'replay', 'is_new_replay': True})
2026-04-27 12:58:58,764 [INFO] [Study] SLOW PATH: Rebuilding from 0 to 0
2026-04-27 12:58:58,767 [INFO] [IntDet] Bar 0 | 2026-04-16 09:15 | H=24384.75 L=24337.70 C=24376.20 | Fans=0 Lines=0
2026-04-27 12:58:58,769 [INFO] [Study] Index 0: Added 0 pivot markers from study
2026-04-27 12:58:58,770 [INFO] DEBUG CORS: Origin header received: 'http://localhost:5173'
2026-04-27 12:59:02,837 [INFO] Initialized AngularPriceCoverageStudy v4.0. Config: {'left_bars': 5, 'right_bars': 5, 'line_extension_bars': 100, 'fraction_colors': {0.125: '#FF5252', 0.25: '#FF5252', 0.375: '#FF5252', 0.5: '#2196F3', 0.625: '#4CAF50', 0.75: '#4CAF50', 0.875: '#4CAF50', 1.0: '#FFFFFF'}, 'main_color': '#FFFFFF', 'main_line_width': 1, 'fraction_line_width': 2, 'scale_ratio': 3.6603, 'breach_mode': 'wick', 'show_intersection_labels': False, 'max_historical_fans': 3, 'bounce_threshold_percent': 0.3, 'rejection_lookback_bars': 5, 'rest_required_bars': 3, 'resolution': '4', 'symbol': '^NSEI', 'run_mode': 'replay', 'is_new_replay': False}
2026-04-27 12:59:02,838 [INFO] [Study] Evaluating AngularPriceCoverageStudy (config: {'resolution': '4', 'symbol': '^NSEI', 'scale_ratio': 3.6603, 'left_bars': 5, 'right_bars': 5, 'show_intersection_labels': False, 'run_mode': 'replay', 'is_new_replay': False})
2026-04-27 12:59:02,838 [INFO] [Study] FAST PATH at index 1
2026-04-27 12:59:02,840 [INFO] [IntDet] Bar 1 | 2026-04-16 09:19 | H=24397.55 L=24373.05 C=24388.20 | Fans=0 Lines=0
2026-04-27 12:59:02,842 [INFO] [Study] Cache updated: index=1, state_keys=['pivot_detector', 'angle_engine', 'intersection_detector', 'zone_tracker', 'fan_validator', 'target_progression', 'state_machine', 'cluster_detector', 'historical_clusters', 'event_logger', 'active_fan_keys', 'persisted_fans', 'active_marker_ids', 'is_initialized', 'initialized', 'config', 'pending_retro_events']
2026-04-27 12:59:02,842 [INFO] DEBUG CORS: Origin header received: 'http://localhost:5173'
2026-04-27 12:59:03,389 [INFO] Initialized AngularPriceCoverageStudy v4.0. Config: {'left_bars': 5, 'right_bars': 5, 'line_extension_bars': 100, 'fraction_colors': {0.125: '#FF5252', 0.25: '#FF5252', 0.375: '#FF5252', 0.5: '#2196F3', 0.625: '#4CAF50', 0.75: '#4CAF50', 0.875: '#4CAF50', 1.0: '#FFFFFF'}, 'main_color': '#FFFFFF', 'main_line_width': 1, 'fraction_line_width': 2, 'scale_ratio': 3.6603, 'breach_mode': 'wick', 'show_intersection_labels': False, 'max_historical_fans': 3, 'bounce_threshold_percent': 0.3, 'rejection_lookback_bars': 5, 'rest_required_bars': 3, 'resolution': '4', 'symbol': '^NSEI', 'run_mode': 'replay', 'is_new_replay': False}
2026-04-27 12:59:03,390 [INFO] [Study] Evaluating AngularPriceCoverageStudy (config: {'resolution': '4', 'symbol': '^NSEI', 'scale_ratio': 3.6603, 'left_bars': 5, 'right_bars': 5, 'show_intersection_labels': False, 'run_mode': 'replay', 'is_new_replay': False})
2026-04-27 12:59:03,390 [INFO] [Study] FAST PATH at index 2
2026-04-27 12:59:03,392 [INFO] [IntDet] Bar 2 | 2026-04-16 09:23 | H=24400.10 L=24372.70 C=24386.75 | Fans=0 Lines=0
2026-04-27 12:59:03,393 [INFO] [Study] Cache updated: index=2, state_keys=['pivot_detector', 'angle_engine', 'intersection_detector', 'zone_tracker', 'fan_validator', 'target_progression', 'state_machine', 'cluster_detector', 'historical_clusters', 'event_logger', 'active_fan_keys', 'persisted_fans', 'active_marker_ids', 'is_initialized', 'initialized', 'config', 'pending_retro_events']
2026-04-27 12:59:03,394 [INFO] DEBUG CORS: Origin header received: 'http://localhost:5173'
2026-04-27 12:59:03,899 [INFO] DEBUG CORS: Origin header received: 'http://localhost:5173'
2026-04-27 12:59:03,904 [INFO] Initialized AngularPriceCoverageStudy v4.0. Config: {'left_bars': 5, 'right_bars': 5, 'line_extension_bars': 100, 'fraction_colors': {0.125: '#FF5252', 0.25: '#FF5252', 0.375: '#FF5252', 0.5: '#2196F3', 0.625: '#4CAF50', 0.75: '#4CAF50', 0.875: '#4CAF50', 1.0: '#FFFFFF'}, 'main_color': '#FFFFFF', 'main_line_width': 1, 'fraction_line_width': 2, 'scale_ratio': 3.6603, 'breach_mode': 'wick', 'show_intersection_labels': False, 'max_historical_fans': 3, 'bounce_threshold_percent': 0.3, 'rejection_lookback_bars': 5, 'rest_required_bars': 3, 'resolution': '4', 'symbol': '^NSEI', 'run_mode': 'replay', 'is_new_replay': False}
2026-04-27 12:59:03,905 [INFO] [Study] Evaluating AngularPriceCoverageStudy (config: {'resolution': '4', 'symbol': '^NSEI', 'scale_ratio': 3.6603, 'left_bars': 5, 'right_bars': 5, 'show_intersection_labels': False, 'run_mode': 'replay', 'is_new_replay': False})
2026-04-27 12:59:03,905 [INFO] [Study] FAST PATH at index 3
2026-04-27 12:59:03,907 [INFO] [IntDet] Bar 3 | 2026-04-16 09:27 | H=24398.25 L=24376.00 C=24388.90 | Fans=0 Lines=0
2026-04-27 12:59:03,909 [INFO] [Study] Cache updated: index=3, state_keys=['pivot_detector', 'angle_engine', 'intersection_detector', 'zone_tracker', 'fan_validator', 'target_progression', 'state_machine', 'cluster_detector', 'historical_clusters', 'event_logger', 'active_fan_keys', 'persisted_fans', 'active_marker_ids', 'is_initialized', 'initialized', 'config', 'pending_retro_events']
2026-04-27 12:59:03,910 [INFO] DEBUG CORS: Origin header received: 'http://localhost:5173'
2026-04-27 12:59:04,422 [INFO] Initialized AngularPriceCoverageStudy v4.0. Config: {'left_bars': 5, 'right_bars': 5, 'line_extension_bars': 100, 'fraction_colors': {0.125: '#FF5252', 0.25: '#FF5252', 0.375: '#FF5252', 0.5: '#2196F3', 0.625: '#4CAF50', 0.75: '#4CAF50', 0.875: '#4CAF50', 1.0: '#FFFFFF'}, 'main_color': '#FFFFFF', 'main_line_width': 1, 'fraction_line_width': 2, 'scale_ratio': 3.6603, 'breach_mode': 'wick', 'show_intersection_labels': False, 'max_historical_fans': 3, 'bounce_threshold_percent': 0.3, 'rejection_lookback_bars': 5, 'rest_required_bars': 3, 'resolution': '4', 'symbol': '^NSEI', 'run_mode': 'replay', 'is_new_replay': False}
2026-04-27 12:59:04,422 [INFO] [Study] Evaluating AngularPriceCoverageStudy (config: {'resolution': '4', 'symbol': '^NSEI', 'scale_ratio': 3.6603, 'left_bars': 5, 'right_bars': 5, 'show_intersection_labels': False, 'run_mode': 'replay', 'is_new_replay': False})
2026-04-27 12:59:04,423 [INFO] [Study] FAST PATH at index 4
2026-04-27 12:59:04,424 [INFO] [IntDet] Bar 4 | 2026-04-16 09:31 | H=24390.35 L=24353.70 C=24358.30 | Fans=0 Lines=0
2026-04-27 12:59:04,425 [INFO] [Study] Cache updated: index=4, state_keys=['pivot_detector', 'angle_engine', 'intersection_detector', 'zone_tracker', 'fan_validator', 'target_progression', 'state_machine', 'cluster_detector', 'historical_clusters', 'event_logger', 'active_fan_keys', 'persisted_fans', 'active_marker_ids', 'is_initialized', 'initialized', 'config', 'pending_retro_events']
2026-04-27 12:59:04,426 [INFO] DEBUG CORS: Origin header received: 'http://localhost:5173'
2026-04-27 12:59:05,029 [INFO] Initialized AngularPriceCoverageStudy v4.0. Config: {'left_bars': 5, 'right_bars': 5, 'line_extension_bars': 100, 'fraction_colors': {0.125: '#FF5252', 0.25: '#FF5252', 0.375: '#FF5252', 0.5: '#2196F3', 0.625: '#4CAF50', 0.75: '#4CAF50', 0.875: '#4CAF50', 1.0: '#FFFFFF'}, 'main_color': '#FFFFFF', 'main_line_width': 1, 'fraction_line_width': 2, 'scale_ratio': 3.6603, 'breach_mode': 'wick', 'show_intersection_labels': False, 'max_historical_fans': 3, 'bounce_threshold_percent': 0.3, 'rejection_lookback_bars': 5, 'rest_required_bars': 3, 'resolution': '4', 'symbol': '^NSEI', 'run_mode': 'replay', 'is_new_replay': False}
2026-04-27 12:59:05,030 [INFO] [Study] Evaluating AngularPriceCoverageStudy (config: {'resolution': '4', 'symbol': '^NSEI', 'scale_ratio': 3.6603, 'left_bars': 5, 'right_bars': 5, 'show_intersection_labels': False, 'run_mode': 'replay', 'is_new_replay': False})
2026-04-27 12:59:05,030 [INFO] [Study] FAST PATH at index 5
2026-04-27 12:59:05,032 [INFO] [IntDet] Bar 5 | 2026-04-16 09:35 | H=24364.05 L=24312.00 C=24314.90 | Fans=0 Lines=0
2026-04-27 12:59:05,033 [INFO] [Study] Cache updated: index=5, state_keys=['pivot_detector', 'angle_engine', 'intersection_detector', 'zone_tracker', 'fan_validator', 'target_progression', 'state_machine', 'cluster_detector', 'historical_clusters', 'event_logger', 'active_fan_keys', 'persisted_fans', 'active_marker_ids', 'is_initialized', 'initialized', 'config', 'pending_retro_events']
2026-04-27 12:59:05,034 [INFO] DEBUG CORS: Origin header received: 'http://localhost:5173'
2026-04-27 12:59:05,571 [INFO] Initialized AngularPriceCoverageStudy v4.0. Config: {'left_bars': 5, 'right_bars': 5, 'line_extension_bars': 100, 'fraction_colors': {0.125: '#FF5252', 0.25: '#FF5252', 0.375: '#FF5252', 0.5: '#2196F3', 0.625: '#4CAF50', 0.75: '#4CAF50', 0.875: '#4CAF50', 1.0: '#FFFFFF'}, 'main_color': '#FFFFFF', 'main_line_width': 1, 'fraction_line_width': 2, 'scale_ratio': 3.6603, 'breach_mode': 'wick', 'show_intersection_labels': False, 'max_historical_fans': 3, 'bounce_threshold_percent': 0.3, 'rejection_lookback_bars': 5, 'rest_required_bars': 3, 'resolution': '4', 'symbol': '^NSEI', 'run_mode': 'replay', 'is_new_replay': False}
2026-04-27 12:59:05,572 [INFO] [Study] Evaluating AngularPriceCoverageStudy (config: {'resolution': '4', 'symbol': '^NSEI', 'scale_ratio': 3.6603, 'left_bars': 5, 'right_bars': 5, 'show_intersection_labels': False, 'run_mode': 'replay', 'is_new_replay': False})
2026-04-27 12:59:05,572 [INFO] [Study] FAST PATH at index 6
2026-04-27 12:59:05,574 [INFO] [IntDet] Bar 6 | 2026-04-16 09:39 | H=24335.35 L=24301.90 C=24303.70 | Fans=0 Lines=0
2026-04-27 12:59:05,577 [INFO] [Study] Cache updated: index=6, state_keys=['pivot_detector', 'angle_engine', 'intersection_detector', 'zone_tracker', 'fan_validator', 'target_progression', 'state_machine', 'cluster_detector', 'historical_clusters', 'event_logger', 'active_fan_keys', 'persisted_fans', 'active_marker_ids', 'is_initialized', 'initialized', 'config', 'pending_retro_events']
2026-04-27 12:59:05,578 [INFO] DEBUG CORS: Origin header received: 'http://localhost:5173'
2026-04-27 12:59:06,144 [INFO] Initialized AngularPriceCoverageStudy v4.0. Config: {'left_bars': 5, 'right_bars': 5, 'line_extension_bars': 100, 'fraction_colors': {0.125: '#FF5252', 0.25: '#FF5252', 0.375: '#FF5252', 0.5: '#2196F3', 0.625: '#4CAF50', 0.75: '#4CAF50', 0.875: '#4CAF50', 1.0: '#FFFFFF'}, 'main_color': '#FFFFFF', 'main_line_width': 1, 'fraction_line_width': 2, 'scale_ratio': 3.6603, 'breach_mode': 'wick', 'show_intersection_labels': False, 'max_historical_fans': 3, 'bounce_threshold_percent': 0.3, 'rejection_lookback_bars': 5, 'rest_required_bars': 3, 'resolution': '4', 'symbol': '^NSEI', 'run_mode': 'replay', 'is_new_replay': False}
2026-04-27 12:59:06,145 [INFO] [Study] Evaluating AngularPriceCoverageStudy (config: {'resolution': '4', 'symbol': '^NSEI', 'scale_ratio': 3.6603, 'left_bars': 5, 'right_bars': 5, 'show_intersection_labels': False, 'run_mode': 'replay', 'is_new_replay': False})
2026-04-27 12:59:06,146 [INFO] [Study] FAST PATH at index 7
2026-04-27 12:59:06,147 [INFO] [IntDet] Bar 7 | 2026-04-16 09:43 | H=24329.30 L=24293.15 C=24328.60 | Fans=0 Lines=0
2026-04-27 12:59:06,149 [INFO] [Study] Cache updated: index=7, state_keys=['pivot_detector', 'angle_engine', 'intersection_detector', 'zone_tracker', 'fan_validator', 'target_progression', 'state_machine', 'cluster_detector', 'historical_clusters', 'event_logger', 'active_fan_keys', 'persisted_fans', 'active_marker_ids', 'is_initialized', 'initialized', 'config', 'pending_retro_events']
2026-04-27 12:59:06,149 [INFO] DEBUG CORS: Origin header received: 'http://localhost:5173'
2026-04-27 12:59:06,704 [INFO] Initialized AngularPriceCoverageStudy v4.0. Config: {'left_bars': 5, 'right_bars': 5, 'line_extension_bars': 100, 'fraction_colors': {0.125: '#FF5252', 0.25: '#FF5252', 0.375: '#FF5252', 0.5: '#2196F3', 0.625: '#4CAF50', 0.75: '#4CAF50', 0.875: '#4CAF50', 1.0: '#FFFFFF'}, 'main_color': '#FFFFFF', 'main_line_width': 1, 'fraction_line_width': 2, 'scale_ratio': 3.6603, 'breach_mode': 'wick', 'show_intersection_labels': False, 'max_historical_fans': 3, 'bounce_threshold_percent': 0.3, 'rejection_lookback_bars': 5, 'rest_required_bars': 3, 'resolution': '4', 'symbol': '^NSEI', 'run_mode': 'replay', 'is_new_replay': False}
2026-04-27 12:59:06,704 [INFO] [Study] Evaluating AngularPriceCoverageStudy (config: {'resolution': '4', 'symbol': '^NSEI', 'scale_ratio': 3.6603, 'left_bars': 5, 'right_bars': 5, 'show_intersection_labels': False, 'run_mode': 'replay', 'is_new_replay': False})
2026-04-27 12:59:06,705 [INFO] [Study] FAST PATH at index 8
2026-04-27 12:59:06,706 [INFO] [IntDet] Bar 8 | 2026-04-16 09:47 | H=24334.65 L=24315.30 C=24330.35 | Fans=0 Lines=0
2026-04-27 12:59:06,707 [INFO] [Study] Cache updated: index=8, state_keys=['pivot_detector', 'angle_engine', 'intersection_detector', 'zone_tracker', 'fan_validator', 'target_progression', 'state_machine', 'cluster_detector', 'historical_clusters', 'event_logger', 'active_fan_keys', 'persisted_fans', 'active_marker_ids', 'is_initialized', 'initialized', 'config', 'pending_retro_events']
2026-04-27 12:59:06,708 [INFO] DEBUG CORS: Origin header received: 'http://localhost:5173'
2026-04-27 12:59:07,294 [INFO] Initialized AngularPriceCoverageStudy v4.0. Config: {'left_bars': 5, 'right_bars': 5, 'line_extension_bars': 100, 'fraction_colors': {0.125: '#FF5252', 0.25: '#FF5252', 0.375: '#FF5252', 0.5: '#2196F3', 0.625: '#4CAF50', 0.75: '#4CAF50', 0.875: '#4CAF50', 1.0: '#FFFFFF'}, 'main_color': '#FFFFFF', 'main_line_width': 1, 'fraction_line_width': 2, 'scale_ratio': 3.6603, 'breach_mode': 'wick', 'show_intersection_labels': False, 'max_historical_fans': 3, 'bounce_threshold_percent': 0.3, 'rejection_lookback_bars': 5, 'rest_required_bars': 3, 'resolution': '4', 'symbol': '^NSEI', 'run_mode': 'replay', 'is_new_replay': False}
2026-04-27 12:59:07,294 [INFO] [Study] Evaluating AngularPriceCoverageStudy (config: {'resolution': '4', 'symbol': '^NSEI', 'scale_ratio': 3.6603, 'left_bars': 5, 'right_bars': 5, 'show_intersection_labels': False, 'run_mode': 'replay', 'is_new_replay': False})
2026-04-27 12:59:07,295 [INFO] [Study] FAST PATH at index 9
2026-04-27 12:59:07,297 [INFO] [IntDet] Bar 9 | 2026-04-16 09:51 | H=24337.05 L=24301.50 C=24316.55 | Fans=0 Lines=0
2026-04-27 12:59:07,298 [INFO] [Study] Cache updated: index=9, state_keys=['pivot_detector', 'angle_engine', 'intersection_detector', 'zone_tracker', 'fan_validator', 'target_progression', 'state_machine', 'cluster_detector', 'historical_clusters', 'event_logger', 'active_fan_keys', 'persisted_fans', 'active_marker_ids', 'is_initialized', 'initialized', 'config', 'pending_retro_events']
2026-04-27 12:59:07,299 [INFO] DEBUG CORS: Origin header received: 'http://localhost:5173'
2026-04-27 12:59:07,846 [INFO] Initialized AngularPriceCoverageStudy v4.0. Config: {'left_bars': 5, 'right_bars': 5, 'line_extension_bars': 100, 'fraction_colors': {0.125: '#FF5252', 0.25: '#FF5252', 0.375: '#FF5252', 0.5: '#2196F3', 0.625: '#4CAF50', 0.75: '#4CAF50', 0.875: '#4CAF50', 1.0: '#FFFFFF'}, 'main_color': '#FFFFFF', 'main_line_width': 1, 'fraction_line_width': 2, 'scale_ratio': 3.6603, 'breach_mode': 'wick', 'show_intersection_labels': False, 'max_historical_fans': 3, 'bounce_threshold_percent': 0.3, 'rejection_lookback_bars': 5, 'rest_required_bars': 3, 'resolution': '4', 'symbol': '^NSEI', 'run_mode': 'replay', 'is_new_replay': False}
2026-04-27 12:59:07,846 [INFO] [Study] Evaluating AngularPriceCoverageStudy (config: {'resolution': '4', 'symbol': '^NSEI', 'scale_ratio': 3.6603, 'left_bars': 5, 'right_bars': 5, 'show_intersection_labels': False, 'run_mode': 'replay', 'is_new_replay': False})
2026-04-27 12:59:07,847 [INFO] [Study] FAST PATH at index 10
2026-04-27 12:59:07,848 [INFO] [Study] First process_bar at index 10. Running initialize_history.
2026-04-27 12:59:07,848 [INFO] [Study] initialize_history called with 10 candles
2026-04-27 12:59:07,849 [INFO] [Study] Not enough candles for pivot detection
2026-04-27 12:59:07,852 [INFO] [IntDet] Bar 10 | 2026-04-16 09:55 | H=24316.85 L=24275.45 C=24283.35 | Fans=0 Lines=0
2026-04-27 12:59:07,855 [INFO] [Study] Cache updated: index=10, state_keys=['pivot_detector', 'angle_engine', 'intersection_detector', 'zone_tracker', 'fan_validator', 'target_progression', 'state_machine', 'cluster_detector', 'historical_clusters', 'event_logger', 'active_fan_keys', 'persisted_fans', 'active_marker_ids', 'is_initialized', 'initialized', 'config', 'pending_retro_events']
2026-04-27 12:59:07,856 [INFO] DEBUG CORS: Origin header received: 'http://localhost:5173'
2026-04-27 12:59:08,398 [INFO] Initialized AngularPriceCoverageStudy v4.0. Config: {'left_bars': 5, 'right_bars': 5, 'line_extension_bars': 100, 'fraction_colors': {0.125: '#FF5252', 0.25: '#FF5252', 0.375: '#FF5252', 0.5: '#2196F3', 0.625: '#4CAF50', 0.75: '#4CAF50', 0.875: '#4CAF50', 1.0: '#FFFFFF'}, 'main_color': '#FFFFFF', 'main_line_width': 1, 'fraction_line_width': 2, 'scale_ratio': 3.6603, 'breach_mode': 'wick', 'show_intersection_labels': False, 'max_historical_fans': 3, 'bounce_threshold_percent': 0.3, 'rejection_lookback_bars': 5, 'rest_required_bars': 3, 'resolution': '4', 'symbol': '^NSEI', 'run_mode': 'replay', 'is_new_replay': False}
2026-04-27 12:59:08,399 [INFO] [Study] Evaluating AngularPriceCoverageStudy (config: {'resolution': '4', 'symbol': '^NSEI', 'scale_ratio': 3.6603, 'left_bars': 5, 'right_bars': 5, 'show_intersection_labels': False, 'run_mode': 'replay', 'is_new_replay': False})
2026-04-27 12:59:08,399 [INFO] [Study] FAST PATH at index 11
2026-04-27 12:59:08,401 [INFO] [IntDet] Bar 11 | 2026-04-16 09:59 | H=24290.75 L=24266.50 C=24288.50 | Fans=0 Lines=0
2026-04-27 12:59:08,404 [INFO] [Study] Cache updated: index=11, state_keys=['pivot_detector', 'angle_engine', 'intersection_detector', 'zone_tracker', 'fan_validator', 'target_progression', 'state_machine', 'cluster_detector', 'historical_clusters', 'event_logger', 'active_fan_keys', 'persisted_fans', 'active_marker_ids', 'is_initialized', 'initialized', 'config', 'pending_retro_events']
2026-04-27 12:59:08,405 [INFO] DEBUG CORS: Origin header received: 'http://localhost:5173'
2026-04-27 12:59:08,978 [INFO] DEBUG CORS: Origin header received: 'http://localhost:5173'
2026-04-27 12:59:08,982 [INFO] Initialized AngularPriceCoverageStudy v4.0. Config: {'left_bars': 5, 'right_bars': 5, 'line_extension_bars': 100, 'fraction_colors': {0.125: '#FF5252', 0.25: '#FF5252', 0.375: '#FF5252', 0.5: '#2196F3', 0.625: '#4CAF50', 0.75: '#4CAF50', 0.875: '#4CAF50', 1.0: '#FFFFFF'}, 'main_color': '#FFFFFF', 'main_line_width': 1, 'fraction_line_width': 2, 'scale_ratio': 3.6603, 'breach_mode': 'wick', 'show_intersection_labels': False, 'max_historical_fans': 3, 'bounce_threshold_percent': 0.3, 'rejection_lookback_bars': 5, 'rest_required_bars': 3, 'resolution': '4', 'symbol': '^NSEI', 'run_mode': 'replay', 'is_new_replay': False}
2026-04-27 12:59:08,982 [INFO] [Study] Evaluating AngularPriceCoverageStudy (config: {'resolution': '4', 'symbol': '^NSEI', 'scale_ratio': 3.6603, 'left_bars': 5, 'right_bars': 5, 'show_intersection_labels': False, 'run_mode': 'replay', 'is_new_replay': False})
2026-04-27 12:59:08,983 [INFO] [Study] FAST PATH at index 12
2026-04-27 12:59:08,985 [INFO] [IntDet] Bar 12 | 2026-04-16 10:03 | H=24304.05 L=24279.65 C=24283.30 | Fans=0 Lines=0
2026-04-27 12:59:08,986 [INFO] [Study] Cache updated: index=12, state_keys=['pivot_detector', 'angle_engine', 'intersection_detector', 'zone_tracker', 'fan_validator', 'target_progression', 'state_machine', 'cluster_detector', 'historical_clusters', 'event_logger', 'active_fan_keys', 'persisted_fans', 'active_marker_ids', 'is_initialized', 'initialized', 'config', 'pending_retro_events']
2026-04-27 12:59:08,987 [INFO] DEBUG CORS: Origin header received: 'http://localhost:5173'
2026-04-27 12:59:09,549 [INFO] Initialized AngularPriceCoverageStudy v4.0. Config: {'left_bars': 5, 'right_bars': 5, 'line_extension_bars': 100, 'fraction_colors': {0.125: '#FF5252', 0.25: '#FF5252', 0.375: '#FF5252', 0.5: '#2196F3', 0.625: '#4CAF50', 0.75: '#4CAF50', 0.875: '#4CAF50', 1.0: '#FFFFFF'}, 'main_color': '#FFFFFF', 'main_line_width': 1, 'fraction_line_width': 2, 'scale_ratio': 3.6603, 'breach_mode': 'wick', 'show_intersection_labels': False, 'max_historical_fans': 3, 'bounce_threshold_percent': 0.3, 'rejection_lookback_bars': 5, 'rest_required_bars': 3, 'resolution': '4', 'symbol': '^NSEI', 'run_mode': 'replay', 'is_new_replay': False}
2026-04-27 12:59:09,550 [INFO] [Study] Evaluating AngularPriceCoverageStudy (config: {'resolution': '4', 'symbol': '^NSEI', 'scale_ratio': 3.6603, 'left_bars': 5, 'right_bars': 5, 'show_intersection_labels': False, 'run_mode': 'replay', 'is_new_replay': False})
2026-04-27 12:59:09,550 [INFO] [Study] FAST PATH at index 13
2026-04-27 12:59:09,552 [INFO] [IntDet] Bar 13 | 2026-04-16 10:07 | H=24318.65 L=24280.90 C=24318.65 | Fans=0 Lines=0
2026-04-27 12:59:09,554 [INFO] [Study] Cache updated: index=13, state_keys=['pivot_detector', 'angle_engine', 'intersection_detector', 'zone_tracker', 'fan_validator', 'target_progression', 'state_machine', 'cluster_detector', 'historical_clusters', 'event_logger', 'active_fan_keys', 'persisted_fans', 'active_marker_ids', 'is_initialized', 'initialized', 'config', 'pending_retro_events']
2026-04-27 12:59:09,556 [INFO] DEBUG CORS: Origin header received: 'http://localhost:5173'
2026-04-27 12:59:10,138 [INFO] Initialized AngularPriceCoverageStudy v4.0. Config: {'left_bars': 5, 'right_bars': 5, 'line_extension_bars': 100, 'fraction_colors': {0.125: '#FF5252', 0.25: '#FF5252', 0.375: '#FF5252', 0.5: '#2196F3', 0.625: '#4CAF50', 0.75: '#4CAF50', 0.875: '#4CAF50', 1.0: '#FFFFFF'}, 'main_color': '#FFFFFF', 'main_line_width': 1, 'fraction_line_width': 2, 'scale_ratio': 3.6603, 'breach_mode': 'wick', 'show_intersection_labels': False, 'max_historical_fans': 3, 'bounce_threshold_percent': 0.3, 'rejection_lookback_bars': 5, 'rest_required_bars': 3, 'resolution': '4', 'symbol': '^NSEI', 'run_mode': 'replay', 'is_new_replay': False}
2026-04-27 12:59:10,139 [INFO] [Study] Evaluating AngularPriceCoverageStudy (config: {'resolution': '4', 'symbol': '^NSEI', 'scale_ratio': 3.6603, 'left_bars': 5, 'right_bars': 5, 'show_intersection_labels': False, 'run_mode': 'replay', 'is_new_replay': False})
2026-04-27 12:59:10,139 [INFO] [Study] FAST PATH at index 14
2026-04-27 12:59:10,141 [INFO] [IntDet] Bar 14 | 2026-04-16 10:11 | H=24319.85 L=24295.30 C=24307.60 | Fans=0 Lines=0
2026-04-27 12:59:10,142 [INFO] [Study] Cache updated: index=14, state_keys=['pivot_detector', 'angle_engine', 'intersection_detector', 'zone_tracker', 'fan_validator', 'target_progression', 'state_machine', 'cluster_detector', 'historical_clusters', 'event_logger', 'active_fan_keys', 'persisted_fans', 'active_marker_ids', 'is_initialized', 'initialized', 'config', 'pending_retro_events']
2026-04-27 12:59:10,143 [INFO] DEBUG CORS: Origin header received: 'http://localhost:5173'
2026-04-27 12:59:10,682 [INFO] Initialized AngularPriceCoverageStudy v4.0. Config: {'left_bars': 5, 'right_bars': 5, 'line_extension_bars': 100, 'fraction_colors': {0.125: '#FF5252', 0.25: '#FF5252', 0.375: '#FF5252', 0.5: '#2196F3', 0.625: '#4CAF50', 0.75: '#4CAF50', 0.875: '#4CAF50', 1.0: '#FFFFFF'}, 'main_color': '#FFFFFF', 'main_line_width': 1, 'fraction_line_width': 2, 'scale_ratio': 3.6603, 'breach_mode': 'wick', 'show_intersection_labels': False, 'max_historical_fans': 3, 'bounce_threshold_percent': 0.3, 'rejection_lookback_bars': 5, 'rest_required_bars': 3, 'resolution': '4', 'symbol': '^NSEI', 'run_mode': 'replay', 'is_new_replay': False}
2026-04-27 12:59:10,683 [INFO] [Study] Evaluating AngularPriceCoverageStudy (config: {'resolution': '4', 'symbol': '^NSEI', 'scale_ratio': 3.6603, 'left_bars': 5, 'right_bars': 5, 'show_intersection_labels': False, 'run_mode': 'replay', 'is_new_replay': False})
2026-04-27 12:59:10,683 [INFO] [Study] FAST PATH at index 15
2026-04-27 12:59:10,687 [INFO] [IntDet] Bar 15 | 2026-04-16 10:15 | H=24324.55 L=24292.85 C=24323.40 | Fans=0 Lines=0
2026-04-27 12:59:10,690 [INFO] [Study] Cache updated: index=15, state_keys=['pivot_detector', 'angle_engine', 'intersection_detector', 'zone_tracker', 'fan_validator', 'target_progression', 'state_machine', 'cluster_detector', 'historical_clusters', 'event_logger', 'active_fan_keys', 'persisted_fans', 'active_marker_ids', 'is_initialized', 'initialized', 'config', 'pending_retro_events']
2026-04-27 12:59:10,691 [INFO] DEBUG CORS: Origin header received: 'http://localhost:5173'
2026-04-27 12:59:11,197 [INFO] Initialized AngularPriceCoverageStudy v4.0. Config: {'left_bars': 5, 'right_bars': 5, 'line_extension_bars': 100, 'fraction_colors': {0.125: '#FF5252', 0.25: '#FF5252', 0.375: '#FF5252', 0.5: '#2196F3', 0.625: '#4CAF50', 0.75: '#4CAF50', 0.875: '#4CAF50', 1.0: '#FFFFFF'}, 'main_color': '#FFFFFF', 'main_line_width': 1, 'fraction_line_width': 2, 'scale_ratio': 3.6603, 'breach_mode': 'wick', 'show_intersection_labels': False, 'max_historical_fans': 3, 'bounce_threshold_percent': 0.3, 'rejection_lookback_bars': 5, 'rest_required_bars': 3, 'resolution': '4', 'symbol': '^NSEI', 'run_mode': 'replay', 'is_new_replay': False}
2026-04-27 12:59:11,198 [INFO] [Study] Evaluating AngularPriceCoverageStudy (config: {'resolution': '4', 'symbol': '^NSEI', 'scale_ratio': 3.6603, 'left_bars': 5, 'right_bars': 5, 'show_intersection_labels': False, 'run_mode': 'replay', 'is_new_replay': False})
2026-04-27 12:59:11,199 [INFO] [Study] FAST PATH at index 16
2026-04-27 12:59:11,200 [INFO] [IntDet] Bar 16 | 2026-04-16 10:19 | H=24328.80 L=24300.05 C=24306.45 | Fans=0 Lines=0
2026-04-27 12:59:11,202 [INFO] [Study] Cache updated: index=16, state_keys=['pivot_detector', 'angle_engine', 'intersection_detector', 'zone_tracker', 'fan_validator', 'target_progression', 'state_machine', 'cluster_detector', 'historical_clusters', 'event_logger', 'active_fan_keys', 'persisted_fans', 'active_marker_ids', 'is_initialized', 'initialized', 'config', 'pending_retro_events']
2026-04-27 12:59:11,203 [INFO] DEBUG CORS: Origin header received: 'http://localhost:5173'
2026-04-27 12:59:11,678 [INFO] Initialized AngularPriceCoverageStudy v4.0. Config: {'left_bars': 5, 'right_bars': 5, 'line_extension_bars': 100, 'fraction_colors': {0.125: '#FF5252', 0.25: '#FF5252', 0.375: '#FF5252', 0.5: '#2196F3', 0.625: '#4CAF50', 0.75: '#4CAF50', 0.875: '#4CAF50', 1.0: '#FFFFFF'}, 'main_color': '#FFFFFF', 'main_line_width': 1, 'fraction_line_width': 2, 'scale_ratio': 3.6603, 'breach_mode': 'wick', 'show_intersection_labels': False, 'max_historical_fans': 3, 'bounce_threshold_percent': 0.3, 'rejection_lookback_bars': 5, 'rest_required_bars': 3, 'resolution': '4', 'symbol': '^NSEI', 'run_mode': 'replay', 'is_new_replay': False}
2026-04-27 12:59:11,679 [INFO] [Study] Evaluating AngularPriceCoverageStudy (config: {'resolution': '4', 'symbol': '^NSEI', 'scale_ratio': 3.6603, 'left_bars': 5, 'right_bars': 5, 'show_intersection_labels': False, 'run_mode': 'replay', 'is_new_replay': False})
2026-04-27 12:59:11,679 [INFO] [Study] FAST PATH at index 17
2026-04-27 12:59:11,681 [INFO] [IntDet] Bar 17 | 2026-04-16 10:23 | H=24315.20 L=24302.50 C=24312.35 | Fans=0 Lines=0
2026-04-27 12:59:11,682 [INFO] [Study] Cache updated: index=17, state_keys=['pivot_detector', 'angle_engine', 'intersection_detector', 'zone_tracker', 'fan_validator', 'target_progression', 'state_machine', 'cluster_detector', 'historical_clusters', 'event_logger', 'active_fan_keys', 'persisted_fans', 'active_marker_ids', 'is_initialized', 'initialized', 'config', 'pending_retro_events']
2026-04-27 12:59:11,682 [INFO] DEBUG CORS: Origin header received: 'http://localhost:5173'
2026-04-27 12:59:12,149 [INFO] Initialized AngularPriceCoverageStudy v4.0. Config: {'left_bars': 5, 'right_bars': 5, 'line_extension_bars': 100, 'fraction_colors': {0.125: '#FF5252', 0.25: '#FF5252', 0.375: '#FF5252', 0.5: '#2196F3', 0.625: '#4CAF50', 0.75: '#4CAF50', 0.875: '#4CAF50', 1.0: '#FFFFFF'}, 'main_color': '#FFFFFF', 'main_line_width': 1, 'fraction_line_width': 2, 'scale_ratio': 3.6603, 'breach_mode': 'wick', 'show_intersection_labels': False, 'max_historical_fans': 3, 'bounce_threshold_percent': 0.3, 'rejection_lookback_bars': 5, 'rest_required_bars': 3, 'resolution': '4', 'symbol': '^NSEI', 'run_mode': 'replay', 'is_new_replay': False}
2026-04-27 12:59:12,150 [INFO] [Study] Evaluating AngularPriceCoverageStudy (config: {'resolution': '4', 'symbol': '^NSEI', 'scale_ratio': 3.6603, 'left_bars': 5, 'right_bars': 5, 'show_intersection_labels': False, 'run_mode': 'replay', 'is_new_replay': False})
2026-04-27 12:59:12,150 [INFO] [Study] FAST PATH at index 18
2026-04-27 12:59:12,151 [INFO] [IntDet] Bar 18 | 2026-04-16 10:27 | H=24317.20 L=24292.50 C=24308.80 | Fans=0 Lines=0
2026-04-27 12:59:12,153 [INFO] [Study] Cache updated: index=18, state_keys=['pivot_detector', 'angle_engine', 'intersection_detector', 'zone_tracker', 'fan_validator', 'target_progression', 'state_machine', 'cluster_detector', 'historical_clusters', 'event_logger', 'active_fan_keys', 'persisted_fans', 'active_marker_ids', 'is_initialized', 'initialized', 'config', 'pending_retro_events']
2026-04-27 12:59:12,154 [INFO] DEBUG CORS: Origin header received: 'http://localhost:5173'
2026-04-27 12:59:12,621 [INFO] Initialized AngularPriceCoverageStudy v4.0. Config: {'left_bars': 5, 'right_bars': 5, 'line_extension_bars': 100, 'fraction_colors': {0.125: '#FF5252', 0.25: '#FF5252', 0.375: '#FF5252', 0.5: '#2196F3', 0.625: '#4CAF50', 0.75: '#4CAF50', 0.875: '#4CAF50', 1.0: '#FFFFFF'}, 'main_color': '#FFFFFF', 'main_line_width': 1, 'fraction_line_width': 2, 'scale_ratio': 3.6603, 'breach_mode': 'wick', 'show_intersection_labels': False, 'max_historical_fans': 3, 'bounce_threshold_percent': 0.3, 'rejection_lookback_bars': 5, 'rest_required_bars': 3, 'resolution': '4', 'symbol': '^NSEI', 'run_mode': 'replay', 'is_new_replay': False}
2026-04-27 12:59:12,622 [INFO] [Study] Evaluating AngularPriceCoverageStudy (config: {'resolution': '4', 'symbol': '^NSEI', 'scale_ratio': 3.6603, 'left_bars': 5, 'right_bars': 5, 'show_intersection_labels': False, 'run_mode': 'replay', 'is_new_replay': False})
2026-04-27 12:59:12,622 [INFO] [Study] FAST PATH at index 19
2026-04-27 12:59:12,624 [INFO] [IntDet] Bar 19 | 2026-04-16 10:31 | H=24321.25 L=24305.70 C=24312.70 | Fans=0 Lines=0
2026-04-27 12:59:12,625 [INFO] [Study] Cache updated: index=19, state_keys=['pivot_detector', 'angle_engine', 'intersection_detector', 'zone_tracker', 'fan_validator', 'target_progression', 'state_machine', 'cluster_detector', 'historical_clusters', 'event_logger', 'active_fan_keys', 'persisted_fans', 'active_marker_ids', 'is_initialized', 'initialized', 'config', 'pending_retro_events']
2026-04-27 12:59:12,626 [INFO] DEBUG CORS: Origin header received: 'http://localhost:5173'
2026-04-27 12:59:13,084 [INFO] Initialized AngularPriceCoverageStudy v4.0. Config: {'left_bars': 5, 'right_bars': 5, 'line_extension_bars': 100, 'fraction_colors': {0.125: '#FF5252', 0.25: '#FF5252', 0.375: '#FF5252', 0.5: '#2196F3', 0.625: '#4CAF50', 0.75: '#4CAF50', 0.875: '#4CAF50', 1.0: '#FFFFFF'}, 'main_color': '#FFFFFF', 'main_line_width': 1, 'fraction_line_width': 2, 'scale_ratio': 3.6603, 'breach_mode': 'wick', 'show_intersection_labels': False, 'max_historical_fans': 3, 'bounce_threshold_percent': 0.3, 'rejection_lookback_bars': 5, 'rest_required_bars': 3, 'resolution': '4', 'symbol': '^NSEI', 'run_mode': 'replay', 'is_new_replay': False}
2026-04-27 12:59:13,085 [INFO] [Study] Evaluating AngularPriceCoverageStudy (config: {'resolution': '4', 'symbol': '^NSEI', 'scale_ratio': 3.6603, 'left_bars': 5, 'right_bars': 5, 'show_intersection_labels': False, 'run_mode': 'replay', 'is_new_replay': False})
2026-04-27 12:59:13,086 [INFO] [Study] FAST PATH at index 20
2026-04-27 12:59:13,088 [INFO] [IntDet] Bar 20 | 2026-04-16 10:35 | H=24325.85 L=24308.60 C=24310.65 | Fans=0 Lines=0
2026-04-27 12:59:13,090 [INFO] [Study] Cache updated: index=20, state_keys=['pivot_detector', 'angle_engine', 'intersection_detector', 'zone_tracker', 'fan_validator', 'target_progression', 'state_machine', 'cluster_detector', 'historical_clusters', 'event_logger', 'active_fan_keys', 'persisted_fans', 'active_marker_ids', 'is_initialized', 'initialized', 'config', 'pending_retro_events']
2026-04-27 12:59:13,091 [INFO] DEBUG CORS: Origin header received: 'http://localhost:5173'
2026-04-27 12:59:13,583 [INFO] Initialized AngularPriceCoverageStudy v4.0. Config: {'left_bars': 5, 'right_bars': 5, 'line_extension_bars': 100, 'fraction_colors': {0.125: '#FF5252', 0.25: '#FF5252', 0.375: '#FF5252', 0.5: '#2196F3', 0.625: '#4CAF50', 0.75: '#4CAF50', 0.875: '#4CAF50', 1.0: '#FFFFFF'}, 'main_color': '#FFFFFF', 'main_line_width': 1, 'fraction_line_width': 2, 'scale_ratio': 3.6603, 'breach_mode': 'wick', 'show_intersection_labels': False, 'max_historical_fans': 3, 'bounce_threshold_percent': 0.3, 'rejection_lookback_bars': 5, 'rest_required_bars': 3, 'resolution': '4', 'symbol': '^NSEI', 'run_mode': 'replay', 'is_new_replay': False}
2026-04-27 12:59:13,583 [INFO] [Study] Evaluating AngularPriceCoverageStudy (config: {'resolution': '4', 'symbol': '^NSEI', 'scale_ratio': 3.6603, 'left_bars': 5, 'right_bars': 5, 'show_intersection_labels': False, 'run_mode': 'replay', 'is_new_replay': False})
2026-04-27 12:59:13,584 [INFO] [Study] FAST PATH at index 21
2026-04-27 12:59:13,585 [INFO] [Study] Creating new fan: Fan_H1_L1 (P1 (H1-L1))
2026-04-27 12:59:13,586 [INFO] [AngleEngine] scale_ratio=3.6603, slope_per_bar=12.4602, visual_slope=3.4041, theta=73.63 deg
2026-04-27 12:59:13,586 [INFO] --- [AngleEngine] Fan Created: Fan_H1_L1 ---
2026-04-27 12:59:13,587 [INFO]   Origin: Bar 11, Time 1776313740, Price 24266.5
2026-04-27 12:59:13,587 [INFO]   Target: Bar 16, Time 1776314940, Price 24328.80078125
2026-04-27 12:59:13,587 [INFO]   Delta: db=5, dp_origin=62.30
2026-04-27 12:59:13,588 [INFO]   Scale Params: Ratio=3.6603, Radius=17.74 bars, Slope/Bar=12.4602
2026-04-27 12:59:13,588 [INFO]   Line 0.875: EndBar=1776314940 (approx), EndPrice=24304.74
2026-04-27 12:59:13,588 [INFO]   Line 0.75: EndBar=1776314940 (approx), EndPrice=24292.85
2026-04-27 12:59:13,589 [INFO]   Line 0.5: EndBar=1776314940 (approx), EndPrice=24280.20
2026-04-27 12:59:13,589 [INFO]   Line 0.25: EndBar=1776314940 (approx), EndPrice=24272.59
2026-04-27 12:59:13,590 [INFO] [RetroSweep] New fan Fan_H1_L1 created. Anchor at bar 16, current bar 21
2026-04-27 12:59:13,591 [INFO]   [RetroSweep] HIT (PHYSICAL): P1 (H1-L1) frac=0.875 @ 24304.74 | Bar 16 (2026-04-16 10:19)
2026-04-27 12:59:13,591 [INFO]   [RetroSweep] HIT (PHYSICAL): P1 (H1-L1) frac=0.875 @ 24312.39 | Bar 17 (2026-04-16 10:23)
2026-04-27 12:59:13,591 [INFO]   [RetroSweep] HIT (PHYSICAL): P1 (H1-L1) frac=0.75 @ 24303.40 | Bar 18 (2026-04-16 10:27)
2026-04-27 12:59:13,592 [INFO]   [RetroSweep] HIT (PHYSICAL): P1 (H1-L1) frac=0.75 @ 24308.67 | Bar 19 (2026-04-16 10:31)
2026-04-27 12:59:13,592 [INFO]   [RetroSweep] HIT (PHYSICAL): P1 (H1-L1) frac=0.75 @ 24313.94 | Bar 20 (2026-04-16 10:35)
2026-04-27 12:59:13,592 [INFO]   [RetroSweep] Total historical hits for Fan_H1_L1: 5
2026-04-27 12:59:13,593 [INFO] [RetroSweep] Queuing 5 retro events for active fan Fan_H1_L1
2026-04-27 12:59:13,593 [INFO] [Tracking] Fan validated: Fan_H1_L1 via touch at bar 16
2026-04-27 12:59:13,595 [INFO] [Tracking] Target HIT: Fan_H1_L1 0.875
2026-04-27 12:59:13,595 [INFO] [Tracking] BREACH_CONFIRMED_NO_ALPHA: no pending found for fan=Fan_H1_L1 prev_line=0.5
2026-04-27 12:59:13,595 [INFO] [RetroSweep] Emitting retroactive event: {'time': 1776314940, 'fan': 'P1 (H1-L1)', 'fanIdentity': 'H1-L1', 'fraction': '-', 'price': 24304.742085231635, 'type': 'FAN_VALIDATED', 'details': '[Retro] Via touch', 'open': 24323.650390625, 'high': 24328.80078125, 'low': 24300.05078125, 'close': 24306.44921875, 'activeAngles': {'Fan_H1_L1_main': 24328.8, 'Fan_H1_L1_0.875': 24304.74, 'Fan_H1_L1_0.75': 24292.85, 'Fan_H1_L1_0.5': 24280.2, 'Fan_H1_L1_0.25': 24272.59, 'Fan_H1_L1_horizontal': 24280.2}, 'cluster': True, 'zone': '7/8_zone', 'zoneExtremes': {'highest_close': 24306.44921875, 'lowest_close': 24306.44921875}, 'nextAngleLine': '7/8'}
2026-04-27 12:59:13,596 [INFO] [RetroSweep] Emitting retroactive event: {'time': 1776314940, 'fan': 'P1 (H1-L1)', 'fanIdentity': 'H1-L1', 'fraction': '0.875', 'price': 24304.742085231635, 'type': 'SUPPORT_TEST', 'details': '[Retro] Testing Support', 'open': 24323.650390625, 'high': 24328.80078125, 'low': 24300.05078125, 'close': 24306.44921875, 'activeAngles': {'Fan_H1_L1_main': 24328.8, 'Fan_H1_L1_0.875': 24304.74, 'Fan_H1_L1_0.75': 24292.85, 'Fan_H1_L1_0.5': 24280.2, 'Fan_H1_L1_0.25': 24272.59, 'Fan_H1_L1_horizontal': 24280.2}, 'cluster': True, 'zone': '7/8_zone', 'zoneExtremes': {'highest_close': 24306.44921875, 'lowest_close': 24306.44921875}, 'bar_index': 16, 'nextAngleLine': '0.875'}
2026-04-27 12:59:13,596 [INFO] [RetroSweep] Emitting retroactive event: {'time': 1776314940, 'fan': 'P1 (H1-L1)', 'fanIdentity': 'H1-L1', 'fraction': '0.875', 'price': 24304.742085231635, 'type': 'TARGET_HIT', 'details': '[Retro] Target Reached', 'open': 24323.650390625, 'high': 24328.80078125, 'low': 24300.05078125, 'close': 24306.44921875, 'activeAngles': {'Fan_H1_L1_main': 24328.8, 'Fan_H1_L1_0.875': 24304.74, 'Fan_H1_L1_0.75': 24292.85, 'Fan_H1_L1_0.5': 24280.2, 'Fan_H1_L1_0.25': 24272.59, 'Fan_H1_L1_horizontal': 24280.2}, 'cluster': True, 'zone': '7/8_zone', 'zoneExtremes': {'highest_close': 24306.44921875, 'lowest_close': 24306.44921875}, 'bar_index': 16, 'nextAngleLine': '0.875'}
2026-04-27 12:59:13,597 [INFO] [RetroSweep] Emitting retroactive event: {'time': 1776315180, 'fan': 'P1 (H1-L1)', 'fanIdentity': 'H1-L1', 'fraction': '0.875', 'price': 24312.39050227796, 'type': 'GAP_CROSS_DOWN', 'details': '[Retro] Gap Breakdown', 'open': 24305.75, 'high': 24315.19921875, 'low': 24302.5, 'close': 24312.349609375, 'activeAngles': {'Fan_H1_L1_main': 24341.26, 'Fan_H1_L1_0.875': 24312.39, 'Fan_H1_L1_0.75': 24298.12, 'Fan_H1_L1_0.5': 24282.94, 'Fan_H1_L1_0.25': 24273.81, 'Fan_H1_L1_horizontal': 24280.2}, 'cluster': True, 'zone': '3/4-7/8', 'zoneExtremes': {'highest_close': 24312.349609375, 'lowest_close': 24312.349609375}, 'bar_index': 17, 'nextAngleLine': '0.875'}
2026-04-27 12:59:13,599 [INFO] [Tracking] Target HIT: Fan_H1_L1 0.75
2026-04-27 12:59:13,599 [INFO] [Tracking] BREACH_CONFIRMED_NO_ALPHA: found pending on Fan_H1_L1_Fan_H1_L1_f0 fraction=0.875 bar=18 (cross-bar)
2026-04-27 12:59:13,599 [INFO] [Tracking] BREACH_CONFIRMED_NO_ALPHA (via target progression): Fan_H1_L1 0.875
2026-04-27 12:59:13,600 [INFO] [RetroSweep] Emitting retroactive event: {'time': 1776315420, 'fan': 'P1 (H1-L1)', 'fanIdentity': 'H1-L1', 'fraction': '0.75', 'price': 24303.39556054322, 'type': 'SUPPORT_TEST', 'details': '[Retro] Testing Support', 'open': 24312.0, 'high': 24317.19921875, 'low': 24292.5, 'close': 24308.80078125, 'activeAngles': {'Fan_H1_L1_main': 24353.72, 'Fan_H1_L1_0.875': 24320.04, 'Fan_H1_L1_0.75': 24303.4, 'Fan_H1_L1_0.5': 24285.68, 'Fan_H1_L1_0.25': 24275.03, 'Fan_H1_L1_horizontal': 24280.2}, 'cluster': True, 'zone': '3/4-7/8', 'zoneExtremes': {'highest_close': 24312.349609375, 'lowest_close': 24308.80078125}, 'bar_index': 18, 'nextAngleLine': '0.75'}
2026-04-27 12:59:13,601 [INFO] [RetroSweep] Emitting retroactive event: {'time': 1776315420, 'fan': 'P1 (H1-L1)', 'fanIdentity': 'H1-L1', 'fraction': '0.875', 'price': 24308.80078125, 'type': 'BREACH_CONFIRMED_NO_ALPHA', 'details': '[Retro] Target hit before breach confirmation (cross-bar)', 'open': 24312.0, 'high': 24317.19921875, 'low': 24292.5, 'close': 24308.80078125, 'activeAngles': {'Fan_H1_L1_main': 24353.72, 'Fan_H1_L1_0.875': 24320.04, 'Fan_H1_L1_0.75': 24303.4, 'Fan_H1_L1_0.5': 24285.68, 'Fan_H1_L1_0.25': 24275.03, 'Fan_H1_L1_horizontal': 24280.2}, 'cluster': True, 'zone': '3/4-7/8', 'zoneExtremes': {'highest_close': 24312.349609375, 'lowest_close': 24308.80078125}, 'bar_index': 18, 'nextAngleLine': ''}
2026-04-27 12:59:13,601 [INFO] [RetroSweep] Emitting retroactive event: {'time': 1776315420, 'fan': 'P1 (H1-L1)', 'fanIdentity': 'H1-L1', 'fraction': '0.75', 'price': 24303.39556054322, 'type': 'TARGET_HIT', 'details': '[Retro] Target Reached', 'open': 24312.0, 'high': 24317.19921875, 'low': 24292.5, 'close': 24308.80078125, 'activeAngles': {'Fan_H1_L1_main': 24353.72, 'Fan_H1_L1_0.875': 24320.04, 'Fan_H1_L1_0.75': 24303.4, 'Fan_H1_L1_0.5': 24285.68, 'Fan_H1_L1_0.25': 24275.03, 'Fan_H1_L1_horizontal': 24280.2}, 'cluster': True, 'zone': '3/4-7/8', 'zoneExtremes': {'highest_close': 24312.349609375, 'lowest_close': 24308.80078125}, 'bar_index': 18, 'nextAngleLine': '0.75'}
2026-04-27 12:59:13,602 [INFO] [RetroSweep] Emitting retroactive event: {'time': 1776315660, 'fan': 'P1 (H1-L1)', 'fanIdentity': 'H1-L1', 'fraction': '0.75', 'price': 24308.666354906534, 'type': 'SUPPORT_TEST', 'details': '[Retro] Testing Support', 'open': 24308.849609375, 'high': 24321.25, 'low': 24305.69921875, 'close': 24312.69921875, 'activeAngles': {'Fan_H1_L1_main': 24366.18, 'Fan_H1_L1_0.875': 24327.69, 'Fan_H1_L1_0.75': 24308.67, 'Fan_H1_L1_0.5': 24288.42, 'Fan_H1_L1_0.25': 24276.25, 'Fan_H1_L1_horizontal': 24280.2}, 'cluster': True, 'zone': '3/4-7/8', 'zoneExtremes': {'highest_close': 24312.69921875, 'lowest_close': 24308.80078125}, 'bar_index': 19, 'nextAngleLine': '0.75'}
2026-04-27 12:59:13,604 [INFO] [RetroSweep] Emitting retroactive event: {'time': 1776315900, 'fan': 'P1 (H1-L1)', 'fanIdentity': 'H1-L1', 'fraction': '0.75', 'price': 24313.937149269852, 'type': 'GAP_CROSS_DOWN', 'details': '[Retro] Gap Breakdown', 'open': 24312.80078125, 'high': 24325.849609375, 'low': 24308.599609375, 'close': 24310.650390625, 'activeAngles': {'Fan_H1_L1_main': 24378.64, 'Fan_H1_L1_0.875': 24335.34, 'Fan_H1_L1_0.75': 24313.94, 'Fan_H1_L1_0.5': 24291.16, 'Fan_H1_L1_0.25': 24277.46, 'Fan_H1_L1_horizontal': 24280.2}, 'cluster': True, 'zone': '1/2-3/4', 'zoneExtremes': {'highest_close': 24310.650390625, 'lowest_close': 24310.650390625}, 'bar_index': 20, 'nextAngleLine': '0.75'}
2026-04-27 12:59:13,604 [INFO] [RetroSweep] Emitting retroactive event: {'time': 1776315900, 'fan': 'P1 (H1-L1)', 'fanIdentity': 'H1-L1', 'fraction': '0.75', 'price': 24310.650390625, 'type': 'REST_ON_ANGLE', 'details': '[Retro] Resting (T+3 bars)', 'open': 24312.80078125, 'high': 24325.849609375, 'low': 24308.599609375, 'close': 24310.650390625, 'activeAngles': {'Fan_H1_L1_main': 24378.64, 'Fan_H1_L1_0.875': 24335.34, 'Fan_H1_L1_0.75': 24313.94, 'Fan_H1_L1_0.5': 24291.16, 'Fan_H1_L1_0.25': 24277.46, 'Fan_H1_L1_horizontal': 24280.2}, 'cluster': True, 'zone': '1/2-3/4', 'zoneExtremes': {'highest_close': 24310.650390625, 'lowest_close': 24310.650390625}, 'bar_index': 20, 'nextAngleLine': '0.75'}
2026-04-27 12:59:13,605 [INFO] [IntDet] Bar 21 | 2026-04-16 10:39 | H=24317.10 L=24292.45 C=24311.75 | Fans=1 Lines=6
2026-04-27 12:59:13,605 [INFO]   [P1 (H1-L1)] 0.875: lineP=24342.98 | bars_from_origin=10.0 slope=7.6484 | ABOVE gap=25.88
2026-04-27 12:59:13,606 [INFO]   [P1 (H1-L1)] 0.75: lineP=24319.21 | bars_from_origin=10.0 slope=5.2708 | ABOVE gap=2.11
2026-04-27 12:59:13,606 [INFO]   [P1 (H1-L1)] 0.5: lineP=24293.90 | bars_from_origin=10.0 slope=2.7397 | HIT gap=0.00
2026-04-27 12:59:13,606 [INFO]     >>> HIT RECORDED (PHYSICAL): P1 (H1-L1) frac=0.5 @ 24293.90
2026-04-27 12:59:13,606 [INFO]   [P1 (H1-L1)] 0.25: lineP=24278.68 | bars_from_origin=10.0 slope=1.2181 | BELOW gap=13.77
2026-04-27 12:59:13,607 [INFO]   [P1 (H1-L1)] horizontal: lineP=24280.20 | bars_from_origin=5.0 slope=0.0000 | BELOW gap=12.25
2026-04-27 12:59:13,607 [INFO]   [IntDet] Total hits this bar: 1
2026-04-27 12:59:13,609 [INFO] [Tracking] Target HIT: Fan_H1_L1 0.5
2026-04-27 12:59:13,609 [INFO] [Tracking] BREACH_CONFIRMED_NO_ALPHA: found pending on Fan_H1_L1_Fan_H1_L1_f1 fraction=0.75 bar=21 (cross-bar)
2026-04-27 12:59:13,610 [INFO] [Tracking] BREACH_CONFIRMED_NO_ALPHA (via target progression): Fan_H1_L1 0.75
2026-04-27 12:59:13,610 [INFO] [Study] Index 21: Returning 13 events
2026-04-27 12:59:13,610 [INFO]   - FAN_VALIDATED: - @ 24304.742085231635 | fan=P1 (H1-L1)
2026-04-27 12:59:13,611 [INFO]   - SUPPORT_TEST: 0.875 @ 24304.742085231635 | fan=P1 (H1-L1)
2026-04-27 12:59:13,611 [INFO]   - TARGET_HIT: 0.875 @ 24304.742085231635 | fan=P1 (H1-L1)
2026-04-27 12:59:13,611 [INFO]   - GAP_CROSS_DOWN: 0.875 @ 24312.39050227796 | fan=P1 (H1-L1)
2026-04-27 12:59:13,611 [INFO]   - SUPPORT_TEST: 0.75 @ 24303.39556054322 | fan=P1 (H1-L1)
2026-04-27 12:59:13,616 [INFO] [Study] Cache updated: index=21, state_keys=['pivot_detector', 'angle_engine', 'intersection_detector', 'zone_tracker', 'fan_validator', 'target_progression', 'state_machine', 'cluster_detector', 'historical_clusters', 'event_logger', 'active_fan_keys', 'persisted_fans', 'active_marker_ids', 'is_initialized', 'initialized', 'config', 'pending_retro_events']
2026-04-27 12:59:13,618 [INFO] DEBUG CORS: Origin header received: 'http://localhost:5173'
2026-04-27 13:02:26,039 [INFO] DEBUG CORS: Origin header received: 'http://localhost:5173'
2026-04-27 13:02:26,043 [INFO] Initialized AngularPriceCoverageStudy v4.0. Config: {'left_bars': 5, 'right_bars': 5, 'line_extension_bars': 100, 'fraction_colors': {0.125: '#FF5252', 0.25: '#FF5252', 0.375: '#FF5252', 0.5: '#2196F3', 0.625: '#4CAF50', 0.75: '#4CAF50', 0.875: '#4CAF50', 1.0: '#FFFFFF'}, 'main_color': '#FFFFFF', 'main_line_width': 1, 'fraction_line_width': 2, 'scale_ratio': 3.6603, 'breach_mode': 'wick', 'show_intersection_labels': False, 'max_historical_fans': 3, 'bounce_threshold_percent': 0.3, 'rejection_lookback_bars': 5, 'rest_required_bars': 3, 'resolution': '4', 'symbol': '^NSEI', 'run_mode': 'replay', 'is_new_replay': False}
2026-04-27 13:02:26,044 [INFO] [Study] Evaluating AngularPriceCoverageStudy (config: {'resolution': '4', 'symbol': '^NSEI', 'scale_ratio': 3.6603, 'left_bars': 5, 'right_bars': 5, 'show_intersection_labels': False, 'run_mode': 'replay', 'is_new_replay': False})
2026-04-27 13:02:26,044 [INFO] [Study] FAST PATH at index 22
2026-04-27 13:02:26,045 [INFO] [Study] Failed to restore event: Event.__init__() missing 2 required positional arguments: 'timestamp' and 'event_type'
2026-04-27 13:02:26,045 [INFO] [Study] Failed to restore event: Event.__init__() missing 2 required positional arguments: 'timestamp' and 'event_type'
2026-04-27 13:02:26,045 [INFO] [Study] Failed to restore event: Event.__init__() missing 2 required positional arguments: 'timestamp' and 'event_type'
2026-04-27 13:02:26,046 [INFO] [Study] Failed to restore event: Event.__init__() missing 2 required positional arguments: 'timestamp' and 'event_type'
2026-04-27 13:02:26,046 [INFO] [Study] Failed to restore event: Event.__init__() missing 2 required positional arguments: 'timestamp' and 'event_type'
2026-04-27 13:02:26,046 [INFO] [Study] Failed to restore event: Event.__init__() missing 2 required positional arguments: 'timestamp' and 'event_type'
2026-04-27 13:02:26,046 [INFO] [Study] Failed to restore event: Event.__init__() missing 2 required positional arguments: 'timestamp' and 'event_type'
2026-04-27 13:02:26,047 [INFO] [Study] Failed to restore event: Event.__init__() missing 2 required positional arguments: 'timestamp' and 'event_type'
2026-04-27 13:02:26,047 [INFO] [Study] Failed to restore event: Event.__init__() missing 2 required positional arguments: 'timestamp' and 'event_type'
2026-04-27 13:02:26,047 [INFO] [Study] Failed to restore event: Event.__init__() missing 2 required positional arguments: 'timestamp' and 'event_type'
2026-04-27 13:02:26,047 [INFO] [Study] Failed to restore event: Event.__init__() missing 2 required positional arguments: 'timestamp' and 'event_type'
2026-04-27 13:02:26,048 [INFO] [Study] Failed to restore event: Event.__init__() missing 2 required positional arguments: 'timestamp' and 'event_type'
2026-04-27 13:02:26,048 [INFO] [Study] Failed to restore event: Event.__init__() missing 2 required positional arguments: 'timestamp' and 'event_type'
2026-04-27 13:02:26,050 [INFO] [IntDet] Bar 22 | 2026-04-16 10:43 | H=24320.50 L=24306.90 C=24320.35 | Fans=1 Lines=6
2026-04-27 13:02:26,050 [INFO]   [P1 (H1-L1)] 0.875: lineP=24350.63 | bars_from_origin=11.0 slope=7.6484 | ABOVE gap=30.13
2026-04-27 13:02:26,051 [INFO]   [P1 (H1-L1)] 0.75: lineP=24324.48 | bars_from_origin=11.0 slope=5.2708 | ABOVE gap=3.98
2026-04-27 13:02:26,051 [INFO]   [P1 (H1-L1)] 0.5: lineP=24296.64 | bars_from_origin=11.0 slope=2.7397 | BELOW gap=10.26
2026-04-27 13:02:26,051 [INFO]   [P1 (H1-L1)] 0.25: lineP=24279.90 | bars_from_origin=11.0 slope=1.2181 | BELOW gap=27.00
2026-04-27 13:02:26,052 [INFO]   [P1 (H1-L1)] horizontal: lineP=24280.20 | bars_from_origin=6.0 slope=0.0000 | BELOW gap=26.70
2026-04-27 13:02:26,053 [INFO] [Study] Cache updated: index=22, state_keys=['pivot_detector', 'angle_engine', 'intersection_detector', 'zone_tracker', 'fan_validator', 'target_progression', 'state_machine', 'cluster_detector', 'historical_clusters', 'event_logger', 'active_fan_keys', 'persisted_fans', 'active_marker_ids', 'is_initialized', 'initialized', 'config', 'pending_retro_events']
2026-04-27 13:02:26,054 [INFO] DEBUG CORS: Origin header received: 'http://localhost:5173'
2026-04-27 13:02:28,529 [INFO] Initialized AngularPriceCoverageStudy v4.0. Config: {'left_bars': 5, 'right_bars': 5, 'line_extension_bars': 100, 'fraction_colors': {0.125: '#FF5252', 0.25: '#FF5252', 0.375: '#FF5252', 0.5: '#2196F3', 0.625: '#4CAF50', 0.75: '#4CAF50', 0.875: '#4CAF50', 1.0: '#FFFFFF'}, 'main_color': '#FFFFFF', 'main_line_width': 1, 'fraction_line_width': 2, 'scale_ratio': 3.6603, 'breach_mode': 'wick', 'show_intersection_labels': False, 'max_historical_fans': 3, 'bounce_threshold_percent': 0.3, 'rejection_lookback_bars': 5, 'rest_required_bars': 3, 'resolution': '4', 'symbol': '^NSEI', 'run_mode': 'replay', 'is_new_replay': False}
2026-04-27 13:02:28,530 [INFO] [Study] Evaluating AngularPriceCoverageStudy (config: {'resolution': '4', 'symbol': '^NSEI', 'scale_ratio': 3.6603, 'left_bars': 5, 'right_bars': 5, 'show_intersection_labels': False, 'run_mode': 'replay', 'is_new_replay': False})
2026-04-27 13:02:28,530 [INFO] [Study] FAST PATH at index 23
2026-04-27 13:02:28,533 [INFO] [IntDet] Bar 23 | 2026-04-16 10:47 | H=24327.90 L=24311.75 C=24315.80 | Fans=1 Lines=6
2026-04-27 13:02:28,533 [INFO]   [P1 (H1-L1)] 0.875: lineP=24358.28 | bars_from_origin=12.0 slope=7.6484 | ABOVE gap=30.38
2026-04-27 13:02:28,534 [INFO]   [P1 (H1-L1)] 0.75: lineP=24329.75 | bars_from_origin=12.0 slope=5.2708 | ABOVE gap=1.85
2026-04-27 13:02:28,534 [INFO]   [P1 (H1-L1)] 0.5: lineP=24299.38 | bars_from_origin=12.0 slope=2.7397 | BELOW gap=12.37
2026-04-27 13:02:28,534 [INFO]   [P1 (H1-L1)] 0.25: lineP=24281.12 | bars_from_origin=12.0 slope=1.2181 | BELOW gap=30.63
2026-04-27 13:02:28,534 [INFO]   [P1 (H1-L1)] horizontal: lineP=24280.20 | bars_from_origin=7.0 slope=0.0000 | BELOW gap=31.55
2026-04-27 13:02:28,536 [INFO] [Study] Cache updated: index=23, state_keys=['pivot_detector', 'angle_engine', 'intersection_detector', 'zone_tracker', 'fan_validator', 'target_progression', 'state_machine', 'cluster_detector', 'historical_clusters', 'event_logger', 'active_fan_keys', 'persisted_fans', 'active_marker_ids', 'is_initialized', 'initialized', 'config', 'pending_retro_events']
2026-04-27 13:02:28,536 [INFO] DEBUG CORS: Origin header received: 'http://localhost:5173'
2026-04-27 13:02:30,172 [INFO] Initialized AngularPriceCoverageStudy v4.0. Config: {'left_bars': 5, 'right_bars': 5, 'line_extension_bars': 100, 'fraction_colors': {0.125: '#FF5252', 0.25: '#FF5252', 0.375: '#FF5252', 0.5: '#2196F3', 0.625: '#4CAF50', 0.75: '#4CAF50', 0.875: '#4CAF50', 1.0: '#FFFFFF'}, 'main_color': '#FFFFFF', 'main_line_width': 1, 'fraction_line_width': 2, 'scale_ratio': 3.6603, 'breach_mode': 'wick', 'show_intersection_labels': False, 'max_historical_fans': 3, 'bounce_threshold_percent': 0.3, 'rejection_lookback_bars': 5, 'rest_required_bars': 3, 'resolution': '4', 'symbol': '^NSEI', 'run_mode': 'replay', 'is_new_replay': False}
2026-04-27 13:02:30,172 [INFO] [Study] Evaluating AngularPriceCoverageStudy (config: {'resolution': '4', 'symbol': '^NSEI', 'scale_ratio': 3.6603, 'left_bars': 5, 'right_bars': 5, 'show_intersection_labels': False, 'run_mode': 'replay', 'is_new_replay': False})
2026-04-27 13:02:30,173 [INFO] [Study] FAST PATH at index 24
2026-04-27 13:02:30,175 [INFO] [IntDet] Bar 24 | 2026-04-16 10:51 | H=24319.10 L=24311.50 C=24314.70 | Fans=1 Lines=6
2026-04-27 13:02:30,175 [INFO]   [P1 (H1-L1)] 0.875: lineP=24365.93 | bars_from_origin=13.0 slope=7.6484 | ABOVE gap=46.83
2026-04-27 13:02:30,176 [INFO]   [P1 (H1-L1)] 0.75: lineP=24335.02 | bars_from_origin=13.0 slope=5.2708 | ABOVE gap=15.92
2026-04-27 13:02:30,176 [INFO]   [P1 (H1-L1)] 0.5: lineP=24302.12 | bars_from_origin=13.0 slope=2.7397 | BELOW gap=9.38
2026-04-27 13:02:30,176 [INFO]   [P1 (H1-L1)] 0.25: lineP=24282.34 | bars_from_origin=13.0 slope=1.2181 | BELOW gap=29.16
2026-04-27 13:02:30,176 [INFO]   [P1 (H1-L1)] horizontal: lineP=24280.20 | bars_from_origin=8.0 slope=0.0000 | BELOW gap=31.30
2026-04-27 13:02:30,178 [INFO] [Study] Cache updated: index=24, state_keys=['pivot_detector', 'angle_engine', 'intersection_detector', 'zone_tracker', 'fan_validator', 'target_progression', 'state_machine', 'cluster_detector', 'historical_clusters', 'event_logger', 'active_fan_keys', 'persisted_fans', 'active_marker_ids', 'is_initialized', 'initialized', 'config', 'pending_retro_events']
2026-04-27 13:02:30,178 [INFO] DEBUG CORS: Origin header received: 'http://localhost:5173'
2026-04-27 13:02:30,871 [INFO] Initialized AngularPriceCoverageStudy v4.0. Config: {'left_bars': 5, 'right_bars': 5, 'line_extension_bars': 100, 'fraction_colors': {0.125: '#FF5252', 0.25: '#FF5252', 0.375: '#FF5252', 0.5: '#2196F3', 0.625: '#4CAF50', 0.75: '#4CAF50', 0.875: '#4CAF50', 1.0: '#FFFFFF'}, 'main_color': '#FFFFFF', 'main_line_width': 1, 'fraction_line_width': 2, 'scale_ratio': 3.6603, 'breach_mode': 'wick', 'show_intersection_labels': False, 'max_historical_fans': 3, 'bounce_threshold_percent': 0.3, 'rejection_lookback_bars': 5, 'rest_required_bars': 3, 'resolution': '4', 'symbol': '^NSEI', 'run_mode': 'replay', 'is_new_replay': False}
2026-04-27 13:02:30,871 [INFO] [Study] Evaluating AngularPriceCoverageStudy (config: {'resolution': '4', 'symbol': '^NSEI', 'scale_ratio': 3.6603, 'left_bars': 5, 'right_bars': 5, 'show_intersection_labels': False, 'run_mode': 'replay', 'is_new_replay': False})
2026-04-27 13:02:30,872 [INFO] [Study] FAST PATH at index 25
2026-04-27 13:02:30,873 [INFO] [IntDet] Bar 25 | 2026-04-16 10:55 | H=24315.95 L=24302.15 C=24306.50 | Fans=1 Lines=6
2026-04-27 13:02:30,874 [INFO]   [P1 (H1-L1)] 0.875: lineP=24373.58 | bars_from_origin=14.0 slope=7.6484 | ABOVE gap=57.63
2026-04-27 13:02:30,874 [INFO]   [P1 (H1-L1)] 0.75: lineP=24340.29 | bars_from_origin=14.0 slope=5.2708 | ABOVE gap=24.34
2026-04-27 13:02:30,874 [INFO]   [P1 (H1-L1)] 0.5: lineP=24304.86 | bars_from_origin=14.0 slope=2.7397 | HIT gap=0.00
2026-04-27 13:02:30,875 [INFO]     >>> HIT RECORDED (PHYSICAL): P1 (H1-L1) frac=0.5 @ 24304.86
2026-04-27 13:02:30,875 [INFO]   [P1 (H1-L1)] 0.25: lineP=24283.55 | bars_from_origin=14.0 slope=1.2181 | BELOW gap=18.60
2026-04-27 13:02:30,875 [INFO]   [P1 (H1-L1)] horizontal: lineP=24280.20 | bars_from_origin=9.0 slope=0.0000 | BELOW gap=21.95
2026-04-27 13:02:30,876 [INFO]   [IntDet] Total hits this bar: 1
2026-04-27 13:02:30,877 [INFO] [Study] Index 25: Returning 1 events
2026-04-27 13:02:30,878 [INFO]   - SUPPORT_TEST: 0.5 @ 24304.856000730753 | fan=P1 (H1-L1)
2026-04-27 13:02:30,878 [INFO] [Study] Cache updated: index=25, state_keys=['pivot_detector', 'angle_engine', 'intersection_detector', 'zone_tracker', 'fan_validator', 'target_progression', 'state_machine', 'cluster_detector', 'historical_clusters', 'event_logger', 'active_fan_keys', 'persisted_fans', 'active_marker_ids', 'is_initialized', 'initialized', 'config', 'pending_retro_events']
2026-04-27 13:02:30,879 [INFO] DEBUG CORS: Origin header received: 'http://localhost:5173'
2026-04-27 13:02:31,630 [INFO] DEBUG CORS: Origin header received: 'http://localhost:5173'
2026-04-27 13:02:31,634 [INFO] Initialized AngularPriceCoverageStudy v4.0. Config: {'left_bars': 5, 'right_bars': 5, 'line_extension_bars': 100, 'fraction_colors': {0.125: '#FF5252', 0.25: '#FF5252', 0.375: '#FF5252', 0.5: '#2196F3', 0.625: '#4CAF50', 0.75: '#4CAF50', 0.875: '#4CAF50', 1.0: '#FFFFFF'}, 'main_color': '#FFFFFF', 'main_line_width': 1, 'fraction_line_width': 2, 'scale_ratio': 3.6603, 'breach_mode': 'wick', 'show_intersection_labels': False, 'max_historical_fans': 3, 'bounce_threshold_percent': 0.3, 'rejection_lookback_bars': 5, 'rest_required_bars': 3, 'resolution': '4', 'symbol': '^NSEI', 'run_mode': 'replay', 'is_new_replay': False}
2026-04-27 13:02:31,635 [INFO] [Study] Evaluating AngularPriceCoverageStudy (config: {'resolution': '4', 'symbol': '^NSEI', 'scale_ratio': 3.6603, 'left_bars': 5, 'right_bars': 5, 'show_intersection_labels': False, 'run_mode': 'replay', 'is_new_replay': False})
2026-04-27 13:02:31,635 [INFO] [Study] FAST PATH at index 26
2026-04-27 13:02:31,636 [INFO] [Study] Failed to restore event: Event.__init__() missing 2 required positional arguments: 'timestamp' and 'event_type'
2026-04-27 13:02:31,638 [INFO] [Study] Updating fan priority: Fan_H1_L1 -> P2 (H1-L1)
2026-04-27 13:02:31,638 [INFO] [Study] Creating new fan: Fan_L2_H1 (P1 (L2-H1))
2026-04-27 13:02:31,638 [INFO] [AngleEngine] scale_ratio=3.6603, slope_per_bar=-7.2703, visual_slope=-1.9863, theta=-63.28 deg
2026-04-27 13:02:31,639 [INFO] --- [AngleEngine] Fan Created: Fan_L2_H1 ---
2026-04-27 13:02:31,639 [INFO]   Origin: Bar 16, Time 1776314940, Price 24328.80078125
2026-04-27 13:02:31,639 [INFO]   Target: Bar 21, Time 1776316140, Price 24292.44921875
2026-04-27 13:02:31,639 [INFO]   Delta: db=5, dp_origin=-36.35
2026-04-27 13:02:31,640 [INFO]   Scale Params: Ratio=3.6603, Radius=11.12 bars, Slope/Bar=-7.2703
2026-04-27 13:02:31,640 [INFO]   Line 0.875: EndBar=1776316140 (approx), EndPrice=24302.30
2026-04-27 13:02:31,640 [INFO]   Line 0.75: EndBar=1776316140 (approx), EndPrice=24308.86
2026-04-27 13:02:31,640 [INFO]   Line 0.5: EndBar=1776316140 (approx), EndPrice=24317.52
2026-04-27 13:02:31,641 [INFO]   Line 0.25: EndBar=1776316140 (approx), EndPrice=24323.62
2026-04-27 13:02:31,641 [INFO] [RetroSweep] New fan Fan_L2_H1 created. Anchor at bar 21, current bar 26
2026-04-27 13:02:31,641 [INFO]   [RetroSweep] HIT (PHYSICAL): P1 (L2-H1) frac=0.875 @ 24302.30 | Bar 21 (2026-04-16 10:39)
2026-04-27 13:02:31,641 [INFO]   [RetroSweep] HIT (PHYSICAL): P1 (L2-H1) frac=0.75 @ 24308.86 | Bar 21 (2026-04-16 10:39)
2026-04-27 13:02:31,642 [INFO]   [RetroSweep] HIT (PHYSICAL): P1 (L2-H1) frac=0.5 @ 24315.27 | Bar 22 (2026-04-16 10:43)
2026-04-27 13:02:31,642 [INFO]   [RetroSweep] HIT (PHYSICAL): P1 (L2-H1) frac=horizontal @ 24317.52 | Bar 22 (2026-04-16 10:43)
2026-04-27 13:02:31,642 [INFO]   [RetroSweep] HIT (PHYSICAL): P1 (L2-H1) frac=0.5 @ 24313.01 | Bar 23 (2026-04-16 10:47)
2026-04-27 13:02:31,643 [INFO]   [RetroSweep] HIT (PHYSICAL): P1 (L2-H1) frac=0.25 @ 24321.54 | Bar 23 (2026-04-16 10:47)
2026-04-27 13:02:31,643 [INFO]   [RetroSweep] HIT (PHYSICAL): P1 (L2-H1) frac=horizontal @ 24317.52 | Bar 23 (2026-04-16 10:47)
2026-04-27 13:02:31,643 [INFO]   [RetroSweep] HIT (PHYSICAL): P1 (L2-H1) frac=horizontal @ 24317.52 | Bar 24 (2026-04-16 10:51)
2026-04-27 13:02:31,643 [INFO]   [RetroSweep] HIT (PHYSICAL): P1 (L2-H1) frac=0.5 @ 24308.50 | Bar 25 (2026-04-16 10:55)
2026-04-27 13:02:31,644 [INFO]   [RetroSweep] Total historical hits for Fan_L2_H1: 9
2026-04-27 13:02:31,644 [INFO] [RetroSweep] Queuing 9 retro events for active fan Fan_L2_H1
2026-04-27 13:02:31,644 [INFO] [Tracking] Fan validated: Fan_L2_H1 via reversal at bar 21
2026-04-27 13:02:31,645 [INFO] [Tracking] Target HIT: Fan_L2_H1 0.875
2026-04-27 13:02:31,646 [INFO] [Tracking] BREACH_CONFIRMED_NO_ALPHA: no pending found for fan=Fan_L2_H1 prev_line=0.5
2026-04-27 13:02:31,646 [INFO] [RetroSweep] Emitting retroactive event: {'time': 1776316140, 'fan': 'P1 (L2-H1)', 'fanIdentity': 'L2-H1', 'fraction': '-', 'price': 24302.30384514377, 'type': 'FAN_VALIDATED', 'details': '[Retro] Via reversal', 'open': 24311.19921875, 'high': 24317.099609375, 'low': 24292.44921875, 'close': 24311.75, 'activeAngles': {'Fan_H1_L1_main': 24391.1, 'Fan_H1_L1_0.875': 24342.98, 'Fan_H1_L1_0.75': 24319.21, 'Fan_H1_L1_0.5': 24293.9, 'Fan_H1_L1_0.25': 24278.68, 'Fan_H1_L1_horizontal': 24280.2, 'Fan_L2_H1_main': 24292.45, 'Fan_L2_H1_0.875': 24302.3, 'Fan_L2_H1_0.75': 24308.86, 'Fan_L2_H1_0.5': 24317.52, 'Fan_L2_H1_0.25': 24323.62, 'Fan_L2_H1_horizontal': 24317.52}, 'cluster': True, 'zone': '3/4-1/2', 'zoneExtremes': {'highest_close': 24311.75, 'lowest_close': 24311.75}, 'nextAngleLine': '7/8'}
2026-04-27 13:02:31,646 [INFO] [RetroSweep] Emitting retroactive event: {'time': 1776316140, 'fan': 'P1 (L2-H1)', 'fanIdentity': 'L2-H1', 'fraction': '0.75', 'price': 24308.857928495403, 'type': 'GAP_CROSS_UP', 'details': '[Retro] Gap Breakout', 'open': 24311.19921875, 'high': 24317.099609375, 'low': 24292.44921875, 'close': 24311.75, 'activeAngles': {'Fan_H1_L1_main': 24391.1, 'Fan_H1_L1_0.875': 24342.98, 'Fan_H1_L1_0.75': 24319.21, 'Fan_H1_L1_0.5': 24293.9, 'Fan_H1_L1_0.25': 24278.68, 'Fan_H1_L1_horizontal': 24280.2, 'Fan_L2_H1_main': 24292.45, 'Fan_L2_H1_0.875': 24302.3, 'Fan_L2_H1_0.75': 24308.86, 'Fan_L2_H1_0.5': 24317.52, 'Fan_L2_H1_0.25': 24323.62, 'Fan_L2_H1_horizontal': 24317.52}, 'cluster': True, 'zone': '3/4-1/2', 'zoneExtremes': {'highest_close': 24311.75, 'lowest_close': 24311.75}, 'bar_index': 21, 'nextAngleLine': '0.75'}
2026-04-27 13:02:31,647 [INFO] [RetroSweep] Emitting retroactive event: {'time': 1776316140, 'fan': 'P1 (L2-H1)', 'fanIdentity': 'L2-H1', 'fraction': '0.875', 'price': 24302.30384514377, 'type': 'SUPPORT_TEST', 'details': '[Retro] Testing Support', 'open': 24311.19921875, 'high': 24317.099609375, 'low': 24292.44921875, 'close': 24311.75, 'activeAngles': {'Fan_H1_L1_main': 24391.1, 'Fan_H1_L1_0.875': 24342.98, 'Fan_H1_L1_0.75': 24319.21, 'Fan_H1_L1_0.5': 24293.9, 'Fan_H1_L1_0.25': 24278.68, 'Fan_H1_L1_horizontal': 24280.2, 'Fan_L2_H1_main': 24292.45, 'Fan_L2_H1_0.875': 24302.3, 'Fan_L2_H1_0.75': 24308.86, 'Fan_L2_H1_0.5': 24317.52, 'Fan_L2_H1_0.25': 24323.62, 'Fan_L2_H1_horizontal': 24317.52}, 'cluster': True, 'zone': '3/4-1/2', 'zoneExtremes': {'highest_close': 24311.75, 'lowest_close': 24311.75}, 'bar_index': 21, 'nextAngleLine': '0.875'}
2026-04-27 13:02:31,647 [INFO] [RetroSweep] Emitting retroactive event: {'time': 1776316140, 'fan': 'P1 (L2-H1)', 'fanIdentity': 'L2-H1', 'fraction': '0.875', 'price': 24302.30384514377, 'type': 'TARGET_HIT', 'details': '[Retro] Target Reached', 'open': 24311.19921875, 'high': 24317.099609375, 'low': 24292.44921875, 'close': 24311.75, 'activeAngles': {'Fan_H1_L1_main': 24391.1, 'Fan_H1_L1_0.875': 24342.98, 'Fan_H1_L1_0.75': 24319.21, 'Fan_H1_L1_0.5': 24293.9, 'Fan_H1_L1_0.25': 24278.68, 'Fan_H1_L1_horizontal': 24280.2, 'Fan_L2_H1_main': 24292.45, 'Fan_L2_H1_0.875': 24302.3, 'Fan_L2_H1_0.75': 24308.86, 'Fan_L2_H1_0.5': 24317.52, 'Fan_L2_H1_0.25': 24323.62, 'Fan_L2_H1_horizontal': 24317.52}, 'cluster': True, 'zone': '3/4-1/2', 'zoneExtremes': {'highest_close': 24311.75, 'lowest_close': 24311.75}, 'bar_index': 21, 'nextAngleLine': '0.875'}
2026-04-27 13:02:31,649 [INFO] [RetroSweep] Emitting retroactive event: {'time': 1776316380, 'fan': 'P1 (L2-H1)', 'fanIdentity': 'L2-H1', 'fraction': '0.5', 'price': 24315.269534330735, 'type': 'CROSS_UP', 'details': '[Retro] Breakout Attempt', 'open': 24312.099609375, 'high': 24320.5, 'low': 24306.900390625, 'close': 24320.349609375, 'activeAngles': {'Fan_H1_L1_main': 24403.56, 'Fan_H1_L1_0.875': 24350.63, 'Fan_H1_L1_0.75': 24324.48, 'Fan_H1_L1_0.5': 24296.64, 'Fan_H1_L1_0.25': 24279.9, 'Fan_H1_L1_horizontal': 24280.2, 'Fan_L2_H1_main': 24285.18, 'Fan_L2_H1_0.875': 24297.0, 'Fan_L2_H1_0.75': 24304.87, 'Fan_L2_H1_0.5': 24315.27, 'Fan_L2_H1_0.25': 24322.58, 'Fan_L2_H1_horizontal': 24317.52}, 'cluster': True, 'zone': '1/2-1/4', 'zoneExtremes': {'highest_close': 24320.349609375, 'lowest_close': 24320.349609375}, 'bar_index': 22, 'nextAngleLine': '0.25'}
2026-04-27 13:02:31,649 [INFO] [RetroSweep] Emitting retroactive event: {'time': 1776316380, 'fan': 'P1 (L2-H1)', 'fanIdentity': 'L2-H1', 'fraction': 'horizontal', 'price': 24317.524742150614, 'type': 'CROSS_UP', 'details': '[Retro] Breakout Attempt', 'open': 24312.099609375, 'high': 24320.5, 'low': 24306.900390625, 'close': 24320.349609375, 'activeAngles': {'Fan_H1_L1_main': 24403.56, 'Fan_H1_L1_0.875': 24350.63, 'Fan_H1_L1_0.75': 24324.48, 'Fan_H1_L1_0.5': 24296.64, 'Fan_H1_L1_0.25': 24279.9, 'Fan_H1_L1_horizontal': 24280.2, 'Fan_L2_H1_main': 24285.18, 'Fan_L2_H1_0.875': 24297.0, 'Fan_L2_H1_0.75': 24304.87, 'Fan_L2_H1_0.5': 24315.27, 'Fan_L2_H1_0.25': 24322.58, 'Fan_L2_H1_horizontal': 24317.52}, 'cluster': True, 'zone': '1/2-1/4', 'zoneExtremes': {'highest_close': 24320.349609375, 'lowest_close': 24320.349609375}, 'bar_index': 22, 'nextAngleLine': 'horizontal'}
2026-04-27 13:02:31,650 [INFO] [RetroSweep] Emitting retroactive event: {'time': 1776316380, 'fan': 'P1 (L2-H1)', 'fanIdentity': 'L2-H1', 'fraction': '0.5', 'price': 24320.349609375, 'type': 'BREACH_CONFIRMED_NO_ALPHA', 'details': '[Retro] UP (path=A, intra-bar 1x cross)', 'open': 24312.099609375, 'high': 24320.5, 'low': 24306.900390625, 'close': 24320.349609375, 'activeAngles': {'Fan_H1_L1_main': 24403.56, 'Fan_H1_L1_0.875': 24350.63, 'Fan_H1_L1_0.75': 24324.48, 'Fan_H1_L1_0.5': 24296.64, 'Fan_H1_L1_0.25': 24279.9, 'Fan_H1_L1_horizontal': 24280.2, 'Fan_L2_H1_main': 24285.18, 'Fan_L2_H1_0.875': 24297.0, 'Fan_L2_H1_0.75': 24304.87, 'Fan_L2_H1_0.5': 24315.27, 'Fan_L2_H1_0.25': 24322.58, 'Fan_L2_H1_horizontal': 24317.52}, 'cluster': True, 'zone': '1/2-1/4', 'zoneExtremes': {'highest_close': 24320.349609375, 'lowest_close': 24320.349609375}, 'bar_index': 22, 'nextAngleLine': '0.5'}
2026-04-27 13:02:31,650 [INFO] [RetroSweep] Emitting retroactive event: {'time': 1776316380, 'fan': 'P1 (L2-H1)', 'fanIdentity': 'L2-H1', 'fraction': '0.75', 'price': 24320.349609375, 'type': 'BREACH_CONFIRMED', 'details': '[Retro] UP (T+1 bars)', 'open': 24312.099609375, 'high': 24320.5, 'low': 24306.900390625, 'close': 24320.349609375, 'activeAngles': {'Fan_H1_L1_main': 24403.56, 'Fan_H1_L1_0.875': 24350.63, 'Fan_H1_L1_0.75': 24324.48, 'Fan_H1_L1_0.5': 24296.64, 'Fan_H1_L1_0.25': 24279.9, 'Fan_H1_L1_horizontal': 24280.2, 'Fan_L2_H1_main': 24285.18, 'Fan_L2_H1_0.875': 24297.0, 'Fan_L2_H1_0.75': 24304.87, 'Fan_L2_H1_0.5': 24315.27, 'Fan_L2_H1_0.25': 24322.58, 'Fan_L2_H1_horizontal': 24317.52}, 'cluster': True, 'zone': '1/2-1/4', 'zoneExtremes': {'highest_close': 24320.349609375, 'lowest_close': 24320.349609375}, 'bar_index': 22, 'nextAngleLine': ''}
2026-04-27 13:02:31,652 [INFO] [RetroSweep] Emitting retroactive event: {'time': 1776316620, 'fan': 'P1 (L2-H1)', 'fanIdentity': 'L2-H1', 'fraction': '0.25', 'price': 24321.54120190098, 'type': 'RESISTANCE_TEST', 'details': '[Retro] Testing Resistance', 'open': 24320.0, 'high': 24327.900390625, 'low': 24311.75, 'close': 24315.80078125, 'activeAngles': {'Fan_H1_L1_main': 24416.02, 'Fan_H1_L1_0.875': 24358.28, 'Fan_H1_L1_0.75': 24329.75, 'Fan_H1_L1_0.5': 24299.38, 'Fan_H1_L1_0.25': 24281.12, 'Fan_H1_L1_horizontal': 24280.2, 'Fan_L2_H1_main': 24277.91, 'Fan_L2_H1_0.875': 24291.71, 'Fan_L2_H1_0.75': 24300.88, 'Fan_L2_H1_0.5': 24313.01, 'Fan_L2_H1_0.25': 24321.54, 'Fan_L2_H1_horizontal': 24317.52}, 'cluster': True, 'zone': '1/2-1/4', 'zoneExtremes': {'highest_close': 24320.349609375, 'lowest_close': 24315.80078125}, 'bar_index': 23, 'nextAngleLine': '0.25'}
2026-04-27 13:02:31,652 [INFO] [RetroSweep] Emitting retroactive event: {'time': 1776316620, 'fan': 'P1 (L2-H1)', 'fanIdentity': 'L2-H1', 'fraction': 'horizontal', 'price': 24317.524742150614, 'type': 'CROSS_DOWN', 'details': '[Retro] Breakdown Attempt', 'open': 24320.0, 'high': 24327.900390625, 'low': 24311.75, 'close': 24315.80078125, 'activeAngles': {'Fan_H1_L1_main': 24416.02, 'Fan_H1_L1_0.875': 24358.28, 'Fan_H1_L1_0.75': 24329.75, 'Fan_H1_L1_0.5': 24299.38, 'Fan_H1_L1_0.25': 24281.12, 'Fan_H1_L1_horizontal': 24280.2, 'Fan_L2_H1_main': 24277.91, 'Fan_L2_H1_0.875': 24291.71, 'Fan_L2_H1_0.75': 24300.88, 'Fan_L2_H1_0.5': 24313.01, 'Fan_L2_H1_0.25': 24321.54, 'Fan_L2_H1_horizontal': 24317.52}, 'cluster': True, 'zone': '1/2-1/4', 'zoneExtremes': {'highest_close': 24320.349609375, 'lowest_close': 24315.80078125}, 'bar_index': 23, 'nextAngleLine': 'horizontal'}
2026-04-27 13:02:31,653 [INFO] [RetroSweep] Emitting retroactive event: {'time': 1776316620, 'fan': 'P1 (L2-H1)', 'fanIdentity': 'L2-H1', 'fraction': '0.5', 'price': 24313.01432651086, 'type': 'SUPPORT_TEST', 'details': '[Retro] Testing Support', 'open': 24320.0, 'high': 24327.900390625, 'low': 24311.75, 'close': 24315.80078125, 'activeAngles': {'Fan_H1_L1_main': 24416.02, 'Fan_H1_L1_0.875': 24358.28, 'Fan_H1_L1_0.75': 24329.75, 'Fan_H1_L1_0.5': 24299.38, 'Fan_H1_L1_0.25': 24281.12, 'Fan_H1_L1_horizontal': 24280.2, 'Fan_L2_H1_main': 24277.91, 'Fan_L2_H1_0.875': 24291.71, 'Fan_L2_H1_0.75': 24300.88, 'Fan_L2_H1_0.5': 24313.01, 'Fan_L2_H1_0.25': 24321.54, 'Fan_L2_H1_horizontal': 24317.52}, 'cluster': True, 'zone': '1/2-1/4', 'zoneExtremes': {'highest_close': 24320.349609375, 'lowest_close': 24315.80078125}, 'bar_index': 23, 'nextAngleLine': '0.5'}
2026-04-27 13:02:31,654 [INFO] [RetroSweep] Emitting retroactive event: {'time': 1776316860, 'fan': 'P1 (L2-H1)', 'fanIdentity': 'L2-H1', 'fraction': 'horizontal', 'price': 24317.524742150614, 'type': 'RESISTANCE_TEST', 'details': '[Retro] Testing Resistance', 'open': 24316.0, 'high': 24319.099609375, 'low': 24311.5, 'close': 24314.69921875, 'activeAngles': {'Fan_H1_L1_main': 24428.48, 'Fan_H1_L1_0.875': 24365.93, 'Fan_H1_L1_0.75': 24335.02, 'Fan_H1_L1_0.5': 24302.12, 'Fan_H1_L1_0.25': 24282.34, 'Fan_H1_L1_horizontal': 24280.2, 'Fan_L2_H1_main': 24270.64, 'Fan_L2_H1_0.875': 24286.41, 'Fan_L2_H1_0.75': 24296.89, 'Fan_L2_H1_0.5': 24310.76, 'Fan_L2_H1_0.25': 24320.5, 'Fan_L2_H1_horizontal': 24317.52}, 'cluster': True, 'zone': '1/2-1/4', 'zoneExtremes': {'highest_close': 24320.349609375, 'lowest_close': 24314.69921875}, 'bar_index': 24, 'nextAngleLine': 'horizontal'}
2026-04-27 13:02:31,655 [INFO] [RetroSweep] Emitting retroactive event: {'time': 1776316860, 'fan': 'P1 (L2-H1)', 'fanIdentity': 'L2-H1', 'fraction': 'horizontal', 'price': 24314.69921875, 'type': 'REST_ON_ANGLE', 'details': '[Retro] Resting (T+3 bars)', 'open': 24316.0, 'high': 24319.099609375, 'low': 24311.5, 'close': 24314.69921875, 'activeAngles': {'Fan_H1_L1_main': 24428.48, 'Fan_H1_L1_0.875': 24365.93, 'Fan_H1_L1_0.75': 24335.02, 'Fan_H1_L1_0.5': 24302.12, 'Fan_H1_L1_0.25': 24282.34, 'Fan_H1_L1_horizontal': 24280.2, 'Fan_L2_H1_main': 24270.64, 'Fan_L2_H1_0.875': 24286.41, 'Fan_L2_H1_0.75': 24296.89, 'Fan_L2_H1_0.5': 24310.76, 'Fan_L2_H1_0.25': 24320.5, 'Fan_L2_H1_horizontal': 24317.52}, 'cluster': True, 'zone': '1/2-1/4', 'zoneExtremes': {'highest_close': 24320.349609375, 'lowest_close': 24314.69921875}, 'bar_index': 24, 'nextAngleLine': 'horizontal'}
2026-04-27 13:02:31,655 [INFO] [RetroSweep] Emitting retroactive event: {'time': 1776316860, 'fan': 'P1 (L2-H1)', 'fanIdentity': 'L2-H1', 'fraction': 'horizontal', 'price': 24314.69921875, 'type': 'BREACH_CONFIRMED', 'details': '[Retro] DOWN (T+1 bars)', 'open': 24316.0, 'high': 24319.099609375, 'low': 24311.5, 'close': 24314.69921875, 'activeAngles': {'Fan_H1_L1_main': 24428.48, 'Fan_H1_L1_0.875': 24365.93, 'Fan_H1_L1_0.75': 24335.02, 'Fan_H1_L1_0.5': 24302.12, 'Fan_H1_L1_0.25': 24282.34, 'Fan_H1_L1_horizontal': 24280.2, 'Fan_L2_H1_main': 24270.64, 'Fan_L2_H1_0.875': 24286.41, 'Fan_L2_H1_0.75': 24296.89, 'Fan_L2_H1_0.5': 24310.76, 'Fan_L2_H1_0.25': 24320.5, 'Fan_L2_H1_horizontal': 24317.52}, 'cluster': True, 'zone': '1/2-1/4', 'zoneExtremes': {'highest_close': 24320.349609375, 'lowest_close': 24314.69921875}, 'bar_index': 24, 'nextAngleLine': ''}
2026-04-27 13:02:31,657 [INFO] [RetroSweep] Emitting retroactive event: {'time': 1776317100, 'fan': 'P1 (L2-H1)', 'fanIdentity': 'L2-H1', 'fraction': '0.5', 'price': 24308.503910871106, 'type': 'CROSS_DOWN', 'details': '[Retro] Breakdown Attempt', 'open': 24315.25, 'high': 24315.94921875, 'low': 24302.150390625, 'close': 24306.5, 'activeAngles': {'Fan_H1_L1_main': 24440.94, 'Fan_H1_L1_0.875': 24373.58, 'Fan_H1_L1_0.75': 24340.29, 'Fan_H1_L1_0.5': 24304.86, 'Fan_H1_L1_0.25': 24283.55, 'Fan_H1_L1_horizontal': 24280.2, 'Fan_L2_H1_main': 24263.37, 'Fan_L2_H1_0.875': 24281.11, 'Fan_L2_H1_0.75': 24292.9, 'Fan_L2_H1_0.5': 24308.5, 'Fan_L2_H1_0.25': 24319.47, 'Fan_L2_H1_horizontal': 24317.52}, 'cluster': True, 'zone': '3/4-1/2', 'zoneExtremes': {'highest_close': 24306.5, 'lowest_close': 24306.5}, 'bar_index': 25, 'nextAngleLine': '0.75'}
2026-04-27 13:02:31,657 [INFO] [IntDet] Bar 26 | 2026-04-16 10:59 | H=24322.70 L=24303.55 C=24320.50 | Fans=2 Lines=12
2026-04-27 13:02:31,658 [INFO]   [P2 (H1-L1)] 0.875: lineP=24381.23 | bars_from_origin=15.0 slope=7.6484 | ABOVE gap=58.53
2026-04-27 13:02:31,658 [INFO]   [P2 (H1-L1)] 0.75: lineP=24345.56 | bars_from_origin=15.0 slope=5.2708 | ABOVE gap=22.86
2026-04-27 13:02:31,658 [INFO]   [P2 (H1-L1)] 0.5: lineP=24307.60 | bars_from_origin=15.0 slope=2.7397 | HIT gap=0.00
2026-04-27 13:02:31,659 [INFO]     >>> HIT RECORDED (PHYSICAL): P2 (H1-L1) frac=0.5 @ 24307.60
2026-04-27 13:02:31,659 [INFO]   [P2 (H1-L1)] 0.25: lineP=24284.77 | bars_from_origin=15.0 slope=1.2181 | BELOW gap=18.78
2026-04-27 13:02:31,659 [INFO]   [P2 (H1-L1)] horizontal: lineP=24280.20 | bars_from_origin=10.0 slope=0.0000 | BELOW gap=23.35
2026-04-27 13:02:31,659 [INFO]   [P1 (L2-H1)] 0.875: lineP=24275.81 | bars_from_origin=10.0 slope=-5.2994 | BELOW gap=27.74
2026-04-27 13:02:31,660 [INFO]   [P1 (L2-H1)] 0.75: lineP=24288.92 | bars_from_origin=10.0 slope=-3.9886 | BELOW gap=14.64
2026-04-27 13:02:31,660 [INFO]   [P1 (L2-H1)] 0.5: lineP=24306.25 | bars_from_origin=10.0 slope=-2.2552 | HIT gap=0.00
2026-04-27 13:02:31,660 [INFO]     >>> HIT RECORDED (PHYSICAL): P1 (L2-H1) frac=0.5 @ 24306.25
2026-04-27 13:02:31,661 [INFO]   [P1 (L2-H1)] 0.25: lineP=24318.43 | bars_from_origin=10.0 slope=-1.0371 | HIT gap=0.00
2026-04-27 13:02:31,661 [INFO]     >>> HIT RECORDED (PHYSICAL): P1 (L2-H1) frac=0.25 @ 24318.43
2026-04-27 13:02:31,661 [INFO]   [P1 (L2-H1)] horizontal: lineP=24317.52 | bars_from_origin=5.0 slope=0.0000 | HIT gap=0.00
2026-04-27 13:02:31,661 [INFO]     >>> HIT RECORDED (PHYSICAL): P1 (L2-H1) frac=horizontal @ 24317.52
2026-04-27 13:02:31,661 [INFO]   [IntDet] Total hits this bar: 4
2026-04-27 13:02:31,665 [INFO] [Study] Index 26: Returning 19 events
2026-04-27 13:02:31,665 [INFO]   - FAN_VALIDATED: - @ 24302.30384514377 | fan=P1 (L2-H1)
2026-04-27 13:02:31,666 [INFO]   - GAP_CROSS_UP: 0.75 @ 24308.857928495403 | fan=P1 (L2-H1)
2026-04-27 13:02:31,666 [INFO]   - SUPPORT_TEST: 0.875 @ 24302.30384514377 | fan=P1 (L2-H1)
2026-04-27 13:02:31,666 [INFO]   - TARGET_HIT: 0.875 @ 24302.30384514377 | fan=P1 (L2-H1)
2026-04-27 13:02:31,666 [INFO]   - CROSS_UP: 0.5 @ 24315.269534330735 | fan=P1 (L2-H1)
2026-04-27 13:02:31,674 [INFO] [Study] Cache updated: index=26, state_keys=['pivot_detector', 'angle_engine', 'intersection_detector', 'zone_tracker', 'fan_validator', 'target_progression', 'state_machine', 'cluster_detector', 'historical_clusters', 'event_logger', 'active_fan_keys', 'persisted_fans', 'active_marker_ids', 'is_initialized', 'initialized', 'config', 'pending_retro_events']
2026-04-27 13:02:31,677 [INFO] DEBUG CORS: Origin header received: 'http://localhost:5173'
2026-04-27 13:02:37,270 [INFO] DEBUG CORS: Origin header received: 'http://localhost:5173'
2026-04-27 13:02:37,274 [INFO] Initialized AngularPriceCoverageStudy v4.0. Config: {'left_bars': 5, 'right_bars': 5, 'line_extension_bars': 100, 'fraction_colors': {0.125: '#FF5252', 0.25: '#FF5252', 0.375: '#FF5252', 0.5: '#2196F3', 0.625: '#4CAF50', 0.75: '#4CAF50', 0.875: '#4CAF50', 1.0: '#FFFFFF'}, 'main_color': '#FFFFFF', 'main_line_width': 1, 'fraction_line_width': 2, 'scale_ratio': 3.6603, 'breach_mode': 'wick', 'show_intersection_labels': False, 'max_historical_fans': 3, 'bounce_threshold_percent': 0.3, 'rejection_lookback_bars': 5, 'rest_required_bars': 3, 'resolution': '4', 'symbol': '^NSEI', 'run_mode': 'replay', 'is_new_replay': False}
2026-04-27 13:02:37,274 [INFO] [Study] Evaluating AngularPriceCoverageStudy (config: {'resolution': '4', 'symbol': '^NSEI', 'scale_ratio': 3.6603, 'left_bars': 5, 'right_bars': 5, 'show_intersection_labels': False, 'run_mode': 'replay', 'is_new_replay': False})
2026-04-27 13:02:37,275 [INFO] [Study] FAST PATH at index 27
2026-04-27 13:02:37,275 [INFO] [Study] Failed to restore event: Event.__init__() missing 2 required positional arguments: 'timestamp' and 'event_type'
2026-04-27 13:02:37,276 [INFO] [Study] Failed to restore event: Event.__init__() missing 2 required positional arguments: 'timestamp' and 'event_type'
2026-04-27 13:02:37,276 [INFO] [Study] Failed to restore event: Event.__init__() missing 2 required positional arguments: 'timestamp' and 'event_type'
2026-04-27 13:02:37,276 [INFO] [Study] Failed to restore event: Event.__init__() missing 2 required positional arguments: 'timestamp' and 'event_type'
2026-04-27 13:02:37,277 [INFO] [Study] Failed to restore event: Event.__init__() missing 2 required positional arguments: 'timestamp' and 'event_type'
2026-04-27 13:02:37,277 [INFO] [Study] Failed to restore event: Event.__init__() missing 2 required positional arguments: 'timestamp' and 'event_type'
2026-04-27 13:02:37,277 [INFO] [Study] Failed to restore event: Event.__init__() missing 2 required positional arguments: 'timestamp' and 'event_type'
2026-04-27 13:02:37,277 [INFO] [Study] Failed to restore event: Event.__init__() missing 2 required positional arguments: 'timestamp' and 'event_type'
2026-04-27 13:02:37,278 [INFO] [Study] Failed to restore event: Event.__init__() missing 2 required positional arguments: 'timestamp' and 'event_type'
2026-04-27 13:02:37,278 [INFO] [Study] Failed to restore event: Event.__init__() missing 2 required positional arguments: 'timestamp' and 'event_type'
2026-04-27 13:02:37,278 [INFO] [Study] Failed to restore event: Event.__init__() missing 2 required positional arguments: 'timestamp' and 'event_type'
2026-04-27 13:02:37,279 [INFO] [Study] Failed to restore event: Event.__init__() missing 2 required positional arguments: 'timestamp' and 'event_type'
2026-04-27 13:02:37,279 [INFO] [Study] Failed to restore event: Event.__init__() missing 2 required positional arguments: 'timestamp' and 'event_type'
2026-04-27 13:02:37,279 [INFO] [Study] Failed to restore event: Event.__init__() missing 2 required positional arguments: 'timestamp' and 'event_type'
2026-04-27 13:02:37,279 [INFO] [Study] Failed to restore event: Event.__init__() missing 2 required positional arguments: 'timestamp' and 'event_type'
2026-04-27 13:02:37,279 [INFO] [Study] Failed to restore event: Event.__init__() missing 2 required positional arguments: 'timestamp' and 'event_type'
2026-04-27 13:02:37,280 [INFO] [Study] Failed to restore event: Event.__init__() missing 2 required positional arguments: 'timestamp' and 'event_type'
2026-04-27 13:02:37,280 [INFO] [Study] Failed to restore event: Event.__init__() missing 2 required positional arguments: 'timestamp' and 'event_type'
2026-04-27 13:02:37,280 [INFO] [Study] Failed to restore event: Event.__init__() missing 2 required positional arguments: 'timestamp' and 'event_type'
2026-04-27 13:02:37,282 [INFO] [Study] Removing invalidated/excess fan: Fan_H1_L1
2026-04-27 13:02:37,282 [INFO] [Tracking] Target FAILED: Fan_H1_L1 (0.5) - fan invalidated with pending progression
2026-04-27 13:02:37,282 [INFO] Failed to log FAN_DEACTIVATED: name 'bar_index' is not defined
2026-04-27 13:02:37,283 [INFO] [Study] Removing invalidated/excess fan: Fan_L2_H1
2026-04-27 13:02:37,283 [INFO] [Tracking] Target FAILED: Fan_L2_H1 (0.875) - fan invalidated with pending progression
2026-04-27 13:02:37,283 [INFO] Failed to log FAN_DEACTIVATED: name 'bar_index' is not defined
2026-04-27 13:02:37,284 [INFO] [IntDet] Bar 27 | 2026-04-16 11:03 | H=24330.70 L=24319.15 C=24323.05 | Fans=0 Lines=0
2026-04-27 13:02:37,285 [INFO] [Study] Cache updated: index=27, state_keys=['pivot_detector', 'angle_engine', 'intersection_detector', 'zone_tracker', 'fan_validator', 'target_progression', 'state_machine', 'cluster_detector', 'historical_clusters', 'event_logger', 'active_fan_keys', 'persisted_fans', 'active_marker_ids', 'is_initialized', 'initialized', 'config', 'pending_retro_events']
2026-04-27 13:02:37,286 [INFO] DEBUG CORS: Origin header received: 'http://localhost:5173'
2026-04-27 13:02:39,145 [INFO] Initialized AngularPriceCoverageStudy v4.0. Config: {'left_bars': 5, 'right_bars': 5, 'line_extension_bars': 100, 'fraction_colors': {0.125: '#FF5252', 0.25: '#FF5252', 0.375: '#FF5252', 0.5: '#2196F3', 0.625: '#4CAF50', 0.75: '#4CAF50', 0.875: '#4CAF50', 1.0: '#FFFFFF'}, 'main_color': '#FFFFFF', 'main_line_width': 1, 'fraction_line_width': 2, 'scale_ratio': 3.6603, 'breach_mode': 'wick', 'show_intersection_labels': False, 'max_historical_fans': 3, 'bounce_threshold_percent': 0.3, 'rejection_lookback_bars': 5, 'rest_required_bars': 3, 'resolution': '4', 'symbol': '^NSEI', 'run_mode': 'replay', 'is_new_replay': False}
2026-04-27 13:02:39,145 [INFO] [Study] Evaluating AngularPriceCoverageStudy (config: {'resolution': '4', 'symbol': '^NSEI', 'scale_ratio': 3.6603, 'left_bars': 5, 'right_bars': 5, 'show_intersection_labels': False, 'run_mode': 'replay', 'is_new_replay': False})
2026-04-27 13:02:39,145 [INFO] [Study] FAST PATH at index 28
2026-04-27 13:02:39,146 [INFO] [Study] Failed to restore event: Event.__init__() missing 2 required positional arguments: 'timestamp' and 'event_type'
2026-04-27 13:02:39,147 [INFO] [Study] Failed to restore event: Event.__init__() missing 2 required positional arguments: 'timestamp' and 'event_type'
2026-04-27 13:02:39,147 [INFO] [Study] Failed to restore event: Event.__init__() missing 2 required positional arguments: 'timestamp' and 'event_type'
2026-04-27 13:02:39,147 [INFO] [Study] Failed to restore event: Event.__init__() missing 2 required positional arguments: 'timestamp' and 'event_type'
2026-04-27 13:02:39,149 [INFO] [IntDet] Bar 28 | 2026-04-16 11:07 | H=24333.20 L=24308.60 C=24313.55 | Fans=0 Lines=0
2026-04-27 13:02:39,150 [INFO] [Study] Cache updated: index=28, state_keys=['pivot_detector', 'angle_engine', 'intersection_detector', 'zone_tracker', 'fan_validator', 'target_progression', 'state_machine', 'cluster_detector', 'historical_clusters', 'event_logger', 'active_fan_keys', 'persisted_fans', 'active_marker_ids', 'is_initialized', 'initialized', 'config', 'pending_retro_events']
2026-04-27 13:02:39,151 [INFO] DEBUG CORS: Origin header received: 'http://localhost:5173'
2026-04-27 13:02:39,971 [INFO] Initialized AngularPriceCoverageStudy v4.0. Config: {'left_bars': 5, 'right_bars': 5, 'line_extension_bars': 100, 'fraction_colors': {0.125: '#FF5252', 0.25: '#FF5252', 0.375: '#FF5252', 0.5: '#2196F3', 0.625: '#4CAF50', 0.75: '#4CAF50', 0.875: '#4CAF50', 1.0: '#FFFFFF'}, 'main_color': '#FFFFFF', 'main_line_width': 1, 'fraction_line_width': 2, 'scale_ratio': 3.6603, 'breach_mode': 'wick', 'show_intersection_labels': False, 'max_historical_fans': 3, 'bounce_threshold_percent': 0.3, 'rejection_lookback_bars': 5, 'rest_required_bars': 3, 'resolution': '4', 'symbol': '^NSEI', 'run_mode': 'replay', 'is_new_replay': False}
2026-04-27 13:02:39,972 [INFO] [Study] Evaluating AngularPriceCoverageStudy (config: {'resolution': '4', 'symbol': '^NSEI', 'scale_ratio': 3.6603, 'left_bars': 5, 'right_bars': 5, 'show_intersection_labels': False, 'run_mode': 'replay', 'is_new_replay': False})
2026-04-27 13:02:39,972 [INFO] [Study] FAST PATH at index 29
2026-04-27 13:02:39,974 [INFO] [IntDet] Bar 29 | 2026-04-16 11:11 | H=24318.75 L=24303.65 C=24313.90 | Fans=0 Lines=0
2026-04-27 13:02:39,975 [INFO] [Study] Cache updated: index=29, state_keys=['pivot_detector', 'angle_engine', 'intersection_detector', 'zone_tracker', 'fan_validator', 'target_progression', 'state_machine', 'cluster_detector', 'historical_clusters', 'event_logger', 'active_fan_keys', 'persisted_fans', 'active_marker_ids', 'is_initialized', 'initialized', 'config', 'pending_retro_events']
2026-04-27 13:02:39,976 [INFO] DEBUG CORS: Origin header received: 'http://localhost:5173'
2026-04-27 13:02:40,614 [INFO] Initialized AngularPriceCoverageStudy v4.0. Config: {'left_bars': 5, 'right_bars': 5, 'line_extension_bars': 100, 'fraction_colors': {0.125: '#FF5252', 0.25: '#FF5252', 0.375: '#FF5252', 0.5: '#2196F3', 0.625: '#4CAF50', 0.75: '#4CAF50', 0.875: '#4CAF50', 1.0: '#FFFFFF'}, 'main_color': '#FFFFFF', 'main_line_width': 1, 'fraction_line_width': 2, 'scale_ratio': 3.6603, 'breach_mode': 'wick', 'show_intersection_labels': False, 'max_historical_fans': 3, 'bounce_threshold_percent': 0.3, 'rejection_lookback_bars': 5, 'rest_required_bars': 3, 'resolution': '4', 'symbol': '^NSEI', 'run_mode': 'replay', 'is_new_replay': False}
2026-04-27 13:02:40,615 [INFO] [Study] Evaluating AngularPriceCoverageStudy (config: {'resolution': '4', 'symbol': '^NSEI', 'scale_ratio': 3.6603, 'left_bars': 5, 'right_bars': 5, 'show_intersection_labels': False, 'run_mode': 'replay', 'is_new_replay': False})
2026-04-27 13:02:40,615 [INFO] [Study] FAST PATH at index 30
2026-04-27 13:02:40,618 [INFO] [IntDet] Bar 30 | 2026-04-16 11:15 | H=24321.00 L=24294.10 C=24311.40 | Fans=0 Lines=0
2026-04-27 13:02:40,619 [INFO] [Study] Cache updated: index=30, state_keys=['pivot_detector', 'angle_engine', 'intersection_detector', 'zone_tracker', 'fan_validator', 'target_progression', 'state_machine', 'cluster_detector', 'historical_clusters', 'event_logger', 'active_fan_keys', 'persisted_fans', 'active_marker_ids', 'is_initialized', 'initialized', 'config', 'pending_retro_events']
2026-04-27 13:02:40,620 [INFO] DEBUG CORS: Origin header received: 'http://localhost:5173'
2026-04-27 13:02:41,309 [INFO] Initialized AngularPriceCoverageStudy v4.0. Config: {'left_bars': 5, 'right_bars': 5, 'line_extension_bars': 100, 'fraction_colors': {0.125: '#FF5252', 0.25: '#FF5252', 0.375: '#FF5252', 0.5: '#2196F3', 0.625: '#4CAF50', 0.75: '#4CAF50', 0.875: '#4CAF50', 1.0: '#FFFFFF'}, 'main_color': '#FFFFFF', 'main_line_width': 1, 'fraction_line_width': 2, 'scale_ratio': 3.6603, 'breach_mode': 'wick', 'show_intersection_labels': False, 'max_historical_fans': 3, 'bounce_threshold_percent': 0.3, 'rejection_lookback_bars': 5, 'rest_required_bars': 3, 'resolution': '4', 'symbol': '^NSEI', 'run_mode': 'replay', 'is_new_replay': False}
2026-04-27 13:02:41,310 [INFO] [Study] Evaluating AngularPriceCoverageStudy (config: {'resolution': '4', 'symbol': '^NSEI', 'scale_ratio': 3.6603, 'left_bars': 5, 'right_bars': 5, 'show_intersection_labels': False, 'run_mode': 'replay', 'is_new_replay': False})
2026-04-27 13:02:41,310 [INFO] [Study] FAST PATH at index 31
2026-04-27 13:02:41,312 [INFO] [IntDet] Bar 31 | 2026-04-16 11:19 | H=24328.95 L=24298.55 C=24301.15 | Fans=0 Lines=0
2026-04-27 13:02:41,313 [INFO] [Study] Cache updated: index=31, state_keys=['pivot_detector', 'angle_engine', 'intersection_detector', 'zone_tracker', 'fan_validator', 'target_progression', 'state_machine', 'cluster_detector', 'historical_clusters', 'event_logger', 'active_fan_keys', 'persisted_fans', 'active_marker_ids', 'is_initialized', 'initialized', 'config', 'pending_retro_events']
2026-04-27 13:02:41,314 [INFO] DEBUG CORS: Origin header received: 'http://localhost:5173'
2026-04-27 13:02:42,263 [INFO] Initialized AngularPriceCoverageStudy v4.0. Config: {'left_bars': 5, 'right_bars': 5, 'line_extension_bars': 100, 'fraction_colors': {0.125: '#FF5252', 0.25: '#FF5252', 0.375: '#FF5252', 0.5: '#2196F3', 0.625: '#4CAF50', 0.75: '#4CAF50', 0.875: '#4CAF50', 1.0: '#FFFFFF'}, 'main_color': '#FFFFFF', 'main_line_width': 1, 'fraction_line_width': 2, 'scale_ratio': 3.6603, 'breach_mode': 'wick', 'show_intersection_labels': False, 'max_historical_fans': 3, 'bounce_threshold_percent': 0.3, 'rejection_lookback_bars': 5, 'rest_required_bars': 3, 'resolution': '4', 'symbol': '^NSEI', 'run_mode': 'replay', 'is_new_replay': False}
2026-04-27 13:02:42,263 [INFO] [Study] Evaluating AngularPriceCoverageStudy (config: {'resolution': '4', 'symbol': '^NSEI', 'scale_ratio': 3.6603, 'left_bars': 5, 'right_bars': 5, 'show_intersection_labels': False, 'run_mode': 'replay', 'is_new_replay': False})
2026-04-27 13:02:42,264 [INFO] [Study] FAST PATH at index 32
2026-04-27 13:02:42,266 [INFO] [IntDet] Bar 32 | 2026-04-16 11:23 | H=24302.40 L=24282.75 C=24288.25 | Fans=0 Lines=0
2026-04-27 13:02:42,268 [INFO] [Study] Cache updated: index=32, state_keys=['pivot_detector', 'angle_engine', 'intersection_detector', 'zone_tracker', 'fan_validator', 'target_progression', 'state_machine', 'cluster_detector', 'historical_clusters', 'event_logger', 'active_fan_keys', 'persisted_fans', 'active_marker_ids', 'is_initialized', 'initialized', 'config', 'pending_retro_events']
2026-04-27 13:02:42,269 [INFO] DEBUG CORS: Origin header received: 'http://localhost:5173'
2026-04-27 13:02:43,049 [INFO] DEBUG CORS: Origin header received: 'http://localhost:5173'
2026-04-27 13:02:43,054 [INFO] Initialized AngularPriceCoverageStudy v4.0. Config: {'left_bars': 5, 'right_bars': 5, 'line_extension_bars': 100, 'fraction_colors': {0.125: '#FF5252', 0.25: '#FF5252', 0.375: '#FF5252', 0.5: '#2196F3', 0.625: '#4CAF50', 0.75: '#4CAF50', 0.875: '#4CAF50', 1.0: '#FFFFFF'}, 'main_color': '#FFFFFF', 'main_line_width': 1, 'fraction_line_width': 2, 'scale_ratio': 3.6603, 'breach_mode': 'wick', 'show_intersection_labels': False, 'max_historical_fans': 3, 'bounce_threshold_percent': 0.3, 'rejection_lookback_bars': 5, 'rest_required_bars': 3, 'resolution': '4', 'symbol': '^NSEI', 'run_mode': 'replay', 'is_new_replay': False}
2026-04-27 13:02:43,054 [INFO] [Study] Evaluating AngularPriceCoverageStudy (config: {'resolution': '4', 'symbol': '^NSEI', 'scale_ratio': 3.6603, 'left_bars': 5, 'right_bars': 5, 'show_intersection_labels': False, 'run_mode': 'replay', 'is_new_replay': False})
2026-04-27 13:02:43,055 [INFO] [Study] FAST PATH at index 33
2026-04-27 13:02:43,056 [INFO] [Study] Creating new fan: Fan_H2_L1 (P1 (H2-L1))
2026-04-27 13:02:43,057 [INFO] [AngleEngine] scale_ratio=3.6603, slope_per_bar=3.9235, visual_slope=1.0719, theta=46.99 deg
2026-04-27 13:02:43,057 [INFO] --- [AngleEngine] Fan Created: Fan_H2_L1 ---
2026-04-27 13:02:43,057 [INFO]   Origin: Bar 11, Time 1776313740, Price 24266.5
2026-04-27 13:02:43,058 [INFO]   Target: Bar 28, Time 1776317820, Price 24333.19921875
2026-04-27 13:02:43,058 [INFO]   Delta: db=17, dp_origin=66.70
2026-04-27 13:02:43,058 [INFO]   Scale Params: Ratio=3.6603, Radius=24.92 bars, Slope/Bar=3.9235
2026-04-27 13:02:43,059 [INFO]   Line 0.875: EndBar=1776317820 (approx), EndPrice=24320.81
2026-04-27 13:02:43,059 [INFO]   Line 0.75: EndBar=1776317820 (approx), EndPrice=24310.46
2026-04-27 13:02:43,059 [INFO]   Line 0.5: EndBar=1776317820 (approx), EndPrice=24293.55
2026-04-27 13:02:43,059 [INFO]   Line 0.25: EndBar=1776317820 (approx), EndPrice=24279.44
2026-04-27 13:02:43,060 [INFO] [RetroSweep] New fan Fan_H2_L1 created. Anchor at bar 28, current bar 33
2026-04-27 13:02:43,060 [INFO]   [RetroSweep] HIT (PHYSICAL): P1 (H2-L1) frac=0.875 @ 24320.81 | Bar 28 (2026-04-16 11:07)
2026-04-27 13:02:43,061 [INFO]   [RetroSweep] HIT (PHYSICAL): P1 (H2-L1) frac=0.75 @ 24310.46 | Bar 28 (2026-04-16 11:07)
2026-04-27 13:02:43,061 [INFO]   [RetroSweep] HIT (PHYSICAL): P1 (H2-L1) frac=0.75 @ 24313.05 | Bar 29 (2026-04-16 11:11)
2026-04-27 13:02:43,061 [INFO]   [RetroSweep] HIT (PHYSICAL): P1 (H2-L1) frac=0.75 @ 24315.63 | Bar 30 (2026-04-16 11:15)
2026-04-27 13:02:43,062 [INFO]   [RetroSweep] HIT (PHYSICAL): P1 (H2-L1) frac=0.5 @ 24296.73 | Bar 30 (2026-04-16 11:15)
2026-04-27 13:02:43,062 [INFO]   [RetroSweep] HIT (PHYSICAL): P1 (H2-L1) frac=0.75 @ 24318.22 | Bar 31 (2026-04-16 11:19)
2026-04-27 13:02:43,062 [INFO]   [RetroSweep] HIT (PHYSICAL): P1 (H2-L1) frac=0.5 @ 24299.91 | Bar 32 (2026-04-16 11:23)
2026-04-27 13:02:43,063 [INFO]   [RetroSweep] HIT (PHYSICAL): P1 (H2-L1) frac=horizontal @ 24293.55 | Bar 32 (2026-04-16 11:23)
2026-04-27 13:02:43,063 [INFO]   [RetroSweep] Total historical hits for Fan_H2_L1: 8
2026-04-27 13:02:43,063 [INFO] [RetroSweep] Queuing 8 retro events for active fan Fan_H2_L1
2026-04-27 13:02:43,064 [INFO] [Tracking] Fan validated: Fan_H2_L1 via breach at bar 28
2026-04-27 13:02:43,065 [INFO] [Tracking] Target HIT: Fan_H2_L1 0.875
2026-04-27 13:02:43,066 [INFO] [Tracking] BREACH_CONFIRMED_NO_ALPHA: no pending found for fan=Fan_H2_L1 prev_line=0.5
2026-04-27 13:02:43,066 [INFO] [Tracking] Target HIT: Fan_H2_L1 0.75
2026-04-27 13:02:43,066 [INFO] [Tracking] BREACH_CONFIRMED_NO_ALPHA: found pending on Fan_H2_L1_Fan_H2_L1_f0 fraction=0.875 bar=28 (cross-bar)
2026-04-27 13:02:43,067 [INFO] [Tracking] BREACH_CONFIRMED_NO_ALPHA (via target progression): Fan_H2_L1 0.875
2026-04-27 13:02:43,067 [INFO] [RetroSweep] Emitting retroactive event: {'time': 1776317820, 'fan': 'P1 (H2-L1)', 'fanIdentity': 'H2-L1', 'fraction': '-', 'price': 24320.809421424914, 'type': 'FAN_VALIDATED', 'details': '[Retro] Via breach', 'open': 24323.599609375, 'high': 24333.19921875, 'low': 24308.599609375, 'close': 24313.55078125, 'activeAngles': {'Fan_H2_L1_main': 24333.2, 'Fan_H2_L1_0.875': 24320.81, 'Fan_H2_L1_0.75': 24310.46, 'Fan_H2_L1_0.5': 24293.55, 'Fan_H2_L1_0.25': 24279.44, 'Fan_H2_L1_horizontal': 24293.55}, 'cluster': True, 'zone': '3/4-7/8', 'zoneExtremes': {'highest_close': 24313.55078125, 'lowest_close': 24313.55078125}, 'nextAngleLine': '7/8'}
2026-04-27 13:02:43,068 [INFO] [RetroSweep] Emitting retroactive event: {'time': 1776317820, 'fan': 'P1 (H2-L1)', 'fanIdentity': 'H2-L1', 'fraction': '0.875', 'price': 24320.809421424914, 'type': 'CROSS_DOWN', 'details': '[Retro] Breakdown Attempt', 'open': 24323.599609375, 'high': 24333.19921875, 'low': 24308.599609375, 'close': 24313.55078125, 'activeAngles': {'Fan_H2_L1_main': 24333.2, 'Fan_H2_L1_0.875': 24320.81, 'Fan_H2_L1_0.75': 24310.46, 'Fan_H2_L1_0.5': 24293.55, 'Fan_H2_L1_0.25': 24279.44, 'Fan_H2_L1_horizontal': 24293.55}, 'cluster': True, 'zone': '3/4-7/8', 'zoneExtremes': {'highest_close': 24313.55078125, 'lowest_close': 24313.55078125}, 'bar_index': 28, 'nextAngleLine': '7/8'}
2026-04-27 13:02:43,068 [INFO] [RetroSweep] Emitting retroactive event: {'time': 1776317820, 'fan': 'P1 (H2-L1)', 'fanIdentity': 'H2-L1', 'fraction': '0.875', 'price': 24320.809421424914, 'type': 'TARGET_HIT', 'details': '[Retro] Target Reached', 'open': 24323.599609375, 'high': 24333.19921875, 'low': 24308.599609375, 'close': 24313.55078125, 'activeAngles': {'Fan_H2_L1_main': 24333.2, 'Fan_H2_L1_0.875': 24320.81, 'Fan_H2_L1_0.75': 24310.46, 'Fan_H2_L1_0.5': 24293.55, 'Fan_H2_L1_0.25': 24279.44, 'Fan_H2_L1_horizontal': 24293.55}, 'cluster': True, 'zone': '3/4-7/8', 'zoneExtremes': {'highest_close': 24313.55078125, 'lowest_close': 24313.55078125}, 'bar_index': 28, 'nextAngleLine': '7/8'}
2026-04-27 13:02:43,068 [INFO] [RetroSweep] Emitting retroactive event: {'time': 1776317820, 'fan': 'P1 (H2-L1)', 'fanIdentity': 'H2-L1', 'fraction': '0.75', 'price': 24310.461165371205, 'type': 'SUPPORT_TEST', 'details': '[Retro] Testing Support', 'open': 24323.599609375, 'high': 24333.19921875, 'low': 24308.599609375, 'close': 24313.55078125, 'activeAngles': {'Fan_H2_L1_main': 24333.2, 'Fan_H2_L1_0.875': 24320.81, 'Fan_H2_L1_0.75': 24310.46, 'Fan_H2_L1_0.5': 24293.55, 'Fan_H2_L1_0.25': 24279.44, 'Fan_H2_L1_horizontal': 24293.55}, 'cluster': True, 'zone': '3/4-7/8', 'zoneExtremes': {'highest_close': 24313.55078125, 'lowest_close': 24313.55078125}, 'bar_index': 28, 'nextAngleLine': '0.75'}
2026-04-27 13:02:43,069 [INFO] [RetroSweep] Emitting retroactive event: {'time': 1776317820, 'fan': 'P1 (H2-L1)', 'fanIdentity': 'H2-L1', 'fraction': '0.875', 'price': 24313.55078125, 'type': 'BREACH_CONFIRMED_NO_ALPHA', 'details': '[Retro] Target hit before breach confirmation (cross-bar)', 'open': 24323.599609375, 'high': 24333.19921875, 'low': 24308.599609375, 'close': 24313.55078125, 'activeAngles': {'Fan_H2_L1_main': 24333.2, 'Fan_H2_L1_0.875': 24320.81, 'Fan_H2_L1_0.75': 24310.46, 'Fan_H2_L1_0.5': 24293.55, 'Fan_H2_L1_0.25': 24279.44, 'Fan_H2_L1_horizontal': 24293.55}, 'cluster': True, 'zone': '3/4-7/8', 'zoneExtremes': {'highest_close': 24313.55078125, 'lowest_close': 24313.55078125}, 'bar_index': 28, 'nextAngleLine': ''}
2026-04-27 13:02:43,069 [INFO] [RetroSweep] Emitting retroactive event: {'time': 1776317820, 'fan': 'P1 (H2-L1)', 'fanIdentity': 'H2-L1', 'fraction': '0.75', 'price': 24310.461165371205, 'type': 'TARGET_HIT', 'details': '[Retro] Target Reached', 'open': 24323.599609375, 'high': 24333.19921875, 'low': 24308.599609375, 'close': 24313.55078125, 'activeAngles': {'Fan_H2_L1_main': 24333.2, 'Fan_H2_L1_0.875': 24320.81, 'Fan_H2_L1_0.75': 24310.46, 'Fan_H2_L1_0.5': 24293.55, 'Fan_H2_L1_0.25': 24279.44, 'Fan_H2_L1_horizontal': 24293.55}, 'cluster': True, 'zone': '3/4-7/8', 'zoneExtremes': {'highest_close': 24313.55078125, 'lowest_close': 24313.55078125}, 'bar_index': 28, 'nextAngleLine': '0.75'}
2026-04-27 13:02:43,071 [INFO] [RetroSweep] Emitting retroactive event: {'time': 1776318060, 'fan': 'P1 (H2-L1)', 'fanIdentity': 'H2-L1', 'fraction': '0.75', 'price': 24313.047116275393, 'type': 'SUPPORT_TEST', 'details': '[Retro] Testing Support', 'open': 24313.05078125, 'high': 24318.75, 'low': 24303.650390625, 'close': 24313.900390625, 'activeAngles': {'Fan_H2_L1_main': 24337.12, 'Fan_H2_L1_0.875': 24324.0, 'Fan_H2_L1_0.75': 24313.05, 'Fan_H2_L1_0.5': 24295.14, 'Fan_H2_L1_0.25': 24280.2, 'Fan_H2_L1_horizontal': 24293.55}, 'cluster': True, 'zone': '3/4-7/8', 'zoneExtremes': {'highest_close': 24313.900390625, 'lowest_close': 24313.55078125}, 'bar_index': 29, 'nextAngleLine': '0.75'}
2026-04-27 13:02:43,072 [INFO] [Tracking] Target HIT: Fan_H2_L1 0.5
2026-04-27 13:02:43,073 [INFO] [Tracking] BREACH_CONFIRMED_NO_ALPHA: found pending on Fan_H2_L1_Fan_H2_L1_f1 fraction=0.75 bar=30 (cross-bar)
2026-04-27 13:02:43,074 [INFO] [Tracking] BREACH_CONFIRMED_NO_ALPHA (via target progression): Fan_H2_L1 0.75
2026-04-27 13:02:43,074 [INFO] [RetroSweep] Emitting retroactive event: {'time': 1776318300, 'fan': 'P1 (H2-L1)', 'fanIdentity': 'H2-L1', 'fraction': '0.75', 'price': 24315.633067179584, 'type': 'GAP_CROSS_DOWN', 'details': '[Retro] Gap Breakdown', 'open': 24313.19921875, 'high': 24321.0, 'low': 24294.099609375, 'close': 24311.400390625, 'activeAngles': {'Fan_H2_L1_main': 24341.05, 'Fan_H2_L1_0.875': 24327.2, 'Fan_H2_L1_0.75': 24315.63, 'Fan_H2_L1_0.5': 24296.73, 'Fan_H2_L1_0.25': 24280.96, 'Fan_H2_L1_horizontal': 24293.55}, 'cluster': True, 'zone': '1/2-3/4', 'zoneExtremes': {'highest_close': 24311.400390625, 'lowest_close': 24311.400390625}, 'bar_index': 30, 'nextAngleLine': '0.75'}
2026-04-27 13:02:43,075 [INFO] [RetroSweep] Emitting retroactive event: {'time': 1776318300, 'fan': 'P1 (H2-L1)', 'fanIdentity': 'H2-L1', 'fraction': '0.75', 'price': 24311.400390625, 'type': 'REST_ON_ANGLE', 'details': '[Retro] Resting (T+3 bars)', 'open': 24313.19921875, 'high': 24321.0, 'low': 24294.099609375, 'close': 24311.400390625, 'activeAngles': {'Fan_H2_L1_main': 24341.05, 'Fan_H2_L1_0.875': 24327.2, 'Fan_H2_L1_0.75': 24315.63, 'Fan_H2_L1_0.5': 24296.73, 'Fan_H2_L1_0.25': 24280.96, 'Fan_H2_L1_horizontal': 24293.55}, 'cluster': True, 'zone': '1/2-3/4', 'zoneExtremes': {'highest_close': 24311.400390625, 'lowest_close': 24311.400390625}, 'bar_index': 30, 'nextAngleLine': '0.75'}
2026-04-27 13:02:43,075 [INFO] [RetroSweep] Emitting retroactive event: {'time': 1776318300, 'fan': 'P1 (H2-L1)', 'fanIdentity': 'H2-L1', 'fraction': '0.5', 'price': 24296.730356793483, 'type': 'SUPPORT_TEST', 'details': '[Retro] Testing Support', 'open': 24313.19921875, 'high': 24321.0, 'low': 24294.099609375, 'close': 24311.400390625, 'activeAngles': {'Fan_H2_L1_main': 24341.05, 'Fan_H2_L1_0.875': 24327.2, 'Fan_H2_L1_0.75': 24315.63, 'Fan_H2_L1_0.5': 24296.73, 'Fan_H2_L1_0.25': 24280.96, 'Fan_H2_L1_horizontal': 24293.55}, 'cluster': True, 'zone': '1/2-3/4', 'zoneExtremes': {'highest_close': 24311.400390625, 'lowest_close': 24311.400390625}, 'bar_index': 30, 'nextAngleLine': '0.5'}
2026-04-27 13:02:43,076 [INFO] [RetroSweep] Emitting retroactive event: {'time': 1776318300, 'fan': 'P1 (H2-L1)', 'fanIdentity': 'H2-L1', 'fraction': '0.75', 'price': 24311.400390625, 'type': 'BREACH_CONFIRMED_NO_ALPHA', 'details': '[Retro] Target hit before breach confirmation (cross-bar)', 'open': 24313.19921875, 'high': 24321.0, 'low': 24294.099609375, 'close': 24311.400390625, 'activeAngles': {'Fan_H2_L1_main': 24341.05, 'Fan_H2_L1_0.875': 24327.2, 'Fan_H2_L1_0.75': 24315.63, 'Fan_H2_L1_0.5': 24296.73, 'Fan_H2_L1_0.25': 24280.96, 'Fan_H2_L1_horizontal': 24293.55}, 'cluster': True, 'zone': '1/2-3/4', 'zoneExtremes': {'highest_close': 24311.400390625, 'lowest_close': 24311.400390625}, 'bar_index': 30, 'nextAngleLine': ''}
2026-04-27 13:02:43,076 [INFO] [RetroSweep] Emitting retroactive event: {'time': 1776318300, 'fan': 'P1 (H2-L1)', 'fanIdentity': 'H2-L1', 'fraction': '0.5', 'price': 24296.730356793483, 'type': 'TARGET_HIT', 'details': '[Retro] Target Reached', 'open': 24313.19921875, 'high': 24321.0, 'low': 24294.099609375, 'close': 24311.400390625, 'activeAngles': {'Fan_H2_L1_main': 24341.05, 'Fan_H2_L1_0.875': 24327.2, 'Fan_H2_L1_0.75': 24315.63, 'Fan_H2_L1_0.5': 24296.73, 'Fan_H2_L1_0.25': 24280.96, 'Fan_H2_L1_horizontal': 24293.55}, 'cluster': True, 'zone': '1/2-3/4', 'zoneExtremes': {'highest_close': 24311.400390625, 'lowest_close': 24311.400390625}, 'bar_index': 30, 'nextAngleLine': '0.5'}
2026-04-27 13:02:43,078 [INFO] [RetroSweep] Emitting retroactive event: {'time': 1776318540, 'fan': 'P1 (H2-L1)', 'fanIdentity': 'H2-L1', 'fraction': '0.75', 'price': 24318.21901808377, 'type': 'RESISTANCE_TEST', 'details': '[Retro] Testing Resistance', 'open': 24308.150390625, 'high': 24328.94921875, 'low': 24298.55078125, 'close': 24301.150390625, 'activeAngles': {'Fan_H2_L1_main': 24344.97, 'Fan_H2_L1_0.875': 24330.39, 'Fan_H2_L1_0.75': 24318.22, 'Fan_H2_L1_0.5': 24298.32, 'Fan_H2_L1_0.25': 24281.72, 'Fan_H2_L1_horizontal': 24293.55}, 'cluster': True, 'zone': '1/2-3/4', 'zoneExtremes': {'highest_close': 24311.400390625, 'lowest_close': 24301.150390625}, 'bar_index': 31, 'nextAngleLine': '0.75'}
2026-04-27 13:02:43,079 [INFO] [Tracking] Target HIT: Fan_H2_L1 horizontal
2026-04-27 13:02:43,079 [INFO] [Tracking] BREACH_CONFIRMED_NO_ALPHA: no pending found for fan=Fan_H2_L1 prev_line=0.5
2026-04-27 13:02:43,080 [INFO] [RetroSweep] Emitting retroactive event: {'time': 1776318780, 'fan': 'P1 (H2-L1)', 'fanIdentity': 'H2-L1', 'fraction': '0.5', 'price': 24299.912499613853, 'type': 'CROSS_DOWN', 'details': '[Retro] Breakdown Attempt', 'open': 24301.099609375, 'high': 24302.400390625, 'low': 24282.75, 'close': 24288.25, 'activeAngles': {'Fan_H2_L1_main': 24348.89, 'Fan_H2_L1_0.875': 24333.59, 'Fan_H2_L1_0.75': 24320.8, 'Fan_H2_L1_0.5': 24299.91, 'Fan_H2_L1_0.25': 24282.48, 'Fan_H2_L1_horizontal': 24293.55}, 'cluster': False, 'zone': '1/4-1/2', 'zoneExtremes': {'highest_close': 24288.25, 'lowest_close': 24288.25}, 'bar_index': 32, 'nextAngleLine': '0.75'}
2026-04-27 13:02:43,080 [INFO] [RetroSweep] Emitting retroactive event: {'time': 1776318780, 'fan': 'P1 (H2-L1)', 'fanIdentity': 'H2-L1', 'fraction': 'horizontal', 'price': 24293.548213973118, 'type': 'CROSS_DOWN', 'details': '[Retro] Breakdown Attempt', 'open': 24301.099609375, 'high': 24302.400390625, 'low': 24282.75, 'close': 24288.25, 'activeAngles': {'Fan_H2_L1_main': 24348.89, 'Fan_H2_L1_0.875': 24333.59, 'Fan_H2_L1_0.75': 24320.8, 'Fan_H2_L1_0.5': 24299.91, 'Fan_H2_L1_0.25': 24282.48, 'Fan_H2_L1_horizontal': 24293.55}, 'cluster': False, 'zone': '1/4-1/2', 'zoneExtremes': {'highest_close': 24288.25, 'lowest_close': 24288.25}, 'bar_index': 32, 'nextAngleLine': 'horizontal'}
2026-04-27 13:02:43,080 [INFO] [RetroSweep] Emitting retroactive event: {'time': 1776318780, 'fan': 'P1 (H2-L1)', 'fanIdentity': 'H2-L1', 'fraction': 'horizontal', 'price': 24293.548213973118, 'type': 'TARGET_HIT', 'details': '[Retro] Target Reached', 'open': 24301.099609375, 'high': 24302.400390625, 'low': 24282.75, 'close': 24288.25, 'activeAngles': {'Fan_H2_L1_main': 24348.89, 'Fan_H2_L1_0.875': 24333.59, 'Fan_H2_L1_0.75': 24320.8, 'Fan_H2_L1_0.5': 24299.91, 'Fan_H2_L1_0.25': 24282.48, 'Fan_H2_L1_horizontal': 24293.55}, 'cluster': False, 'zone': '1/4-1/2', 'zoneExtremes': {'highest_close': 24288.25, 'lowest_close': 24288.25}, 'bar_index': 32, 'nextAngleLine': 'horizontal'}
2026-04-27 13:02:43,081 [INFO] [RetroSweep] Emitting retroactive event: {'time': 1776318780, 'fan': 'P1 (H2-L1)', 'fanIdentity': 'H2-L1', 'fraction': '0.5', 'price': 24288.25, 'type': 'BREACH_CONFIRMED_NO_ALPHA', 'details': '[Retro] DOWN (path=A, intra-bar 1x cross)', 'open': 24301.099609375, 'high': 24302.400390625, 'low': 24282.75, 'close': 24288.25, 'activeAngles': {'Fan_H2_L1_main': 24348.89, 'Fan_H2_L1_0.875': 24333.59, 'Fan_H2_L1_0.75': 24320.8, 'Fan_H2_L1_0.5': 24299.91, 'Fan_H2_L1_0.25': 24282.48, 'Fan_H2_L1_horizontal': 24293.55}, 'cluster': False, 'zone': '1/4-1/2', 'zoneExtremes': {'highest_close': 24288.25, 'lowest_close': 24288.25}, 'bar_index': 32, 'nextAngleLine': '0.5'}
2026-04-27 13:02:43,081 [INFO] [IntDet] Bar 33 | 2026-04-16 11:27 | H=24304.25 L=24284.70 C=24300.95 | Fans=1 Lines=6
2026-04-27 13:02:43,081 [INFO]   [P1 (H2-L1)] 0.875: lineP=24336.78 | bars_from_origin=22.0 slope=3.1947 | ABOVE gap=32.53
2026-04-27 13:02:43,082 [INFO]   [P1 (H2-L1)] 0.75: lineP=24323.39 | bars_from_origin=22.0 slope=2.5860 | ABOVE gap=19.14
2026-04-27 13:02:43,082 [INFO]   [P1 (H2-L1)] 0.5: lineP=24301.50 | bars_from_origin=22.0 slope=1.5911 | HIT gap=0.00
2026-04-27 13:02:43,083 [INFO]     >>> HIT RECORDED (PHYSICAL): P1 (H2-L1) frac=0.5 @ 24301.50
2026-04-27 13:02:43,083 [INFO]   [P1 (H2-L1)] 0.25: lineP=24283.24 | bars_from_origin=22.0 slope=0.7611 | BELOW gap=1.45
2026-04-27 13:02:43,083 [INFO]   [P1 (H2-L1)] horizontal: lineP=24293.55 | bars_from_origin=5.0 slope=0.0000 | HIT gap=0.00
2026-04-27 13:02:43,084 [INFO]     >>> HIT RECORDED (PHYSICAL): P1 (H2-L1) frac=horizontal @ 24293.55
2026-04-27 13:02:43,084 [INFO]   [IntDet] Total hits this bar: 2
2026-04-27 13:02:43,088 [INFO] [Study] Index 33: Returning 19 events
2026-04-27 13:02:43,088 [INFO]   - FAN_VALIDATED: - @ 24320.809421424914 | fan=P1 (H2-L1)
2026-04-27 13:02:43,089 [INFO]   - CROSS_DOWN: 0.875 @ 24320.809421424914 | fan=P1 (H2-L1)
2026-04-27 13:02:43,089 [INFO]   - TARGET_HIT: 0.875 @ 24320.809421424914 | fan=P1 (H2-L1)
2026-04-27 13:02:43,089 [INFO]   - SUPPORT_TEST: 0.75 @ 24310.461165371205 | fan=P1 (H2-L1)
2026-04-27 13:02:43,089 [INFO]   - BREACH_CONFIRMED_NO_ALPHA: 0.875 @ 24313.55078125 | fan=P1 (H2-L1)
2026-04-27 13:02:43,097 [INFO] [Study] Cache updated: index=33, state_keys=['pivot_detector', 'angle_engine', 'intersection_detector', 'zone_tracker', 'fan_validator', 'target_progression', 'state_machine', 'cluster_detector', 'historical_clusters', 'event_logger', 'active_fan_keys', 'persisted_fans', 'active_marker_ids', 'is_initialized', 'initialized', 'config', 'pending_retro_events']
2026-04-27 13:02:43,100 [INFO] DEBUG CORS: Origin header received: 'http://localhost:5173'
2026-04-27 13:02:45,128 [INFO] Initialized AngularPriceCoverageStudy v4.0. Config: {'left_bars': 5, 'right_bars': 5, 'line_extension_bars': 100, 'fraction_colors': {0.125: '#FF5252', 0.25: '#FF5252', 0.375: '#FF5252', 0.5: '#2196F3', 0.625: '#4CAF50', 0.75: '#4CAF50', 0.875: '#4CAF50', 1.0: '#FFFFFF'}, 'main_color': '#FFFFFF', 'main_line_width': 1, 'fraction_line_width': 2, 'scale_ratio': 3.6603, 'breach_mode': 'wick', 'show_intersection_labels': False, 'max_historical_fans': 3, 'bounce_threshold_percent': 0.3, 'rejection_lookback_bars': 5, 'rest_required_bars': 3, 'resolution': '4', 'symbol': '^NSEI', 'run_mode': 'replay', 'is_new_replay': False}
2026-04-27 13:02:45,129 [INFO] [Study] Evaluating AngularPriceCoverageStudy (config: {'resolution': '4', 'symbol': '^NSEI', 'scale_ratio': 3.6603, 'left_bars': 5, 'right_bars': 5, 'show_intersection_labels': False, 'run_mode': 'replay', 'is_new_replay': False})
2026-04-27 13:02:45,129 [INFO] [Study] FAST PATH at index 34
2026-04-27 13:02:45,130 [INFO] [Study] Failed to restore event: Event.__init__() missing 2 required positional arguments: 'timestamp' and 'event_type'
2026-04-27 13:02:45,130 [INFO] [Study] Failed to restore event: Event.__init__() missing 2 required positional arguments: 'timestamp' and 'event_type'
2026-04-27 13:02:45,131 [INFO] [Study] Failed to restore event: Event.__init__() missing 2 required positional arguments: 'timestamp' and 'event_type'
2026-04-27 13:02:45,131 [INFO] [Study] Failed to restore event: Event.__init__() missing 2 required positional arguments: 'timestamp' and 'event_type'
2026-04-27 13:02:45,131 [INFO] [Study] Failed to restore event: Event.__init__() missing 2 required positional arguments: 'timestamp' and 'event_type'
2026-04-27 13:02:45,132 [INFO] [Study] Failed to restore event: Event.__init__() missing 2 required positional arguments: 'timestamp' and 'event_type'
2026-04-27 13:02:45,132 [INFO] [Study] Failed to restore event: Event.__init__() missing 2 required positional arguments: 'timestamp' and 'event_type'
2026-04-27 13:02:45,132 [INFO] [Study] Failed to restore event: Event.__init__() missing 2 required positional arguments: 'timestamp' and 'event_type'
2026-04-27 13:02:45,133 [INFO] [Study] Failed to restore event: Event.__init__() missing 2 required positional arguments: 'timestamp' and 'event_type'
2026-04-27 13:02:45,133 [INFO] [Study] Failed to restore event: Event.__init__() missing 2 required positional arguments: 'timestamp' and 'event_type'
2026-04-27 13:02:45,133 [INFO] [Study] Failed to restore event: Event.__init__() missing 2 required positional arguments: 'timestamp' and 'event_type'
2026-04-27 13:02:45,133 [INFO] [Study] Failed to restore event: Event.__init__() missing 2 required positional arguments: 'timestamp' and 'event_type'
2026-04-27 13:02:45,134 [INFO] [Study] Failed to restore event: Event.__init__() missing 2 required positional arguments: 'timestamp' and 'event_type'
2026-04-27 13:02:45,134 [INFO] [Study] Failed to restore event: Event.__init__() missing 2 required positional arguments: 'timestamp' and 'event_type'
2026-04-27 13:02:45,134 [INFO] [Study] Failed to restore event: Event.__init__() missing 2 required positional arguments: 'timestamp' and 'event_type'
2026-04-27 13:02:45,135 [INFO] [Study] Failed to restore event: Event.__init__() missing 2 required positional arguments: 'timestamp' and 'event_type'
2026-04-27 13:02:45,135 [INFO] [Study] Failed to restore event: Event.__init__() missing 2 required positional arguments: 'timestamp' and 'event_type'
2026-04-27 13:02:45,135 [INFO] [Study] Failed to restore event: Event.__init__() missing 2 required positional arguments: 'timestamp' and 'event_type'
2026-04-27 13:02:45,136 [INFO] [Study] Failed to restore event: Event.__init__() missing 2 required positional arguments: 'timestamp' and 'event_type'
2026-04-27 13:02:45,137 [INFO] [IntDet] Bar 34 | 2026-04-16 11:31 | H=24303.40 L=24290.10 C=24299.70 | Fans=1 Lines=6
2026-04-27 13:02:45,137 [INFO]   [P1 (H2-L1)] 0.875: lineP=24339.98 | bars_from_origin=23.0 slope=3.1947 | ABOVE gap=36.58
2026-04-27 13:02:45,138 [INFO]   [P1 (H2-L1)] 0.75: lineP=24325.98 | bars_from_origin=23.0 slope=2.5860 | ABOVE gap=22.58
2026-04-27 13:02:45,138 [INFO]   [P1 (H2-L1)] 0.5: lineP=24303.09 | bars_from_origin=23.0 slope=1.5911 | HIT gap=0.00
2026-04-27 13:02:45,138 [INFO]     >>> HIT RECORDED (PHYSICAL): P1 (H2-L1) frac=0.5 @ 24303.09
2026-04-27 13:02:45,138 [INFO]   [P1 (H2-L1)] 0.25: lineP=24284.01 | bars_from_origin=23.0 slope=0.7611 | BELOW gap=6.09
2026-04-27 13:02:45,139 [INFO]   [P1 (H2-L1)] horizontal: lineP=24293.55 | bars_from_origin=6.0 slope=0.0000 | HIT gap=0.00
2026-04-27 13:02:45,139 [INFO]     >>> HIT RECORDED (PHYSICAL): P1 (H2-L1) frac=horizontal @ 24293.55
2026-04-27 13:02:45,139 [INFO]   [IntDet] Total hits this bar: 2
2026-04-27 13:02:45,142 [INFO] [Study] Index 34: Returning 4 events
2026-04-27 13:02:45,142 [INFO]   - RESISTANCE_TEST: 0.5 @ 24303.09464243422 | fan=P1 (H2-L1)
2026-04-27 13:02:45,142 [INFO]   - REST_ON_ANGLE: 0.5 @ 24299.69921875 | fan=P1 (H2-L1)
2026-04-27 13:02:45,142 [INFO]   - SUPPORT_TEST: horizontal @ 24293.548213973118 | fan=P1 (H2-L1)
2026-04-27 13:02:45,143 [INFO]   - REST_ON_ANGLE: horizontal @ 24299.69921875 | fan=P1 (H2-L1)
2026-04-27 13:02:45,144 [INFO] [Study] Cache updated: index=34, state_keys=['pivot_detector', 'angle_engine', 'intersection_detector', 'zone_tracker', 'fan_validator', 'target_progression', 'state_machine', 'cluster_detector', 'historical_clusters', 'event_logger', 'active_fan_keys', 'persisted_fans', 'active_marker_ids', 'is_initialized', 'initialized', 'config', 'pending_retro_events']
2026-04-27 13:02:45,145 [INFO] DEBUG CORS: Origin header received: 'http://localhost:5173'
2026-04-27 13:02:46,100 [INFO] Initialized AngularPriceCoverageStudy v4.0. Config: {'left_bars': 5, 'right_bars': 5, 'line_extension_bars': 100, 'fraction_colors': {0.125: '#FF5252', 0.25: '#FF5252', 0.375: '#FF5252', 0.5: '#2196F3', 0.625: '#4CAF50', 0.75: '#4CAF50', 0.875: '#4CAF50', 1.0: '#FFFFFF'}, 'main_color': '#FFFFFF', 'main_line_width': 1, 'fraction_line_width': 2, 'scale_ratio': 3.6603, 'breach_mode': 'wick', 'show_intersection_labels': False, 'max_historical_fans': 3, 'bounce_threshold_percent': 0.3, 'rejection_lookback_bars': 5, 'rest_required_bars': 3, 'resolution': '4', 'symbol': '^NSEI', 'run_mode': 'replay', 'is_new_replay': False}
2026-04-27 13:02:46,100 [INFO] [Study] Evaluating AngularPriceCoverageStudy (config: {'resolution': '4', 'symbol': '^NSEI', 'scale_ratio': 3.6603, 'left_bars': 5, 'right_bars': 5, 'show_intersection_labels': False, 'run_mode': 'replay', 'is_new_replay': False})
2026-04-27 13:02:46,101 [INFO] [Study] FAST PATH at index 35
2026-04-27 13:02:46,101 [INFO] [Study] Failed to restore event: Event.__init__() missing 2 required positional arguments: 'timestamp' and 'event_type'
2026-04-27 13:02:46,102 [INFO] [Study] Failed to restore event: Event.__init__() missing 2 required positional arguments: 'timestamp' and 'event_type'
2026-04-27 13:02:46,102 [INFO] [Study] Failed to restore event: Event.__init__() missing 2 required positional arguments: 'timestamp' and 'event_type'
2026-04-27 13:02:46,102 [INFO] [Study] Failed to restore event: Event.__init__() missing 2 required positional arguments: 'timestamp' and 'event_type'
2026-04-27 13:02:46,104 [INFO] [IntDet] Bar 35 | 2026-04-16 11:35 | H=24301.05 L=24279.75 C=24284.10 | Fans=1 Lines=6
2026-04-27 13:02:46,104 [INFO]   [P1 (H2-L1)] 0.875: lineP=24343.17 | bars_from_origin=24.0 slope=3.1947 | ABOVE gap=42.12
2026-04-27 13:02:46,105 [INFO]   [P1 (H2-L1)] 0.75: lineP=24328.56 | bars_from_origin=24.0 slope=2.5860 | ABOVE gap=27.51
2026-04-27 13:02:46,105 [INFO]   [P1 (H2-L1)] 0.5: lineP=24304.69 | bars_from_origin=24.0 slope=1.5911 | ABOVE gap=3.63
2026-04-27 13:02:46,105 [INFO]   [P1 (H2-L1)] 0.25: lineP=24284.77 | bars_from_origin=24.0 slope=0.7611 | HIT gap=0.00
2026-04-27 13:02:46,105 [INFO]     >>> HIT RECORDED (PHYSICAL): P1 (H2-L1) frac=0.25 @ 24284.77
2026-04-27 13:02:46,106 [INFO]   [P1 (H2-L1)] horizontal: lineP=24293.55 | bars_from_origin=7.0 slope=0.0000 | HIT gap=0.00
2026-04-27 13:02:46,106 [INFO]     >>> HIT RECORDED (PHYSICAL): P1 (H2-L1) frac=horizontal @ 24293.55
2026-04-27 13:02:46,106 [INFO]   [IntDet] Total hits this bar: 2
2026-04-27 13:02:46,111 [INFO] [Tracking] Target HIT: Fan_H2_L1 0.25
2026-04-27 13:02:46,111 [INFO] [Tracking] BREACH_CONFIRMED_NO_ALPHA: no pending found for fan=Fan_H2_L1 prev_line=0.5
2026-04-27 13:02:46,111 [INFO] [Study] Index 35: Returning 4 events
2026-04-27 13:02:46,112 [INFO]   - CROSS_DOWN: horizontal @ 24293.548213973118 | fan=P1 (H2-L1)
2026-04-27 13:02:46,112 [INFO]   - CROSS_DOWN: 0.25 @ 24284.767270763692 | fan=P1 (H2-L1)
2026-04-27 13:02:46,112 [INFO]   - TARGET_HIT: 0.25 @ 24284.767270763692 | fan=P1 (H2-L1)
2026-04-27 13:02:46,113 [INFO]   - BREACH_CONFIRMED_NO_ALPHA: horizontal @ 24284.099609375 | fan=P1 (H2-L1)
2026-04-27 13:02:46,114 [INFO] [Study] Cache updated: index=35, state_keys=['pivot_detector', 'angle_engine', 'intersection_detector', 'zone_tracker', 'fan_validator', 'target_progression', 'state_machine', 'cluster_detector', 'historical_clusters', 'event_logger', 'active_fan_keys', 'persisted_fans', 'active_marker_ids', 'is_initialized', 'initialized', 'config', 'pending_retro_events']
2026-04-27 13:02:46,116 [INFO] DEBUG CORS: Origin header received: 'http://localhost:5173'
2026-04-27 13:02:47,171 [INFO] Initialized AngularPriceCoverageStudy v4.0. Config: {'left_bars': 5, 'right_bars': 5, 'line_extension_bars': 100, 'fraction_colors': {0.125: '#FF5252', 0.25: '#FF5252', 0.375: '#FF5252', 0.5: '#2196F3', 0.625: '#4CAF50', 0.75: '#4CAF50', 0.875: '#4CAF50', 1.0: '#FFFFFF'}, 'main_color': '#FFFFFF', 'main_line_width': 1, 'fraction_line_width': 2, 'scale_ratio': 3.6603, 'breach_mode': 'wick', 'show_intersection_labels': False, 'max_historical_fans': 3, 'bounce_threshold_percent': 0.3, 'rejection_lookback_bars': 5, 'rest_required_bars': 3, 'resolution': '4', 'symbol': '^NSEI', 'run_mode': 'replay', 'is_new_replay': False}
2026-04-27 13:02:47,172 [INFO] [Study] Evaluating AngularPriceCoverageStudy (config: {'resolution': '4', 'symbol': '^NSEI', 'scale_ratio': 3.6603, 'left_bars': 5, 'right_bars': 5, 'show_intersection_labels': False, 'run_mode': 'replay', 'is_new_replay': False})
2026-04-27 13:02:47,173 [INFO] [Study] FAST PATH at index 36
2026-04-27 13:02:47,173 [INFO] [Study] Failed to restore event: Event.__init__() missing 2 required positional arguments: 'timestamp' and 'event_type'
2026-04-27 13:02:47,174 [INFO] [Study] Failed to restore event: Event.__init__() missing 2 required positional arguments: 'timestamp' and 'event_type'
2026-04-27 13:02:47,174 [INFO] [Study] Failed to restore event: Event.__init__() missing 2 required positional arguments: 'timestamp' and 'event_type'
2026-04-27 13:02:47,174 [INFO] [Study] Failed to restore event: Event.__init__() missing 2 required positional arguments: 'timestamp' and 'event_type'
2026-04-27 13:02:47,175 [INFO] [Study] Failed to restore event: Event.__init__() missing 2 required positional arguments: 'timestamp' and 'event_type'
2026-04-27 13:02:47,176 [INFO] [Study] Removing invalidated/excess fan: Fan_H2_L1
2026-04-27 13:02:47,176 [INFO] [Tracking] Target FAILED: Fan_H2_L1 (0.25) - fan invalidated with pending progression
2026-04-27 13:02:47,176 [INFO] Failed to log FAN_DEACTIVATED: name 'bar_index' is not defined
2026-04-27 13:02:47,177 [INFO] [IntDet] Bar 36 | 2026-04-16 11:39 | H=24284.10 L=24261.60 C=24262.50 | Fans=0 Lines=0
2026-04-27 13:02:47,178 [INFO] [Study] Cache updated: index=36, state_keys=['pivot_detector', 'angle_engine', 'intersection_detector', 'zone_tracker', 'fan_validator', 'target_progression', 'state_machine', 'cluster_detector', 'historical_clusters', 'event_logger', 'active_fan_keys', 'persisted_fans', 'active_marker_ids', 'is_initialized', 'initialized', 'config', 'pending_retro_events']
2026-04-27 13:02:47,179 [INFO] DEBUG CORS: Origin header received: 'http://localhost:5173'
2026-04-27 13:02:59,349 [INFO] DEBUG CORS: Origin header received: 'http://localhost:5173'
2026-04-27 13:02:59,354 [INFO] Initialized AngularPriceCoverageStudy v4.0. Config: {'left_bars': 5, 'right_bars': 5, 'line_extension_bars': 100, 'fraction_colors': {0.125: '#FF5252', 0.25: '#FF5252', 0.375: '#FF5252', 0.5: '#2196F3', 0.625: '#4CAF50', 0.75: '#4CAF50', 0.875: '#4CAF50', 1.0: '#FFFFFF'}, 'main_color': '#FFFFFF', 'main_line_width': 1, 'fraction_line_width': 2, 'scale_ratio': 3.6603, 'breach_mode': 'wick', 'show_intersection_labels': False, 'max_historical_fans': 3, 'bounce_threshold_percent': 0.3, 'rejection_lookback_bars': 5, 'rest_required_bars': 3, 'resolution': '4', 'symbol': '^NSEI', 'run_mode': 'replay', 'is_new_replay': False}
2026-04-27 13:02:59,354 [INFO] [Study] Evaluating AngularPriceCoverageStudy (config: {'resolution': '4', 'symbol': '^NSEI', 'scale_ratio': 3.6603, 'left_bars': 5, 'right_bars': 5, 'show_intersection_labels': False, 'run_mode': 'replay', 'is_new_replay': False})
2026-04-27 13:02:59,354 [INFO] [Study] FAST PATH at index 37
2026-04-27 13:02:59,355 [INFO] [Study] Failed to restore event: Event.__init__() missing 2 required positional arguments: 'timestamp' and 'event_type'
2026-04-27 13:02:59,355 [INFO] [Study] Failed to restore event: Event.__init__() missing 2 required positional arguments: 'timestamp' and 'event_type'
2026-04-27 13:02:59,357 [INFO] [IntDet] Bar 37 | 2026-04-16 11:43 | H=24268.85 L=24233.05 C=24233.05 | Fans=0 Lines=0
2026-04-27 13:02:59,358 [INFO] [Study] Cache updated: index=37, state_keys=['pivot_detector', 'angle_engine', 'intersection_detector', 'zone_tracker', 'fan_validator', 'target_progression', 'state_machine', 'cluster_detector', 'historical_clusters', 'event_logger', 'active_fan_keys', 'persisted_fans', 'active_marker_ids', 'is_initialized', 'initialized', 'config', 'pending_retro_events']
2026-04-27 13:02:59,358 [INFO] DEBUG CORS: Origin header received: 'http://localhost:5173'
2026-04-27 13:02:59,724 [INFO] Initialized AngularPriceCoverageStudy v4.0. Config: {'left_bars': 5, 'right_bars': 5, 'line_extension_bars': 100, 'fraction_colors': {0.125: '#FF5252', 0.25: '#FF5252', 0.375: '#FF5252', 0.5: '#2196F3', 0.625: '#4CAF50', 0.75: '#4CAF50', 0.875: '#4CAF50', 1.0: '#FFFFFF'}, 'main_color': '#FFFFFF', 'main_line_width': 1, 'fraction_line_width': 2, 'scale_ratio': 3.6603, 'breach_mode': 'wick', 'show_intersection_labels': False, 'max_historical_fans': 3, 'bounce_threshold_percent': 0.3, 'rejection_lookback_bars': 5, 'rest_required_bars': 3, 'resolution': '4', 'symbol': '^NSEI', 'run_mode': 'replay', 'is_new_replay': False}
2026-04-27 13:02:59,724 [INFO] [Study] Evaluating AngularPriceCoverageStudy (config: {'resolution': '4', 'symbol': '^NSEI', 'scale_ratio': 3.6603, 'left_bars': 5, 'right_bars': 5, 'show_intersection_labels': False, 'run_mode': 'replay', 'is_new_replay': False})
2026-04-27 13:02:59,725 [INFO] [Study] FAST PATH at index 38
2026-04-27 13:02:59,727 [INFO] [IntDet] Bar 38 | 2026-04-16 11:47 | H=24246.10 L=24216.45 C=24226.95 | Fans=0 Lines=0
2026-04-27 13:02:59,728 [INFO] [Study] Cache updated: index=38, state_keys=['pivot_detector', 'angle_engine', 'intersection_detector', 'zone_tracker', 'fan_validator', 'target_progression', 'state_machine', 'cluster_detector', 'historical_clusters', 'event_logger', 'active_fan_keys', 'persisted_fans', 'active_marker_ids', 'is_initialized', 'initialized', 'config', 'pending_retro_events']
2026-04-27 13:02:59,729 [INFO] DEBUG CORS: Origin header received: 'http://localhost:5173'
2026-04-27 13:03:00,413 [INFO] Initialized AngularPriceCoverageStudy v4.0. Config: {'left_bars': 5, 'right_bars': 5, 'line_extension_bars': 100, 'fraction_colors': {0.125: '#FF5252', 0.25: '#FF5252', 0.375: '#FF5252', 0.5: '#2196F3', 0.625: '#4CAF50', 0.75: '#4CAF50', 0.875: '#4CAF50', 1.0: '#FFFFFF'}, 'main_color': '#FFFFFF', 'main_line_width': 1, 'fraction_line_width': 2, 'scale_ratio': 3.6603, 'breach_mode': 'wick', 'show_intersection_labels': False, 'max_historical_fans': 3, 'bounce_threshold_percent': 0.3, 'rejection_lookback_bars': 5, 'rest_required_bars': 3, 'resolution': '4', 'symbol': '^NSEI', 'run_mode': 'replay', 'is_new_replay': False}
2026-04-27 13:03:00,414 [INFO] [Study] Evaluating AngularPriceCoverageStudy (config: {'resolution': '4', 'symbol': '^NSEI', 'scale_ratio': 3.6603, 'left_bars': 5, 'right_bars': 5, 'show_intersection_labels': False, 'run_mode': 'replay', 'is_new_replay': False})
2026-04-27 13:03:00,414 [INFO] [Study] FAST PATH at index 39
2026-04-27 13:03:00,416 [INFO] [IntDet] Bar 39 | 2026-04-16 11:51 | H=24238.05 L=24218.40 C=24237.25 | Fans=0 Lines=0
2026-04-27 13:03:00,418 [INFO] [Study] Cache updated: index=39, state_keys=['pivot_detector', 'angle_engine', 'intersection_detector', 'zone_tracker', 'fan_validator', 'target_progression', 'state_machine', 'cluster_detector', 'historical_clusters', 'event_logger', 'active_fan_keys', 'persisted_fans', 'active_marker_ids', 'is_initialized', 'initialized', 'config', 'pending_retro_events']
2026-04-27 13:03:00,418 [INFO] DEBUG CORS: Origin header received: 'http://localhost:5173'
2026-04-27 13:03:07,631 [INFO] DEBUG CORS: Origin header received: 'http://localhost:5173'
2026-04-27 13:03:07,636 [INFO] Initialized AngularPriceCoverageStudy v4.0. Config: {'left_bars': 5, 'right_bars': 5, 'line_extension_bars': 100, 'fraction_colors': {0.125: '#FF5252', 0.25: '#FF5252', 0.375: '#FF5252', 0.5: '#2196F3', 0.625: '#4CAF50', 0.75: '#4CAF50', 0.875: '#4CAF50', 1.0: '#FFFFFF'}, 'main_color': '#FFFFFF', 'main_line_width': 1, 'fraction_line_width': 2, 'scale_ratio': 3.6603, 'breach_mode': 'wick', 'show_intersection_labels': False, 'max_historical_fans': 3, 'bounce_threshold_percent': 0.3, 'rejection_lookback_bars': 5, 'rest_required_bars': 3, 'resolution': '4', 'symbol': '^NSEI', 'run_mode': 'replay', 'is_new_replay': False}
2026-04-27 13:03:07,636 [INFO] [Study] Evaluating AngularPriceCoverageStudy (config: {'resolution': '4', 'symbol': '^NSEI', 'scale_ratio': 3.6603, 'left_bars': 5, 'right_bars': 5, 'show_intersection_labels': False, 'run_mode': 'replay', 'is_new_replay': False})
2026-04-27 13:03:07,637 [INFO] [Study] FAST PATH at index 40
2026-04-27 13:03:07,639 [INFO] [IntDet] Bar 40 | 2026-04-16 11:55 | H=24237.75 L=24198.55 C=24205.35 | Fans=0 Lines=0
2026-04-27 13:03:07,640 [INFO] [Study] Cache updated: index=40, state_keys=['pivot_detector', 'angle_engine', 'intersection_detector', 'zone_tracker', 'fan_validator', 'target_progression', 'state_machine', 'cluster_detector', 'historical_clusters', 'event_logger', 'active_fan_keys', 'persisted_fans', 'active_marker_ids', 'is_initialized', 'initialized', 'config', 'pending_retro_events']
2026-04-27 13:03:07,640 [INFO] DEBUG CORS: Origin header received: 'http://localhost:5173'
2026-04-27 13:03:08,438 [INFO] Initialized AngularPriceCoverageStudy v4.0. Config: {'left_bars': 5, 'right_bars': 5, 'line_extension_bars': 100, 'fraction_colors': {0.125: '#FF5252', 0.25: '#FF5252', 0.375: '#FF5252', 0.5: '#2196F3', 0.625: '#4CAF50', 0.75: '#4CAF50', 0.875: '#4CAF50', 1.0: '#FFFFFF'}, 'main_color': '#FFFFFF', 'main_line_width': 1, 'fraction_line_width': 2, 'scale_ratio': 3.6603, 'breach_mode': 'wick', 'show_intersection_labels': False, 'max_historical_fans': 3, 'bounce_threshold_percent': 0.3, 'rejection_lookback_bars': 5, 'rest_required_bars': 3, 'resolution': '4', 'symbol': '^NSEI', 'run_mode': 'replay', 'is_new_replay': False}
2026-04-27 13:03:08,439 [INFO] [Study] Evaluating AngularPriceCoverageStudy (config: {'resolution': '4', 'symbol': '^NSEI', 'scale_ratio': 3.6603, 'left_bars': 5, 'right_bars': 5, 'show_intersection_labels': False, 'run_mode': 'replay', 'is_new_replay': False})
2026-04-27 13:03:08,440 [INFO] [Study] FAST PATH at index 41
2026-04-27 13:03:08,442 [INFO] [IntDet] Bar 41 | 2026-04-16 11:59 | H=24211.25 L=24163.00 C=24164.75 | Fans=0 Lines=0
2026-04-27 13:03:08,443 [INFO] [Study] Cache updated: index=41, state_keys=['pivot_detector', 'angle_engine', 'intersection_detector', 'zone_tracker', 'fan_validator', 'target_progression', 'state_machine', 'cluster_detector', 'historical_clusters', 'event_logger', 'active_fan_keys', 'persisted_fans', 'active_marker_ids', 'is_initialized', 'initialized', 'config', 'pending_retro_events']
2026-04-27 13:03:08,443 [INFO] DEBUG CORS: Origin header received: 'http://localhost:5173'
2026-04-27 13:03:09,075 [INFO] Initialized AngularPriceCoverageStudy v4.0. Config: {'left_bars': 5, 'right_bars': 5, 'line_extension_bars': 100, 'fraction_colors': {0.125: '#FF5252', 0.25: '#FF5252', 0.375: '#FF5252', 0.5: '#2196F3', 0.625: '#4CAF50', 0.75: '#4CAF50', 0.875: '#4CAF50', 1.0: '#FFFFFF'}, 'main_color': '#FFFFFF', 'main_line_width': 1, 'fraction_line_width': 2, 'scale_ratio': 3.6603, 'breach_mode': 'wick', 'show_intersection_labels': False, 'max_historical_fans': 3, 'bounce_threshold_percent': 0.3, 'rejection_lookback_bars': 5, 'rest_required_bars': 3, 'resolution': '4', 'symbol': '^NSEI', 'run_mode': 'replay', 'is_new_replay': False}
2026-04-27 13:03:09,076 [INFO] [Study] Evaluating AngularPriceCoverageStudy (config: {'resolution': '4', 'symbol': '^NSEI', 'scale_ratio': 3.6603, 'left_bars': 5, 'right_bars': 5, 'show_intersection_labels': False, 'run_mode': 'replay', 'is_new_replay': False})
2026-04-27 13:03:09,076 [INFO] [Study] FAST PATH at index 42
2026-04-27 13:03:09,078 [INFO] [IntDet] Bar 42 | 2026-04-16 12:03 | H=24173.45 L=24153.55 C=24169.95 | Fans=0 Lines=0
2026-04-27 13:03:09,079 [INFO] [Study] Cache updated: index=42, state_keys=['pivot_detector', 'angle_engine', 'intersection_detector', 'zone_tracker', 'fan_validator', 'target_progression', 'state_machine', 'cluster_detector', 'historical_clusters', 'event_logger', 'active_fan_keys', 'persisted_fans', 'active_marker_ids', 'is_initialized', 'initialized', 'config', 'pending_retro_events']
2026-04-27 13:03:09,079 [INFO] DEBUG CORS: Origin header received: 'http://localhost:5173'
2026-04-27 13:03:09,709 [INFO] Initialized AngularPriceCoverageStudy v4.0. Config: {'left_bars': 5, 'right_bars': 5, 'line_extension_bars': 100, 'fraction_colors': {0.125: '#FF5252', 0.25: '#FF5252', 0.375: '#FF5252', 0.5: '#2196F3', 0.625: '#4CAF50', 0.75: '#4CAF50', 0.875: '#4CAF50', 1.0: '#FFFFFF'}, 'main_color': '#FFFFFF', 'main_line_width': 1, 'fraction_line_width': 2, 'scale_ratio': 3.6603, 'breach_mode': 'wick', 'show_intersection_labels': False, 'max_historical_fans': 3, 'bounce_threshold_percent': 0.3, 'rejection_lookback_bars': 5, 'rest_required_bars': 3, 'resolution': '4', 'symbol': '^NSEI', 'run_mode': 'replay', 'is_new_replay': False}
2026-04-27 13:03:09,710 [INFO] [Study] Evaluating AngularPriceCoverageStudy (config: {'resolution': '4', 'symbol': '^NSEI', 'scale_ratio': 3.6603, 'left_bars': 5, 'right_bars': 5, 'show_intersection_labels': False, 'run_mode': 'replay', 'is_new_replay': False})
2026-04-27 13:03:09,710 [INFO] [Study] FAST PATH at index 43
2026-04-27 13:03:09,712 [INFO] [IntDet] Bar 43 | 2026-04-16 12:07 | H=24178.95 L=24153.55 C=24178.95 | Fans=0 Lines=0
2026-04-27 13:03:09,714 [INFO] [Study] Cache updated: index=43, state_keys=['pivot_detector', 'angle_engine', 'intersection_detector', 'zone_tracker', 'fan_validator', 'target_progression', 'state_machine', 'cluster_detector', 'historical_clusters', 'event_logger', 'active_fan_keys', 'persisted_fans', 'active_marker_ids', 'is_initialized', 'initialized', 'config', 'pending_retro_events']
2026-04-27 13:03:09,714 [INFO] DEBUG CORS: Origin header received: 'http://localhost:5173'
