[2026-04-19 00:52:36] O:22834.80 H:22834.80 L:22720.45 C:22766.60 -> no_pattern
[2026-04-19 00:52:44] O:22767.65 H:22820.60 L:22758.75 C:22818.10 -> no_pattern
[2026-04-19 00:52:45] O:22817.65 H:22872.55 L:22794.85 C:22869.90 -> no_pattern
[2026-04-19 00:52:45] O:22871.55 H:22900.65 L:22863.00 C:22897.75 -> no_pattern
[2026-04-19 00:52:46] O:22900.05 H:22900.05 L:22856.75 C:22858.35 -> marubozu
[2026-04-19 00:52:46] O:22860.20 H:22880.35 L:22837.65 C:22846.05 -> no_pattern
[2026-04-19 00:52:47] O:22847.35 H:22868.50 L:22825.30 C:22832.15 -> no_pattern
[2026-04-19 00:52:48] O:22832.40 H:22844.35 L:22793.00 C:22831.90 -> doji
[2026-04-19 00:52:48] O:22833.35 H:22863.00 L:22811.25 C:22835.35 -> doji
[2026-04-19 00:52:49] O:22837.10 H:22853.85 L:22818.50 C:22841.40 -> spinning_top
[2026-04-19 00:52:49] O:22843.95 H:22883.45 L:22842.45 C:22878.55 -> no_pattern
[2026-04-19 00:52:50] O:22880.30 H:22923.20 L:22873.20 C:22898.95 -> no_pattern
[2026-04-19 00:52:50] O:22900.55 H:22928.35 L:22885.90 C:22906.30 -> spinning_top
[2026-04-19 00:52:51] O:22907.00 H:22912.25 L:22887.00 C:22903.15 -> spinning_top
[2026-04-19 00:52:51] O:22905.10 H:22923.55 L:22899.75 C:22920.00 -> no_pattern
[2026-04-19 00:52:52] O:22921.80 H:22950.75 L:22917.45 C:22928.95 -> shooting_star
[2026-04-19 00:52:52] O:22929.85 H:22966.40 L:22915.85 C:22922.70 -> shooting_star
[2026-04-19 00:52:53] O:22924.10 H:22943.65 L:22916.25 C:22936.30 -> no_pattern
[2026-04-19 00:52:53] O:22937.40 H:22945.70 L:22933.60 C:22934.20 -> shooting_star
[2026-04-19 00:52:54] O:22934.70 H:22947.90 L:22910.45 C:22913.70 -> no_pattern
[2026-04-19 00:52:54] O:22915.90 H:22925.55 L:22887.60 C:22924.30 -> pinbar
[2026-04-19 00:52:55] O:22929.85 H:22966.40 L:22915.85 C:22922.70 -> shooting_star
[2026-04-19 00:52:55] O:22924.10 H:22943.65 L:22916.25 C:22936.30 -> no_pattern
[2026-04-19 00:52:55] O:22937.40 H:22945.70 L:22933.60 C:22934.20 -> shooting_star
[2026-04-19 00:52:55] O:22934.70 H:22947.90 L:22910.45 C:22913.70 -> no_pattern
[2026-04-19 00:52:55] O:22915.90 H:22925.55 L:22887.60 C:22924.30 -> pinbar
[2026-04-19 00:52:55] O:22926.25 H:22963.05 L:22920.85 C:22962.40 -> no_pattern
[2026-04-19 00:52:56] O:22963.35 H:22965.25 L:22945.75 C:22953.60 -> no_pattern
[2026-04-19 00:52:56] O:22954.35 H:22955.15 L:22913.95 C:22932.10 -> no_pattern
[2026-04-19 00:52:57] O:22932.95 H:22932.95 L:22862.40 C:22879.20 -> no_pattern
[2026-04-19 00:52:57] O:22881.10 H:22904.05 L:22844.30 C:22846.30 -> no_pattern
[2026-04-19 00:52:58] O:22847.10 H:22861.50 L:22827.75 C:22849.70 -> doji
[2026-04-19 00:52:58] O:22850.75 H:22875.95 L:22844.80 C:22861.40 -> no_pattern
[2026-04-19 00:52:59] O:22863.40 H:22886.70 L:22859.45 C:22863.95 -> doji
[2026-04-19 00:52:59] O:22864.95 H:22869.45 L:22848.40 C:22862.50 -> spinning_top
[2026-04-19 00:53:00] O:22866.05 H:22903.15 L:22852.15 C:22887.15 -> no_pattern
[2026-04-19 00:53:00] O:22847.10 H:22861.50 L:22827.75 C:22849.70 -> doji
[2026-04-19 00:53:00] O:22850.75 H:22875.95 L:22844.80 C:22861.40 -> no_pattern
[2026-04-19 00:53:00] O:22863.40 H:22886.70 L:22859.45 C:22863.95 -> doji
[2026-04-19 00:53:00] O:22864.95 H:22869.45 L:22848.40 C:22862.50 -> spinning_top
[2026-04-19 00:53:00] O:22866.05 H:22903.15 L:22852.15 C:22887.15 -> no_pattern
[2026-04-19 00:53:00] O:22889.10 H:22927.40 L:22886.35 C:22923.50 -> no_pattern
[2026-04-19 00:53:01] O:22924.95 H:22934.70 L:22911.80 C:22932.60 -> no_pattern
[2026-04-19 00:53:02] O:22934.05 H:22947.00 L:22924.65 C:22943.40 -> no_pattern
[2026-04-19 00:53:02] O:22945.25 H:22945.25 L:22933.10 C:22943.95 -> pinbar
[2026-04-19 00:53:03] O:22944.50 H:22953.75 L:22927.60 C:22953.70 -> no_pattern
[2026-04-19 00:53:03] O:22955.85 H:22960.25 L:22912.35 C:22928.10 -> no_pattern
[2026-04-19 00:53:04] O:22930.00 H:22933.35 L:22907.10 C:22907.35 -> no_pattern
[2026-04-19 00:53:04] O:22909.10 H:22926.30 L:22903.80 C:22918.75 -> no_pattern
[2026-04-19 00:53:05] O:22919.15 H:22943.10 L:22917.10 C:22942.95 -> no_pattern
[2026-04-19 00:53:05] O:22944.35 H:22991.55 L:22943.45 C:22983.10 -> no_pattern
[2026-04-19 00:53:06] O:22986.85 H:22986.85 L:22926.00 C:22941.25 -> no_pattern
[2026-04-19 00:53:06] O:22942.95 H:22950.50 L:22933.45 C:22937.15 -> no_pattern
[2026-04-19 00:53:07] O:22938.35 H:22945.95 L:22906.25 C:22942.55 -> pinbar
[2026-04-19 00:53:07] O:22939.95 H:22947.25 L:22924.90 C:22924.90 -> no_pattern
[2026-04-19 00:53:08] O:22944.35 H:22991.55 L:22943.45 C:22983.10 -> no_pattern
[2026-04-19 00:53:08] O:22986.85 H:22986.85 L:22926.00 C:22941.25 -> no_pattern
[2026-04-19 00:53:08] O:22942.95 H:22950.50 L:22933.45 C:22937.15 -> no_pattern
[2026-04-19 00:53:08] O:22938.35 H:22945.95 L:22906.25 C:22942.55 -> pinbar
[2026-04-19 00:53:08] O:22939.95 H:22947.25 L:22924.90 C:22924.90 -> no_pattern
[2026-04-19 00:53:08] O:22925.85 H:22932.75 L:22909.35 C:22914.25 -> no_pattern
[2026-04-19 00:53:09] O:22916.20 H:22921.80 L:22905.70 C:22912.30 -> spinning_top
[2026-04-19 00:53:09] O:22914.20 H:22933.75 L:22909.45 C:22930.45 -> no_pattern
[2026-04-19 00:53:10] O:22931.80 H:22945.35 L:22920.30 C:22934.85 -> spinning_top
[2026-04-19 00:53:10] O:22937.55 H:22943.85 L:22924.45 C:22935.80 -> doji
[2026-04-19 00:53:11] O:22937.20 H:22951.90 L:22933.10 C:22934.65 -> shooting_star
[2026-04-19 00:53:11] O:22916.20 H:22921.80 L:22905.70 C:22912.30 -> spinning_top
[2026-04-19 00:53:11] O:22914.20 H:22933.75 L:22909.45 C:22930.45 -> no_pattern
[2026-04-19 00:53:11] O:22931.80 H:22945.35 L:22920.30 C:22934.85 -> spinning_top
[2026-04-19 00:53:11] O:22937.55 H:22943.85 L:22924.45 C:22935.80 -> doji
[2026-04-19 00:53:11] O:22937.20 H:22951.90 L:22933.10 C:22934.65 -> shooting_star
[2026-04-19 00:53:11] O:22935.05 H:22950.35 L:22934.00 C:22938.45 -> shooting_star
[2026-04-19 00:53:12] O:22940.85 H:22952.05 L:22931.50 C:22948.95 -> no_pattern
[2026-04-19 00:53:12] O:22948.55 H:22950.70 L:22925.25 C:22939.85 -> no_pattern
[2026-04-19 00:53:13] O:22940.50 H:22944.60 L:22919.65 C:22925.50 -> no_pattern
[2026-04-19 00:53:14] O:22927.15 H:22930.50 L:22907.85 C:22930.50 -> pinbar
[2026-04-19 00:53:14] O:22931.30 H:22942.20 L:22918.85 C:22919.80 -> no_pattern
[2026-04-19 00:53:15] O:22940.85 H:22952.05 L:22931.50 C:22948.95 -> no_pattern
[2026-04-19 00:53:15] O:22948.55 H:22950.70 L:22925.25 C:22939.85 -> no_pattern
[2026-04-19 00:53:15] O:22940.50 H:22944.60 L:22919.65 C:22925.50 -> no_pattern
[2026-04-19 00:53:15] O:22927.15 H:22930.50 L:22907.85 C:22930.50 -> pinbar
[2026-04-19 00:53:15] O:22931.30 H:22942.20 L:22918.85 C:22919.80 -> no_pattern
[2026-04-19 00:53:15] O:22921.15 H:22923.05 L:22906.15 C:22916.05 -> no_pattern
[2026-04-19 00:53:15] O:22944.35 H:22991.55 L:22943.45 C:22983.10 -> no_pattern
[2026-04-19 00:53:15] O:22986.85 H:22986.85 L:22926.00 C:22941.25 -> no_pattern
[2026-04-19 00:53:15] O:22942.95 H:22950.50 L:22933.45 C:22937.15 -> no_pattern
[2026-04-19 00:53:15] O:22938.35 H:22945.95 L:22906.25 C:22942.55 -> pinbar
[2026-04-19 00:53:15] O:22939.95 H:22947.25 L:22924.90 C:22924.90 -> no_pattern
[2026-04-19 00:53:15] O:22925.85 H:22932.75 L:22909.35 C:22914.25 -> no_pattern
[2026-04-19 00:53:15] O:22916.20 H:22921.80 L:22905.70 C:22912.30 -> spinning_top
[2026-04-19 00:53:15] O:22914.20 H:22933.75 L:22909.45 C:22930.45 -> no_pattern
[2026-04-19 00:53:15] O:22931.80 H:22945.35 L:22920.30 C:22934.85 -> spinning_top
[2026-04-19 00:53:15] O:22937.55 H:22943.85 L:22924.45 C:22935.80 -> doji
[2026-04-19 00:53:15] O:22937.20 H:22951.90 L:22933.10 C:22934.65 -> shooting_star
[2026-04-19 00:53:15] O:22935.05 H:22950.35 L:22934.00 C:22938.45 -> shooting_star
[2026-04-19 00:53:15] O:22940.85 H:22952.05 L:22931.50 C:22948.95 -> no_pattern
[2026-04-19 00:53:15] O:22948.55 H:22950.70 L:22925.25 C:22939.85 -> no_pattern
[2026-04-19 00:53:15] O:22940.50 H:22944.60 L:22919.65 C:22925.50 -> no_pattern
[2026-04-19 00:53:15] O:22927.15 H:22930.50 L:22907.85 C:22930.50 -> pinbar
[2026-04-19 00:53:15] O:22931.30 H:22942.20 L:22918.85 C:22919.80 -> no_pattern
[2026-04-19 00:53:15] O:22921.15 H:22923.05 L:22906.15 C:22916.05 -> no_pattern
[2026-04-19 00:53:15] O:22917.85 H:22956.05 L:22917.85 C:22938.85 -> no_pattern
[2026-04-19 00:53:16] O:22941.65 H:22966.05 L:22940.50 C:22965.60 -> marubozu
[2026-04-19 00:53:16] O:22966.20 H:22970.70 L:22953.10 C:22965.70 -> doji
[2026-04-19 00:53:17] O:22966.95 H:22967.35 L:22933.75 C:22940.65 -> no_pattern
[2026-04-19 00:53:18] O:22942.20 H:22983.95 L:22941.20 C:22982.75 -> marubozu
[2026-04-19 00:53:18] O:22985.35 H:23042.75 L:22981.95 C:23012.80 -> no_pattern
[2026-04-19 00:53:19] O:23014.15 H:23033.10 L:23003.15 C:23023.15 -> no_pattern
[2026-04-19 00:53:19] O:23023.65 H:23054.10 L:23016.55 C:23050.30 -> no_pattern
[2026-04-19 00:53:20] O:23054.70 H:23062.45 L:23043.05 C:23062.45 -> no_pattern
[2026-04-19 00:53:20] O:23063.35 H:23063.35 L:22995.05 C:22999.25 -> no_pattern
[2026-04-19 00:53:21] O:23000.95 H:23044.10 L:22999.65 C:23026.95 -> no_pattern
[2026-04-19 00:53:21] O:23029.00 H:23032.70 L:22960.05 C:22963.55 -> no_pattern
[2026-04-19 00:53:22] O:22966.80 H:23019.60 L:22960.65 C:23014.60 -> no_pattern
[2026-04-19 00:53:22] O:23014.05 H:23022.65 L:23006.60 C:23010.10 -> inverted_hammer
[2026-04-19 00:53:23] O:23063.35 H:23063.35 L:22995.05 C:22999.25 -> no_pattern
[2026-04-19 00:53:23] O:23000.95 H:23044.10 L:22999.65 C:23026.95 -> no_pattern
[2026-04-19 00:53:23] O:23029.00 H:23032.70 L:22960.05 C:22963.55 -> no_pattern
[2026-04-19 00:53:23] O:22966.80 H:23019.60 L:22960.65 C:23014.60 -> no_pattern
[2026-04-19 00:53:23] O:23014.05 H:23022.65 L:23006.60 C:23010.10 -> inverted_hammer
[2026-04-19 00:53:23] O:23011.65 H:23018.35 L:22993.90 C:23007.05 -> spinning_top
[2026-04-19 00:53:24] O:23008.35 H:23016.70 L:22986.05 C:23011.95 -> spinning_top
[2026-04-19 00:53:24] O:23029.00 H:23032.70 L:22960.05 C:22963.55 -> no_pattern
[2026-04-19 00:53:24] O:22966.80 H:23019.60 L:22960.65 C:23014.60 -> no_pattern
[2026-04-19 00:53:24] O:23014.05 H:23022.65 L:23006.60 C:23010.10 -> inverted_hammer
[2026-04-19 00:53:24] O:23011.65 H:23018.35 L:22993.90 C:23007.05 -> spinning_top
[2026-04-19 00:53:24] O:23008.35 H:23016.70 L:22986.05 C:23011.95 -> spinning_top
[2026-04-19 00:53:24] O:23014.55 H:23026.15 L:22996.95 C:23000.55 -> no_pattern
[2026-04-19 00:53:25] O:23001.05 H:23009.50 L:22990.05 C:23007.65 -> no_pattern
[2026-04-19 00:53:25] O:23010.10 H:23014.60 L:22982.15 C:23010.45 -> doji
[2026-04-19 00:53:26] O:23011.60 H:23025.40 L:23010.90 C:23020.35 -> no_pattern
[2026-04-19 00:53:26] O:23021.65 H:23049.95 L:23015.95 C:23034.20 -> no_pattern
[2026-04-19 00:53:27] O:23036.05 H:23036.45 L:22989.45 C:23009.70 -> no_pattern
[2026-04-19 00:53:27] O:23009.25 H:23023.50 L:22999.80 C:23018.55 -> no_pattern
[2026-04-19 00:53:28] O:23020.40 H:23041.15 L:23008.35 C:23029.05 -> spinning_top
[2026-04-19 00:53:29] O:23030.65 H:23057.60 L:23024.10 C:23056.80 -> no_pattern
[2026-04-19 00:53:29] O:23058.00 H:23067.95 L:23045.80 C:23060.05 -> doji
[2026-04-19 00:53:30] O:23064.60 H:23101.20 L:23064.20 C:23084.30 -> no_pattern
[2026-04-19 00:53:30] O:23086.00 H:23126.80 L:23076.50 C:23122.25 -> no_pattern
[2026-04-19 00:53:31] O:23123.35 H:23128.75 L:23102.15 C:23124.45 -> doji
[2026-04-19 00:53:31] O:23124.00 H:23133.25 L:23114.90 C:23118.45 -> no_pattern
[2026-04-19 00:53:32] O:23118.65 H:23127.15 L:23099.35 C:23109.25 -> no_pattern
[2026-04-19 00:53:32] O:23109.40 H:23140.50 L:23106.10 C:23130.20 -> no_pattern
[2026-04-19 00:53:33] O:23130.35 H:23143.50 L:23120.20 C:23127.50 -> spinning_top
[2026-04-19 00:53:33] O:23128.35 H:23148.95 L:23123.75 C:23144.60 -> no_pattern
[2026-04-19 00:53:34] O:23145.15 H:23151.85 L:23124.15 C:23129.95 -> no_pattern
[2026-04-19 00:53:34] O:23855.15 H:23909.45 L:23836.90 C:23902.10 -> no_pattern
[2026-04-19 00:53:35] O:23902.35 H:23928.10 L:23888.45 C:23890.30 -> shooting_star
[2026-04-19 00:53:35] O:23890.15 H:23896.60 L:23855.20 C:23883.45 -> pinbar
[2026-04-19 00:53:36] O:23885.60 H:23903.65 L:23866.95 C:23899.05 -> no_pattern
[2026-04-19 00:53:36] O:23897.90 H:23909.35 L:23879.45 C:23879.45 -> no_pattern
[2026-04-19 00:53:37] O:23879.95 H:23912.55 L:23879.90 C:23900.95 -> no_pattern
[2026-04-19 00:53:38] O:23902.35 H:23928.10 L:23888.45 C:23890.30 -> shooting_star
[2026-04-19 00:53:38] O:23890.15 H:23896.60 L:23855.20 C:23883.45 -> pinbar
[2026-04-19 00:53:38] O:23885.60 H:23903.65 L:23866.95 C:23899.05 -> no_pattern
[2026-04-19 00:53:38] O:23897.90 H:23909.35 L:23879.45 C:23879.45 -> no_pattern
[2026-04-19 00:53:38] O:23879.95 H:23912.55 L:23879.90 C:23900.95 -> no_pattern
[2026-04-19 00:53:38] O:23900.55 H:23920.20 L:23898.60 C:23903.95 -> shooting_star
[2026-04-19 00:53:38] O:23905.00 H:23946.15 L:23905.00 C:23941.05 -> no_pattern
[2026-04-19 00:53:39] O:23941.70 H:23959.75 L:23939.30 C:23948.60 -> no_pattern
[2026-04-19 00:53:39] O:23948.65 H:23956.95 L:23912.55 C:23921.20 -> no_pattern
[2026-04-19 00:53:40] O:23922.05 H:23936.60 L:23902.50 C:23902.50 -> no_pattern
[2026-04-19 00:53:40] O:23903.40 H:23923.90 L:23891.85 C:23912.10 -> spinning_top
[2026-04-19 00:53:41] O:23912.70 H:23935.10 L:23892.85 C:23908.70 -> doji
[2026-04-19 00:53:41] O:23941.70 H:23959.75 L:23939.30 C:23948.60 -> no_pattern
[2026-04-19 00:53:41] O:23948.65 H:23956.95 L:23912.55 C:23921.20 -> no_pattern
[2026-04-19 00:53:41] O:23922.05 H:23936.60 L:23902.50 C:23902.50 -> no_pattern
[2026-04-19 00:53:41] O:23903.40 H:23923.90 L:23891.85 C:23912.10 -> spinning_top
[2026-04-19 00:53:41] O:23912.70 H:23935.10 L:23892.85 C:23908.70 -> doji
[2026-04-19 00:53:41] O:23908.35 H:23909.15 L:23885.55 C:23890.30 -> no_pattern
[2026-04-19 00:53:42] O:23890.55 H:23903.40 L:23878.60 C:23880.15 -> no_pattern
[2026-04-19 00:53:42] O:23880.45 H:23905.05 L:23869.10 C:23901.05 -> no_pattern
[2026-04-19 00:53:43] O:23900.65 H:23913.00 L:23877.40 C:23880.55 -> no_pattern
[2026-04-19 00:53:44] O:23881.70 H:23902.50 L:23880.05 C:23888.15 -> shooting_star
[2026-04-19 00:53:44] O:23887.65 H:23916.35 L:23883.55 C:23915.75 -> no_pattern
[2026-04-19 00:53:45] O:23915.50 H:23928.35 L:23908.05 C:23921.50 -> spinning_top
[2026-04-19 00:53:45] O:23880.45 H:23905.05 L:23869.10 C:23901.05 -> no_pattern
[2026-04-19 00:53:45] O:23900.65 H:23913.00 L:23877.40 C:23880.55 -> no_pattern
[2026-04-19 00:53:45] O:23881.70 H:23902.50 L:23880.05 C:23888.15 -> shooting_star
[2026-04-19 00:53:45] O:23887.65 H:23916.35 L:23883.55 C:23915.75 -> no_pattern
[2026-04-19 00:53:45] O:23915.50 H:23928.35 L:23908.05 C:23921.50 -> spinning_top
[2026-04-19 00:53:45] O:23922.05 H:23930.90 L:23904.05 C:23910.30 -> no_pattern
[2026-04-19 00:53:46] O:23911.90 H:23923.15 L:23906.65 C:23916.35 -> spinning_top
[2026-04-19 00:53:46] O:23916.65 H:23952.95 L:23914.25 C:23943.05 -> no_pattern
[2026-04-19 00:53:47] O:23941.95 H:23955.55 L:23925.15 C:23944.80 -> doji
[2026-04-19 00:53:47] O:23944.65 H:23971.95 L:23936.00 C:23971.85 -> no_pattern
[2026-04-19 00:53:48] O:23970.20 H:23981.65 L:23965.10 C:23979.10 -> no_pattern
[2026-04-19 00:53:48] O:23980.00 H:23998.45 L:23976.55 C:23992.80 -> no_pattern
[2026-04-19 00:53:49] O:23991.15 H:24000.80 L:23988.25 C:23994.10 -> inverted_hammer
[2026-04-19 00:53:49] O:23993.75 H:23997.55 L:23985.70 C:23997.45 -> pinbar
[2026-04-19 00:53:50] O:23997.25 H:24004.20 L:23983.50 C:23991.75 -> spinning_top
[2026-04-19 00:53:51] O:23991.60 H:24014.00 L:23991.60 C:23995.45 -> shooting_star
[2026-04-19 00:53:51] O:23995.85 H:24013.05 L:23991.10 C:24000.30 -> spinning_top
[2026-04-19 00:53:52] O:24000.25 H:24013.50 L:23981.10 C:23982.30 -> no_pattern
[2026-04-19 00:53:52] O:23982.50 H:23987.55 L:23975.50 C:23978.65 -> no_pattern
[2026-04-19 00:53:53] O:23977.30 H:23982.10 L:23965.65 C:23968.30 -> no_pattern
[2026-04-19 00:53:53] O:23991.60 H:24014.00 L:23991.60 C:23995.45 -> shooting_star
[2026-04-19 00:53:53] O:23995.85 H:24013.05 L:23991.10 C:24000.30 -> spinning_top
[2026-04-19 00:53:53] O:24000.25 H:24013.50 L:23981.10 C:23982.30 -> no_pattern
[2026-04-19 00:53:53] O:23982.50 H:23987.55 L:23975.50 C:23978.65 -> no_pattern
[2026-04-19 00:53:53] O:23977.30 H:23982.10 L:23965.65 C:23968.30 -> no_pattern
[2026-04-19 00:53:53] O:23968.45 H:23981.10 L:23949.80 C:23950.35 -> no_pattern
[2026-04-19 00:53:54] O:23950.05 H:23980.25 L:23947.10 C:23979.20 -> no_pattern
[2026-04-19 00:53:54] O:23980.45 H:23998.60 L:23979.70 C:23993.00 -> no_pattern
[2026-04-19 00:53:55] O:23992.30 H:23994.15 L:23960.10 C:23962.10 -> no_pattern
[2026-04-19 00:53:55] O:23961.90 H:23963.35 L:23930.20 C:23948.70 -> no_pattern
[2026-04-19 00:53:56] O:23949.35 H:23951.45 L:23927.85 C:23935.20 -> no_pattern
[2026-04-19 00:53:57] O:23935.00 H:23947.45 L:23920.15 C:23944.00 -> no_pattern
[2026-04-19 00:53:57] O:23944.80 H:23968.30 L:23944.00 C:23959.65 -> no_pattern
[2026-04-19 00:53:58] O:23959.20 H:23971.20 L:23956.50 C:23967.15 -> no_pattern
[2026-04-19 00:53:58] O:23966.25 H:23969.60 L:23957.70 C:23963.30 -> spinning_top
[2026-04-19 00:53:59] O:23963.20 H:23967.35 L:23958.05 C:23964.55 -> spinning_top
[2026-04-19 00:53:59] O:23935.00 H:23947.45 L:23920.15 C:23944.00 -> no_pattern
[2026-04-19 00:53:59] O:23944.80 H:23968.30 L:23944.00 C:23959.65 -> no_pattern
[2026-04-19 00:53:59] O:23959.20 H:23971.20 L:23956.50 C:23967.15 -> no_pattern
[2026-04-19 00:53:59] O:23966.25 H:23969.60 L:23957.70 C:23963.30 -> spinning_top
[2026-04-19 00:53:59] O:23963.20 H:23967.35 L:23958.05 C:23964.55 -> spinning_top
[2026-04-19 00:53:59] O:23964.40 H:23967.65 L:23961.95 C:23966.85 -> no_pattern
[2026-04-19 00:54:00] O:23967.15 H:23973.95 L:23964.05 C:23967.50 -> doji
[2026-04-19 00:54:00] O:23967.65 H:23968.85 L:23939.45 C:23939.80 -> marubozu
[2026-04-19 00:54:01] O:23991.60 H:24014.00 L:23991.60 C:23995.45 -> shooting_star
[2026-04-19 00:54:01] O:23995.85 H:24013.05 L:23991.10 C:24000.30 -> spinning_top
[2026-04-19 00:54:01] O:24000.25 H:24013.50 L:23981.10 C:23982.30 -> no_pattern
[2026-04-19 00:54:01] O:23982.50 H:23987.55 L:23975.50 C:23978.65 -> no_pattern
[2026-04-19 00:54:01] O:23977.30 H:23982.10 L:23965.65 C:23968.30 -> no_pattern
[2026-04-19 00:54:01] O:23968.45 H:23981.10 L:23949.80 C:23950.35 -> no_pattern
[2026-04-19 00:54:01] O:23950.05 H:23980.25 L:23947.10 C:23979.20 -> no_pattern
[2026-04-19 00:54:01] O:23980.45 H:23998.60 L:23979.70 C:23993.00 -> no_pattern
[2026-04-19 00:54:01] O:23992.30 H:23994.15 L:23960.10 C:23962.10 -> no_pattern
[2026-04-19 00:54:01] O:23961.90 H:23963.35 L:23930.20 C:23948.70 -> no_pattern
[2026-04-19 00:54:01] O:23949.35 H:23951.45 L:23927.85 C:23935.20 -> no_pattern
[2026-04-19 00:54:01] O:23935.00 H:23947.45 L:23920.15 C:23944.00 -> no_pattern
[2026-04-19 00:54:01] O:23944.80 H:23968.30 L:23944.00 C:23959.65 -> no_pattern
[2026-04-19 00:54:01] O:23959.20 H:23971.20 L:23956.50 C:23967.15 -> no_pattern
[2026-04-19 00:54:01] O:23966.25 H:23969.60 L:23957.70 C:23963.30 -> spinning_top
[2026-04-19 00:54:01] O:23963.20 H:23967.35 L:23958.05 C:23964.55 -> spinning_top
[2026-04-19 00:54:01] O:23964.40 H:23967.65 L:23961.95 C:23966.85 -> no_pattern
[2026-04-19 00:54:01] O:23967.15 H:23973.95 L:23964.05 C:23967.50 -> doji
[2026-04-19 00:54:01] O:23967.65 H:23968.85 L:23939.45 C:23939.80 -> marubozu
[2026-04-19 00:54:01] O:23939.25 H:23940.45 L:23902.25 C:23917.10 -> no_pattern
[2026-04-19 00:54:02] O:23916.55 H:23934.00 L:23910.60 C:23912.95 -> shooting_star
[2026-04-19 00:54:02] O:23912.45 H:23929.45 L:23911.30 C:23927.50 -> no_pattern
[2026-04-19 00:54:03] O:23927.50 H:23950.55 L:23927.50 C:23939.45 -> no_pattern
[2026-04-19 00:54:03] O:23939.55 H:23958.85 L:23936.25 C:23955.90 -> no_pattern
[2026-04-19 00:54:04] O:23939.25 H:23940.45 L:23902.25 C:23917.10 -> no_pattern
[2026-04-19 00:54:04] O:23916.55 H:23934.00 L:23910.60 C:23912.95 -> shooting_star
[2026-04-19 00:54:04] O:23912.45 H:23929.45 L:23911.30 C:23927.50 -> no_pattern
[2026-04-19 00:54:04] O:23927.50 H:23950.55 L:23927.50 C:23939.45 -> no_pattern
[2026-04-19 00:54:04] O:23939.55 H:23958.85 L:23936.25 C:23955.90 -> no_pattern
[2026-04-19 00:54:04] O:23956.10 H:23957.10 L:23944.40 C:23953.10 -> pinbar
[2026-04-19 00:54:04] O:23991.60 H:24014.00 L:23991.60 C:23995.45 -> shooting_star
[2026-04-19 00:54:04] O:23995.85 H:24013.05 L:23991.10 C:24000.30 -> spinning_top
[2026-04-19 00:54:04] O:24000.25 H:24013.50 L:23981.10 C:23982.30 -> no_pattern
[2026-04-19 00:54:04] O:23982.50 H:23987.55 L:23975.50 C:23978.65 -> no_pattern
[2026-04-19 00:54:04] O:23977.30 H:23982.10 L:23965.65 C:23968.30 -> no_pattern
[2026-04-19 00:54:04] O:23968.45 H:23981.10 L:23949.80 C:23950.35 -> no_pattern
[2026-04-19 00:54:04] O:23950.05 H:23980.25 L:23947.10 C:23979.20 -> no_pattern
[2026-04-19 00:54:04] O:23980.45 H:23998.60 L:23979.70 C:23993.00 -> no_pattern
[2026-04-19 00:54:04] O:23992.30 H:23994.15 L:23960.10 C:23962.10 -> no_pattern
[2026-04-19 00:54:04] O:23961.90 H:23963.35 L:23930.20 C:23948.70 -> no_pattern
[2026-04-19 00:54:04] O:23949.35 H:23951.45 L:23927.85 C:23935.20 -> no_pattern
[2026-04-19 00:54:04] O:23935.00 H:23947.45 L:23920.15 C:23944.00 -> no_pattern
[2026-04-19 00:54:04] O:23944.80 H:23968.30 L:23944.00 C:23959.65 -> no_pattern
[2026-04-19 00:54:04] O:23959.20 H:23971.20 L:23956.50 C:23967.15 -> no_pattern
[2026-04-19 00:54:04] O:23966.25 H:23969.60 L:23957.70 C:23963.30 -> spinning_top
[2026-04-19 00:54:04] O:23963.20 H:23967.35 L:23958.05 C:23964.55 -> spinning_top
[2026-04-19 00:54:04] O:23964.40 H:23967.65 L:23961.95 C:23966.85 -> no_pattern
[2026-04-19 00:54:04] O:23967.15 H:23973.95 L:23964.05 C:23967.50 -> doji
[2026-04-19 00:54:04] O:23967.65 H:23968.85 L:23939.45 C:23939.80 -> marubozu
[2026-04-19 00:54:04] O:23939.25 H:23940.45 L:23902.25 C:23917.10 -> no_pattern
[2026-04-19 00:54:04] O:23916.55 H:23934.00 L:23910.60 C:23912.95 -> shooting_star
[2026-04-19 00:54:04] O:23912.45 H:23929.45 L:23911.30 C:23927.50 -> no_pattern
[2026-04-19 00:54:04] O:23927.50 H:23950.55 L:23927.50 C:23939.45 -> no_pattern
[2026-04-19 00:54:04] O:23939.55 H:23958.85 L:23936.25 C:23955.90 -> no_pattern
[2026-04-19 00:54:04] O:23956.10 H:23957.10 L:23944.40 C:23953.10 -> pinbar
[2026-04-19 00:54:04] O:23953.40 H:23979.80 L:23953.25 C:23977.50 -> no_pattern
[2026-04-19 00:54:05] O:23976.75 H:23979.40 L:23957.00 C:23969.25 -> no_pattern
[2026-04-19 00:54:05] O:23969.20 H:23971.90 L:23955.25 C:23960.65 -> no_pattern
[2026-04-19 00:54:06] O:23961.65 H:23978.70 L:23948.80 C:23972.75 -> no_pattern
[2026-04-19 00:54:07] O:23973.95 H:23988.60 L:23966.40 C:23974.10 -> doji
[2026-04-19 00:54:07] O:23974.30 H:23991.35 L:23965.20 C:23976.60 -> doji
[2026-04-19 00:54:08] O:23976.20 H:23981.60 L:23969.70 C:23980.10 -> no_pattern
[2026-04-19 00:54:08] O:23980.00 H:23996.20 L:23977.45 C:23992.70 -> no_pattern
[2026-04-19 00:54:09] O:23993.35 H:24001.60 L:23987.95 C:23991.20 -> spinning_top
[2026-04-19 00:54:09] O:23991.25 H:23996.70 L:23981.25 C:23994.40 -> pinbar
[2026-04-19 00:54:10] O:23994.15 H:24016.20 L:23994.00 C:24016.20 -> marubozu
[2026-04-19 00:54:10] O:24017.20 H:24024.50 L:23978.25 C:23996.50 -> no_pattern
[2026-04-19 00:54:11] O:23996.90 H:23998.05 L:23969.65 C:23973.65 -> no_pattern
[2026-04-19 00:54:11] O:23973.10 H:23985.50 L:23968.75 C:23981.85 -> no_pattern
[2026-04-19 00:54:12] O:23982.80 H:23985.20 L:23953.10 C:23963.00 -> no_pattern
[2026-04-19 00:54:12] O:23964.05 H:23988.40 L:23964.05 C:23983.65 -> no_pattern
[2026-04-19 00:54:13] O:24017.20 H:24024.50 L:23978.25 C:23996.50 -> no_pattern
[2026-04-19 00:54:13] O:23996.90 H:23998.05 L:23969.65 C:23973.65 -> no_pattern
[2026-04-19 00:54:13] O:23973.10 H:23985.50 L:23968.75 C:23981.85 -> no_pattern
[2026-04-19 00:54:13] O:23982.80 H:23985.20 L:23953.10 C:23963.00 -> no_pattern
[2026-04-19 00:54:13] O:23964.05 H:23988.40 L:23964.05 C:23983.65 -> no_pattern
[2026-04-19 00:54:13] O:23983.75 H:23987.65 L:23968.25 C:23973.65 -> no_pattern
[2026-04-19 00:54:14] O:23973.55 H:23976.25 L:23953.55 C:23955.75 -> no_pattern
[2026-04-19 00:54:14] O:23955.15 H:23966.05 L:23951.20 C:23956.70 -> spinning_top
[2026-04-19 00:54:15] O:23956.55 H:23979.95 L:23944.00 C:23948.25 -> shooting_star
[2026-04-19 00:54:15] O:23948.15 H:23959.80 L:23946.75 C:23953.55 -> no_pattern
[2026-04-19 00:54:16] O:23954.30 H:23985.40 L:23953.35 C:23979.35 -> no_pattern
[2026-04-19 00:54:16] O:23979.30 H:23988.80 L:23968.00 C:23978.70 -> doji
[2026-04-19 00:54:17] O:23979.45 H:23985.05 L:23971.90 C:23979.85 -> doji
[2026-04-19 00:54:17] O:23956.55 H:23979.95 L:23944.00 C:23948.25 -> shooting_star
[2026-04-19 00:54:17] O:23948.15 H:23959.80 L:23946.75 C:23953.55 -> no_pattern
[2026-04-19 00:54:17] O:23954.30 H:23985.40 L:23953.35 C:23979.35 -> no_pattern
[2026-04-19 00:54:17] O:23979.30 H:23988.80 L:23968.00 C:23978.70 -> doji
[2026-04-19 00:54:17] O:23979.45 H:23985.05 L:23971.90 C:23979.85 -> doji
[2026-04-19 00:54:18] O:23979.20 H:23988.85 L:23976.75 C:23979.00 -> doji
[2026-04-19 00:54:18] O:23977.55 H:23990.55 L:23973.85 C:23979.50 -> spinning_top
[2026-04-19 00:54:19] O:23979.65 H:24000.85 L:23977.80 C:23999.85 -> no_pattern
[2026-04-19 00:54:19] O:24000.30 H:24007.60 L:23992.45 C:23994.95 -> no_pattern
[2026-04-19 00:54:20] O:23993.80 H:24017.60 L:23972.55 C:23979.60 -> no_pattern
[2026-04-19 00:54:20] O:23979.85 H:23990.60 L:23977.85 C:23987.50 -> no_pattern
[2026-04-19 00:54:21] O:23987.65 H:23996.75 L:23984.15 C:23993.60 -> no_pattern
[2026-04-19 00:54:21] O:23993.20 H:24005.00 L:23955.75 C:23987.35 -> spinning_top
[2026-04-19 00:54:22] O:23987.70 H:24011.50 L:23987.70 C:24007.15 -> no_pattern
[2026-04-19 00:54:22] O:23993.80 H:24017.60 L:23972.55 C:23979.60 -> no_pattern
[2026-04-19 00:54:22] O:23979.85 H:23990.60 L:23977.85 C:23987.50 -> no_pattern
[2026-04-19 00:54:22] O:23987.65 H:23996.75 L:23984.15 C:23993.60 -> no_pattern
[2026-04-19 00:54:22] O:23993.20 H:24005.00 L:23955.75 C:23987.35 -> spinning_top
[2026-04-19 00:54:22] O:23987.70 H:24011.50 L:23987.70 C:24007.15 -> no_pattern
[2026-04-19 00:54:23] O:24007.40 H:24009.35 L:23994.70 C:24004.45 -> pinbar
[2026-04-19 00:54:23] O:24003.55 H:24008.10 L:23989.25 C:23994.85 -> no_pattern
[2026-04-19 00:54:24] O:23994.25 H:23998.10 L:23985.30 C:23992.00 -> spinning_top
[2026-04-19 00:54:24] O:23993.20 H:24005.00 L:23955.75 C:23987.35 -> spinning_top
[2026-04-19 00:54:24] O:23987.70 H:24011.50 L:23987.70 C:24007.15 -> no_pattern
[2026-04-19 00:54:24] O:24007.40 H:24009.35 L:23994.70 C:24004.45 -> pinbar
[2026-04-19 00:54:24] O:24003.55 H:24008.10 L:23989.25 C:23994.85 -> no_pattern
[2026-04-19 00:54:24] O:23994.25 H:23998.10 L:23985.30 C:23992.00 -> spinning_top
[2026-04-19 00:54:24] O:23992.70 H:24002.55 L:23991.05 C:24001.25 -> no_pattern
[2026-04-19 00:54:25] O:24002.00 H:24011.65 L:23999.05 C:24009.90 -> no_pattern
[2026-04-19 00:54:25] O:24017.20 H:24024.50 L:23978.25 C:23996.50 -> no_pattern
[2026-04-19 00:54:25] O:23996.90 H:23998.05 L:23969.65 C:23973.65 -> no_pattern
[2026-04-19 00:54:25] O:23973.10 H:23985.50 L:23968.75 C:23981.85 -> no_pattern
[2026-04-19 00:54:25] O:23982.80 H:23985.20 L:23953.10 C:23963.00 -> no_pattern
[2026-04-19 00:54:25] O:23964.05 H:23988.40 L:23964.05 C:23983.65 -> no_pattern
[2026-04-19 00:54:25] O:23983.75 H:23987.65 L:23968.25 C:23973.65 -> no_pattern
[2026-04-19 00:54:25] O:23973.55 H:23976.25 L:23953.55 C:23955.75 -> no_pattern
[2026-04-19 00:54:25] O:23955.15 H:23966.05 L:23951.20 C:23956.70 -> spinning_top
[2026-04-19 00:54:25] O:23956.55 H:23979.95 L:23944.00 C:23948.25 -> shooting_star
[2026-04-19 00:54:25] O:23948.15 H:23959.80 L:23946.75 C:23953.55 -> no_pattern
[2026-04-19 00:54:25] O:23954.30 H:23985.40 L:23953.35 C:23979.35 -> no_pattern
[2026-04-19 00:54:25] O:23979.30 H:23988.80 L:23968.00 C:23978.70 -> doji
[2026-04-19 00:54:25] O:23979.45 H:23985.05 L:23971.90 C:23979.85 -> doji
[2026-04-19 00:54:25] O:23979.20 H:23988.85 L:23976.75 C:23979.00 -> doji
[2026-04-19 00:54:25] O:23977.55 H:23990.55 L:23973.85 C:23979.50 -> spinning_top
[2026-04-19 00:54:25] O:23979.65 H:24000.85 L:23977.80 C:23999.85 -> no_pattern
[2026-04-19 00:54:25] O:24000.30 H:24007.60 L:23992.45 C:23994.95 -> no_pattern
[2026-04-19 00:54:25] O:23993.80 H:24017.60 L:23972.55 C:23979.60 -> no_pattern
[2026-04-19 00:54:25] O:23979.85 H:23990.60 L:23977.85 C:23987.50 -> no_pattern
[2026-04-19 00:54:25] O:23987.65 H:23996.75 L:23984.15 C:23993.60 -> no_pattern
[2026-04-19 00:54:25] O:23993.20 H:24005.00 L:23955.75 C:23987.35 -> spinning_top
[2026-04-19 00:54:25] O:23987.70 H:24011.50 L:23987.70 C:24007.15 -> no_pattern
[2026-04-19 00:54:25] O:24007.40 H:24009.35 L:23994.70 C:24004.45 -> pinbar
[2026-04-19 00:54:25] O:24003.55 H:24008.10 L:23989.25 C:23994.85 -> no_pattern
[2026-04-19 00:54:25] O:23994.25 H:23998.10 L:23985.30 C:23992.00 -> spinning_top
[2026-04-19 00:54:25] O:23992.70 H:24002.55 L:23991.05 C:24001.25 -> no_pattern
[2026-04-19 00:54:25] O:24002.00 H:24011.65 L:23999.05 C:24009.90 -> no_pattern
[2026-04-19 00:54:25] O:24009.70 H:24018.25 L:24006.00 C:24010.60 -> doji
[2026-04-19 00:54:26] O:24017.20 H:24024.50 L:23978.25 C:23996.50 -> no_pattern
[2026-04-19 00:54:26] O:23996.90 H:23998.05 L:23969.65 C:23973.65 -> no_pattern
[2026-04-19 00:54:26] O:23973.10 H:23985.50 L:23968.75 C:23981.85 -> no_pattern
[2026-04-19 00:54:26] O:23982.80 H:23985.20 L:23953.10 C:23963.00 -> no_pattern
[2026-04-19 00:54:26] O:23964.05 H:23988.40 L:23964.05 C:23983.65 -> no_pattern
[2026-04-19 00:54:26] O:23983.75 H:23987.65 L:23968.25 C:23973.65 -> no_pattern
[2026-04-19 00:54:26] O:23973.55 H:23976.25 L:23953.55 C:23955.75 -> no_pattern
[2026-04-19 00:54:26] O:23955.15 H:23966.05 L:23951.20 C:23956.70 -> spinning_top
[2026-04-19 00:54:26] O:23956.55 H:23979.95 L:23944.00 C:23948.25 -> shooting_star
[2026-04-19 00:54:26] O:23948.15 H:23959.80 L:23946.75 C:23953.55 -> no_pattern
[2026-04-19 00:54:26] O:23954.30 H:23985.40 L:23953.35 C:23979.35 -> no_pattern
[2026-04-19 00:54:26] O:23979.30 H:23988.80 L:23968.00 C:23978.70 -> doji
[2026-04-19 00:54:26] O:23979.45 H:23985.05 L:23971.90 C:23979.85 -> doji
[2026-04-19 00:54:26] O:23979.20 H:23988.85 L:23976.75 C:23979.00 -> doji
[2026-04-19 00:54:26] O:23977.55 H:23990.55 L:23973.85 C:23979.50 -> spinning_top
[2026-04-19 00:54:26] O:23979.65 H:24000.85 L:23977.80 C:23999.85 -> no_pattern
[2026-04-19 00:54:26] O:24000.30 H:24007.60 L:23992.45 C:23994.95 -> no_pattern
[2026-04-19 00:54:26] O:23993.80 H:24017.60 L:23972.55 C:23979.60 -> no_pattern
[2026-04-19 00:54:26] O:23979.85 H:23990.60 L:23977.85 C:23987.50 -> no_pattern
[2026-04-19 00:54:26] O:23987.65 H:23996.75 L:23984.15 C:23993.60 -> no_pattern
[2026-04-19 00:54:26] O:23993.20 H:24005.00 L:23955.75 C:23987.35 -> spinning_top
[2026-04-19 00:54:26] O:23987.70 H:24011.50 L:23987.70 C:24007.15 -> no_pattern
[2026-04-19 00:54:26] O:24007.40 H:24009.35 L:23994.70 C:24004.45 -> pinbar
[2026-04-19 00:54:26] O:24003.55 H:24008.10 L:23989.25 C:23994.85 -> no_pattern
[2026-04-19 00:54:26] O:23994.25 H:23998.10 L:23985.30 C:23992.00 -> spinning_top
[2026-04-19 00:54:26] O:23992.70 H:24002.55 L:23991.05 C:24001.25 -> no_pattern
[2026-04-19 00:54:26] O:24002.00 H:24011.65 L:23999.05 C:24009.90 -> no_pattern
[2026-04-19 00:54:26] O:24009.70 H:24018.25 L:24006.00 C:24010.60 -> doji
[2026-04-19 00:54:26] O:23908.65 H:23923.60 L:23816.45 C:23914.40 -> doji
[2026-04-19 00:54:27] O:23913.35 H:23964.20 L:23912.90 C:23952.25 -> no_pattern
[2026-04-19 00:54:27] O:23950.05 H:23982.60 L:23943.20 C:23982.00 -> no_pattern
[2026-04-19 00:54:28] O:23981.05 H:23989.75 L:23948.20 C:23949.10 -> no_pattern
[2026-04-19 00:54:28] O:23948.65 H:23951.95 L:23890.95 C:23890.95 -> no_pattern
[2026-04-19 00:54:29] O:23908.65 H:23923.60 L:23816.45 C:23914.40 -> doji
[2026-04-19 00:54:29] O:23913.35 H:23964.20 L:23912.90 C:23952.25 -> no_pattern
[2026-04-19 00:54:29] O:23950.05 H:23982.60 L:23943.20 C:23982.00 -> no_pattern
[2026-04-19 00:54:29] O:23981.05 H:23989.75 L:23948.20 C:23949.10 -> no_pattern
[2026-04-19 00:54:29] O:23948.65 H:23951.95 L:23890.95 C:23890.95 -> no_pattern
[2026-04-19 00:54:29] O:23891.80 H:23929.35 L:23891.65 C:23894.80 -> doji
[2026-04-19 00:54:30] O:23893.50 H:23899.30 L:23861.55 C:23866.25 -> no_pattern
[2026-04-19 00:54:30] O:23866.45 H:23883.05 L:23851.15 C:23862.45 -> spinning_top
[2026-04-19 00:54:31] O:24017.20 H:24024.50 L:23978.25 C:23996.50 -> no_pattern
[2026-04-19 00:54:31] O:23996.90 H:23998.05 L:23969.65 C:23973.65 -> no_pattern
[2026-04-19 00:54:31] O:23973.10 H:23985.50 L:23968.75 C:23981.85 -> no_pattern
[2026-04-19 00:54:31] O:23982.80 H:23985.20 L:23953.10 C:23963.00 -> no_pattern
[2026-04-19 00:54:31] O:23964.05 H:23988.40 L:23964.05 C:23983.65 -> no_pattern
[2026-04-19 00:54:31] O:23983.75 H:23987.65 L:23968.25 C:23973.65 -> no_pattern
[2026-04-19 00:54:31] O:23973.55 H:23976.25 L:23953.55 C:23955.75 -> no_pattern
[2026-04-19 00:54:31] O:23955.15 H:23966.05 L:23951.20 C:23956.70 -> spinning_top
[2026-04-19 00:54:31] O:23956.55 H:23979.95 L:23944.00 C:23948.25 -> shooting_star
[2026-04-19 00:54:31] O:23948.15 H:23959.80 L:23946.75 C:23953.55 -> no_pattern
[2026-04-19 00:54:31] O:23954.30 H:23985.40 L:23953.35 C:23979.35 -> no_pattern
[2026-04-19 00:54:31] O:23979.30 H:23988.80 L:23968.00 C:23978.70 -> doji
[2026-04-19 00:54:31] O:23979.45 H:23985.05 L:23971.90 C:23979.85 -> doji
[2026-04-19 00:54:31] O:23979.20 H:23988.85 L:23976.75 C:23979.00 -> doji
[2026-04-19 00:54:31] O:23977.55 H:23990.55 L:23973.85 C:23979.50 -> spinning_top
[2026-04-19 00:54:31] O:23979.65 H:24000.85 L:23977.80 C:23999.85 -> no_pattern
[2026-04-19 00:54:31] O:24000.30 H:24007.60 L:23992.45 C:23994.95 -> no_pattern
[2026-04-19 00:54:31] O:23993.80 H:24017.60 L:23972.55 C:23979.60 -> no_pattern
[2026-04-19 00:54:31] O:23979.85 H:23990.60 L:23977.85 C:23987.50 -> no_pattern
[2026-04-19 00:54:31] O:23987.65 H:23996.75 L:23984.15 C:23993.60 -> no_pattern
[2026-04-19 00:54:31] O:23993.20 H:24005.00 L:23955.75 C:23987.35 -> spinning_top
[2026-04-19 00:54:31] O:23987.70 H:24011.50 L:23987.70 C:24007.15 -> no_pattern
[2026-04-19 00:54:31] O:24007.40 H:24009.35 L:23994.70 C:24004.45 -> pinbar
[2026-04-19 00:54:31] O:24003.55 H:24008.10 L:23989.25 C:23994.85 -> no_pattern
[2026-04-19 00:54:31] O:23994.25 H:23998.10 L:23985.30 C:23992.00 -> spinning_top
[2026-04-19 00:54:31] O:23992.70 H:24002.55 L:23991.05 C:24001.25 -> no_pattern
[2026-04-19 00:54:31] O:24002.00 H:24011.65 L:23999.05 C:24009.90 -> no_pattern
[2026-04-19 00:54:31] O:24009.70 H:24018.25 L:24006.00 C:24010.60 -> doji
[2026-04-19 00:54:31] O:23908.65 H:23923.60 L:23816.45 C:23914.40 -> doji
[2026-04-19 00:54:31] O:23913.35 H:23964.20 L:23912.90 C:23952.25 -> no_pattern
[2026-04-19 00:54:31] O:23950.05 H:23982.60 L:23943.20 C:23982.00 -> no_pattern
[2026-04-19 00:54:31] O:23981.05 H:23989.75 L:23948.20 C:23949.10 -> no_pattern
[2026-04-19 00:54:31] O:23948.65 H:23951.95 L:23890.95 C:23890.95 -> no_pattern
[2026-04-19 00:54:31] O:23891.80 H:23929.35 L:23891.65 C:23894.80 -> doji
[2026-04-19 00:54:31] O:23893.50 H:23899.30 L:23861.55 C:23866.25 -> no_pattern
[2026-04-19 00:54:31] O:23866.45 H:23883.05 L:23851.15 C:23862.45 -> spinning_top
[2026-04-19 00:54:31] O:23863.00 H:23865.65 L:23809.05 C:23810.50 -> marubozu
[2026-04-19 00:54:31] O:23809.55 H:23826.00 L:23795.20 C:23805.05 -> spinning_top
[2026-04-19 00:54:32] O:23805.95 H:23806.60 L:23781.20 C:23781.35 -> marubozu
[2026-04-19 00:54:32] O:23781.70 H:23809.25 L:23760.55 C:23808.30 -> no_pattern
[2026-04-19 00:54:33] O:23808.90 H:23831.35 L:23805.70 C:23818.40 -> no_pattern
[2026-04-19 00:54:34] O:23816.60 H:23838.95 L:23807.40 C:23837.45 -> no_pattern
[2026-04-19 00:54:34] O:23837.55 H:23853.15 L:23831.70 C:23839.00 -> doji
[2026-04-19 00:54:35] O:23839.05 H:23868.95 L:23820.85 C:23863.80 -> no_pattern
[2026-04-19 00:54:35] O:23781.70 H:23809.25 L:23760.55 C:23808.30 -> no_pattern
[2026-04-19 00:54:35] O:23808.90 H:23831.35 L:23805.70 C:23818.40 -> no_pattern
[2026-04-19 00:54:35] O:23816.60 H:23838.95 L:23807.40 C:23837.45 -> no_pattern
[2026-04-19 00:54:35] O:23837.55 H:23853.15 L:23831.70 C:23839.00 -> doji
[2026-04-19 00:54:35] O:23839.05 H:23868.95 L:23820.85 C:23863.80 -> no_pattern
[2026-04-19 00:54:35] O:23862.25 H:23871.35 L:23844.55 C:23844.55 -> no_pattern
[2026-04-19 00:54:36] O:23844.80 H:23867.55 L:23820.20 C:23827.80 -> no_pattern
[2026-04-19 00:54:36] O:23828.40 H:23861.30 L:23826.80 C:23860.05 -> marubozu
[2026-04-19 00:54:37] O:23859.75 H:23863.60 L:23841.80 C:23858.45 -> doji
[2026-04-19 00:54:37] O:23858.05 H:23872.20 L:23832.25 C:23832.80 -> no_pattern
[2026-04-19 00:54:38] O:23832.45 H:23841.15 L:23819.55 C:23822.85 -> no_pattern
[2026-04-19 00:54:39] O:23823.00 H:23826.10 L:23803.65 C:23823.80 -> doji
[2026-04-19 00:54:39] O:23823.80 H:23829.25 L:23820.15 C:23821.60 -> inverted_hammer
[2026-04-19 00:54:40] O:23821.05 H:23830.40 L:23811.25 C:23825.40 -> spinning_top
[2026-04-19 00:54:40] O:23858.05 H:23872.20 L:23832.25 C:23832.80 -> no_pattern
[2026-04-19 00:54:40] O:23832.45 H:23841.15 L:23819.55 C:23822.85 -> no_pattern
[2026-04-19 00:54:40] O:23823.00 H:23826.10 L:23803.65 C:23823.80 -> doji
[2026-04-19 00:54:40] O:23823.80 H:23829.25 L:23820.15 C:23821.60 -> inverted_hammer
[2026-04-19 00:54:40] O:23821.05 H:23830.40 L:23811.25 C:23825.40 -> spinning_top
[2026-04-19 00:54:40] O:23825.95 H:23843.55 L:23820.85 C:23828.85 -> spinning_top
[2026-04-19 00:54:41] O:23827.85 H:23864.10 L:23825.95 C:23857.50 -> no_pattern
[2026-04-19 00:54:41] O:23823.00 H:23826.10 L:23803.65 C:23823.80 -> doji
[2026-04-19 00:54:41] O:23823.80 H:23829.25 L:23820.15 C:23821.60 -> inverted_hammer
[2026-04-19 00:54:41] O:23821.05 H:23830.40 L:23811.25 C:23825.40 -> spinning_top
[2026-04-19 00:54:41] O:23825.95 H:23843.55 L:23820.85 C:23828.85 -> spinning_top
[2026-04-19 00:54:41] O:23827.85 H:23864.10 L:23825.95 C:23857.50 -> no_pattern
[2026-04-19 00:54:41] O:23857.55 H:23858.75 L:23828.75 C:23828.75 -> marubozu
[2026-04-19 00:54:42] O:23828.55 H:23869.50 L:23828.15 C:23868.45 -> marubozu
[2026-04-19 00:54:42] O:23868.35 H:23868.35 L:23852.00 C:23855.75 -> no_pattern
[2026-04-19 00:54:43] O:23855.60 H:23863.20 L:23829.65 C:23830.05 -> no_pattern
[2026-04-19 00:54:44] O:23829.60 H:23842.40 L:23814.20 C:23833.40 -> spinning_top
[2026-04-19 00:54:44] O:23833.60 H:23853.40 L:23832.55 C:23852.25 -> no_pattern
[2026-04-19 00:54:45] O:23851.55 H:23870.75 L:23840.45 C:23865.30 -> no_pattern
[2026-04-19 00:54:45] O:24017.20 H:24024.50 L:23978.25 C:23996.50 -> no_pattern
[2026-04-19 00:54:45] O:23996.90 H:23998.05 L:23969.65 C:23973.65 -> no_pattern
[2026-04-19 00:54:45] O:23973.10 H:23985.50 L:23968.75 C:23981.85 -> no_pattern
[2026-04-19 00:54:45] O:23982.80 H:23985.20 L:23953.10 C:23963.00 -> no_pattern
[2026-04-19 00:54:45] O:23964.05 H:23988.40 L:23964.05 C:23983.65 -> no_pattern
[2026-04-19 00:54:45] O:23983.75 H:23987.65 L:23968.25 C:23973.65 -> no_pattern
[2026-04-19 00:54:45] O:23973.55 H:23976.25 L:23953.55 C:23955.75 -> no_pattern
[2026-04-19 00:54:45] O:23955.15 H:23966.05 L:23951.20 C:23956.70 -> spinning_top
[2026-04-19 00:54:45] O:23956.55 H:23979.95 L:23944.00 C:23948.25 -> shooting_star
[2026-04-19 00:54:45] O:23948.15 H:23959.80 L:23946.75 C:23953.55 -> no_pattern
[2026-04-19 00:54:45] O:23954.30 H:23985.40 L:23953.35 C:23979.35 -> no_pattern
[2026-04-19 00:54:45] O:23979.30 H:23988.80 L:23968.00 C:23978.70 -> doji
[2026-04-19 00:54:45] O:23979.45 H:23985.05 L:23971.90 C:23979.85 -> doji
[2026-04-19 00:54:45] O:23979.20 H:23988.85 L:23976.75 C:23979.00 -> doji
[2026-04-19 00:54:45] O:23977.55 H:23990.55 L:23973.85 C:23979.50 -> spinning_top
[2026-04-19 00:54:45] O:23979.65 H:24000.85 L:23977.80 C:23999.85 -> no_pattern
[2026-04-19 00:54:45] O:24000.30 H:24007.60 L:23992.45 C:23994.95 -> no_pattern
[2026-04-19 00:54:45] O:23993.80 H:24017.60 L:23972.55 C:23979.60 -> no_pattern
[2026-04-19 00:54:45] O:23979.85 H:23990.60 L:23977.85 C:23987.50 -> no_pattern
[2026-04-19 00:54:45] O:23987.65 H:23996.75 L:23984.15 C:23993.60 -> no_pattern
[2026-04-19 00:54:45] O:23993.20 H:24005.00 L:23955.75 C:23987.35 -> spinning_top
[2026-04-19 00:54:45] O:23987.70 H:24011.50 L:23987.70 C:24007.15 -> no_pattern
[2026-04-19 00:54:45] O:24007.40 H:24009.35 L:23994.70 C:24004.45 -> pinbar
[2026-04-19 00:54:45] O:24003.55 H:24008.10 L:23989.25 C:23994.85 -> no_pattern
[2026-04-19 00:54:45] O:23994.25 H:23998.10 L:23985.30 C:23992.00 -> spinning_top
[2026-04-19 00:54:45] O:23992.70 H:24002.55 L:23991.05 C:24001.25 -> no_pattern
[2026-04-19 00:54:45] O:24002.00 H:24011.65 L:23999.05 C:24009.90 -> no_pattern
[2026-04-19 00:54:45] O:24009.70 H:24018.25 L:24006.00 C:24010.60 -> doji
[2026-04-19 00:54:45] O:23908.65 H:23923.60 L:23816.45 C:23914.40 -> doji
[2026-04-19 00:54:45] O:23913.35 H:23964.20 L:23912.90 C:23952.25 -> no_pattern
[2026-04-19 00:54:45] O:23950.05 H:23982.60 L:23943.20 C:23982.00 -> no_pattern
[2026-04-19 00:54:45] O:23981.05 H:23989.75 L:23948.20 C:23949.10 -> no_pattern
[2026-04-19 00:54:45] O:23948.65 H:23951.95 L:23890.95 C:23890.95 -> no_pattern
[2026-04-19 00:54:45] O:23891.80 H:23929.35 L:23891.65 C:23894.80 -> doji
[2026-04-19 00:54:45] O:23893.50 H:23899.30 L:23861.55 C:23866.25 -> no_pattern
[2026-04-19 00:54:45] O:23866.45 H:23883.05 L:23851.15 C:23862.45 -> spinning_top
[2026-04-19 00:54:45] O:23863.00 H:23865.65 L:23809.05 C:23810.50 -> marubozu
[2026-04-19 00:54:45] O:23809.55 H:23826.00 L:23795.20 C:23805.05 -> spinning_top
[2026-04-19 00:54:45] O:23805.95 H:23806.60 L:23781.20 C:23781.35 -> marubozu
[2026-04-19 00:54:45] O:23781.70 H:23809.25 L:23760.55 C:23808.30 -> no_pattern
[2026-04-19 00:54:45] O:23808.90 H:23831.35 L:23805.70 C:23818.40 -> no_pattern
[2026-04-19 00:54:45] O:23816.60 H:23838.95 L:23807.40 C:23837.45 -> no_pattern
[2026-04-19 00:54:45] O:23837.55 H:23853.15 L:23831.70 C:23839.00 -> doji
[2026-04-19 00:54:45] O:23839.05 H:23868.95 L:23820.85 C:23863.80 -> no_pattern
[2026-04-19 00:54:45] O:23862.25 H:23871.35 L:23844.55 C:23844.55 -> no_pattern
[2026-04-19 00:54:45] O:23844.80 H:23867.55 L:23820.20 C:23827.80 -> no_pattern
[2026-04-19 00:54:45] O:23828.40 H:23861.30 L:23826.80 C:23860.05 -> marubozu
[2026-04-19 00:54:45] O:23859.75 H:23863.60 L:23841.80 C:23858.45 -> doji
[2026-04-19 00:54:45] O:23858.05 H:23872.20 L:23832.25 C:23832.80 -> no_pattern
[2026-04-19 00:54:45] O:23832.45 H:23841.15 L:23819.55 C:23822.85 -> no_pattern
[2026-04-19 00:54:45] O:23823.00 H:23826.10 L:23803.65 C:23823.80 -> doji
[2026-04-19 00:54:45] O:23823.80 H:23829.25 L:23820.15 C:23821.60 -> inverted_hammer
[2026-04-19 00:54:45] O:23821.05 H:23830.40 L:23811.25 C:23825.40 -> spinning_top
[2026-04-19 00:54:45] O:23825.95 H:23843.55 L:23820.85 C:23828.85 -> spinning_top
[2026-04-19 00:54:45] O:23827.85 H:23864.10 L:23825.95 C:23857.50 -> no_pattern
[2026-04-19 00:54:45] O:23857.55 H:23858.75 L:23828.75 C:23828.75 -> marubozu
[2026-04-19 00:54:45] O:23828.55 H:23869.50 L:23828.15 C:23868.45 -> marubozu
[2026-04-19 00:54:45] O:23868.35 H:23868.35 L:23852.00 C:23855.75 -> no_pattern
[2026-04-19 00:54:45] O:23855.60 H:23863.20 L:23829.65 C:23830.05 -> no_pattern
[2026-04-19 00:54:45] O:23829.60 H:23842.40 L:23814.20 C:23833.40 -> spinning_top
[2026-04-19 00:54:45] O:23833.60 H:23853.40 L:23832.55 C:23852.25 -> no_pattern
[2026-04-19 00:54:45] O:23851.55 H:23870.75 L:23840.45 C:23865.30 -> no_pattern
[2026-04-19 00:54:45] O:23865.25 H:23875.50 L:23844.40 C:23855.30 -> no_pattern
[2026-04-19 00:54:46] O:23852.90 H:23859.60 L:23847.70 C:23857.85 -> no_pattern
[2026-04-19 00:54:47] O:23857.80 H:23871.30 L:23845.95 C:23855.90 -> doji
[2026-04-19 00:54:47] O:23855.80 H:23867.10 L:23849.40 C:23855.20 -> doji
[2026-04-19 00:54:48] O:23855.20 H:23889.05 L:23855.20 C:23871.75 -> no_pattern
[2026-04-19 00:54:48] O:23871.75 H:23898.00 L:23871.40 C:23883.65 -> no_pattern
[2026-04-19 00:54:49] O:23884.60 H:23905.40 L:23871.80 C:23874.60 -> shooting_star
[2026-04-19 00:54:49] O:23876.20 H:23902.75 L:23875.40 C:23881.40 -> shooting_star
[2026-04-19 00:54:50] O:23880.90 H:23882.50 L:23860.25 C:23876.05 -> pinbar
[2026-04-19 00:54:50] O:23875.65 H:23902.70 L:23875.65 C:23901.05 -> no_pattern
[2026-04-19 00:54:51] O:23901.60 H:23907.30 L:23877.10 C:23881.25 -> no_pattern
[2026-04-19 00:54:52] O:23881.05 H:23884.05 L:23873.65 C:23873.65 -> no_pattern
[2026-04-19 00:54:52] O:23874.00 H:23883.85 L:23872.20 C:23879.75 -> no_pattern
[2026-04-19 00:54:53] O:23879.85 H:23881.20 L:23855.40 C:23861.80 -> no_pattern
[2026-04-19 00:54:53] O:23861.90 H:23886.90 L:23854.85 C:23879.50 -> no_pattern
[2026-04-19 00:54:54] O:23901.60 H:23907.30 L:23877.10 C:23881.25 -> no_pattern
[2026-04-19 00:54:54] O:23881.05 H:23884.05 L:23873.65 C:23873.65 -> no_pattern
[2026-04-19 00:54:54] O:23874.00 H:23883.85 L:23872.20 C:23879.75 -> no_pattern
[2026-04-19 00:54:54] O:23879.85 H:23881.20 L:23855.40 C:23861.80 -> no_pattern
[2026-04-19 00:54:54] O:23861.90 H:23886.90 L:23854.85 C:23879.50 -> no_pattern
[2026-04-19 00:54:54] O:23879.40 H:23883.05 L:23862.55 C:23864.55 -> no_pattern
[2026-04-19 00:54:54] O:23864.65 H:23871.45 L:23848.50 C:23851.25 -> no_pattern
[2026-04-19 00:54:55] O:23850.80 H:23867.55 L:23845.10 C:23855.70 -> spinning_top
[2026-04-19 00:54:55] O:23855.35 H:23857.50 L:23822.00 C:23824.15 -> no_pattern
[2026-04-19 00:54:56] O:23781.70 H:23809.25 L:23760.55 C:23808.30 -> no_pattern
[2026-04-19 00:54:56] O:23808.90 H:23831.35 L:23805.70 C:23818.40 -> no_pattern
[2026-04-19 00:54:56] O:23816.60 H:23838.95 L:23807.40 C:23837.45 -> no_pattern
[2026-04-19 00:54:56] O:23837.55 H:23853.15 L:23831.70 C:23839.00 -> doji
[2026-04-19 00:54:56] O:23839.05 H:23868.95 L:23820.85 C:23863.80 -> no_pattern
[2026-04-19 00:54:56] O:23862.25 H:23871.35 L:23844.55 C:23844.55 -> no_pattern
[2026-04-19 00:54:56] O:23844.80 H:23867.55 L:23820.20 C:23827.80 -> no_pattern
[2026-04-19 00:54:56] O:23828.40 H:23861.30 L:23826.80 C:23860.05 -> marubozu
[2026-04-19 00:54:56] O:23859.75 H:23863.60 L:23841.80 C:23858.45 -> doji
[2026-04-19 00:54:56] O:23858.05 H:23872.20 L:23832.25 C:23832.80 -> no_pattern
[2026-04-19 00:54:56] O:23832.45 H:23841.15 L:23819.55 C:23822.85 -> no_pattern
[2026-04-19 00:54:56] O:23823.00 H:23826.10 L:23803.65 C:23823.80 -> doji
[2026-04-19 00:54:56] O:23823.80 H:23829.25 L:23820.15 C:23821.60 -> inverted_hammer
[2026-04-19 00:54:56] O:23821.05 H:23830.40 L:23811.25 C:23825.40 -> spinning_top
[2026-04-19 00:54:56] O:23825.95 H:23843.55 L:23820.85 C:23828.85 -> spinning_top
[2026-04-19 00:54:56] O:23827.85 H:23864.10 L:23825.95 C:23857.50 -> no_pattern
[2026-04-19 00:54:56] O:23857.55 H:23858.75 L:23828.75 C:23828.75 -> marubozu
[2026-04-19 00:54:56] O:23828.55 H:23869.50 L:23828.15 C:23868.45 -> marubozu
[2026-04-19 00:54:56] O:23868.35 H:23868.35 L:23852.00 C:23855.75 -> no_pattern
[2026-04-19 00:54:56] O:23855.60 H:23863.20 L:23829.65 C:23830.05 -> no_pattern
[2026-04-19 00:54:56] O:23829.60 H:23842.40 L:23814.20 C:23833.40 -> spinning_top
[2026-04-19 00:54:56] O:23833.60 H:23853.40 L:23832.55 C:23852.25 -> no_pattern
[2026-04-19 00:54:56] O:23851.55 H:23870.75 L:23840.45 C:23865.30 -> no_pattern
[2026-04-19 00:54:56] O:23865.25 H:23875.50 L:23844.40 C:23855.30 -> no_pattern
[2026-04-19 00:54:56] O:23852.90 H:23859.60 L:23847.70 C:23857.85 -> no_pattern
[2026-04-19 00:54:56] O:23857.80 H:23871.30 L:23845.95 C:23855.90 -> doji
[2026-04-19 00:54:56] O:23855.80 H:23867.10 L:23849.40 C:23855.20 -> doji
[2026-04-19 00:54:56] O:23855.20 H:23889.05 L:23855.20 C:23871.75 -> no_pattern
[2026-04-19 00:54:56] O:23871.75 H:23898.00 L:23871.40 C:23883.65 -> no_pattern
[2026-04-19 00:54:56] O:23884.60 H:23905.40 L:23871.80 C:23874.60 -> shooting_star
[2026-04-19 00:54:56] O:23876.20 H:23902.75 L:23875.40 C:23881.40 -> shooting_star
[2026-04-19 00:54:56] O:23880.90 H:23882.50 L:23860.25 C:23876.05 -> pinbar
[2026-04-19 00:54:56] O:23875.65 H:23902.70 L:23875.65 C:23901.05 -> no_pattern
[2026-04-19 00:54:56] O:23901.60 H:23907.30 L:23877.10 C:23881.25 -> no_pattern
[2026-04-19 00:54:56] O:23881.05 H:23884.05 L:23873.65 C:23873.65 -> no_pattern
[2026-04-19 00:54:56] O:23874.00 H:23883.85 L:23872.20 C:23879.75 -> no_pattern
[2026-04-19 00:54:56] O:23879.85 H:23881.20 L:23855.40 C:23861.80 -> no_pattern
[2026-04-19 00:54:56] O:23861.90 H:23886.90 L:23854.85 C:23879.50 -> no_pattern
[2026-04-19 00:54:56] O:23879.40 H:23883.05 L:23862.55 C:23864.55 -> no_pattern
[2026-04-19 00:54:56] O:23864.65 H:23871.45 L:23848.50 C:23851.25 -> no_pattern
[2026-04-19 00:54:56] O:23850.80 H:23867.55 L:23845.10 C:23855.70 -> spinning_top
[2026-04-19 00:54:56] O:23855.35 H:23857.50 L:23822.00 C:23824.15 -> no_pattern
[2026-04-19 00:54:56] O:23824.15 H:23826.55 L:23801.60 C:23813.00 -> no_pattern
[2026-04-19 00:54:57] O:23811.50 H:23839.40 L:23811.50 C:23831.30 -> no_pattern
[2026-04-19 00:54:57] O:23830.60 H:23843.60 L:23829.70 C:23834.65 -> shooting_star
[2026-04-19 00:54:58] O:23833.85 H:23842.60 L:23827.10 C:23828.05 -> no_pattern
[2026-04-19 00:54:58] O:23828.10 H:23834.85 L:23816.85 C:23820.95 -> no_pattern
[2026-04-19 00:54:59] O:23824.15 H:23826.55 L:23801.60 C:23813.00 -> no_pattern
[2026-04-19 00:54:59] O:23811.50 H:23839.40 L:23811.50 C:23831.30 -> no_pattern
[2026-04-19 00:54:59] O:23830.60 H:23843.60 L:23829.70 C:23834.65 -> shooting_star
[2026-04-19 00:54:59] O:23833.85 H:23842.60 L:23827.10 C:23828.05 -> no_pattern
[2026-04-19 00:54:59] O:23828.10 H:23834.85 L:23816.85 C:23820.95 -> no_pattern
[2026-04-19 00:54:59] O:23820.55 H:23836.95 L:23820.30 C:23821.45 -> doji
[2026-04-19 00:55:00] O:23821.25 H:23822.70 L:23804.70 C:23815.40 -> no_pattern
[2026-04-19 00:55:00] O:23781.70 H:23809.25 L:23760.55 C:23808.30 -> no_pattern
[2026-04-19 00:55:00] O:23808.90 H:23831.35 L:23805.70 C:23818.40 -> no_pattern
[2026-04-19 00:55:00] O:23816.60 H:23838.95 L:23807.40 C:23837.45 -> no_pattern
[2026-04-19 00:55:00] O:23837.55 H:23853.15 L:23831.70 C:23839.00 -> doji
[2026-04-19 00:55:00] O:23839.05 H:23868.95 L:23820.85 C:23863.80 -> no_pattern
[2026-04-19 00:55:00] O:23862.25 H:23871.35 L:23844.55 C:23844.55 -> no_pattern
[2026-04-19 00:55:00] O:23844.80 H:23867.55 L:23820.20 C:23827.80 -> no_pattern
[2026-04-19 00:55:00] O:23828.40 H:23861.30 L:23826.80 C:23860.05 -> marubozu
[2026-04-19 00:55:00] O:23859.75 H:23863.60 L:23841.80 C:23858.45 -> doji
[2026-04-19 00:55:00] O:23858.05 H:23872.20 L:23832.25 C:23832.80 -> no_pattern
[2026-04-19 00:55:00] O:23832.45 H:23841.15 L:23819.55 C:23822.85 -> no_pattern
[2026-04-19 00:55:00] O:23823.00 H:23826.10 L:23803.65 C:23823.80 -> doji
[2026-04-19 00:55:00] O:23823.80 H:23829.25 L:23820.15 C:23821.60 -> inverted_hammer
[2026-04-19 00:55:00] O:23821.05 H:23830.40 L:23811.25 C:23825.40 -> spinning_top
[2026-04-19 00:55:00] O:23825.95 H:23843.55 L:23820.85 C:23828.85 -> spinning_top
[2026-04-19 00:55:00] O:23827.85 H:23864.10 L:23825.95 C:23857.50 -> no_pattern
[2026-04-19 00:55:00] O:23857.55 H:23858.75 L:23828.75 C:23828.75 -> marubozu
[2026-04-19 00:55:00] O:23828.55 H:23869.50 L:23828.15 C:23868.45 -> marubozu
[2026-04-19 00:55:00] O:23868.35 H:23868.35 L:23852.00 C:23855.75 -> no_pattern
[2026-04-19 00:55:00] O:23855.60 H:23863.20 L:23829.65 C:23830.05 -> no_pattern
[2026-04-19 00:55:00] O:23829.60 H:23842.40 L:23814.20 C:23833.40 -> spinning_top
[2026-04-19 00:55:00] O:23833.60 H:23853.40 L:23832.55 C:23852.25 -> no_pattern
[2026-04-19 00:55:00] O:23851.55 H:23870.75 L:23840.45 C:23865.30 -> no_pattern
[2026-04-19 00:55:00] O:23865.25 H:23875.50 L:23844.40 C:23855.30 -> no_pattern
[2026-04-19 00:55:00] O:23852.90 H:23859.60 L:23847.70 C:23857.85 -> no_pattern
[2026-04-19 00:55:00] O:23857.80 H:23871.30 L:23845.95 C:23855.90 -> doji
[2026-04-19 00:55:00] O:23855.80 H:23867.10 L:23849.40 C:23855.20 -> doji
[2026-04-19 00:55:00] O:23855.20 H:23889.05 L:23855.20 C:23871.75 -> no_pattern
[2026-04-19 00:55:00] O:23871.75 H:23898.00 L:23871.40 C:23883.65 -> no_pattern
[2026-04-19 00:55:00] O:23884.60 H:23905.40 L:23871.80 C:23874.60 -> shooting_star
[2026-04-19 00:55:00] O:23876.20 H:23902.75 L:23875.40 C:23881.40 -> shooting_star
[2026-04-19 00:55:00] O:23880.90 H:23882.50 L:23860.25 C:23876.05 -> pinbar
[2026-04-19 00:55:00] O:23875.65 H:23902.70 L:23875.65 C:23901.05 -> no_pattern
[2026-04-19 00:55:00] O:23901.60 H:23907.30 L:23877.10 C:23881.25 -> no_pattern
[2026-04-19 00:55:00] O:23881.05 H:23884.05 L:23873.65 C:23873.65 -> no_pattern
[2026-04-19 00:55:00] O:23874.00 H:23883.85 L:23872.20 C:23879.75 -> no_pattern
[2026-04-19 00:55:00] O:23879.85 H:23881.20 L:23855.40 C:23861.80 -> no_pattern
[2026-04-19 00:55:00] O:23861.90 H:23886.90 L:23854.85 C:23879.50 -> no_pattern
[2026-04-19 00:55:00] O:23879.40 H:23883.05 L:23862.55 C:23864.55 -> no_pattern
[2026-04-19 00:55:00] O:23864.65 H:23871.45 L:23848.50 C:23851.25 -> no_pattern
[2026-04-19 00:55:00] O:23850.80 H:23867.55 L:23845.10 C:23855.70 -> spinning_top
[2026-04-19 00:55:00] O:23855.35 H:23857.50 L:23822.00 C:23824.15 -> no_pattern
[2026-04-19 00:55:00] O:23824.15 H:23826.55 L:23801.60 C:23813.00 -> no_pattern
[2026-04-19 00:55:00] O:23811.50 H:23839.40 L:23811.50 C:23831.30 -> no_pattern
[2026-04-19 00:55:00] O:23830.60 H:23843.60 L:23829.70 C:23834.65 -> shooting_star
[2026-04-19 00:55:00] O:23833.85 H:23842.60 L:23827.10 C:23828.05 -> no_pattern
[2026-04-19 00:55:00] O:23828.10 H:23834.85 L:23816.85 C:23820.95 -> no_pattern
[2026-04-19 00:55:00] O:23820.55 H:23836.95 L:23820.30 C:23821.45 -> doji
[2026-04-19 00:55:00] O:23821.25 H:23822.70 L:23804.70 C:23815.40 -> no_pattern
[2026-04-19 00:55:00] O:23815.85 H:23817.30 L:23800.95 C:23802.95 -> no_pattern
[2026-04-19 00:55:01] O:23801.60 H:23806.55 L:23767.80 C:23792.40 -> pinbar
[2026-04-19 00:55:01] O:23791.70 H:23795.10 L:23777.75 C:23787.35 -> pinbar
[2026-04-19 00:55:02] O:23786.45 H:23789.15 L:23767.90 C:23770.55 -> no_pattern
[2026-04-19 00:55:03] O:24017.20 H:24024.50 L:23978.25 C:23996.50 -> no_pattern
[2026-04-19 00:55:03] O:23996.90 H:23998.05 L:23969.65 C:23973.65 -> no_pattern
[2026-04-19 00:55:03] O:23973.10 H:23985.50 L:23968.75 C:23981.85 -> no_pattern
[2026-04-19 00:55:03] O:23982.80 H:23985.20 L:23953.10 C:23963.00 -> no_pattern
[2026-04-19 00:55:03] O:23964.05 H:23988.40 L:23964.05 C:23983.65 -> no_pattern
[2026-04-19 00:55:03] O:23983.75 H:23987.65 L:23968.25 C:23973.65 -> no_pattern
[2026-04-19 00:55:03] O:23973.55 H:23976.25 L:23953.55 C:23955.75 -> no_pattern
[2026-04-19 00:55:03] O:23955.15 H:23966.05 L:23951.20 C:23956.70 -> spinning_top
[2026-04-19 00:55:03] O:23956.55 H:23979.95 L:23944.00 C:23948.25 -> shooting_star
[2026-04-19 00:55:03] O:23948.15 H:23959.80 L:23946.75 C:23953.55 -> no_pattern
[2026-04-19 00:55:03] O:23954.30 H:23985.40 L:23953.35 C:23979.35 -> no_pattern
[2026-04-19 00:55:03] O:23979.30 H:23988.80 L:23968.00 C:23978.70 -> doji
[2026-04-19 00:55:03] O:23979.45 H:23985.05 L:23971.90 C:23979.85 -> doji
[2026-04-19 00:55:03] O:23979.20 H:23988.85 L:23976.75 C:23979.00 -> doji
[2026-04-19 00:55:03] O:23977.55 H:23990.55 L:23973.85 C:23979.50 -> spinning_top
[2026-04-19 00:55:03] O:23979.65 H:24000.85 L:23977.80 C:23999.85 -> no_pattern
[2026-04-19 00:55:03] O:24000.30 H:24007.60 L:23992.45 C:23994.95 -> no_pattern
[2026-04-19 00:55:03] O:23993.80 H:24017.60 L:23972.55 C:23979.60 -> no_pattern
[2026-04-19 00:55:03] O:23979.85 H:23990.60 L:23977.85 C:23987.50 -> no_pattern
[2026-04-19 00:55:03] O:23987.65 H:23996.75 L:23984.15 C:23993.60 -> no_pattern
[2026-04-19 00:55:03] O:23993.20 H:24005.00 L:23955.75 C:23987.35 -> spinning_top
[2026-04-19 00:55:03] O:23987.70 H:24011.50 L:23987.70 C:24007.15 -> no_pattern
[2026-04-19 00:55:03] O:24007.40 H:24009.35 L:23994.70 C:24004.45 -> pinbar
[2026-04-19 00:55:03] O:24003.55 H:24008.10 L:23989.25 C:23994.85 -> no_pattern
[2026-04-19 00:55:03] O:23994.25 H:23998.10 L:23985.30 C:23992.00 -> spinning_top
[2026-04-19 00:55:03] O:23992.70 H:24002.55 L:23991.05 C:24001.25 -> no_pattern
[2026-04-19 00:55:03] O:24002.00 H:24011.65 L:23999.05 C:24009.90 -> no_pattern
[2026-04-19 00:55:03] O:24009.70 H:24018.25 L:24006.00 C:24010.60 -> doji
[2026-04-19 00:55:03] O:23908.65 H:23923.60 L:23816.45 C:23914.40 -> doji
[2026-04-19 00:55:03] O:23913.35 H:23964.20 L:23912.90 C:23952.25 -> no_pattern
[2026-04-19 00:55:03] O:23950.05 H:23982.60 L:23943.20 C:23982.00 -> no_pattern
[2026-04-19 00:55:03] O:23981.05 H:23989.75 L:23948.20 C:23949.10 -> no_pattern
[2026-04-19 00:55:03] O:23948.65 H:23951.95 L:23890.95 C:23890.95 -> no_pattern
[2026-04-19 00:55:03] O:23891.80 H:23929.35 L:23891.65 C:23894.80 -> doji
[2026-04-19 00:55:03] O:23893.50 H:23899.30 L:23861.55 C:23866.25 -> no_pattern
[2026-04-19 00:55:03] O:23866.45 H:23883.05 L:23851.15 C:23862.45 -> spinning_top
[2026-04-19 00:55:03] O:23863.00 H:23865.65 L:23809.05 C:23810.50 -> marubozu
[2026-04-19 00:55:03] O:23809.55 H:23826.00 L:23795.20 C:23805.05 -> spinning_top
[2026-04-19 00:55:03] O:23805.95 H:23806.60 L:23781.20 C:23781.35 -> marubozu
[2026-04-19 00:55:03] O:23781.70 H:23809.25 L:23760.55 C:23808.30 -> no_pattern
[2026-04-19 00:55:03] O:23808.90 H:23831.35 L:23805.70 C:23818.40 -> no_pattern
[2026-04-19 00:55:03] O:23816.60 H:23838.95 L:23807.40 C:23837.45 -> no_pattern
[2026-04-19 00:55:03] O:23837.55 H:23853.15 L:23831.70 C:23839.00 -> doji
[2026-04-19 00:55:03] O:23839.05 H:23868.95 L:23820.85 C:23863.80 -> no_pattern
[2026-04-19 00:55:03] O:23862.25 H:23871.35 L:23844.55 C:23844.55 -> no_pattern
[2026-04-19 00:55:03] O:23844.80 H:23867.55 L:23820.20 C:23827.80 -> no_pattern
[2026-04-19 00:55:03] O:23828.40 H:23861.30 L:23826.80 C:23860.05 -> marubozu
[2026-04-19 00:55:03] O:23859.75 H:23863.60 L:23841.80 C:23858.45 -> doji
[2026-04-19 00:55:03] O:23858.05 H:23872.20 L:23832.25 C:23832.80 -> no_pattern
[2026-04-19 00:55:03] O:23832.45 H:23841.15 L:23819.55 C:23822.85 -> no_pattern
[2026-04-19 00:55:03] O:23823.00 H:23826.10 L:23803.65 C:23823.80 -> doji
[2026-04-19 00:55:03] O:23823.80 H:23829.25 L:23820.15 C:23821.60 -> inverted_hammer
[2026-04-19 00:55:03] O:23821.05 H:23830.40 L:23811.25 C:23825.40 -> spinning_top
[2026-04-19 00:55:03] O:23825.95 H:23843.55 L:23820.85 C:23828.85 -> spinning_top
[2026-04-19 00:55:03] O:23827.85 H:23864.10 L:23825.95 C:23857.50 -> no_pattern
[2026-04-19 00:55:03] O:23857.55 H:23858.75 L:23828.75 C:23828.75 -> marubozu
[2026-04-19 00:55:03] O:23828.55 H:23869.50 L:23828.15 C:23868.45 -> marubozu
[2026-04-19 00:55:03] O:23868.35 H:23868.35 L:23852.00 C:23855.75 -> no_pattern
[2026-04-19 00:55:03] O:23855.60 H:23863.20 L:23829.65 C:23830.05 -> no_pattern
[2026-04-19 00:55:03] O:23829.60 H:23842.40 L:23814.20 C:23833.40 -> spinning_top
[2026-04-19 00:55:03] O:23833.60 H:23853.40 L:23832.55 C:23852.25 -> no_pattern
[2026-04-19 00:55:03] O:23851.55 H:23870.75 L:23840.45 C:23865.30 -> no_pattern
[2026-04-19 00:55:03] O:23865.25 H:23875.50 L:23844.40 C:23855.30 -> no_pattern
[2026-04-19 00:55:03] O:23852.90 H:23859.60 L:23847.70 C:23857.85 -> no_pattern
[2026-04-19 00:55:03] O:23857.80 H:23871.30 L:23845.95 C:23855.90 -> doji
[2026-04-19 00:55:03] O:23855.80 H:23867.10 L:23849.40 C:23855.20 -> doji
[2026-04-19 00:55:03] O:23855.20 H:23889.05 L:23855.20 C:23871.75 -> no_pattern
[2026-04-19 00:55:03] O:23871.75 H:23898.00 L:23871.40 C:23883.65 -> no_pattern
[2026-04-19 00:55:03] O:23884.60 H:23905.40 L:23871.80 C:23874.60 -> shooting_star
[2026-04-19 00:55:03] O:23876.20 H:23902.75 L:23875.40 C:23881.40 -> shooting_star
[2026-04-19 00:55:03] O:23880.90 H:23882.50 L:23860.25 C:23876.05 -> pinbar
[2026-04-19 00:55:03] O:23875.65 H:23902.70 L:23875.65 C:23901.05 -> no_pattern
[2026-04-19 00:55:03] O:23901.60 H:23907.30 L:23877.10 C:23881.25 -> no_pattern
[2026-04-19 00:55:03] O:23881.05 H:23884.05 L:23873.65 C:23873.65 -> no_pattern
[2026-04-19 00:55:03] O:23874.00 H:23883.85 L:23872.20 C:23879.75 -> no_pattern
[2026-04-19 00:55:03] O:23879.85 H:23881.20 L:23855.40 C:23861.80 -> no_pattern
[2026-04-19 00:55:03] O:23861.90 H:23886.90 L:23854.85 C:23879.50 -> no_pattern
[2026-04-19 00:55:03] O:23879.40 H:23883.05 L:23862.55 C:23864.55 -> no_pattern
[2026-04-19 00:55:03] O:23864.65 H:23871.45 L:23848.50 C:23851.25 -> no_pattern
[2026-04-19 00:55:03] O:23850.80 H:23867.55 L:23845.10 C:23855.70 -> spinning_top
[2026-04-19 00:55:03] O:23855.35 H:23857.50 L:23822.00 C:23824.15 -> no_pattern
[2026-04-19 00:55:03] O:23824.15 H:23826.55 L:23801.60 C:23813.00 -> no_pattern
[2026-04-19 00:55:03] O:23811.50 H:23839.40 L:23811.50 C:23831.30 -> no_pattern
[2026-04-19 00:55:03] O:23830.60 H:23843.60 L:23829.70 C:23834.65 -> shooting_star
[2026-04-19 00:55:03] O:23833.85 H:23842.60 L:23827.10 C:23828.05 -> no_pattern
[2026-04-19 00:55:03] O:23828.10 H:23834.85 L:23816.85 C:23820.95 -> no_pattern
[2026-04-19 00:55:03] O:23820.55 H:23836.95 L:23820.30 C:23821.45 -> doji
[2026-04-19 00:55:03] O:23821.25 H:23822.70 L:23804.70 C:23815.40 -> no_pattern
[2026-04-19 00:55:03] O:23815.85 H:23817.30 L:23800.95 C:23802.95 -> no_pattern
[2026-04-19 00:55:03] O:23801.60 H:23806.55 L:23767.80 C:23792.40 -> pinbar
[2026-04-19 00:55:03] O:23791.70 H:23795.10 L:23777.75 C:23787.35 -> pinbar
[2026-04-19 00:55:03] O:23786.45 H:23789.15 L:23767.90 C:23770.55 -> no_pattern
[2026-04-19 00:55:03] O:23770.45 H:23792.50 L:23759.05 C:23788.70 -> no_pattern
[2026-04-19 00:55:04] O:23789.05 H:23798.95 L:23767.65 C:23781.00 -> spinning_top
[2026-04-19 00:55:04] O:23781.05 H:23782.60 L:23760.90 C:23769.30 -> no_pattern
[2026-04-19 00:55:05] O:23768.30 H:23770.55 L:23755.85 C:23757.10 -> no_pattern
[2026-04-19 00:55:05] O:23756.95 H:23776.05 L:23740.80 C:23775.85 -> no_pattern
[2026-04-19 00:55:06] O:23777.25 H:23785.45 L:23753.50 C:23770.50 -> spinning_top
[2026-04-19 00:55:06] O:23770.35 H:23782.30 L:23768.70 C:23771.05 -> doji
[2026-04-19 00:55:07] O:23769.55 H:23777.20 L:23754.95 C:23771.55 -> doji
[2026-04-19 00:55:07] O:23770.75 H:23790.20 L:23767.75 C:23781.30 -> no_pattern
[2026-04-19 00:55:08] O:23756.95 H:23776.05 L:23740.80 C:23775.85 -> no_pattern
[2026-04-19 00:55:08] O:23777.25 H:23785.45 L:23753.50 C:23770.50 -> spinning_top
[2026-04-19 00:55:08] O:23770.35 H:23782.30 L:23768.70 C:23771.05 -> doji
[2026-04-19 00:55:08] O:23769.55 H:23777.20 L:23754.95 C:23771.55 -> doji
[2026-04-19 00:55:08] O:23770.75 H:23790.20 L:23767.75 C:23781.30 -> no_pattern
[2026-04-19 00:55:08] O:23781.45 H:23800.00 L:23766.35 C:23766.50 -> no_pattern
[2026-04-19 00:55:09] O:23766.80 H:23779.55 L:23751.80 C:23753.20 -> no_pattern
[2026-04-19 00:55:09] O:23753.45 H:23760.95 L:23746.20 C:23748.40 -> no_pattern
[2026-04-19 00:55:10] O:24017.20 H:24024.50 L:23978.25 C:23996.50 -> no_pattern
[2026-04-19 00:55:10] O:23996.90 H:23998.05 L:23969.65 C:23973.65 -> no_pattern
[2026-04-19 00:55:10] O:23973.10 H:23985.50 L:23968.75 C:23981.85 -> no_pattern
[2026-04-19 00:55:10] O:23982.80 H:23985.20 L:23953.10 C:23963.00 -> no_pattern
[2026-04-19 00:55:10] O:23964.05 H:23988.40 L:23964.05 C:23983.65 -> no_pattern
[2026-04-19 00:55:10] O:23983.75 H:23987.65 L:23968.25 C:23973.65 -> no_pattern
[2026-04-19 00:55:10] O:23973.55 H:23976.25 L:23953.55 C:23955.75 -> no_pattern
[2026-04-19 00:55:10] O:23955.15 H:23966.05 L:23951.20 C:23956.70 -> spinning_top
[2026-04-19 00:55:10] O:23956.55 H:23979.95 L:23944.00 C:23948.25 -> shooting_star
[2026-04-19 00:55:10] O:23948.15 H:23959.80 L:23946.75 C:23953.55 -> no_pattern
[2026-04-19 00:55:10] O:23954.30 H:23985.40 L:23953.35 C:23979.35 -> no_pattern
[2026-04-19 00:55:10] O:23979.30 H:23988.80 L:23968.00 C:23978.70 -> doji
[2026-04-19 00:55:10] O:23979.45 H:23985.05 L:23971.90 C:23979.85 -> doji
[2026-04-19 00:55:10] O:23979.20 H:23988.85 L:23976.75 C:23979.00 -> doji
[2026-04-19 00:55:10] O:23977.55 H:23990.55 L:23973.85 C:23979.50 -> spinning_top
[2026-04-19 00:55:10] O:23979.65 H:24000.85 L:23977.80 C:23999.85 -> no_pattern
[2026-04-19 00:55:10] O:24000.30 H:24007.60 L:23992.45 C:23994.95 -> no_pattern
[2026-04-19 00:55:10] O:23993.80 H:24017.60 L:23972.55 C:23979.60 -> no_pattern
[2026-04-19 00:55:10] O:23979.85 H:23990.60 L:23977.85 C:23987.50 -> no_pattern
[2026-04-19 00:55:10] O:23987.65 H:23996.75 L:23984.15 C:23993.60 -> no_pattern
[2026-04-19 00:55:10] O:23993.20 H:24005.00 L:23955.75 C:23987.35 -> spinning_top
[2026-04-19 00:55:10] O:23987.70 H:24011.50 L:23987.70 C:24007.15 -> no_pattern
[2026-04-19 00:55:10] O:24007.40 H:24009.35 L:23994.70 C:24004.45 -> pinbar
[2026-04-19 00:55:10] O:24003.55 H:24008.10 L:23989.25 C:23994.85 -> no_pattern
[2026-04-19 00:55:10] O:23994.25 H:23998.10 L:23985.30 C:23992.00 -> spinning_top
[2026-04-19 00:55:10] O:23992.70 H:24002.55 L:23991.05 C:24001.25 -> no_pattern
[2026-04-19 00:55:10] O:24002.00 H:24011.65 L:23999.05 C:24009.90 -> no_pattern
[2026-04-19 00:55:10] O:24009.70 H:24018.25 L:24006.00 C:24010.60 -> doji
[2026-04-19 00:55:10] O:23908.65 H:23923.60 L:23816.45 C:23914.40 -> doji
[2026-04-19 00:55:10] O:23913.35 H:23964.20 L:23912.90 C:23952.25 -> no_pattern
[2026-04-19 00:55:10] O:23950.05 H:23982.60 L:23943.20 C:23982.00 -> no_pattern
[2026-04-19 00:55:10] O:23981.05 H:23989.75 L:23948.20 C:23949.10 -> no_pattern
[2026-04-19 00:55:10] O:23948.65 H:23951.95 L:23890.95 C:23890.95 -> no_pattern
[2026-04-19 00:55:10] O:23891.80 H:23929.35 L:23891.65 C:23894.80 -> doji
[2026-04-19 00:55:10] O:23893.50 H:23899.30 L:23861.55 C:23866.25 -> no_pattern
[2026-04-19 00:55:10] O:23866.45 H:23883.05 L:23851.15 C:23862.45 -> spinning_top
[2026-04-19 00:55:10] O:23863.00 H:23865.65 L:23809.05 C:23810.50 -> marubozu
[2026-04-19 00:55:10] O:23809.55 H:23826.00 L:23795.20 C:23805.05 -> spinning_top
[2026-04-19 00:55:10] O:23805.95 H:23806.60 L:23781.20 C:23781.35 -> marubozu
[2026-04-19 00:55:10] O:23781.70 H:23809.25 L:23760.55 C:23808.30 -> no_pattern
[2026-04-19 00:55:10] O:23808.90 H:23831.35 L:23805.70 C:23818.40 -> no_pattern
[2026-04-19 00:55:10] O:23816.60 H:23838.95 L:23807.40 C:23837.45 -> no_pattern
[2026-04-19 00:55:10] O:23837.55 H:23853.15 L:23831.70 C:23839.00 -> doji
[2026-04-19 00:55:10] O:23839.05 H:23868.95 L:23820.85 C:23863.80 -> no_pattern
[2026-04-19 00:55:10] O:23862.25 H:23871.35 L:23844.55 C:23844.55 -> no_pattern
[2026-04-19 00:55:10] O:23844.80 H:23867.55 L:23820.20 C:23827.80 -> no_pattern
[2026-04-19 00:55:10] O:23828.40 H:23861.30 L:23826.80 C:23860.05 -> marubozu
[2026-04-19 00:55:10] O:23859.75 H:23863.60 L:23841.80 C:23858.45 -> doji
[2026-04-19 00:55:10] O:23858.05 H:23872.20 L:23832.25 C:23832.80 -> no_pattern
[2026-04-19 00:55:10] O:23832.45 H:23841.15 L:23819.55 C:23822.85 -> no_pattern
[2026-04-19 00:55:10] O:23823.00 H:23826.10 L:23803.65 C:23823.80 -> doji
[2026-04-19 00:55:10] O:23823.80 H:23829.25 L:23820.15 C:23821.60 -> inverted_hammer
[2026-04-19 00:55:10] O:23821.05 H:23830.40 L:23811.25 C:23825.40 -> spinning_top
[2026-04-19 00:55:10] O:23825.95 H:23843.55 L:23820.85 C:23828.85 -> spinning_top
[2026-04-19 00:55:10] O:23827.85 H:23864.10 L:23825.95 C:23857.50 -> no_pattern
[2026-04-19 00:55:10] O:23857.55 H:23858.75 L:23828.75 C:23828.75 -> marubozu
[2026-04-19 00:55:10] O:23828.55 H:23869.50 L:23828.15 C:23868.45 -> marubozu
[2026-04-19 00:55:10] O:23868.35 H:23868.35 L:23852.00 C:23855.75 -> no_pattern
[2026-04-19 00:55:10] O:23855.60 H:23863.20 L:23829.65 C:23830.05 -> no_pattern
[2026-04-19 00:55:10] O:23829.60 H:23842.40 L:23814.20 C:23833.40 -> spinning_top
[2026-04-19 00:55:10] O:23833.60 H:23853.40 L:23832.55 C:23852.25 -> no_pattern
[2026-04-19 00:55:10] O:23851.55 H:23870.75 L:23840.45 C:23865.30 -> no_pattern
[2026-04-19 00:55:10] O:23865.25 H:23875.50 L:23844.40 C:23855.30 -> no_pattern
[2026-04-19 00:55:10] O:23852.90 H:23859.60 L:23847.70 C:23857.85 -> no_pattern
[2026-04-19 00:55:10] O:23857.80 H:23871.30 L:23845.95 C:23855.90 -> doji
[2026-04-19 00:55:10] O:23855.80 H:23867.10 L:23849.40 C:23855.20 -> doji
[2026-04-19 00:55:10] O:23855.20 H:23889.05 L:23855.20 C:23871.75 -> no_pattern
[2026-04-19 00:55:10] O:23871.75 H:23898.00 L:23871.40 C:23883.65 -> no_pattern
[2026-04-19 00:55:10] O:23884.60 H:23905.40 L:23871.80 C:23874.60 -> shooting_star
[2026-04-19 00:55:10] O:23876.20 H:23902.75 L:23875.40 C:23881.40 -> shooting_star
[2026-04-19 00:55:10] O:23880.90 H:23882.50 L:23860.25 C:23876.05 -> pinbar
[2026-04-19 00:55:10] O:23875.65 H:23902.70 L:23875.65 C:23901.05 -> no_pattern
[2026-04-19 00:55:10] O:23901.60 H:23907.30 L:23877.10 C:23881.25 -> no_pattern
[2026-04-19 00:55:10] O:23881.05 H:23884.05 L:23873.65 C:23873.65 -> no_pattern
[2026-04-19 00:55:10] O:23874.00 H:23883.85 L:23872.20 C:23879.75 -> no_pattern
[2026-04-19 00:55:10] O:23879.85 H:23881.20 L:23855.40 C:23861.80 -> no_pattern
[2026-04-19 00:55:10] O:23861.90 H:23886.90 L:23854.85 C:23879.50 -> no_pattern
[2026-04-19 00:55:10] O:23879.40 H:23883.05 L:23862.55 C:23864.55 -> no_pattern
[2026-04-19 00:55:10] O:23864.65 H:23871.45 L:23848.50 C:23851.25 -> no_pattern
[2026-04-19 00:55:10] O:23850.80 H:23867.55 L:23845.10 C:23855.70 -> spinning_top
[2026-04-19 00:55:10] O:23855.35 H:23857.50 L:23822.00 C:23824.15 -> no_pattern
[2026-04-19 00:55:10] O:23824.15 H:23826.55 L:23801.60 C:23813.00 -> no_pattern
[2026-04-19 00:55:10] O:23811.50 H:23839.40 L:23811.50 C:23831.30 -> no_pattern
[2026-04-19 00:55:10] O:23830.60 H:23843.60 L:23829.70 C:23834.65 -> shooting_star
[2026-04-19 00:55:10] O:23833.85 H:23842.60 L:23827.10 C:23828.05 -> no_pattern
[2026-04-19 00:55:10] O:23828.10 H:23834.85 L:23816.85 C:23820.95 -> no_pattern
[2026-04-19 00:55:10] O:23820.55 H:23836.95 L:23820.30 C:23821.45 -> doji
[2026-04-19 00:55:10] O:23821.25 H:23822.70 L:23804.70 C:23815.40 -> no_pattern
[2026-04-19 00:55:10] O:23815.85 H:23817.30 L:23800.95 C:23802.95 -> no_pattern
[2026-04-19 00:55:10] O:23801.60 H:23806.55 L:23767.80 C:23792.40 -> pinbar
[2026-04-19 00:55:10] O:23791.70 H:23795.10 L:23777.75 C:23787.35 -> pinbar
[2026-04-19 00:55:10] O:23786.45 H:23789.15 L:23767.90 C:23770.55 -> no_pattern
[2026-04-19 00:55:10] O:23770.45 H:23792.50 L:23759.05 C:23788.70 -> no_pattern
[2026-04-19 00:55:10] O:23789.05 H:23798.95 L:23767.65 C:23781.00 -> spinning_top
[2026-04-19 00:55:10] O:23781.05 H:23782.60 L:23760.90 C:23769.30 -> no_pattern
[2026-04-19 00:55:10] O:23768.30 H:23770.55 L:23755.85 C:23757.10 -> no_pattern
[2026-04-19 00:55:10] O:23756.95 H:23776.05 L:23740.80 C:23775.85 -> no_pattern
[2026-04-19 00:55:10] O:23777.25 H:23785.45 L:23753.50 C:23770.50 -> spinning_top
[2026-04-19 00:55:10] O:23770.35 H:23782.30 L:23768.70 C:23771.05 -> doji
[2026-04-19 00:55:10] O:23769.55 H:23777.20 L:23754.95 C:23771.55 -> doji
[2026-04-19 00:55:10] O:23770.75 H:23790.20 L:23767.75 C:23781.30 -> no_pattern
[2026-04-19 00:55:10] O:23781.45 H:23800.00 L:23766.35 C:23766.50 -> no_pattern
[2026-04-19 00:55:10] O:23766.80 H:23779.55 L:23751.80 C:23753.20 -> no_pattern
[2026-04-19 00:55:10] O:23753.45 H:23760.95 L:23746.20 C:23748.40 -> no_pattern
[2026-04-19 00:55:10] O:23748.00 H:23758.70 L:23734.10 C:23735.75 -> no_pattern
[2026-04-19 00:55:11] O:23735.95 H:23736.85 L:23715.15 C:23715.75 -> marubozu
[2026-04-19 00:55:11] O:23715.05 H:23727.15 L:23710.40 C:23718.10 -> spinning_top
[2026-04-19 00:55:12] O:23719.65 H:23721.90 L:23683.35 C:23697.15 -> no_pattern
[2026-04-19 00:55:12] O:23697.20 H:23706.90 L:23690.40 C:23695.15 -> spinning_top
[2026-04-19 00:55:13] O:23696.45 H:23724.55 L:23693.20 C:23722.40 -> no_pattern
[2026-04-19 00:55:13] O:23723.05 H:23744.90 L:23720.50 C:23727.05 -> shooting_star
[2026-04-19 00:55:14] O:23725.75 H:23748.35 L:23723.35 C:23725.60 -> doji
[2026-04-19 00:55:15] O:23719.65 H:23721.90 L:23683.35 C:23697.15 -> no_pattern
[2026-04-19 00:55:15] O:23697.20 H:23706.90 L:23690.40 C:23695.15 -> spinning_top
[2026-04-19 00:55:15] O:23696.45 H:23724.55 L:23693.20 C:23722.40 -> no_pattern
[2026-04-19 00:55:15] O:23723.05 H:23744.90 L:23720.50 C:23727.05 -> shooting_star
[2026-04-19 00:55:15] O:23725.75 H:23748.35 L:23723.35 C:23725.60 -> doji
[2026-04-19 00:55:15] O:23724.95 H:23751.45 L:23724.50 C:23748.40 -> no_pattern
[2026-04-19 00:55:15] O:23747.75 H:23752.15 L:23733.10 C:23735.25 -> no_pattern
[2026-04-19 00:55:16] O:23735.55 H:23786.35 L:23726.90 C:23782.40 -> no_pattern
[2026-04-19 00:55:16] O:23719.65 H:23721.90 L:23683.35 C:23697.15 -> no_pattern
[2026-04-19 00:55:16] O:23697.20 H:23706.90 L:23690.40 C:23695.15 -> spinning_top
[2026-04-19 00:55:16] O:23696.45 H:23724.55 L:23693.20 C:23722.40 -> no_pattern
[2026-04-19 00:55:16] O:23723.05 H:23744.90 L:23720.50 C:23727.05 -> shooting_star
[2026-04-19 00:55:16] O:23725.75 H:23748.35 L:23723.35 C:23725.60 -> doji
[2026-04-19 00:55:16] O:23724.95 H:23751.45 L:23724.50 C:23748.40 -> no_pattern
[2026-04-19 00:55:16] O:23747.75 H:23752.15 L:23733.10 C:23735.25 -> no_pattern
[2026-04-19 00:55:16] O:23735.55 H:23786.35 L:23726.90 C:23782.40 -> no_pattern
[2026-04-19 00:55:16] O:23781.65 H:23806.80 L:23733.40 C:23774.75 -> doji
[2026-04-19 00:55:17] O:23775.90 H:23800.60 L:23763.10 C:23783.15 -> spinning_top
[2026-04-19 00:55:17] O:23783.90 H:23801.25 L:23778.65 C:23793.35 -> no_pattern
[2026-04-19 00:55:18] O:23792.95 H:23794.35 L:23775.10 C:23783.80 -> no_pattern
[2026-04-19 00:55:19] O:23785.40 H:23786.55 L:23765.45 C:23781.50 -> pinbar
[2026-04-19 00:55:19] O:23781.65 H:23806.80 L:23733.40 C:23774.75 -> doji
[2026-04-19 00:55:19] O:23775.90 H:23800.60 L:23763.10 C:23783.15 -> spinning_top
[2026-04-19 00:55:19] O:23783.90 H:23801.25 L:23778.65 C:23793.35 -> no_pattern
[2026-04-19 00:55:19] O:23792.95 H:23794.35 L:23775.10 C:23783.80 -> no_pattern
[2026-04-19 00:55:19] O:23785.40 H:23786.55 L:23765.45 C:23781.50 -> pinbar
[2026-04-19 00:55:19] O:23782.50 H:23791.15 L:23768.15 C:23787.70 -> pinbar
[2026-04-19 00:55:20] O:23788.05 H:23789.10 L:23758.95 C:23766.05 -> no_pattern
[2026-04-19 00:55:20] O:24017.20 H:24024.50 L:23978.25 C:23996.50 -> no_pattern
[2026-04-19 00:55:20] O:23996.90 H:23998.05 L:23969.65 C:23973.65 -> no_pattern
[2026-04-19 00:55:20] O:23973.10 H:23985.50 L:23968.75 C:23981.85 -> no_pattern
[2026-04-19 00:55:20] O:23982.80 H:23985.20 L:23953.10 C:23963.00 -> no_pattern
[2026-04-19 00:55:20] O:23964.05 H:23988.40 L:23964.05 C:23983.65 -> no_pattern
[2026-04-19 00:55:20] O:23983.75 H:23987.65 L:23968.25 C:23973.65 -> no_pattern
[2026-04-19 00:55:20] O:23973.55 H:23976.25 L:23953.55 C:23955.75 -> no_pattern
[2026-04-19 00:55:20] O:23955.15 H:23966.05 L:23951.20 C:23956.70 -> spinning_top
[2026-04-19 00:55:20] O:23956.55 H:23979.95 L:23944.00 C:23948.25 -> shooting_star
[2026-04-19 00:55:20] O:23948.15 H:23959.80 L:23946.75 C:23953.55 -> no_pattern
[2026-04-19 00:55:20] O:23954.30 H:23985.40 L:23953.35 C:23979.35 -> no_pattern
[2026-04-19 00:55:20] O:23979.30 H:23988.80 L:23968.00 C:23978.70 -> doji
[2026-04-19 00:55:20] O:23979.45 H:23985.05 L:23971.90 C:23979.85 -> doji
[2026-04-19 00:55:20] O:23979.20 H:23988.85 L:23976.75 C:23979.00 -> doji
[2026-04-19 00:55:20] O:23977.55 H:23990.55 L:23973.85 C:23979.50 -> spinning_top
[2026-04-19 00:55:20] O:23979.65 H:24000.85 L:23977.80 C:23999.85 -> no_pattern
[2026-04-19 00:55:20] O:24000.30 H:24007.60 L:23992.45 C:23994.95 -> no_pattern
[2026-04-19 00:55:20] O:23993.80 H:24017.60 L:23972.55 C:23979.60 -> no_pattern
[2026-04-19 00:55:20] O:23979.85 H:23990.60 L:23977.85 C:23987.50 -> no_pattern
[2026-04-19 00:55:20] O:23987.65 H:23996.75 L:23984.15 C:23993.60 -> no_pattern
[2026-04-19 00:55:20] O:23993.20 H:24005.00 L:23955.75 C:23987.35 -> spinning_top
[2026-04-19 00:55:20] O:23987.70 H:24011.50 L:23987.70 C:24007.15 -> no_pattern
[2026-04-19 00:55:20] O:24007.40 H:24009.35 L:23994.70 C:24004.45 -> pinbar
[2026-04-19 00:55:20] O:24003.55 H:24008.10 L:23989.25 C:23994.85 -> no_pattern
[2026-04-19 00:55:20] O:23994.25 H:23998.10 L:23985.30 C:23992.00 -> spinning_top
[2026-04-19 00:55:20] O:23992.70 H:24002.55 L:23991.05 C:24001.25 -> no_pattern
[2026-04-19 00:55:20] O:24002.00 H:24011.65 L:23999.05 C:24009.90 -> no_pattern
[2026-04-19 00:55:20] O:24009.70 H:24018.25 L:24006.00 C:24010.60 -> doji
[2026-04-19 00:55:20] O:23908.65 H:23923.60 L:23816.45 C:23914.40 -> doji
[2026-04-19 00:55:20] O:23913.35 H:23964.20 L:23912.90 C:23952.25 -> no_pattern
[2026-04-19 00:55:20] O:23950.05 H:23982.60 L:23943.20 C:23982.00 -> no_pattern
[2026-04-19 00:55:20] O:23981.05 H:23989.75 L:23948.20 C:23949.10 -> no_pattern
[2026-04-19 00:55:20] O:23948.65 H:23951.95 L:23890.95 C:23890.95 -> no_pattern
[2026-04-19 00:55:20] O:23891.80 H:23929.35 L:23891.65 C:23894.80 -> doji
[2026-04-19 00:55:20] O:23893.50 H:23899.30 L:23861.55 C:23866.25 -> no_pattern
[2026-04-19 00:55:20] O:23866.45 H:23883.05 L:23851.15 C:23862.45 -> spinning_top
[2026-04-19 00:55:20] O:23863.00 H:23865.65 L:23809.05 C:23810.50 -> marubozu
[2026-04-19 00:55:20] O:23809.55 H:23826.00 L:23795.20 C:23805.05 -> spinning_top
[2026-04-19 00:55:20] O:23805.95 H:23806.60 L:23781.20 C:23781.35 -> marubozu
[2026-04-19 00:55:20] O:23781.70 H:23809.25 L:23760.55 C:23808.30 -> no_pattern
[2026-04-19 00:55:20] O:23808.90 H:23831.35 L:23805.70 C:23818.40 -> no_pattern
[2026-04-19 00:55:20] O:23816.60 H:23838.95 L:23807.40 C:23837.45 -> no_pattern
[2026-04-19 00:55:20] O:23837.55 H:23853.15 L:23831.70 C:23839.00 -> doji
[2026-04-19 00:55:20] O:23839.05 H:23868.95 L:23820.85 C:23863.80 -> no_pattern
[2026-04-19 00:55:20] O:23862.25 H:23871.35 L:23844.55 C:23844.55 -> no_pattern
[2026-04-19 00:55:20] O:23844.80 H:23867.55 L:23820.20 C:23827.80 -> no_pattern
[2026-04-19 00:55:20] O:23828.40 H:23861.30 L:23826.80 C:23860.05 -> marubozu
[2026-04-19 00:55:20] O:23859.75 H:23863.60 L:23841.80 C:23858.45 -> doji
[2026-04-19 00:55:20] O:23858.05 H:23872.20 L:23832.25 C:23832.80 -> no_pattern
[2026-04-19 00:55:20] O:23832.45 H:23841.15 L:23819.55 C:23822.85 -> no_pattern
[2026-04-19 00:55:20] O:23823.00 H:23826.10 L:23803.65 C:23823.80 -> doji
[2026-04-19 00:55:20] O:23823.80 H:23829.25 L:23820.15 C:23821.60 -> inverted_hammer
[2026-04-19 00:55:21] O:23821.05 H:23830.40 L:23811.25 C:23825.40 -> spinning_top
[2026-04-19 00:55:21] O:23825.95 H:23843.55 L:23820.85 C:23828.85 -> spinning_top
[2026-04-19 00:55:21] O:23827.85 H:23864.10 L:23825.95 C:23857.50 -> no_pattern
[2026-04-19 00:55:21] O:23857.55 H:23858.75 L:23828.75 C:23828.75 -> marubozu
[2026-04-19 00:55:21] O:23828.55 H:23869.50 L:23828.15 C:23868.45 -> marubozu
[2026-04-19 00:55:21] O:23868.35 H:23868.35 L:23852.00 C:23855.75 -> no_pattern
[2026-04-19 00:55:21] O:23855.60 H:23863.20 L:23829.65 C:23830.05 -> no_pattern
[2026-04-19 00:55:21] O:23829.60 H:23842.40 L:23814.20 C:23833.40 -> spinning_top
[2026-04-19 00:55:21] O:23833.60 H:23853.40 L:23832.55 C:23852.25 -> no_pattern
[2026-04-19 00:55:21] O:23851.55 H:23870.75 L:23840.45 C:23865.30 -> no_pattern
[2026-04-19 00:55:21] O:23865.25 H:23875.50 L:23844.40 C:23855.30 -> no_pattern
[2026-04-19 00:55:21] O:23852.90 H:23859.60 L:23847.70 C:23857.85 -> no_pattern
[2026-04-19 00:55:21] O:23857.80 H:23871.30 L:23845.95 C:23855.90 -> doji
[2026-04-19 00:55:21] O:23855.80 H:23867.10 L:23849.40 C:23855.20 -> doji
[2026-04-19 00:55:21] O:23855.20 H:23889.05 L:23855.20 C:23871.75 -> no_pattern
[2026-04-19 00:55:21] O:23871.75 H:23898.00 L:23871.40 C:23883.65 -> no_pattern
[2026-04-19 00:55:21] O:23884.60 H:23905.40 L:23871.80 C:23874.60 -> shooting_star
[2026-04-19 00:55:21] O:23876.20 H:23902.75 L:23875.40 C:23881.40 -> shooting_star
[2026-04-19 00:55:21] O:23880.90 H:23882.50 L:23860.25 C:23876.05 -> pinbar
[2026-04-19 00:55:21] O:23875.65 H:23902.70 L:23875.65 C:23901.05 -> no_pattern
[2026-04-19 00:55:21] O:23901.60 H:23907.30 L:23877.10 C:23881.25 -> no_pattern
[2026-04-19 00:55:21] O:23881.05 H:23884.05 L:23873.65 C:23873.65 -> no_pattern
[2026-04-19 00:55:21] O:23874.00 H:23883.85 L:23872.20 C:23879.75 -> no_pattern
[2026-04-19 00:55:21] O:23879.85 H:23881.20 L:23855.40 C:23861.80 -> no_pattern
[2026-04-19 00:55:21] O:23861.90 H:23886.90 L:23854.85 C:23879.50 -> no_pattern
[2026-04-19 00:55:21] O:23879.40 H:23883.05 L:23862.55 C:23864.55 -> no_pattern
[2026-04-19 00:55:21] O:23864.65 H:23871.45 L:23848.50 C:23851.25 -> no_pattern
[2026-04-19 00:55:21] O:23850.80 H:23867.55 L:23845.10 C:23855.70 -> spinning_top
[2026-04-19 00:55:21] O:23855.35 H:23857.50 L:23822.00 C:23824.15 -> no_pattern
[2026-04-19 00:55:21] O:23824.15 H:23826.55 L:23801.60 C:23813.00 -> no_pattern
[2026-04-19 00:55:21] O:23811.50 H:23839.40 L:23811.50 C:23831.30 -> no_pattern
[2026-04-19 00:55:21] O:23830.60 H:23843.60 L:23829.70 C:23834.65 -> shooting_star
[2026-04-19 00:55:21] O:23833.85 H:23842.60 L:23827.10 C:23828.05 -> no_pattern
[2026-04-19 00:55:21] O:23828.10 H:23834.85 L:23816.85 C:23820.95 -> no_pattern
[2026-04-19 00:55:21] O:23820.55 H:23836.95 L:23820.30 C:23821.45 -> doji
[2026-04-19 00:55:21] O:23821.25 H:23822.70 L:23804.70 C:23815.40 -> no_pattern
[2026-04-19 00:55:21] O:23815.85 H:23817.30 L:23800.95 C:23802.95 -> no_pattern
[2026-04-19 00:55:21] O:23801.60 H:23806.55 L:23767.80 C:23792.40 -> pinbar
[2026-04-19 00:55:21] O:23791.70 H:23795.10 L:23777.75 C:23787.35 -> pinbar
[2026-04-19 00:55:21] O:23786.45 H:23789.15 L:23767.90 C:23770.55 -> no_pattern
[2026-04-19 00:55:21] O:23770.45 H:23792.50 L:23759.05 C:23788.70 -> no_pattern
[2026-04-19 00:55:21] O:23789.05 H:23798.95 L:23767.65 C:23781.00 -> spinning_top
[2026-04-19 00:55:21] O:23781.05 H:23782.60 L:23760.90 C:23769.30 -> no_pattern
[2026-04-19 00:55:21] O:23768.30 H:23770.55 L:23755.85 C:23757.10 -> no_pattern
[2026-04-19 00:55:21] O:23756.95 H:23776.05 L:23740.80 C:23775.85 -> no_pattern
[2026-04-19 00:55:21] O:23777.25 H:23785.45 L:23753.50 C:23770.50 -> spinning_top
[2026-04-19 00:55:21] O:23770.35 H:23782.30 L:23768.70 C:23771.05 -> doji
[2026-04-19 00:55:21] O:23769.55 H:23777.20 L:23754.95 C:23771.55 -> doji
[2026-04-19 00:55:21] O:23770.75 H:23790.20 L:23767.75 C:23781.30 -> no_pattern
[2026-04-19 00:55:21] O:23781.45 H:23800.00 L:23766.35 C:23766.50 -> no_pattern
[2026-04-19 00:55:21] O:23766.80 H:23779.55 L:23751.80 C:23753.20 -> no_pattern
[2026-04-19 00:55:21] O:23753.45 H:23760.95 L:23746.20 C:23748.40 -> no_pattern
[2026-04-19 00:55:21] O:23748.00 H:23758.70 L:23734.10 C:23735.75 -> no_pattern
[2026-04-19 00:55:21] O:23735.95 H:23736.85 L:23715.15 C:23715.75 -> marubozu
[2026-04-19 00:55:21] O:23715.05 H:23727.15 L:23710.40 C:23718.10 -> spinning_top
[2026-04-19 00:55:21] O:23719.65 H:23721.90 L:23683.35 C:23697.15 -> no_pattern
[2026-04-19 00:55:21] O:23697.20 H:23706.90 L:23690.40 C:23695.15 -> spinning_top
[2026-04-19 00:55:21] O:23696.45 H:23724.55 L:23693.20 C:23722.40 -> no_pattern
[2026-04-19 00:55:21] O:23723.05 H:23744.90 L:23720.50 C:23727.05 -> shooting_star
[2026-04-19 00:55:21] O:23725.75 H:23748.35 L:23723.35 C:23725.60 -> doji
[2026-04-19 00:55:21] O:23724.95 H:23751.45 L:23724.50 C:23748.40 -> no_pattern
[2026-04-19 00:55:21] O:23747.75 H:23752.15 L:23733.10 C:23735.25 -> no_pattern
[2026-04-19 00:55:21] O:23735.55 H:23786.35 L:23726.90 C:23782.40 -> no_pattern
[2026-04-19 00:55:21] O:23781.65 H:23806.80 L:23733.40 C:23774.75 -> doji
[2026-04-19 00:55:21] O:23775.90 H:23800.60 L:23763.10 C:23783.15 -> spinning_top
[2026-04-19 00:55:21] O:23783.90 H:23801.25 L:23778.65 C:23793.35 -> no_pattern
[2026-04-19 00:55:21] O:23792.95 H:23794.35 L:23775.10 C:23783.80 -> no_pattern
[2026-04-19 00:55:21] O:23785.40 H:23786.55 L:23765.45 C:23781.50 -> pinbar
[2026-04-19 00:55:21] O:23782.50 H:23791.15 L:23768.15 C:23787.70 -> pinbar
[2026-04-19 00:55:21] O:23788.05 H:23789.10 L:23758.95 C:23766.05 -> no_pattern
[2026-04-19 00:55:21] O:23880.55 H:23955.40 L:23867.20 C:23942.50 -> no_pattern
[2026-04-19 00:55:21] O:23943.10 H:23978.20 L:23942.05 C:23948.50 -> shooting_star
[2026-04-19 00:55:22] O:23949.25 H:23952.60 L:23913.80 C:23913.95 -> no_pattern
[2026-04-19 00:55:23] O:23914.55 H:23947.40 L:23902.20 C:23945.55 -> no_pattern
[2026-04-19 00:55:23] O:23945.60 H:23959.50 L:23931.20 C:23943.60 -> doji
[2026-04-19 00:55:24] O:23943.20 H:23944.05 L:23921.85 C:23930.95 -> no_pattern
[2026-04-19 00:55:24] O:23943.10 H:23978.20 L:23942.05 C:23948.50 -> shooting_star
[2026-04-19 00:55:24] O:23949.25 H:23952.60 L:23913.80 C:23913.95 -> no_pattern
[2026-04-19 00:55:24] O:23914.55 H:23947.40 L:23902.20 C:23945.55 -> no_pattern
[2026-04-19 00:55:24] O:23945.60 H:23959.50 L:23931.20 C:23943.60 -> doji
[2026-04-19 00:55:24] O:23943.20 H:23944.05 L:23921.85 C:23930.95 -> no_pattern
[2026-04-19 00:55:24] O:23930.20 H:23949.25 L:23927.40 C:23948.85 -> no_pattern
[2026-04-19 00:55:25] O:23949.40 H:23966.45 L:23943.65 C:23966.45 -> no_pattern
[2026-04-19 00:55:25] O:24017.20 H:24024.50 L:23978.25 C:23996.50 -> no_pattern
[2026-04-19 00:55:25] O:23996.90 H:23998.05 L:23969.65 C:23973.65 -> no_pattern
[2026-04-19 00:55:25] O:23973.10 H:23985.50 L:23968.75 C:23981.85 -> no_pattern
[2026-04-19 00:55:25] O:23982.80 H:23985.20 L:23953.10 C:23963.00 -> no_pattern
[2026-04-19 00:55:25] O:23964.05 H:23988.40 L:23964.05 C:23983.65 -> no_pattern
[2026-04-19 00:55:25] O:23983.75 H:23987.65 L:23968.25 C:23973.65 -> no_pattern
[2026-04-19 00:55:25] O:23973.55 H:23976.25 L:23953.55 C:23955.75 -> no_pattern
[2026-04-19 00:55:25] O:23955.15 H:23966.05 L:23951.20 C:23956.70 -> spinning_top
[2026-04-19 00:55:25] O:23956.55 H:23979.95 L:23944.00 C:23948.25 -> shooting_star
[2026-04-19 00:55:25] O:23948.15 H:23959.80 L:23946.75 C:23953.55 -> no_pattern
[2026-04-19 00:55:25] O:23954.30 H:23985.40 L:23953.35 C:23979.35 -> no_pattern
[2026-04-19 00:55:25] O:23979.30 H:23988.80 L:23968.00 C:23978.70 -> doji
[2026-04-19 00:55:25] O:23979.45 H:23985.05 L:23971.90 C:23979.85 -> doji
[2026-04-19 00:55:25] O:23979.20 H:23988.85 L:23976.75 C:23979.00 -> doji
[2026-04-19 00:55:25] O:23977.55 H:23990.55 L:23973.85 C:23979.50 -> spinning_top
[2026-04-19 00:55:25] O:23979.65 H:24000.85 L:23977.80 C:23999.85 -> no_pattern
[2026-04-19 00:55:25] O:24000.30 H:24007.60 L:23992.45 C:23994.95 -> no_pattern
[2026-04-19 00:55:25] O:23993.80 H:24017.60 L:23972.55 C:23979.60 -> no_pattern
[2026-04-19 00:55:25] O:23979.85 H:23990.60 L:23977.85 C:23987.50 -> no_pattern
[2026-04-19 00:55:25] O:23987.65 H:23996.75 L:23984.15 C:23993.60 -> no_pattern
[2026-04-19 00:55:25] O:23993.20 H:24005.00 L:23955.75 C:23987.35 -> spinning_top
[2026-04-19 00:55:25] O:23987.70 H:24011.50 L:23987.70 C:24007.15 -> no_pattern
[2026-04-19 00:55:25] O:24007.40 H:24009.35 L:23994.70 C:24004.45 -> pinbar
[2026-04-19 00:55:25] O:24003.55 H:24008.10 L:23989.25 C:23994.85 -> no_pattern
[2026-04-19 00:55:25] O:23994.25 H:23998.10 L:23985.30 C:23992.00 -> spinning_top
[2026-04-19 00:55:25] O:23992.70 H:24002.55 L:23991.05 C:24001.25 -> no_pattern
[2026-04-19 00:55:25] O:24002.00 H:24011.65 L:23999.05 C:24009.90 -> no_pattern
[2026-04-19 00:55:25] O:24009.70 H:24018.25 L:24006.00 C:24010.60 -> doji
[2026-04-19 00:55:25] O:23908.65 H:23923.60 L:23816.45 C:23914.40 -> doji
[2026-04-19 00:55:25] O:23913.35 H:23964.20 L:23912.90 C:23952.25 -> no_pattern
[2026-04-19 00:55:25] O:23950.05 H:23982.60 L:23943.20 C:23982.00 -> no_pattern
[2026-04-19 00:55:25] O:23981.05 H:23989.75 L:23948.20 C:23949.10 -> no_pattern
[2026-04-19 00:55:25] O:23948.65 H:23951.95 L:23890.95 C:23890.95 -> no_pattern
[2026-04-19 00:55:26] O:23891.80 H:23929.35 L:23891.65 C:23894.80 -> doji
[2026-04-19 00:55:26] O:23893.50 H:23899.30 L:23861.55 C:23866.25 -> no_pattern
[2026-04-19 00:55:26] O:23866.45 H:23883.05 L:23851.15 C:23862.45 -> spinning_top
[2026-04-19 00:55:26] O:23863.00 H:23865.65 L:23809.05 C:23810.50 -> marubozu
[2026-04-19 00:55:26] O:23809.55 H:23826.00 L:23795.20 C:23805.05 -> spinning_top
[2026-04-19 00:55:26] O:23805.95 H:23806.60 L:23781.20 C:23781.35 -> marubozu
[2026-04-19 00:55:26] O:23781.70 H:23809.25 L:23760.55 C:23808.30 -> no_pattern
[2026-04-19 00:55:26] O:23808.90 H:23831.35 L:23805.70 C:23818.40 -> no_pattern
[2026-04-19 00:55:26] O:23816.60 H:23838.95 L:23807.40 C:23837.45 -> no_pattern
[2026-04-19 00:55:26] O:23837.55 H:23853.15 L:23831.70 C:23839.00 -> doji
[2026-04-19 00:55:26] O:23839.05 H:23868.95 L:23820.85 C:23863.80 -> no_pattern
[2026-04-19 00:55:26] O:23862.25 H:23871.35 L:23844.55 C:23844.55 -> no_pattern
[2026-04-19 00:55:26] O:23844.80 H:23867.55 L:23820.20 C:23827.80 -> no_pattern
[2026-04-19 00:55:26] O:23828.40 H:23861.30 L:23826.80 C:23860.05 -> marubozu
[2026-04-19 00:55:26] O:23859.75 H:23863.60 L:23841.80 C:23858.45 -> doji
[2026-04-19 00:55:26] O:23858.05 H:23872.20 L:23832.25 C:23832.80 -> no_pattern
[2026-04-19 00:55:26] O:23832.45 H:23841.15 L:23819.55 C:23822.85 -> no_pattern
[2026-04-19 00:55:26] O:23823.00 H:23826.10 L:23803.65 C:23823.80 -> doji
[2026-04-19 00:55:26] O:23823.80 H:23829.25 L:23820.15 C:23821.60 -> inverted_hammer
[2026-04-19 00:55:26] O:23821.05 H:23830.40 L:23811.25 C:23825.40 -> spinning_top
[2026-04-19 00:55:26] O:23825.95 H:23843.55 L:23820.85 C:23828.85 -> spinning_top
[2026-04-19 00:55:26] O:23827.85 H:23864.10 L:23825.95 C:23857.50 -> no_pattern
[2026-04-19 00:55:26] O:23857.55 H:23858.75 L:23828.75 C:23828.75 -> marubozu
[2026-04-19 00:55:26] O:23828.55 H:23869.50 L:23828.15 C:23868.45 -> marubozu
[2026-04-19 00:55:26] O:23868.35 H:23868.35 L:23852.00 C:23855.75 -> no_pattern
[2026-04-19 00:55:26] O:23855.60 H:23863.20 L:23829.65 C:23830.05 -> no_pattern
[2026-04-19 00:55:26] O:23829.60 H:23842.40 L:23814.20 C:23833.40 -> spinning_top
[2026-04-19 00:55:26] O:23833.60 H:23853.40 L:23832.55 C:23852.25 -> no_pattern
[2026-04-19 00:55:26] O:23851.55 H:23870.75 L:23840.45 C:23865.30 -> no_pattern
[2026-04-19 00:55:26] O:23865.25 H:23875.50 L:23844.40 C:23855.30 -> no_pattern
[2026-04-19 00:55:26] O:23852.90 H:23859.60 L:23847.70 C:23857.85 -> no_pattern
[2026-04-19 00:55:26] O:23857.80 H:23871.30 L:23845.95 C:23855.90 -> doji
[2026-04-19 00:55:26] O:23855.80 H:23867.10 L:23849.40 C:23855.20 -> doji
[2026-04-19 00:55:26] O:23855.20 H:23889.05 L:23855.20 C:23871.75 -> no_pattern
[2026-04-19 00:55:26] O:23871.75 H:23898.00 L:23871.40 C:23883.65 -> no_pattern
[2026-04-19 00:55:26] O:23884.60 H:23905.40 L:23871.80 C:23874.60 -> shooting_star
[2026-04-19 00:55:26] O:23876.20 H:23902.75 L:23875.40 C:23881.40 -> shooting_star
[2026-04-19 00:55:26] O:23880.90 H:23882.50 L:23860.25 C:23876.05 -> pinbar
[2026-04-19 00:55:26] O:23875.65 H:23902.70 L:23875.65 C:23901.05 -> no_pattern
[2026-04-19 00:55:26] O:23901.60 H:23907.30 L:23877.10 C:23881.25 -> no_pattern
[2026-04-19 00:55:26] O:23881.05 H:23884.05 L:23873.65 C:23873.65 -> no_pattern
[2026-04-19 00:55:26] O:23874.00 H:23883.85 L:23872.20 C:23879.75 -> no_pattern
[2026-04-19 00:55:26] O:23879.85 H:23881.20 L:23855.40 C:23861.80 -> no_pattern
[2026-04-19 00:55:26] O:23861.90 H:23886.90 L:23854.85 C:23879.50 -> no_pattern
[2026-04-19 00:55:26] O:23879.40 H:23883.05 L:23862.55 C:23864.55 -> no_pattern
[2026-04-19 00:55:26] O:23864.65 H:23871.45 L:23848.50 C:23851.25 -> no_pattern
[2026-04-19 00:55:26] O:23850.80 H:23867.55 L:23845.10 C:23855.70 -> spinning_top
[2026-04-19 00:55:26] O:23855.35 H:23857.50 L:23822.00 C:23824.15 -> no_pattern
[2026-04-19 00:55:26] O:23824.15 H:23826.55 L:23801.60 C:23813.00 -> no_pattern
[2026-04-19 00:55:26] O:23811.50 H:23839.40 L:23811.50 C:23831.30 -> no_pattern
[2026-04-19 00:55:26] O:23830.60 H:23843.60 L:23829.70 C:23834.65 -> shooting_star
[2026-04-19 00:55:26] O:23833.85 H:23842.60 L:23827.10 C:23828.05 -> no_pattern
[2026-04-19 00:55:26] O:23828.10 H:23834.85 L:23816.85 C:23820.95 -> no_pattern
[2026-04-19 00:55:26] O:23820.55 H:23836.95 L:23820.30 C:23821.45 -> doji
[2026-04-19 00:55:26] O:23821.25 H:23822.70 L:23804.70 C:23815.40 -> no_pattern
[2026-04-19 00:55:26] O:23815.85 H:23817.30 L:23800.95 C:23802.95 -> no_pattern
[2026-04-19 00:55:26] O:23801.60 H:23806.55 L:23767.80 C:23792.40 -> pinbar
[2026-04-19 00:55:26] O:23791.70 H:23795.10 L:23777.75 C:23787.35 -> pinbar
[2026-04-19 00:55:26] O:23786.45 H:23789.15 L:23767.90 C:23770.55 -> no_pattern
[2026-04-19 00:55:26] O:23770.45 H:23792.50 L:23759.05 C:23788.70 -> no_pattern
[2026-04-19 00:55:26] O:23789.05 H:23798.95 L:23767.65 C:23781.00 -> spinning_top
[2026-04-19 00:55:26] O:23781.05 H:23782.60 L:23760.90 C:23769.30 -> no_pattern
[2026-04-19 00:55:26] O:23768.30 H:23770.55 L:23755.85 C:23757.10 -> no_pattern
[2026-04-19 00:55:26] O:23756.95 H:23776.05 L:23740.80 C:23775.85 -> no_pattern
[2026-04-19 00:55:26] O:23777.25 H:23785.45 L:23753.50 C:23770.50 -> spinning_top
[2026-04-19 00:55:26] O:23770.35 H:23782.30 L:23768.70 C:23771.05 -> doji
[2026-04-19 00:55:26] O:23769.55 H:23777.20 L:23754.95 C:23771.55 -> doji
[2026-04-19 00:55:26] O:23770.75 H:23790.20 L:23767.75 C:23781.30 -> no_pattern
[2026-04-19 00:55:26] O:23781.45 H:23800.00 L:23766.35 C:23766.50 -> no_pattern
[2026-04-19 00:55:26] O:23766.80 H:23779.55 L:23751.80 C:23753.20 -> no_pattern
[2026-04-19 00:55:26] O:23753.45 H:23760.95 L:23746.20 C:23748.40 -> no_pattern
[2026-04-19 00:55:26] O:23748.00 H:23758.70 L:23734.10 C:23735.75 -> no_pattern
[2026-04-19 00:55:26] O:23735.95 H:23736.85 L:23715.15 C:23715.75 -> marubozu
[2026-04-19 00:55:26] O:23715.05 H:23727.15 L:23710.40 C:23718.10 -> spinning_top
[2026-04-19 00:55:26] O:23719.65 H:23721.90 L:23683.35 C:23697.15 -> no_pattern
[2026-04-19 00:55:26] O:23697.20 H:23706.90 L:23690.40 C:23695.15 -> spinning_top
[2026-04-19 00:55:26] O:23696.45 H:23724.55 L:23693.20 C:23722.40 -> no_pattern
[2026-04-19 00:55:26] O:23723.05 H:23744.90 L:23720.50 C:23727.05 -> shooting_star
[2026-04-19 00:55:26] O:23725.75 H:23748.35 L:23723.35 C:23725.60 -> doji
[2026-04-19 00:55:26] O:23724.95 H:23751.45 L:23724.50 C:23748.40 -> no_pattern
[2026-04-19 00:55:26] O:23747.75 H:23752.15 L:23733.10 C:23735.25 -> no_pattern
[2026-04-19 00:55:26] O:23735.55 H:23786.35 L:23726.90 C:23782.40 -> no_pattern
[2026-04-19 00:55:26] O:23781.65 H:23806.80 L:23733.40 C:23774.75 -> doji
[2026-04-19 00:55:26] O:23775.90 H:23800.60 L:23763.10 C:23783.15 -> spinning_top
[2026-04-19 00:55:26] O:23783.90 H:23801.25 L:23778.65 C:23793.35 -> no_pattern
[2026-04-19 00:55:26] O:23792.95 H:23794.35 L:23775.10 C:23783.80 -> no_pattern
[2026-04-19 00:55:26] O:23785.40 H:23786.55 L:23765.45 C:23781.50 -> pinbar
[2026-04-19 00:55:26] O:23782.50 H:23791.15 L:23768.15 C:23787.70 -> pinbar
[2026-04-19 00:55:26] O:23788.05 H:23789.10 L:23758.95 C:23766.05 -> no_pattern
[2026-04-19 00:55:26] O:23880.55 H:23955.40 L:23867.20 C:23942.50 -> no_pattern
[2026-04-19 00:55:26] O:23943.10 H:23978.20 L:23942.05 C:23948.50 -> shooting_star
[2026-04-19 00:55:26] O:23949.25 H:23952.60 L:23913.80 C:23913.95 -> no_pattern
[2026-04-19 00:55:26] O:23914.55 H:23947.40 L:23902.20 C:23945.55 -> no_pattern
[2026-04-19 00:55:26] O:23945.60 H:23959.50 L:23931.20 C:23943.60 -> doji
[2026-04-19 00:55:26] O:23943.20 H:23944.05 L:23921.85 C:23930.95 -> no_pattern
[2026-04-19 00:55:26] O:23930.20 H:23949.25 L:23927.40 C:23948.85 -> no_pattern
[2026-04-19 00:55:26] O:23949.40 H:23966.45 L:23943.65 C:23966.45 -> no_pattern
[2026-04-19 00:55:26] O:23967.75 H:23992.10 L:23967.05 C:23981.55 -> no_pattern
[2026-04-19 00:55:27] O:23981.50 H:23987.95 L:23971.25 C:23986.85 -> no_pattern
[2026-04-19 00:55:27] O:23986.65 H:23998.25 L:23980.75 C:23990.75 -> spinning_top
[2026-04-19 00:55:28] O:23992.10 H:24001.25 L:23984.20 C:23984.90 -> no_pattern
[2026-04-19 00:55:28] O:23985.35 H:23989.30 L:23916.30 C:23940.35 -> no_pattern
[2026-04-19 00:55:29] O:23939.40 H:23974.45 L:23933.90 C:23972.80 -> no_pattern
[2026-04-19 00:55:29] O:23973.80 H:23995.90 L:23972.30 C:23994.40 -> no_pattern
[2026-04-19 00:55:30] O:24017.20 H:24024.50 L:23978.25 C:23996.50 -> no_pattern
[2026-04-19 00:55:30] O:23996.90 H:23998.05 L:23969.65 C:23973.65 -> no_pattern
[2026-04-19 00:55:30] O:23973.10 H:23985.50 L:23968.75 C:23981.85 -> no_pattern
[2026-04-19 00:55:30] O:23982.80 H:23985.20 L:23953.10 C:23963.00 -> no_pattern
[2026-04-19 00:55:30] O:23964.05 H:23988.40 L:23964.05 C:23983.65 -> no_pattern
[2026-04-19 00:55:30] O:23983.75 H:23987.65 L:23968.25 C:23973.65 -> no_pattern
[2026-04-19 00:55:30] O:23973.55 H:23976.25 L:23953.55 C:23955.75 -> no_pattern
[2026-04-19 00:55:30] O:23955.15 H:23966.05 L:23951.20 C:23956.70 -> spinning_top
[2026-04-19 00:55:30] O:23956.55 H:23979.95 L:23944.00 C:23948.25 -> shooting_star
[2026-04-19 00:55:30] O:23948.15 H:23959.80 L:23946.75 C:23953.55 -> no_pattern
[2026-04-19 00:55:30] O:23954.30 H:23985.40 L:23953.35 C:23979.35 -> no_pattern
[2026-04-19 00:55:30] O:23979.30 H:23988.80 L:23968.00 C:23978.70 -> doji
[2026-04-19 00:55:30] O:23979.45 H:23985.05 L:23971.90 C:23979.85 -> doji
[2026-04-19 00:55:30] O:23979.20 H:23988.85 L:23976.75 C:23979.00 -> doji
[2026-04-19 00:55:30] O:23977.55 H:23990.55 L:23973.85 C:23979.50 -> spinning_top
[2026-04-19 00:55:30] O:23979.65 H:24000.85 L:23977.80 C:23999.85 -> no_pattern
[2026-04-19 00:55:30] O:24000.30 H:24007.60 L:23992.45 C:23994.95 -> no_pattern
[2026-04-19 00:55:30] O:23993.80 H:24017.60 L:23972.55 C:23979.60 -> no_pattern
[2026-04-19 00:55:30] O:23979.85 H:23990.60 L:23977.85 C:23987.50 -> no_pattern
[2026-04-19 00:55:30] O:23987.65 H:23996.75 L:23984.15 C:23993.60 -> no_pattern
[2026-04-19 00:55:30] O:23993.20 H:24005.00 L:23955.75 C:23987.35 -> spinning_top
[2026-04-19 00:55:30] O:23987.70 H:24011.50 L:23987.70 C:24007.15 -> no_pattern
[2026-04-19 00:55:30] O:24007.40 H:24009.35 L:23994.70 C:24004.45 -> pinbar
[2026-04-19 00:55:30] O:24003.55 H:24008.10 L:23989.25 C:23994.85 -> no_pattern
[2026-04-19 00:55:30] O:23994.25 H:23998.10 L:23985.30 C:23992.00 -> spinning_top
[2026-04-19 00:55:30] O:23992.70 H:24002.55 L:23991.05 C:24001.25 -> no_pattern
[2026-04-19 00:55:30] O:24002.00 H:24011.65 L:23999.05 C:24009.90 -> no_pattern
[2026-04-19 00:55:30] O:24009.70 H:24018.25 L:24006.00 C:24010.60 -> doji
[2026-04-19 00:55:30] O:23908.65 H:23923.60 L:23816.45 C:23914.40 -> doji
[2026-04-19 00:55:30] O:23913.35 H:23964.20 L:23912.90 C:23952.25 -> no_pattern
[2026-04-19 00:55:30] O:23950.05 H:23982.60 L:23943.20 C:23982.00 -> no_pattern
[2026-04-19 00:55:30] O:23981.05 H:23989.75 L:23948.20 C:23949.10 -> no_pattern
[2026-04-19 00:55:30] O:23948.65 H:23951.95 L:23890.95 C:23890.95 -> no_pattern
[2026-04-19 00:55:30] O:23891.80 H:23929.35 L:23891.65 C:23894.80 -> doji
[2026-04-19 00:55:30] O:23893.50 H:23899.30 L:23861.55 C:23866.25 -> no_pattern
[2026-04-19 00:55:30] O:23866.45 H:23883.05 L:23851.15 C:23862.45 -> spinning_top
[2026-04-19 00:55:30] O:23863.00 H:23865.65 L:23809.05 C:23810.50 -> marubozu
[2026-04-19 00:55:30] O:23809.55 H:23826.00 L:23795.20 C:23805.05 -> spinning_top
[2026-04-19 00:55:30] O:23805.95 H:23806.60 L:23781.20 C:23781.35 -> marubozu
[2026-04-19 00:55:30] O:23781.70 H:23809.25 L:23760.55 C:23808.30 -> no_pattern
[2026-04-19 00:55:30] O:23808.90 H:23831.35 L:23805.70 C:23818.40 -> no_pattern
[2026-04-19 00:55:30] O:23816.60 H:23838.95 L:23807.40 C:23837.45 -> no_pattern
[2026-04-19 00:55:30] O:23837.55 H:23853.15 L:23831.70 C:23839.00 -> doji
[2026-04-19 00:55:30] O:23839.05 H:23868.95 L:23820.85 C:23863.80 -> no_pattern
[2026-04-19 00:55:30] O:23862.25 H:23871.35 L:23844.55 C:23844.55 -> no_pattern
[2026-04-19 00:55:30] O:23844.80 H:23867.55 L:23820.20 C:23827.80 -> no_pattern
[2026-04-19 00:55:30] O:23828.40 H:23861.30 L:23826.80 C:23860.05 -> marubozu
[2026-04-19 00:55:30] O:23859.75 H:23863.60 L:23841.80 C:23858.45 -> doji
[2026-04-19 00:55:30] O:23858.05 H:23872.20 L:23832.25 C:23832.80 -> no_pattern
[2026-04-19 00:55:30] O:23832.45 H:23841.15 L:23819.55 C:23822.85 -> no_pattern
[2026-04-19 00:55:30] O:23823.00 H:23826.10 L:23803.65 C:23823.80 -> doji
[2026-04-19 00:55:30] O:23823.80 H:23829.25 L:23820.15 C:23821.60 -> inverted_hammer
[2026-04-19 00:55:30] O:23821.05 H:23830.40 L:23811.25 C:23825.40 -> spinning_top
[2026-04-19 00:55:30] O:23825.95 H:23843.55 L:23820.85 C:23828.85 -> spinning_top
[2026-04-19 00:55:30] O:23827.85 H:23864.10 L:23825.95 C:23857.50 -> no_pattern
[2026-04-19 00:55:30] O:23857.55 H:23858.75 L:23828.75 C:23828.75 -> marubozu
[2026-04-19 00:55:30] O:23828.55 H:23869.50 L:23828.15 C:23868.45 -> marubozu
[2026-04-19 00:55:30] O:23868.35 H:23868.35 L:23852.00 C:23855.75 -> no_pattern
[2026-04-19 00:55:30] O:23855.60 H:23863.20 L:23829.65 C:23830.05 -> no_pattern
[2026-04-19 00:55:30] O:23829.60 H:23842.40 L:23814.20 C:23833.40 -> spinning_top
[2026-04-19 00:55:30] O:23833.60 H:23853.40 L:23832.55 C:23852.25 -> no_pattern
[2026-04-19 00:55:30] O:23851.55 H:23870.75 L:23840.45 C:23865.30 -> no_pattern
[2026-04-19 00:55:30] O:23865.25 H:23875.50 L:23844.40 C:23855.30 -> no_pattern
[2026-04-19 00:55:30] O:23852.90 H:23859.60 L:23847.70 C:23857.85 -> no_pattern
[2026-04-19 00:55:30] O:23857.80 H:23871.30 L:23845.95 C:23855.90 -> doji
[2026-04-19 00:55:30] O:23855.80 H:23867.10 L:23849.40 C:23855.20 -> doji
[2026-04-19 00:55:30] O:23855.20 H:23889.05 L:23855.20 C:23871.75 -> no_pattern
[2026-04-19 00:55:30] O:23871.75 H:23898.00 L:23871.40 C:23883.65 -> no_pattern
[2026-04-19 00:55:30] O:23884.60 H:23905.40 L:23871.80 C:23874.60 -> shooting_star
[2026-04-19 00:55:30] O:23876.20 H:23902.75 L:23875.40 C:23881.40 -> shooting_star
[2026-04-19 00:55:30] O:23880.90 H:23882.50 L:23860.25 C:23876.05 -> pinbar
[2026-04-19 00:55:30] O:23875.65 H:23902.70 L:23875.65 C:23901.05 -> no_pattern
[2026-04-19 00:55:30] O:23901.60 H:23907.30 L:23877.10 C:23881.25 -> no_pattern
[2026-04-19 00:55:30] O:23881.05 H:23884.05 L:23873.65 C:23873.65 -> no_pattern
[2026-04-19 00:55:30] O:23874.00 H:23883.85 L:23872.20 C:23879.75 -> no_pattern
[2026-04-19 00:55:30] O:23879.85 H:23881.20 L:23855.40 C:23861.80 -> no_pattern
[2026-04-19 00:55:30] O:23861.90 H:23886.90 L:23854.85 C:23879.50 -> no_pattern
[2026-04-19 00:55:30] O:23879.40 H:23883.05 L:23862.55 C:23864.55 -> no_pattern
[2026-04-19 00:55:30] O:23864.65 H:23871.45 L:23848.50 C:23851.25 -> no_pattern
[2026-04-19 00:55:30] O:23850.80 H:23867.55 L:23845.10 C:23855.70 -> spinning_top
[2026-04-19 00:55:30] O:23855.35 H:23857.50 L:23822.00 C:23824.15 -> no_pattern
[2026-04-19 00:55:30] O:23824.15 H:23826.55 L:23801.60 C:23813.00 -> no_pattern
[2026-04-19 00:55:30] O:23811.50 H:23839.40 L:23811.50 C:23831.30 -> no_pattern
[2026-04-19 00:55:30] O:23830.60 H:23843.60 L:23829.70 C:23834.65 -> shooting_star
[2026-04-19 00:55:30] O:23833.85 H:23842.60 L:23827.10 C:23828.05 -> no_pattern
[2026-04-19 00:55:30] O:23828.10 H:23834.85 L:23816.85 C:23820.95 -> no_pattern
[2026-04-19 00:55:30] O:23820.55 H:23836.95 L:23820.30 C:23821.45 -> doji
[2026-04-19 00:55:30] O:23821.25 H:23822.70 L:23804.70 C:23815.40 -> no_pattern
[2026-04-19 00:55:30] O:23815.85 H:23817.30 L:23800.95 C:23802.95 -> no_pattern
[2026-04-19 00:55:30] O:23801.60 H:23806.55 L:23767.80 C:23792.40 -> pinbar
[2026-04-19 00:55:30] O:23791.70 H:23795.10 L:23777.75 C:23787.35 -> pinbar
[2026-04-19 00:55:30] O:23786.45 H:23789.15 L:23767.90 C:23770.55 -> no_pattern
[2026-04-19 00:55:30] O:23770.45 H:23792.50 L:23759.05 C:23788.70 -> no_pattern
[2026-04-19 00:55:30] O:23789.05 H:23798.95 L:23767.65 C:23781.00 -> spinning_top
[2026-04-19 00:55:30] O:23781.05 H:23782.60 L:23760.90 C:23769.30 -> no_pattern
[2026-04-19 00:55:30] O:23768.30 H:23770.55 L:23755.85 C:23757.10 -> no_pattern
[2026-04-19 00:55:30] O:23756.95 H:23776.05 L:23740.80 C:23775.85 -> no_pattern
[2026-04-19 00:55:30] O:23777.25 H:23785.45 L:23753.50 C:23770.50 -> spinning_top
[2026-04-19 00:55:30] O:23770.35 H:23782.30 L:23768.70 C:23771.05 -> doji
[2026-04-19 00:55:30] O:23769.55 H:23777.20 L:23754.95 C:23771.55 -> doji
[2026-04-19 00:55:30] O:23770.75 H:23790.20 L:23767.75 C:23781.30 -> no_pattern
[2026-04-19 00:55:30] O:23781.45 H:23800.00 L:23766.35 C:23766.50 -> no_pattern
[2026-04-19 00:55:30] O:23766.80 H:23779.55 L:23751.80 C:23753.20 -> no_pattern
[2026-04-19 00:55:30] O:23753.45 H:23760.95 L:23746.20 C:23748.40 -> no_pattern
[2026-04-19 00:55:30] O:23748.00 H:23758.70 L:23734.10 C:23735.75 -> no_pattern
[2026-04-19 00:55:30] O:23735.95 H:23736.85 L:23715.15 C:23715.75 -> marubozu
[2026-04-19 00:55:30] O:23715.05 H:23727.15 L:23710.40 C:23718.10 -> spinning_top
[2026-04-19 00:55:30] O:23719.65 H:23721.90 L:23683.35 C:23697.15 -> no_pattern
[2026-04-19 00:55:30] O:23697.20 H:23706.90 L:23690.40 C:23695.15 -> spinning_top
[2026-04-19 00:55:30] O:23696.45 H:23724.55 L:23693.20 C:23722.40 -> no_pattern
[2026-04-19 00:55:30] O:23723.05 H:23744.90 L:23720.50 C:23727.05 -> shooting_star
[2026-04-19 00:55:30] O:23725.75 H:23748.35 L:23723.35 C:23725.60 -> doji
[2026-04-19 00:55:30] O:23724.95 H:23751.45 L:23724.50 C:23748.40 -> no_pattern
[2026-04-19 00:55:30] O:23747.75 H:23752.15 L:23733.10 C:23735.25 -> no_pattern
[2026-04-19 00:55:30] O:23735.55 H:23786.35 L:23726.90 C:23782.40 -> no_pattern
[2026-04-19 00:55:30] O:23781.65 H:23806.80 L:23733.40 C:23774.75 -> doji
[2026-04-19 00:55:30] O:23775.90 H:23800.60 L:23763.10 C:23783.15 -> spinning_top
[2026-04-19 00:55:30] O:23783.90 H:23801.25 L:23778.65 C:23793.35 -> no_pattern
[2026-04-19 00:55:30] O:23792.95 H:23794.35 L:23775.10 C:23783.80 -> no_pattern
[2026-04-19 00:55:30] O:23785.40 H:23786.55 L:23765.45 C:23781.50 -> pinbar
[2026-04-19 00:55:30] O:23782.50 H:23791.15 L:23768.15 C:23787.70 -> pinbar
[2026-04-19 00:55:30] O:23788.05 H:23789.10 L:23758.95 C:23766.05 -> no_pattern
[2026-04-19 00:55:30] O:23880.55 H:23955.40 L:23867.20 C:23942.50 -> no_pattern
[2026-04-19 00:55:30] O:23943.10 H:23978.20 L:23942.05 C:23948.50 -> shooting_star
[2026-04-19 00:55:30] O:23949.25 H:23952.60 L:23913.80 C:23913.95 -> no_pattern
[2026-04-19 00:55:30] O:23914.55 H:23947.40 L:23902.20 C:23945.55 -> no_pattern
[2026-04-19 00:55:30] O:23945.60 H:23959.50 L:23931.20 C:23943.60 -> doji
[2026-04-19 00:55:30] O:23943.20 H:23944.05 L:23921.85 C:23930.95 -> no_pattern
[2026-04-19 00:55:30] O:23930.20 H:23949.25 L:23927.40 C:23948.85 -> no_pattern
[2026-04-19 00:55:30] O:23949.40 H:23966.45 L:23943.65 C:23966.45 -> no_pattern
[2026-04-19 00:55:30] O:23967.75 H:23992.10 L:23967.05 C:23981.55 -> no_pattern
[2026-04-19 00:55:30] O:23981.50 H:23987.95 L:23971.25 C:23986.85 -> no_pattern
[2026-04-19 00:55:30] O:23986.65 H:23998.25 L:23980.75 C:23990.75 -> spinning_top
[2026-04-19 00:55:30] O:23992.10 H:24001.25 L:23984.20 C:23984.90 -> no_pattern
[2026-04-19 00:55:30] O:23985.35 H:23989.30 L:23916.30 C:23940.35 -> no_pattern
[2026-04-19 00:55:30] O:23939.40 H:23974.45 L:23933.90 C:23972.80 -> no_pattern
[2026-04-19 00:55:30] O:23973.80 H:23995.90 L:23972.30 C:23994.40 -> no_pattern
[2026-04-19 00:55:30] O:23994.95 H:24018.65 L:23994.95 C:24013.25 -> no_pattern
[2026-04-19 00:55:31] O:24013.05 H:24023.95 L:24011.25 C:24017.00 -> no_pattern
[2026-04-19 00:55:32] O:24017.40 H:24035.60 L:24010.85 C:24023.95 -> spinning_top
[2026-04-19 00:55:32] O:24023.25 H:24024.60 L:24002.50 C:24019.20 -> pinbar
[2026-04-19 00:55:33] O:24019.95 H:24023.90 L:24001.00 C:24019.85 -> doji
[2026-04-19 00:55:33] O:24019.70 H:24026.10 L:24005.70 C:24006.40 -> no_pattern
[2026-04-19 00:55:34] O:24006.40 H:24017.60 L:24003.55 C:24012.35 -> no_pattern
[2026-04-19 00:55:34] O:24017.40 H:24035.60 L:24010.85 C:24023.95 -> spinning_top
[2026-04-19 00:55:34] O:24023.25 H:24024.60 L:24002.50 C:24019.20 -> pinbar
[2026-04-19 00:55:34] O:24019.95 H:24023.90 L:24001.00 C:24019.85 -> doji
[2026-04-19 00:55:34] O:24019.70 H:24026.10 L:24005.70 C:24006.40 -> no_pattern
[2026-04-19 00:55:34] O:24006.40 H:24017.60 L:24003.55 C:24012.35 -> no_pattern
[2026-04-19 00:55:34] O:24011.95 H:24015.55 L:23994.70 C:23995.35 -> no_pattern
[2026-04-19 00:55:35] O:23994.75 H:24007.35 L:23991.65 C:23991.80 -> shooting_star
[2026-04-19 00:55:35] O:23991.65 H:23994.80 L:23984.75 C:23985.70 -> no_pattern
[2026-04-19 00:55:36] O:23985.30 H:23988.25 L:23972.30 C:23986.70 -> doji
[2026-04-19 00:55:36] O:23986.60 H:24010.40 L:23986.60 C:24003.10 -> no_pattern
[2026-04-19 00:55:37] O:24002.30 H:24004.30 L:23993.95 C:23999.40 -> no_pattern
[2026-04-19 00:55:37] O:23999.80 H:24012.95 L:23996.15 C:24012.95 -> no_pattern
[2026-04-19 00:55:38] O:24012.60 H:24021.35 L:24010.10 C:24013.30 -> doji
[2026-04-19 00:55:39] O:23985.30 H:23988.25 L:23972.30 C:23986.70 -> doji
[2026-04-19 00:55:39] O:23986.60 H:24010.40 L:23986.60 C:24003.10 -> no_pattern
[2026-04-19 00:55:39] O:24002.30 H:24004.30 L:23993.95 C:23999.40 -> no_pattern
[2026-04-19 00:55:39] O:23999.80 H:24012.95 L:23996.15 C:24012.95 -> no_pattern
[2026-04-19 00:55:39] O:24012.60 H:24021.35 L:24010.10 C:24013.30 -> doji
[2026-04-19 00:55:39] O:24012.05 H:24015.35 L:23986.10 C:23986.15 -> no_pattern
[2026-04-19 00:55:39] O:23986.05 H:24001.20 L:23985.15 C:23999.65 -> no_pattern
[2026-04-19 00:55:40] O:23999.55 H:24005.25 L:23990.80 C:24002.95 -> pinbar
[2026-04-19 00:55:40] O:24017.40 H:24035.60 L:24010.85 C:24023.95 -> spinning_top
[2026-04-19 00:55:40] O:24023.25 H:24024.60 L:24002.50 C:24019.20 -> pinbar
[2026-04-19 00:55:40] O:24019.95 H:24023.90 L:24001.00 C:24019.85 -> doji
[2026-04-19 00:55:40] O:24019.70 H:24026.10 L:24005.70 C:24006.40 -> no_pattern
[2026-04-19 00:55:40] O:24006.40 H:24017.60 L:24003.55 C:24012.35 -> no_pattern
[2026-04-19 00:55:40] O:24011.95 H:24015.55 L:23994.70 C:23995.35 -> no_pattern
[2026-04-19 00:55:40] O:23994.75 H:24007.35 L:23991.65 C:23991.80 -> shooting_star
[2026-04-19 00:55:40] O:23991.65 H:23994.80 L:23984.75 C:23985.70 -> no_pattern
[2026-04-19 00:55:40] O:23985.30 H:23988.25 L:23972.30 C:23986.70 -> doji
[2026-04-19 00:55:40] O:23986.60 H:24010.40 L:23986.60 C:24003.10 -> no_pattern
[2026-04-19 00:55:40] O:24002.30 H:24004.30 L:23993.95 C:23999.40 -> no_pattern
[2026-04-19 00:55:40] O:23999.80 H:24012.95 L:23996.15 C:24012.95 -> no_pattern
[2026-04-19 00:55:40] O:24012.60 H:24021.35 L:24010.10 C:24013.30 -> doji
[2026-04-19 00:55:40] O:24012.05 H:24015.35 L:23986.10 C:23986.15 -> no_pattern
[2026-04-19 00:55:40] O:23986.05 H:24001.20 L:23985.15 C:23999.65 -> no_pattern
[2026-04-19 00:55:40] O:23999.55 H:24005.25 L:23990.80 C:24002.95 -> pinbar
[2026-04-19 00:55:40] O:24002.10 H:24003.95 L:23971.30 C:23981.85 -> no_pattern
[2026-04-19 00:55:41] O:23982.55 H:24007.40 L:23982.40 C:24004.60 -> no_pattern
[2026-04-19 00:55:41] O:24004.30 H:24006.70 L:23980.10 C:23987.25 -> no_pattern
[2026-04-19 00:55:42] O:23987.35 H:24000.85 L:23971.90 C:23975.95 -> no_pattern
[2026-04-19 00:55:43] O:23976.25 H:23988.25 L:23970.05 C:23980.60 -> spinning_top
[2026-04-19 00:55:43] O:23980.25 H:23982.55 L:23953.80 C:23982.55 -> doji
[2026-04-19 00:55:44] O:23982.70 H:23988.55 L:23976.65 C:23982.45 -> doji
[2026-04-19 00:55:44] O:23982.40 H:23995.40 L:23979.00 C:23992.30 -> no_pattern
[2026-04-19 00:55:45] O:23992.30 H:23998.20 L:23984.95 C:23997.55 -> no_pattern
[2026-04-19 00:55:45] O:23997.40 H:24012.25 L:23996.70 C:24012.25 -> marubozu
[2026-04-19 00:55:46] O:23980.25 H:23982.55 L:23953.80 C:23982.55 -> doji
[2026-04-19 00:55:46] O:23982.70 H:23988.55 L:23976.65 C:23982.45 -> doji
[2026-04-19 00:55:46] O:23982.40 H:23995.40 L:23979.00 C:23992.30 -> no_pattern
[2026-04-19 00:55:46] O:23992.30 H:23998.20 L:23984.95 C:23997.55 -> no_pattern
[2026-04-19 00:55:46] O:23997.40 H:24012.25 L:23996.70 C:24012.25 -> marubozu
[2026-04-19 00:55:46] O:24011.55 H:24019.20 L:24006.60 C:24009.85 -> spinning_top
[2026-04-19 00:55:46] O:24010.05 H:24019.55 L:24008.65 C:24009.05 -> doji
[2026-04-19 00:55:47] O:24009.10 H:24011.00 L:23991.15 C:23998.95 -> no_pattern
[2026-04-19 00:55:48] O:23998.85 H:24005.00 L:23991.75 C:23996.05 -> spinning_top
[2026-04-19 00:55:48] O:24017.40 H:24035.60 L:24010.85 C:24023.95 -> spinning_top
[2026-04-19 00:55:48] O:24023.25 H:24024.60 L:24002.50 C:24019.20 -> pinbar
[2026-04-19 00:55:48] O:24019.95 H:24023.90 L:24001.00 C:24019.85 -> doji
[2026-04-19 00:55:48] O:24019.70 H:24026.10 L:24005.70 C:24006.40 -> no_pattern
[2026-04-19 00:55:48] O:24006.40 H:24017.60 L:24003.55 C:24012.35 -> no_pattern
[2026-04-19 00:55:48] O:24011.95 H:24015.55 L:23994.70 C:23995.35 -> no_pattern
[2026-04-19 00:55:48] O:23994.75 H:24007.35 L:23991.65 C:23991.80 -> shooting_star
[2026-04-19 00:55:48] O:23991.65 H:23994.80 L:23984.75 C:23985.70 -> no_pattern
[2026-04-19 00:55:48] O:23985.30 H:23988.25 L:23972.30 C:23986.70 -> doji
[2026-04-19 00:55:48] O:23986.60 H:24010.40 L:23986.60 C:24003.10 -> no_pattern
[2026-04-19 00:55:48] O:24002.30 H:24004.30 L:23993.95 C:23999.40 -> no_pattern
[2026-04-19 00:55:48] O:23999.80 H:24012.95 L:23996.15 C:24012.95 -> no_pattern
[2026-04-19 00:55:48] O:24012.60 H:24021.35 L:24010.10 C:24013.30 -> doji
[2026-04-19 00:55:48] O:24012.05 H:24015.35 L:23986.10 C:23986.15 -> no_pattern
[2026-04-19 00:55:48] O:23986.05 H:24001.20 L:23985.15 C:23999.65 -> no_pattern
[2026-04-19 00:55:48] O:23999.55 H:24005.25 L:23990.80 C:24002.95 -> pinbar
[2026-04-19 00:55:48] O:24002.10 H:24003.95 L:23971.30 C:23981.85 -> no_pattern
[2026-04-19 00:55:48] O:23982.55 H:24007.40 L:23982.40 C:24004.60 -> no_pattern
[2026-04-19 00:55:48] O:24004.30 H:24006.70 L:23980.10 C:23987.25 -> no_pattern
[2026-04-19 00:55:48] O:23987.35 H:24000.85 L:23971.90 C:23975.95 -> no_pattern
[2026-04-19 00:55:48] O:23976.25 H:23988.25 L:23970.05 C:23980.60 -> spinning_top
[2026-04-19 00:55:48] O:23980.25 H:23982.55 L:23953.80 C:23982.55 -> doji
[2026-04-19 00:55:48] O:23982.70 H:23988.55 L:23976.65 C:23982.45 -> doji
[2026-04-19 00:55:48] O:23982.40 H:23995.40 L:23979.00 C:23992.30 -> no_pattern
[2026-04-19 00:55:48] O:23992.30 H:23998.20 L:23984.95 C:23997.55 -> no_pattern
[2026-04-19 00:55:48] O:23997.40 H:24012.25 L:23996.70 C:24012.25 -> marubozu
[2026-04-19 00:55:48] O:24011.55 H:24019.20 L:24006.60 C:24009.85 -> spinning_top
[2026-04-19 00:55:48] O:24010.05 H:24019.55 L:24008.65 C:24009.05 -> doji
[2026-04-19 00:55:48] O:24009.10 H:24011.00 L:23991.15 C:23998.95 -> no_pattern
[2026-04-19 00:55:48] O:23998.85 H:24005.00 L:23991.75 C:23996.05 -> spinning_top
[2026-04-19 00:55:48] O:23995.65 H:24032.60 L:23994.70 C:24016.00 -> no_pattern
[2026-04-19 00:55:49] O:24015.30 H:24016.95 L:23994.75 C:24009.05 -> pinbar
[2026-04-19 00:55:49] O:24008.85 H:24016.80 L:23995.30 C:23998.25 -> no_pattern
[2026-04-19 00:55:50] O:23996.00 H:24020.45 L:23996.00 C:24012.30 -> no_pattern
[2026-04-19 00:55:51] O:24011.75 H:24022.00 L:24007.35 C:24013.15 -> doji
[2026-04-19 00:55:51] O:23995.65 H:24032.60 L:23994.70 C:24016.00 -> no_pattern
[2026-04-19 00:55:51] O:24015.30 H:24016.95 L:23994.75 C:24009.05 -> pinbar
[2026-04-19 00:55:51] O:24008.85 H:24016.80 L:23995.30 C:23998.25 -> no_pattern
[2026-04-19 00:55:51] O:23996.00 H:24020.45 L:23996.00 C:24012.30 -> no_pattern
[2026-04-19 00:55:51] O:24011.75 H:24022.00 L:24007.35 C:24013.15 -> doji
[2026-04-19 00:55:51] O:24013.25 H:24016.90 L:24001.10 C:24004.70 -> no_pattern
[2026-04-19 00:55:52] O:24003.85 H:24018.95 L:23996.05 C:23997.70 -> shooting_star
[2026-04-19 00:55:52] O:23996.70 H:24011.85 L:23986.15 C:24000.75 -> spinning_top
[2026-04-19 00:55:53] O:24000.60 H:24006.20 L:23993.25 C:24006.20 -> no_pattern
[2026-04-19 00:55:53] O:24005.25 H:24014.95 L:24003.70 C:24010.25 -> no_pattern
[2026-04-19 00:55:54] O:24010.55 H:24018.55 L:24007.35 C:24016.60 -> no_pattern
[2026-04-19 00:55:54] O:24016.60 H:24021.75 L:24012.40 C:24016.85 -> doji
[2026-04-19 00:55:55] O:23996.70 H:24011.85 L:23986.15 C:24000.75 -> spinning_top
[2026-04-19 00:55:55] O:24000.60 H:24006.20 L:23993.25 C:24006.20 -> no_pattern
[2026-04-19 00:55:55] O:24005.25 H:24014.95 L:24003.70 C:24010.25 -> no_pattern
[2026-04-19 00:55:55] O:24010.55 H:24018.55 L:24007.35 C:24016.60 -> no_pattern
[2026-04-19 00:55:55] O:24016.60 H:24021.75 L:24012.40 C:24016.85 -> doji
[2026-04-19 00:55:55] O:24017.05 H:24017.60 L:23999.35 C:24002.55 -> no_pattern
[2026-04-19 00:55:56] O:24003.15 H:24010.75 L:24000.35 C:24001.05 -> shooting_star
[2026-04-19 00:55:56] O:24000.75 H:24004.00 L:23996.85 C:24002.15 -> spinning_top
[2026-04-19 00:55:57] O:24002.60 H:24009.40 L:23996.00 C:24007.85 -> no_pattern
[2026-04-19 00:55:57] O:24016.60 H:24021.75 L:24012.40 C:24016.85 -> doji
[2026-04-19 00:55:57] O:24017.05 H:24017.60 L:23999.35 C:24002.55 -> no_pattern
[2026-04-19 00:55:57] O:24003.15 H:24010.75 L:24000.35 C:24001.05 -> shooting_star
[2026-04-19 00:55:57] O:24000.75 H:24004.00 L:23996.85 C:24002.15 -> spinning_top
[2026-04-19 00:55:57] O:24002.60 H:24009.40 L:23996.00 C:24007.85 -> no_pattern
[2026-04-19 00:55:57] O:24007.30 H:24009.90 L:24000.45 C:24006.15 -> spinning_top
[2026-04-19 00:55:58] O:24006.05 H:24016.50 L:24003.60 C:24004.25 -> shooting_star
[2026-04-19 00:55:59] O:24004.10 H:24010.00 L:23999.15 C:24006.70 -> spinning_top
[2026-04-19 00:55:59] O:23980.25 H:23982.55 L:23953.80 C:23982.55 -> doji
[2026-04-19 00:55:59] O:23982.70 H:23988.55 L:23976.65 C:23982.45 -> doji
[2026-04-19 00:55:59] O:23982.40 H:23995.40 L:23979.00 C:23992.30 -> no_pattern
[2026-04-19 00:55:59] O:23992.30 H:23998.20 L:23984.95 C:23997.55 -> no_pattern
[2026-04-19 00:55:59] O:23997.40 H:24012.25 L:23996.70 C:24012.25 -> marubozu
[2026-04-19 00:55:59] O:24011.55 H:24019.20 L:24006.60 C:24009.85 -> spinning_top
[2026-04-19 00:55:59] O:24010.05 H:24019.55 L:24008.65 C:24009.05 -> doji
[2026-04-19 00:55:59] O:24009.10 H:24011.00 L:23991.15 C:23998.95 -> no_pattern
[2026-04-19 00:55:59] O:23998.85 H:24005.00 L:23991.75 C:23996.05 -> spinning_top
[2026-04-19 00:55:59] O:23995.65 H:24032.60 L:23994.70 C:24016.00 -> no_pattern
[2026-04-19 00:55:59] O:24015.30 H:24016.95 L:23994.75 C:24009.05 -> pinbar
[2026-04-19 00:55:59] O:24008.85 H:24016.80 L:23995.30 C:23998.25 -> no_pattern
[2026-04-19 00:55:59] O:23996.00 H:24020.45 L:23996.00 C:24012.30 -> no_pattern
[2026-04-19 00:55:59] O:24011.75 H:24022.00 L:24007.35 C:24013.15 -> doji
[2026-04-19 00:55:59] O:24013.25 H:24016.90 L:24001.10 C:24004.70 -> no_pattern
[2026-04-19 00:55:59] O:24003.85 H:24018.95 L:23996.05 C:23997.70 -> shooting_star
[2026-04-19 00:55:59] O:23996.70 H:24011.85 L:23986.15 C:24000.75 -> spinning_top
[2026-04-19 00:55:59] O:24000.60 H:24006.20 L:23993.25 C:24006.20 -> no_pattern
[2026-04-19 00:55:59] O:24005.25 H:24014.95 L:24003.70 C:24010.25 -> no_pattern
[2026-04-19 00:55:59] O:24010.55 H:24018.55 L:24007.35 C:24016.60 -> no_pattern
[2026-04-19 00:55:59] O:24016.60 H:24021.75 L:24012.40 C:24016.85 -> doji
[2026-04-19 00:55:59] O:24017.05 H:24017.60 L:23999.35 C:24002.55 -> no_pattern
[2026-04-19 00:55:59] O:24003.15 H:24010.75 L:24000.35 C:24001.05 -> shooting_star
[2026-04-19 00:55:59] O:24000.75 H:24004.00 L:23996.85 C:24002.15 -> spinning_top
[2026-04-19 00:55:59] O:24002.60 H:24009.40 L:23996.00 C:24007.85 -> no_pattern
[2026-04-19 00:55:59] O:24007.30 H:24009.90 L:24000.45 C:24006.15 -> spinning_top
[2026-04-19 00:55:59] O:24006.05 H:24016.50 L:24003.60 C:24004.25 -> shooting_star
[2026-04-19 00:55:59] O:24004.10 H:24010.00 L:23999.15 C:24006.70 -> spinning_top
[2026-04-19 00:55:59] O:24007.80 H:24025.70 L:24006.50 C:24022.60 -> no_pattern
[2026-04-19 00:56:00] O:24022.35 H:24030.25 L:24020.15 C:24024.35 -> spinning_top
[2026-04-19 00:56:00] O:24024.80 H:24027.80 L:24004.55 C:24005.80 -> no_pattern
[2026-04-19 00:56:01] O:24005.75 H:24021.85 L:24002.35 C:24018.60 -> no_pattern
[2026-04-19 00:56:01] O:24017.40 H:24035.60 L:24010.85 C:24023.95 -> spinning_top
[2026-04-19 00:56:01] O:24023.25 H:24024.60 L:24002.50 C:24019.20 -> pinbar
[2026-04-19 00:56:01] O:24019.95 H:24023.90 L:24001.00 C:24019.85 -> doji
[2026-04-19 00:56:01] O:24019.70 H:24026.10 L:24005.70 C:24006.40 -> no_pattern
[2026-04-19 00:56:01] O:24006.40 H:24017.60 L:24003.55 C:24012.35 -> no_pattern
[2026-04-19 00:56:01] O:24011.95 H:24015.55 L:23994.70 C:23995.35 -> no_pattern
[2026-04-19 00:56:01] O:23994.75 H:24007.35 L:23991.65 C:23991.80 -> shooting_star
[2026-04-19 00:56:01] O:23991.65 H:23994.80 L:23984.75 C:23985.70 -> no_pattern
[2026-04-19 00:56:01] O:23985.30 H:23988.25 L:23972.30 C:23986.70 -> doji
[2026-04-19 00:56:01] O:23986.60 H:24010.40 L:23986.60 C:24003.10 -> no_pattern
[2026-04-19 00:56:01] O:24002.30 H:24004.30 L:23993.95 C:23999.40 -> no_pattern
[2026-04-19 00:56:01] O:23999.80 H:24012.95 L:23996.15 C:24012.95 -> no_pattern
[2026-04-19 00:56:01] O:24012.60 H:24021.35 L:24010.10 C:24013.30 -> doji
[2026-04-19 00:56:01] O:24012.05 H:24015.35 L:23986.10 C:23986.15 -> no_pattern
[2026-04-19 00:56:02] O:23986.05 H:24001.20 L:23985.15 C:23999.65 -> no_pattern
[2026-04-19 00:56:02] O:23999.55 H:24005.25 L:23990.80 C:24002.95 -> pinbar
[2026-04-19 00:56:02] O:24002.10 H:24003.95 L:23971.30 C:23981.85 -> no_pattern
[2026-04-19 00:56:02] O:23982.55 H:24007.40 L:23982.40 C:24004.60 -> no_pattern
[2026-04-19 00:56:02] O:24004.30 H:24006.70 L:23980.10 C:23987.25 -> no_pattern
[2026-04-19 00:56:02] O:23987.35 H:24000.85 L:23971.90 C:23975.95 -> no_pattern
[2026-04-19 00:56:02] O:23976.25 H:23988.25 L:23970.05 C:23980.60 -> spinning_top
[2026-04-19 00:56:02] O:23980.25 H:23982.55 L:23953.80 C:23982.55 -> doji
[2026-04-19 00:56:02] O:23982.70 H:23988.55 L:23976.65 C:23982.45 -> doji
[2026-04-19 00:56:02] O:23982.40 H:23995.40 L:23979.00 C:23992.30 -> no_pattern
[2026-04-19 00:56:02] O:23992.30 H:23998.20 L:23984.95 C:23997.55 -> no_pattern
[2026-04-19 00:56:02] O:23997.40 H:24012.25 L:23996.70 C:24012.25 -> marubozu
[2026-04-19 00:56:02] O:24011.55 H:24019.20 L:24006.60 C:24009.85 -> spinning_top
[2026-04-19 00:56:02] O:24010.05 H:24019.55 L:24008.65 C:24009.05 -> doji
[2026-04-19 00:56:02] O:24009.10 H:24011.00 L:23991.15 C:23998.95 -> no_pattern
[2026-04-19 00:56:02] O:23998.85 H:24005.00 L:23991.75 C:23996.05 -> spinning_top
[2026-04-19 00:56:02] O:23995.65 H:24032.60 L:23994.70 C:24016.00 -> no_pattern
[2026-04-19 00:56:02] O:24015.30 H:24016.95 L:23994.75 C:24009.05 -> pinbar
[2026-04-19 00:56:02] O:24008.85 H:24016.80 L:23995.30 C:23998.25 -> no_pattern
[2026-04-19 00:56:02] O:23996.00 H:24020.45 L:23996.00 C:24012.30 -> no_pattern
[2026-04-19 00:56:02] O:24011.75 H:24022.00 L:24007.35 C:24013.15 -> doji
[2026-04-19 00:56:02] O:24013.25 H:24016.90 L:24001.10 C:24004.70 -> no_pattern
[2026-04-19 00:56:02] O:24003.85 H:24018.95 L:23996.05 C:23997.70 -> shooting_star
[2026-04-19 00:56:02] O:23996.70 H:24011.85 L:23986.15 C:24000.75 -> spinning_top
[2026-04-19 00:56:02] O:24000.60 H:24006.20 L:23993.25 C:24006.20 -> no_pattern
[2026-04-19 00:56:02] O:24005.25 H:24014.95 L:24003.70 C:24010.25 -> no_pattern
[2026-04-19 00:56:02] O:24010.55 H:24018.55 L:24007.35 C:24016.60 -> no_pattern
[2026-04-19 00:56:02] O:24016.60 H:24021.75 L:24012.40 C:24016.85 -> doji
[2026-04-19 00:56:02] O:24017.05 H:24017.60 L:23999.35 C:24002.55 -> no_pattern
[2026-04-19 00:56:02] O:24003.15 H:24010.75 L:24000.35 C:24001.05 -> shooting_star
[2026-04-19 00:56:02] O:24000.75 H:24004.00 L:23996.85 C:24002.15 -> spinning_top
[2026-04-19 00:56:02] O:24002.60 H:24009.40 L:23996.00 C:24007.85 -> no_pattern
[2026-04-19 00:56:02] O:24007.30 H:24009.90 L:24000.45 C:24006.15 -> spinning_top
[2026-04-19 00:56:02] O:24006.05 H:24016.50 L:24003.60 C:24004.25 -> shooting_star
[2026-04-19 00:56:02] O:24004.10 H:24010.00 L:23999.15 C:24006.70 -> spinning_top
[2026-04-19 00:56:02] O:24007.80 H:24025.70 L:24006.50 C:24022.60 -> no_pattern
[2026-04-19 00:56:02] O:24022.35 H:24030.25 L:24020.15 C:24024.35 -> spinning_top
[2026-04-19 00:56:02] O:24024.80 H:24027.80 L:24004.55 C:24005.80 -> no_pattern
[2026-04-19 00:56:02] O:24005.75 H:24021.85 L:24002.35 C:24018.60 -> no_pattern
[2026-04-19 00:56:02] O:24018.60 H:24034.80 L:24016.60 C:24034.40 -> no_pattern
[2026-04-19 00:56:02] O:24034.30 H:24047.85 L:24030.75 C:24031.85 -> shooting_star
[2026-04-19 00:56:03] O:24031.65 H:24037.60 L:24026.70 C:24034.55 -> spinning_top
[2026-04-19 00:56:03] O:24034.65 H:24036.90 L:24025.45 C:24030.00 -> no_pattern
[2026-04-19 00:56:04] O:24030.30 H:24046.50 L:23998.45 C:24020.10 -> spinning_top
[2026-04-19 00:56:04] O:24020.40 H:24021.80 L:23938.60 C:23995.20 -> pinbar
[2026-04-19 00:56:05] O:24034.30 H:24047.85 L:24030.75 C:24031.85 -> shooting_star
[2026-04-19 00:56:05] O:24031.65 H:24037.60 L:24026.70 C:24034.55 -> spinning_top
[2026-04-19 00:56:05] O:24034.65 H:24036.90 L:24025.45 C:24030.00 -> no_pattern
[2026-04-19 00:56:05] O:24030.30 H:24046.50 L:23998.45 C:24020.10 -> spinning_top
[2026-04-19 00:56:05] O:24020.40 H:24021.80 L:23938.60 C:23995.20 -> pinbar
[2026-04-19 00:56:05] O:23994.60 H:24010.60 L:23986.35 C:23990.40 -> shooting_star
[2026-04-19 00:56:06] O:23990.20 H:23990.95 L:23949.30 C:23965.00 -> no_pattern
[2026-04-19 00:56:06] O:23965.70 H:23979.35 L:23947.90 C:23978.20 -> no_pattern
[2026-04-19 00:56:07] O:23979.00 H:23989.90 L:23964.50 C:23964.50 -> no_pattern
[2026-04-19 00:56:07] O:24020.40 H:24021.80 L:23938.60 C:23995.20 -> pinbar
[2026-04-19 00:56:07] O:23994.60 H:24010.60 L:23986.35 C:23990.40 -> shooting_star
[2026-04-19 00:56:07] O:23990.20 H:23990.95 L:23949.30 C:23965.00 -> no_pattern
[2026-04-19 00:56:07] O:23965.70 H:23979.35 L:23947.90 C:23978.20 -> no_pattern
[2026-04-19 00:56:07] O:23979.00 H:23989.90 L:23964.50 C:23964.50 -> no_pattern
[2026-04-19 00:56:07] O:23962.85 H:23971.10 L:23947.25 C:23970.05 -> pinbar
[2026-04-19 00:56:08] O:23970.15 H:23988.35 L:23968.95 C:23986.35 -> no_pattern
[2026-04-19 00:56:08] O:23985.85 H:23993.45 L:23962.85 C:23968.25 -> no_pattern
[2026-04-19 00:56:09] O:23967.45 H:24005.50 L:23956.75 C:23994.80 -> no_pattern
[2026-04-19 00:56:10] O:23993.15 H:24006.15 L:23991.20 C:23994.85 -> spinning_top
[2026-04-19 00:56:10] O:23995.00 H:24005.65 L:23995.00 C:24003.90 -> no_pattern
[2026-04-19 00:56:11] O:24004.15 H:24024.55 L:23993.55 C:24020.95 -> no_pattern
[2026-04-19 00:56:11] O:24021.00 H:24057.10 L:24020.85 C:24047.50 -> no_pattern
[2026-04-19 00:56:12] O:24045.75 H:24067.45 L:24044.15 C:24067.45 -> no_pattern
[2026-04-19 00:56:12] O:24066.20 H:24073.80 L:24057.20 C:24057.50 -> no_pattern
[2026-04-19 00:56:13] O:24058.10 H:24061.45 L:24045.90 C:24059.30 -> doji
[2026-04-19 00:56:13] O:24059.20 H:24061.40 L:24049.65 C:24059.25 -> doji
[2026-04-19 00:56:14] O:24058.90 H:24061.05 L:24049.65 C:24056.30 -> pinbar
[2026-04-19 00:56:14] O:24056.55 H:24063.45 L:24046.20 C:24051.80 -> spinning_top
[2026-04-19 00:56:15] O:24066.20 H:24073.80 L:24057.20 C:24057.50 -> no_pattern
[2026-04-19 00:56:15] O:24058.10 H:24061.45 L:24045.90 C:24059.30 -> doji
[2026-04-19 00:56:15] O:24059.20 H:24061.40 L:24049.65 C:24059.25 -> doji
[2026-04-19 00:56:15] O:24058.90 H:24061.05 L:24049.65 C:24056.30 -> pinbar
[2026-04-19 00:56:15] O:24056.55 H:24063.45 L:24046.20 C:24051.80 -> spinning_top
[2026-04-19 00:56:15] O:23619.05 H:23693.70 L:23556.15 C:23569.80 -> no_pattern
[2026-04-19 00:56:16] O:23568.80 H:23590.30 L:23568.80 C:23580.35 -> no_pattern
[2026-04-19 00:56:16] O:23580.15 H:23604.70 L:23576.15 C:23598.75 -> no_pattern
[2026-04-19 00:56:17] O:23595.25 H:23609.85 L:23583.00 C:23590.35 -> spinning_top
[2026-04-19 00:56:17] O:23590.70 H:23618.80 L:23586.90 C:23615.55 -> no_pattern
[2026-04-19 00:56:18] O:23619.05 H:23693.70 L:23556.15 C:23569.80 -> no_pattern
[2026-04-19 00:56:18] O:23568.80 H:23590.30 L:23568.80 C:23580.35 -> no_pattern
[2026-04-19 00:56:18] O:23580.15 H:23604.70 L:23576.15 C:23598.75 -> no_pattern
[2026-04-19 00:56:18] O:23595.25 H:23609.85 L:23583.00 C:23590.35 -> spinning_top
[2026-04-19 00:56:18] O:23590.70 H:23618.80 L:23586.90 C:23615.55 -> no_pattern
[2026-04-19 00:56:18] O:23615.65 H:23615.65 L:23580.35 C:23592.10 -> no_pattern
[2026-04-19 00:56:18] O:23590.95 H:23644.00 L:23586.20 C:23627.85 -> no_pattern
[2026-04-19 00:56:19] O:23627.75 H:23639.20 L:23615.90 C:23629.95 -> doji
[2026-04-19 00:56:19] O:23630.50 H:23640.35 L:23612.45 C:23634.70 -> spinning_top
[2026-04-19 00:56:20] O:23635.05 H:23657.05 L:23627.90 C:23642.75 -> no_pattern
[2026-04-19 00:56:21] O:23643.80 H:23680.40 L:23642.15 C:23669.70 -> no_pattern
[2026-04-19 00:56:21] O:23670.30 H:23679.00 L:23653.15 C:23672.50 -> doji
[2026-04-19 00:56:22] O:23673.50 H:23679.65 L:23655.55 C:23662.90 -> no_pattern
[2026-04-19 00:56:22] O:23662.90 H:23678.35 L:23657.65 C:23671.80 -> no_pattern
[2026-04-19 00:56:23] O:23670.25 H:23682.65 L:23653.85 C:23660.05 -> no_pattern
[2026-04-19 00:56:23] O:23655.50 H:23661.35 L:23634.05 C:23661.35 -> pinbar
[2026-04-19 00:56:24] O:23662.05 H:23718.35 L:23658.85 C:23718.35 -> no_pattern
[2026-04-19 00:56:24] O:23717.60 H:23720.95 L:23702.75 C:23715.80 -> doji
[2026-04-19 00:56:25] O:23716.15 H:23732.05 L:23716.15 C:23725.90 -> no_pattern
[2026-04-19 00:56:25] O:23725.90 H:23726.05 L:23705.75 C:23715.80 -> no_pattern
[2026-04-19 00:56:26] O:23715.15 H:23719.50 L:23701.55 C:23707.20 -> no_pattern
[2026-04-19 00:56:26] O:23706.15 H:23738.25 L:23696.30 C:23700.85 -> shooting_star
[2026-04-19 00:56:27] O:23700.85 H:23743.90 L:23699.35 C:23743.40 -> marubozu
[2026-04-19 00:56:28] O:23742.40 H:23746.70 L:23728.10 C:23741.15 -> doji
[2026-04-19 00:56:28] O:23739.65 H:23753.25 L:23733.25 C:23745.70 -> no_pattern
[2026-04-19 00:56:29] O:23746.40 H:23757.65 L:23741.85 C:23743.25 -> shooting_star
[2026-04-19 00:56:29] O:23742.10 H:23743.25 L:23730.35 C:23736.50 -> no_pattern
[2026-04-19 00:56:30] O:23736.20 H:23749.55 L:23731.35 C:23739.95 -> spinning_top
[2026-04-19 00:56:30] O:23739.35 H:23752.30 L:23736.55 C:23736.90 -> shooting_star
[2026-04-19 00:56:31] O:23736.75 H:23749.80 L:23732.35 C:23743.70 -> no_pattern
[2026-04-19 00:56:31] O:23746.40 H:23757.65 L:23741.85 C:23743.25 -> shooting_star
[2026-04-19 00:56:31] O:23742.10 H:23743.25 L:23730.35 C:23736.50 -> no_pattern
[2026-04-19 00:56:31] O:23736.20 H:23749.55 L:23731.35 C:23739.95 -> spinning_top
[2026-04-19 00:56:31] O:23739.35 H:23752.30 L:23736.55 C:23736.90 -> shooting_star
[2026-04-19 00:56:31] O:23736.75 H:23749.80 L:23732.35 C:23743.70 -> no_pattern
[2026-04-19 00:56:31] O:23743.75 H:23752.00 L:23743.05 C:23748.95 -> no_pattern
[2026-04-19 00:56:32] O:23748.45 H:23756.70 L:23731.10 C:23756.70 -> pinbar
[2026-04-19 00:56:32] O:24066.20 H:24073.80 L:24057.20 C:24057.50 -> no_pattern
[2026-04-19 00:56:32] O:24058.10 H:24061.45 L:24045.90 C:24059.30 -> doji
[2026-04-19 00:56:32] O:24059.20 H:24061.40 L:24049.65 C:24059.25 -> doji
[2026-04-19 00:56:32] O:24058.90 H:24061.05 L:24049.65 C:24056.30 -> pinbar
[2026-04-19 00:56:32] O:24056.55 H:24063.45 L:24046.20 C:24051.80 -> spinning_top
[2026-04-19 00:56:33] O:23619.05 H:23693.70 L:23556.15 C:23569.80 -> no_pattern
[2026-04-19 00:56:33] O:23568.80 H:23590.30 L:23568.80 C:23580.35 -> no_pattern
[2026-04-19 00:56:33] O:23580.15 H:23604.70 L:23576.15 C:23598.75 -> no_pattern
[2026-04-19 00:56:33] O:23595.25 H:23609.85 L:23583.00 C:23590.35 -> spinning_top
[2026-04-19 00:56:33] O:23590.70 H:23618.80 L:23586.90 C:23615.55 -> no_pattern
[2026-04-19 00:56:33] O:23615.65 H:23615.65 L:23580.35 C:23592.10 -> no_pattern
[2026-04-19 00:56:33] O:23590.95 H:23644.00 L:23586.20 C:23627.85 -> no_pattern
[2026-04-19 00:56:33] O:23627.75 H:23639.20 L:23615.90 C:23629.95 -> doji
[2026-04-19 00:56:33] O:23630.50 H:23640.35 L:23612.45 C:23634.70 -> spinning_top
[2026-04-19 00:56:33] O:23635.05 H:23657.05 L:23627.90 C:23642.75 -> no_pattern
[2026-04-19 00:56:33] O:23643.80 H:23680.40 L:23642.15 C:23669.70 -> no_pattern
[2026-04-19 00:56:33] O:23670.30 H:23679.00 L:23653.15 C:23672.50 -> doji
[2026-04-19 00:56:33] O:23673.50 H:23679.65 L:23655.55 C:23662.90 -> no_pattern
[2026-04-19 00:56:33] O:23662.90 H:23678.35 L:23657.65 C:23671.80 -> no_pattern
[2026-04-19 00:56:33] O:23670.25 H:23682.65 L:23653.85 C:23660.05 -> no_pattern
[2026-04-19 00:56:33] O:23655.50 H:23661.35 L:23634.05 C:23661.35 -> pinbar
[2026-04-19 00:56:33] O:23662.05 H:23718.35 L:23658.85 C:23718.35 -> no_pattern
[2026-04-19 00:56:33] O:23717.60 H:23720.95 L:23702.75 C:23715.80 -> doji
[2026-04-19 00:56:33] O:23716.15 H:23732.05 L:23716.15 C:23725.90 -> no_pattern
[2026-04-19 00:56:33] O:23725.90 H:23726.05 L:23705.75 C:23715.80 -> no_pattern
[2026-04-19 00:56:33] O:23715.15 H:23719.50 L:23701.55 C:23707.20 -> no_pattern
[2026-04-19 00:56:33] O:23706.15 H:23738.25 L:23696.30 C:23700.85 -> shooting_star
[2026-04-19 00:56:33] O:23700.85 H:23743.90 L:23699.35 C:23743.40 -> marubozu
[2026-04-19 00:56:33] O:23742.40 H:23746.70 L:23728.10 C:23741.15 -> doji
[2026-04-19 00:56:33] O:23739.65 H:23753.25 L:23733.25 C:23745.70 -> no_pattern
[2026-04-19 00:56:33] O:23746.40 H:23757.65 L:23741.85 C:23743.25 -> shooting_star
[2026-04-19 00:56:33] O:23742.10 H:23743.25 L:23730.35 C:23736.50 -> no_pattern
[2026-04-19 00:56:33] O:23736.20 H:23749.55 L:23731.35 C:23739.95 -> spinning_top
[2026-04-19 00:56:33] O:23739.35 H:23752.30 L:23736.55 C:23736.90 -> shooting_star
[2026-04-19 00:56:33] O:23736.75 H:23749.80 L:23732.35 C:23743.70 -> no_pattern
[2026-04-19 00:56:33] O:23743.75 H:23752.00 L:23743.05 C:23748.95 -> no_pattern
[2026-04-19 00:56:33] O:23748.45 H:23756.70 L:23731.10 C:23756.70 -> pinbar
[2026-04-19 00:56:33] O:23756.25 H:23762.75 L:23741.85 C:23752.25 -> spinning_top
[2026-04-19 00:56:33] O:23751.70 H:23752.10 L:23740.10 C:23746.35 -> no_pattern
[2026-04-19 00:56:34] O:23746.55 H:23751.35 L:23729.40 C:23738.10 -> no_pattern
[2026-04-19 00:56:34] O:23738.25 H:23769.05 L:23738.25 C:23766.65 -> no_pattern
[2026-04-19 00:56:35] O:23765.80 H:23772.10 L:23752.00 C:23752.10 -> no_pattern
[2026-04-19 00:56:35] O:23751.60 H:23764.85 L:23750.75 C:23760.40 -> no_pattern
[2026-04-19 00:56:36] O:23759.95 H:23797.15 L:23758.05 C:23797.15 -> marubozu
[2026-04-19 00:56:37] O:23797.90 H:23799.90 L:23780.05 C:23798.30 -> doji
[2026-04-19 00:56:37] O:23798.30 H:23810.80 L:23791.00 C:23793.75 -> shooting_star
[2026-04-19 00:56:38] O:23794.35 H:23794.90 L:23785.20 C:23788.50 -> no_pattern
[2026-04-19 00:56:38] O:23788.70 H:23805.85 L:23786.25 C:23804.95 -> no_pattern
[2026-04-19 00:56:39] O:23805.10 H:23809.30 L:23795.70 C:23807.80 -> pinbar
[2026-04-19 00:56:39] O:23808.20 H:23816.10 L:23795.75 C:23814.60 -> no_pattern
[2026-04-19 00:56:40] O:23814.70 H:23818.70 L:23804.35 C:23808.20 -> no_pattern
[2026-04-19 00:56:40] O:23808.45 H:23822.60 L:23797.05 C:23797.05 -> no_pattern
[2026-04-19 00:56:41] O:23797.45 H:23826.90 L:23796.00 C:23825.75 -> marubozu
[2026-04-19 00:56:41] O:23827.30 H:23841.05 L:23822.00 C:23834.90 -> no_pattern
[2026-04-19 00:56:42] O:23834.05 H:23839.65 L:23823.00 C:23825.60 -> no_pattern
[2026-04-19 00:56:43] O:23827.10 H:23843.95 L:23821.50 C:23840.75 -> no_pattern
[2026-04-19 00:56:43] O:23841.45 H:23847.10 L:23825.00 C:23841.05 -> doji
[2026-04-19 00:56:44] O:23841.25 H:23842.90 L:23824.30 C:23825.55 -> no_pattern
[2026-04-19 00:56:44] O:23824.70 H:23843.90 L:23824.70 C:23840.70 -> no_pattern
[2026-04-19 00:56:45] O:23840.40 H:23845.70 L:23821.15 C:23822.15 -> no_pattern
[2026-04-19 00:56:45] O:23822.10 H:23825.15 L:23780.90 C:23817.65 -> pinbar
[2026-04-19 00:56:46] O:23841.45 H:23847.10 L:23825.00 C:23841.05 -> doji
[2026-04-19 00:56:46] O:23841.25 H:23842.90 L:23824.30 C:23825.55 -> no_pattern
[2026-04-19 00:56:46] O:23824.70 H:23843.90 L:23824.70 C:23840.70 -> no_pattern
[2026-04-19 00:56:46] O:23840.40 H:23845.70 L:23821.15 C:23822.15 -> no_pattern
[2026-04-19 00:56:46] O:23822.10 H:23825.15 L:23780.90 C:23817.65 -> pinbar
[2026-04-19 00:56:46] O:23817.35 H:23817.35 L:23789.20 C:23789.20 -> marubozu
[2026-04-19 00:56:46] O:23789.25 H:23806.60 L:23771.75 C:23803.90 -> no_pattern
[2026-04-19 00:56:47] O:23804.15 H:23817.95 L:23803.50 C:23804.75 -> doji
[2026-04-19 00:56:48] O:23804.35 H:23822.40 L:23803.40 C:23820.65 -> no_pattern
[2026-04-19 00:56:48] O:23821.25 H:23830.40 L:23805.25 C:23823.45 -> doji
[2026-04-19 00:56:49] O:23823.00 H:23839.80 L:23823.00 C:23825.65 -> shooting_star
[2026-04-19 00:56:49] O:23789.25 H:23806.60 L:23771.75 C:23803.90 -> no_pattern
[2026-04-19 00:56:49] O:23804.15 H:23817.95 L:23803.50 C:23804.75 -> doji
[2026-04-19 00:56:49] O:23804.35 H:23822.40 L:23803.40 C:23820.65 -> no_pattern
[2026-04-19 00:56:49] O:23821.25 H:23830.40 L:23805.25 C:23823.45 -> doji
[2026-04-19 00:56:49] O:23823.00 H:23839.80 L:23823.00 C:23825.65 -> shooting_star
[2026-04-19 00:56:49] O:23825.35 H:23831.25 L:23817.85 C:23817.90 -> no_pattern
[2026-04-19 00:56:50] O:23819.05 H:23831.70 L:23815.45 C:23827.85 -> no_pattern
[2026-04-19 00:56:50] O:24066.20 H:24073.80 L:24057.20 C:24057.50 -> no_pattern
[2026-04-19 00:56:50] O:24058.10 H:24061.45 L:24045.90 C:24059.30 -> doji
[2026-04-19 00:56:50] O:24059.20 H:24061.40 L:24049.65 C:24059.25 -> doji
[2026-04-19 00:56:50] O:24058.90 H:24061.05 L:24049.65 C:24056.30 -> pinbar
[2026-04-19 00:56:50] O:24056.55 H:24063.45 L:24046.20 C:24051.80 -> spinning_top
[2026-04-19 00:56:50] O:23619.05 H:23693.70 L:23556.15 C:23569.80 -> no_pattern
[2026-04-19 00:56:50] O:23568.80 H:23590.30 L:23568.80 C:23580.35 -> no_pattern
[2026-04-19 00:56:50] O:23580.15 H:23604.70 L:23576.15 C:23598.75 -> no_pattern
[2026-04-19 00:56:50] O:23595.25 H:23609.85 L:23583.00 C:23590.35 -> spinning_top
[2026-04-19 00:56:50] O:23590.70 H:23618.80 L:23586.90 C:23615.55 -> no_pattern
[2026-04-19 00:56:50] O:23615.65 H:23615.65 L:23580.35 C:23592.10 -> no_pattern
[2026-04-19 00:56:50] O:23590.95 H:23644.00 L:23586.20 C:23627.85 -> no_pattern
[2026-04-19 00:56:50] O:23627.75 H:23639.20 L:23615.90 C:23629.95 -> doji
[2026-04-19 00:56:51] O:23630.50 H:23640.35 L:23612.45 C:23634.70 -> spinning_top
[2026-04-19 00:56:51] O:23635.05 H:23657.05 L:23627.90 C:23642.75 -> no_pattern
[2026-04-19 00:56:51] O:23643.80 H:23680.40 L:23642.15 C:23669.70 -> no_pattern
[2026-04-19 00:56:51] O:23670.30 H:23679.00 L:23653.15 C:23672.50 -> doji
[2026-04-19 00:56:51] O:23673.50 H:23679.65 L:23655.55 C:23662.90 -> no_pattern
[2026-04-19 00:56:51] O:23662.90 H:23678.35 L:23657.65 C:23671.80 -> no_pattern
[2026-04-19 00:56:51] O:23670.25 H:23682.65 L:23653.85 C:23660.05 -> no_pattern
[2026-04-19 00:56:51] O:23655.50 H:23661.35 L:23634.05 C:23661.35 -> pinbar
[2026-04-19 00:56:51] O:23662.05 H:23718.35 L:23658.85 C:23718.35 -> no_pattern
[2026-04-19 00:56:51] O:23717.60 H:23720.95 L:23702.75 C:23715.80 -> doji
[2026-04-19 00:56:51] O:23716.15 H:23732.05 L:23716.15 C:23725.90 -> no_pattern
[2026-04-19 00:56:51] O:23725.90 H:23726.05 L:23705.75 C:23715.80 -> no_pattern
[2026-04-19 00:56:51] O:23715.15 H:23719.50 L:23701.55 C:23707.20 -> no_pattern
[2026-04-19 00:56:51] O:23706.15 H:23738.25 L:23696.30 C:23700.85 -> shooting_star
[2026-04-19 00:56:51] O:23700.85 H:23743.90 L:23699.35 C:23743.40 -> marubozu
[2026-04-19 00:56:51] O:23742.40 H:23746.70 L:23728.10 C:23741.15 -> doji
[2026-04-19 00:56:51] O:23739.65 H:23753.25 L:23733.25 C:23745.70 -> no_pattern
[2026-04-19 00:56:51] O:23746.40 H:23757.65 L:23741.85 C:23743.25 -> shooting_star
[2026-04-19 00:56:51] O:23742.10 H:23743.25 L:23730.35 C:23736.50 -> no_pattern
[2026-04-19 00:56:51] O:23736.20 H:23749.55 L:23731.35 C:23739.95 -> spinning_top
[2026-04-19 00:56:51] O:23739.35 H:23752.30 L:23736.55 C:23736.90 -> shooting_star
[2026-04-19 00:56:51] O:23736.75 H:23749.80 L:23732.35 C:23743.70 -> no_pattern
[2026-04-19 00:56:51] O:23743.75 H:23752.00 L:23743.05 C:23748.95 -> no_pattern
[2026-04-19 00:56:51] O:23748.45 H:23756.70 L:23731.10 C:23756.70 -> pinbar
[2026-04-19 00:56:51] O:23756.25 H:23762.75 L:23741.85 C:23752.25 -> spinning_top
[2026-04-19 00:56:51] O:23751.70 H:23752.10 L:23740.10 C:23746.35 -> no_pattern
[2026-04-19 00:56:51] O:23746.55 H:23751.35 L:23729.40 C:23738.10 -> no_pattern
[2026-04-19 00:56:51] O:23738.25 H:23769.05 L:23738.25 C:23766.65 -> no_pattern
[2026-04-19 00:56:51] O:23765.80 H:23772.10 L:23752.00 C:23752.10 -> no_pattern
[2026-04-19 00:56:51] O:23751.60 H:23764.85 L:23750.75 C:23760.40 -> no_pattern
[2026-04-19 00:56:51] O:23759.95 H:23797.15 L:23758.05 C:23797.15 -> marubozu
[2026-04-19 00:56:51] O:23797.90 H:23799.90 L:23780.05 C:23798.30 -> doji
[2026-04-19 00:56:51] O:23798.30 H:23810.80 L:23791.00 C:23793.75 -> shooting_star
[2026-04-19 00:56:51] O:23794.35 H:23794.90 L:23785.20 C:23788.50 -> no_pattern
[2026-04-19 00:56:51] O:23788.70 H:23805.85 L:23786.25 C:23804.95 -> no_pattern
[2026-04-19 00:56:51] O:23805.10 H:23809.30 L:23795.70 C:23807.80 -> pinbar
[2026-04-19 00:56:51] O:23808.20 H:23816.10 L:23795.75 C:23814.60 -> no_pattern
[2026-04-19 00:56:51] O:23814.70 H:23818.70 L:23804.35 C:23808.20 -> no_pattern
[2026-04-19 00:56:51] O:23808.45 H:23822.60 L:23797.05 C:23797.05 -> no_pattern
[2026-04-19 00:56:51] O:23797.45 H:23826.90 L:23796.00 C:23825.75 -> marubozu
[2026-04-19 00:56:51] O:23827.30 H:23841.05 L:23822.00 C:23834.90 -> no_pattern
[2026-04-19 00:56:51] O:23834.05 H:23839.65 L:23823.00 C:23825.60 -> no_pattern
[2026-04-19 00:56:51] O:23827.10 H:23843.95 L:23821.50 C:23840.75 -> no_pattern
[2026-04-19 00:56:51] O:23841.45 H:23847.10 L:23825.00 C:23841.05 -> doji
[2026-04-19 00:56:51] O:23841.25 H:23842.90 L:23824.30 C:23825.55 -> no_pattern
[2026-04-19 00:56:51] O:23824.70 H:23843.90 L:23824.70 C:23840.70 -> no_pattern
[2026-04-19 00:56:51] O:23840.40 H:23845.70 L:23821.15 C:23822.15 -> no_pattern
[2026-04-19 00:56:51] O:23822.10 H:23825.15 L:23780.90 C:23817.65 -> pinbar
[2026-04-19 00:56:51] O:23817.35 H:23817.35 L:23789.20 C:23789.20 -> marubozu
[2026-04-19 00:56:51] O:23789.25 H:23806.60 L:23771.75 C:23803.90 -> no_pattern
[2026-04-19 00:56:51] O:23804.15 H:23817.95 L:23803.50 C:23804.75 -> doji
[2026-04-19 00:56:51] O:23804.35 H:23822.40 L:23803.40 C:23820.65 -> no_pattern
[2026-04-19 00:56:51] O:23821.25 H:23830.40 L:23805.25 C:23823.45 -> doji
[2026-04-19 00:56:51] O:23823.00 H:23839.80 L:23823.00 C:23825.65 -> shooting_star
[2026-04-19 00:56:51] O:23825.35 H:23831.25 L:23817.85 C:23817.90 -> no_pattern
[2026-04-19 00:56:51] O:23819.05 H:23831.70 L:23815.45 C:23827.85 -> no_pattern
[2026-04-19 00:56:51] O:23827.00 H:23853.90 L:23825.60 C:23846.00 -> no_pattern
[2026-04-19 00:56:51] O:23845.95 H:23856.50 L:23839.25 C:23844.30 -> doji
[2026-04-19 00:56:52] O:23843.80 H:23847.30 L:23829.05 C:23830.25 -> no_pattern
[2026-04-19 00:56:52] O:23830.60 H:23844.30 L:23830.60 C:23833.80 -> shooting_star
[2026-04-19 00:56:53] O:23834.55 H:23844.65 L:23832.20 C:23842.20 -> no_pattern
[2026-04-19 00:56:53] O:23841.35 H:23882.55 L:23838.00 C:23881.80 -> no_pattern
[2026-04-19 00:56:54] O:23882.45 H:23905.65 L:23878.45 C:23894.60 -> no_pattern
[2026-04-19 00:56:55] O:23895.25 H:23897.70 L:23884.30 C:23884.65 -> no_pattern
[2026-04-19 00:56:55] O:23884.95 H:23889.15 L:23862.50 C:23863.30 -> no_pattern
[2026-04-19 00:56:56] O:23863.20 H:23873.55 L:23844.10 C:23845.85 -> no_pattern
[2026-04-19 00:56:56] O:23846.90 H:23854.50 L:23835.20 C:23854.50 -> no_pattern
[2026-04-19 00:56:57] O:23882.45 H:23905.65 L:23878.45 C:23894.60 -> no_pattern
[2026-04-19 00:56:57] O:23895.25 H:23897.70 L:23884.30 C:23884.65 -> no_pattern
[2026-04-19 00:56:57] O:23884.95 H:23889.15 L:23862.50 C:23863.30 -> no_pattern
[2026-04-19 00:56:57] O:23863.20 H:23873.55 L:23844.10 C:23845.85 -> no_pattern
[2026-04-19 00:56:57] O:23846.90 H:23854.50 L:23835.20 C:23854.50 -> no_pattern
[2026-04-19 00:56:57] O:23854.75 H:23865.25 L:23834.60 C:23848.85 -> spinning_top
[2026-04-19 00:56:57] O:23848.40 H:23867.90 L:23843.05 C:23866.65 -> no_pattern
[2026-04-19 00:56:58] O:23866.20 H:23877.95 L:23856.20 C:23877.95 -> no_pattern
[2026-04-19 00:56:59] O:23877.30 H:23889.35 L:23865.45 C:23889.05 -> no_pattern
[2026-04-19 00:56:59] O:23888.70 H:23892.75 L:23878.55 C:23881.05 -> no_pattern
[2026-04-19 00:57:00] O:23854.75 H:23865.25 L:23834.60 C:23848.85 -> spinning_top
[2026-04-19 00:57:00] O:23848.40 H:23867.90 L:23843.05 C:23866.65 -> no_pattern
[2026-04-19 00:57:00] O:23866.20 H:23877.95 L:23856.20 C:23877.95 -> no_pattern
[2026-04-19 00:57:00] O:23877.30 H:23889.35 L:23865.45 C:23889.05 -> no_pattern
[2026-04-19 00:57:00] O:23888.70 H:23892.75 L:23878.55 C:23881.05 -> no_pattern
[2026-04-19 00:57:00] O:23881.90 H:23897.45 L:23873.90 C:23891.15 -> no_pattern
[2026-04-19 00:57:00] O:23892.00 H:23893.00 L:23864.20 C:23865.40 -> marubozu
[2026-04-19 00:57:01] O:23865.80 H:23880.90 L:23854.60 C:23872.00 -> spinning_top
[2026-04-19 00:57:01] O:23872.25 H:23888.25 L:23866.45 C:23879.65 -> no_pattern
[2026-04-19 00:57:02] O:23879.45 H:23891.75 L:23870.90 C:23881.80 -> spinning_top
[2026-04-19 00:57:02] O:23881.90 H:23897.45 L:23873.90 C:23891.15 -> no_pattern
[2026-04-19 00:57:03] O:23892.00 H:23893.00 L:23864.20 C:23865.40 -> marubozu
[2026-04-19 00:57:03] O:23865.80 H:23880.90 L:23854.60 C:23872.00 -> spinning_top
[2026-04-19 00:57:03] O:23872.25 H:23888.25 L:23866.45 C:23879.65 -> no_pattern
[2026-04-19 00:57:03] O:23879.45 H:23891.75 L:23870.90 C:23881.80 -> spinning_top
[2026-04-19 00:57:03] O:23882.85 H:23897.40 L:23880.50 C:23894.95 -> no_pattern
[2026-04-19 00:57:03] O:23882.45 H:23905.65 L:23878.45 C:23894.60 -> no_pattern
[2026-04-19 00:57:03] O:23895.25 H:23897.70 L:23884.30 C:23884.65 -> no_pattern
[2026-04-19 00:57:03] O:23884.95 H:23889.15 L:23862.50 C:23863.30 -> no_pattern
[2026-04-19 00:57:03] O:23863.20 H:23873.55 L:23844.10 C:23845.85 -> no_pattern
[2026-04-19 00:57:03] O:23846.90 H:23854.50 L:23835.20 C:23854.50 -> no_pattern
[2026-04-19 00:57:03] O:23854.75 H:23865.25 L:23834.60 C:23848.85 -> spinning_top
[2026-04-19 00:57:03] O:23848.40 H:23867.90 L:23843.05 C:23866.65 -> no_pattern
[2026-04-19 00:57:03] O:23866.20 H:23877.95 L:23856.20 C:23877.95 -> no_pattern
[2026-04-19 00:57:03] O:23877.30 H:23889.35 L:23865.45 C:23889.05 -> no_pattern
[2026-04-19 00:57:03] O:23888.70 H:23892.75 L:23878.55 C:23881.05 -> no_pattern
[2026-04-19 00:57:03] O:23881.90 H:23897.45 L:23873.90 C:23891.15 -> no_pattern
[2026-04-19 00:57:03] O:23892.00 H:23893.00 L:23864.20 C:23865.40 -> marubozu
[2026-04-19 00:57:03] O:23865.80 H:23880.90 L:23854.60 C:23872.00 -> spinning_top
[2026-04-19 00:57:03] O:23872.25 H:23888.25 L:23866.45 C:23879.65 -> no_pattern
[2026-04-19 00:57:03] O:23879.45 H:23891.75 L:23870.90 C:23881.80 -> spinning_top
[2026-04-19 00:57:03] O:23882.85 H:23897.40 L:23880.50 C:23894.95 -> no_pattern
[2026-04-19 00:57:03] O:23895.80 H:23896.35 L:23822.25 C:23871.65 -> pinbar
[2026-04-19 00:57:04] O:23869.05 H:23888.20 L:23824.35 C:23864.15 -> doji
[2026-04-19 00:57:04] O:23864.10 H:23865.00 L:23828.80 C:23838.05 -> no_pattern
[2026-04-19 00:57:05] O:23838.45 H:23857.25 L:23826.40 C:23845.40 -> spinning_top
[2026-04-19 00:57:06] O:23843.65 H:23847.00 L:23822.45 C:23838.25 -> pinbar
[2026-04-19 00:57:06] O:23836.40 H:23839.95 L:23819.35 C:23824.25 -> no_pattern
[2026-04-19 00:57:07] O:23824.25 H:23826.00 L:23816.15 C:23820.55 -> no_pattern
[2026-04-19 00:57:07] O:23819.65 H:23827.80 L:23814.65 C:23818.90 -> doji
[2026-04-19 00:57:08] O:24166.10 H:24266.70 L:24166.10 C:24231.45 -> no_pattern
[2026-04-19 00:57:08] O:24230.30 H:24235.30 L:24211.50 C:24218.45 -> no_pattern
[2026-04-19 00:57:09] O:24217.00 H:24225.75 L:24203.15 C:24207.05 -> no_pattern
[2026-04-19 00:57:09] O:24207.85 H:24210.85 L:24176.35 C:24183.25 -> no_pattern
[2026-04-19 00:57:10] O:24182.55 H:24187.15 L:24164.15 C:24168.90 -> no_pattern
[2026-04-19 00:57:10] O:24166.10 H:24266.70 L:24166.10 C:24231.45 -> no_pattern
[2026-04-19 00:57:10] O:24230.30 H:24235.30 L:24211.50 C:24218.45 -> no_pattern
[2026-04-19 00:57:10] O:24217.00 H:24225.75 L:24203.15 C:24207.05 -> no_pattern
[2026-04-19 00:57:10] O:24207.85 H:24210.85 L:24176.35 C:24183.25 -> no_pattern
[2026-04-19 00:57:10] O:24182.55 H:24187.15 L:24164.15 C:24168.90 -> no_pattern
[2026-04-19 00:57:10] O:24168.05 H:24179.85 L:24147.90 C:24147.95 -> no_pattern
[2026-04-19 00:57:11] O:24147.70 H:24189.95 L:24146.70 C:24187.15 -> no_pattern
[2026-04-19 00:57:12] O:24187.00 H:24225.20 L:24186.40 C:24223.05 -> no_pattern
[2026-04-19 00:57:12] O:24223.05 H:24224.90 L:24186.70 C:24188.65 -> no_pattern
[2026-04-19 00:57:13] O:24188.00 H:24219.90 L:24188.00 C:24212.65 -> no_pattern
[2026-04-19 00:57:13] O:24213.15 H:24224.55 L:24205.05 C:24208.80 -> inverted_hammer
[2026-04-19 00:57:14] O:24147.70 H:24189.95 L:24146.70 C:24187.15 -> no_pattern
[2026-04-19 00:57:14] O:24187.00 H:24225.20 L:24186.40 C:24223.05 -> no_pattern
[2026-04-19 00:57:14] O:24223.05 H:24224.90 L:24186.70 C:24188.65 -> no_pattern
[2026-04-19 00:57:14] O:24188.00 H:24219.90 L:24188.00 C:24212.65 -> no_pattern
[2026-04-19 00:57:14] O:24213.15 H:24224.55 L:24205.05 C:24208.80 -> inverted_hammer
[2026-04-19 00:57:14] O:24208.50 H:24230.60 L:24207.80 C:24216.00 -> no_pattern
[2026-04-19 00:57:14] O:24216.55 H:24242.80 L:24216.55 C:24242.70 -> marubozu
[2026-04-19 00:57:15] O:24243.10 H:24251.40 L:24233.00 C:24251.10 -> no_pattern
[2026-04-19 00:57:15] O:24251.20 H:24253.35 L:24239.65 C:24241.65 -> no_pattern
[2026-04-19 00:57:16] O:24241.55 H:24257.65 L:24241.55 C:24254.95 -> no_pattern
[2026-04-19 00:57:17] O:24255.95 H:24265.50 L:24249.85 C:24261.05 -> no_pattern
[2026-04-19 00:57:17] O:24261.95 H:24272.55 L:24255.65 C:24260.50 -> doji
[2026-04-19 00:57:18] O:24260.35 H:24273.15 L:24256.00 C:24271.40 -> no_pattern
[2026-04-19 00:57:18] O:24270.95 H:24271.45 L:24256.20 C:24259.45 -> no_pattern
[2026-04-19 00:57:19] O:24260.15 H:24263.00 L:24244.90 C:24252.05 -> no_pattern
[2026-04-19 00:57:19] O:24252.05 H:24253.00 L:24242.10 C:24249.95 -> pinbar
[2026-04-19 00:57:20] O:24250.05 H:24251.45 L:24235.45 C:24247.60 -> pinbar
[2026-04-19 00:57:20] O:24260.35 H:24273.15 L:24256.00 C:24271.40 -> no_pattern
[2026-04-19 00:57:20] O:24270.95 H:24271.45 L:24256.20 C:24259.45 -> no_pattern
[2026-04-19 00:57:20] O:24260.15 H:24263.00 L:24244.90 C:24252.05 -> no_pattern
[2026-04-19 00:57:20] O:24252.05 H:24253.00 L:24242.10 C:24249.95 -> pinbar
[2026-04-19 00:57:20] O:24250.05 H:24251.45 L:24235.45 C:24247.60 -> pinbar
[2026-04-19 00:57:20] O:24247.00 H:24255.75 L:24226.60 C:24227.75 -> no_pattern
[2026-04-19 00:57:21] O:24227.05 H:24230.85 L:24208.80 C:24223.40 -> spinning_top
[2026-04-19 00:57:21] O:24223.50 H:24233.80 L:24219.40 C:24221.50 -> spinning_top
[2026-04-19 00:57:22] O:24222.15 H:24224.65 L:24203.80 C:24212.40 -> no_pattern
[2026-04-19 00:57:23] O:24212.35 H:24212.35 L:24195.65 C:24198.75 -> no_pattern
[2026-04-19 00:57:23] O:24198.30 H:24201.65 L:24178.60 C:24179.60 -> no_pattern
[2026-04-19 00:57:24] O:24179.00 H:24192.90 L:24177.60 C:24184.25 -> no_pattern
[2026-04-19 00:57:24] O:24184.50 H:24207.50 L:24174.50 C:24195.50 -> no_pattern
[2026-04-19 00:57:25] O:24195.55 H:24206.50 L:24185.95 C:24196.80 -> doji
[2026-04-19 00:57:25] O:24196.90 H:24202.25 L:24178.80 C:24178.85 -> no_pattern
[2026-04-19 00:57:26] O:24180.05 H:24196.10 L:24179.50 C:24188.85 -> no_pattern
[2026-04-19 00:57:26] O:24189.15 H:24191.65 L:24184.65 C:24189.00 -> doji
[2026-04-19 00:57:27] O:24184.50 H:24207.50 L:24174.50 C:24195.50 -> no_pattern
[2026-04-19 00:57:27] O:24195.55 H:24206.50 L:24185.95 C:24196.80 -> doji
[2026-04-19 00:57:27] O:24196.90 H:24202.25 L:24178.80 C:24178.85 -> no_pattern
[2026-04-19 00:57:27] O:24180.05 H:24196.10 L:24179.50 C:24188.85 -> no_pattern
[2026-04-19 00:57:27] O:24189.15 H:24191.65 L:24184.65 C:24189.00 -> doji
[2026-04-19 00:57:27] O:24189.10 H:24202.80 L:24188.75 C:24200.00 -> no_pattern
[2026-04-19 00:57:28] O:24199.70 H:24206.45 L:24194.05 C:24203.55 -> no_pattern
[2026-04-19 00:57:28] O:24203.75 H:24213.05 L:24202.45 C:24204.40 -> doji
[2026-04-19 00:57:29] O:24205.25 H:24223.05 L:24202.15 C:24219.60 -> no_pattern
[2026-04-19 00:57:29] O:24219.65 H:24226.25 L:24215.45 C:24222.60 -> spinning_top
[2026-04-19 00:57:30] O:24221.90 H:24224.30 L:24214.05 C:24214.85 -> no_pattern
[2026-04-19 00:57:30] O:24214.85 H:24226.95 L:24214.30 C:24225.15 -> no_pattern
[2026-04-19 00:57:31] O:24224.65 H:24232.90 L:24220.70 C:24224.75 -> doji
[2026-04-19 00:57:31] O:24224.95 H:24233.30 L:24220.75 C:24232.40 -> no_pattern
[2026-04-19 00:57:32] O:24232.20 H:24234.95 L:24224.10 C:24226.85 -> no_pattern
[2026-04-19 00:57:33] O:24227.00 H:24235.65 L:24215.85 C:24217.65 -> no_pattern
[2026-04-19 00:57:33] O:24217.70 H:24222.80 L:24200.40 C:24203.80 -> no_pattern
[2026-04-19 00:57:34] O:24203.25 H:24225.75 L:24202.70 C:24223.70 -> no_pattern
[2026-04-19 00:57:34] O:24223.70 H:24230.80 L:24214.10 C:24214.55 -> no_pattern
[2026-04-19 00:57:35] O:24214.60 H:24220.70 L:24213.05 C:24217.60 -> no_pattern
[2026-04-19 00:57:35] O:24227.00 H:24235.65 L:24215.85 C:24217.65 -> no_pattern
[2026-04-19 00:57:35] O:24217.70 H:24222.80 L:24200.40 C:24203.80 -> no_pattern
[2026-04-19 00:57:35] O:24203.25 H:24225.75 L:24202.70 C:24223.70 -> no_pattern
[2026-04-19 00:57:35] O:24223.70 H:24230.80 L:24214.10 C:24214.55 -> no_pattern
[2026-04-19 00:57:35] O:24214.60 H:24220.70 L:24213.05 C:24217.60 -> no_pattern
[2026-04-19 00:57:35] O:24217.40 H:24235.10 L:24215.15 C:24234.45 -> no_pattern
[2026-04-19 00:57:36] O:24260.35 H:24273.15 L:24256.00 C:24271.40 -> no_pattern
[2026-04-19 00:57:36] O:24270.95 H:24271.45 L:24256.20 C:24259.45 -> no_pattern
[2026-04-19 00:57:36] O:24260.15 H:24263.00 L:24244.90 C:24252.05 -> no_pattern
[2026-04-19 00:57:36] O:24252.05 H:24253.00 L:24242.10 C:24249.95 -> pinbar
[2026-04-19 00:57:36] O:24250.05 H:24251.45 L:24235.45 C:24247.60 -> pinbar
[2026-04-19 00:57:36] O:24247.00 H:24255.75 L:24226.60 C:24227.75 -> no_pattern
[2026-04-19 00:57:36] O:24227.05 H:24230.85 L:24208.80 C:24223.40 -> spinning_top
[2026-04-19 00:57:36] O:24223.50 H:24233.80 L:24219.40 C:24221.50 -> spinning_top
[2026-04-19 00:57:36] O:24222.15 H:24224.65 L:24203.80 C:24212.40 -> no_pattern
[2026-04-19 00:57:36] O:24212.35 H:24212.35 L:24195.65 C:24198.75 -> no_pattern
[2026-04-19 00:57:36] O:24198.30 H:24201.65 L:24178.60 C:24179.60 -> no_pattern
[2026-04-19 00:57:36] O:24179.00 H:24192.90 L:24177.60 C:24184.25 -> no_pattern
[2026-04-19 00:57:36] O:24184.50 H:24207.50 L:24174.50 C:24195.50 -> no_pattern
[2026-04-19 00:57:36] O:24195.55 H:24206.50 L:24185.95 C:24196.80 -> doji
[2026-04-19 00:57:36] O:24196.90 H:24202.25 L:24178.80 C:24178.85 -> no_pattern
[2026-04-19 00:57:36] O:24180.05 H:24196.10 L:24179.50 C:24188.85 -> no_pattern
[2026-04-19 00:57:36] O:24189.15 H:24191.65 L:24184.65 C:24189.00 -> doji
[2026-04-19 00:57:36] O:24189.10 H:24202.80 L:24188.75 C:24200.00 -> no_pattern
[2026-04-19 00:57:36] O:24199.70 H:24206.45 L:24194.05 C:24203.55 -> no_pattern
[2026-04-19 00:57:36] O:24203.75 H:24213.05 L:24202.45 C:24204.40 -> doji
[2026-04-19 00:57:36] O:24205.25 H:24223.05 L:24202.15 C:24219.60 -> no_pattern
[2026-04-19 00:57:36] O:24219.65 H:24226.25 L:24215.45 C:24222.60 -> spinning_top
[2026-04-19 00:57:36] O:24221.90 H:24224.30 L:24214.05 C:24214.85 -> no_pattern
[2026-04-19 00:57:36] O:24214.85 H:24226.95 L:24214.30 C:24225.15 -> no_pattern
[2026-04-19 00:57:36] O:24224.65 H:24232.90 L:24220.70 C:24224.75 -> doji
[2026-04-19 00:57:36] O:24224.95 H:24233.30 L:24220.75 C:24232.40 -> no_pattern
[2026-04-19 00:57:36] O:24232.20 H:24234.95 L:24224.10 C:24226.85 -> no_pattern
[2026-04-19 00:57:36] O:24227.00 H:24235.65 L:24215.85 C:24217.65 -> no_pattern
[2026-04-19 00:57:36] O:24217.70 H:24222.80 L:24200.40 C:24203.80 -> no_pattern
[2026-04-19 00:57:36] O:24203.25 H:24225.75 L:24202.70 C:24223.70 -> no_pattern
[2026-04-19 00:57:36] O:24223.70 H:24230.80 L:24214.10 C:24214.55 -> no_pattern
[2026-04-19 00:57:36] O:24214.60 H:24220.70 L:24213.05 C:24217.60 -> no_pattern
[2026-04-19 00:57:36] O:24217.40 H:24235.10 L:24215.15 C:24234.45 -> no_pattern
[2026-04-19 00:57:36] O:24234.25 H:24236.65 L:24217.80 C:24218.25 -> no_pattern
[2026-04-19 00:57:37] O:24218.50 H:24234.85 L:24216.10 C:24228.00 -> no_pattern
[2026-04-19 00:57:37] O:24228.05 H:24230.15 L:24210.00 C:24220.35 -> no_pattern
[2026-04-19 00:57:38] O:24220.55 H:24234.80 L:24203.95 C:24214.30 -> spinning_top
[2026-04-19 00:57:38] O:24213.65 H:24219.10 L:24208.10 C:24208.75 -> no_pattern
[2026-04-19 00:57:39] O:24234.25 H:24236.65 L:24217.80 C:24218.25 -> no_pattern
[2026-04-19 00:57:39] O:24218.50 H:24234.85 L:24216.10 C:24228.00 -> no_pattern
[2026-04-19 00:57:39] O:24228.05 H:24230.15 L:24210.00 C:24220.35 -> no_pattern
[2026-04-19 00:57:39] O:24220.55 H:24234.80 L:24203.95 C:24214.30 -> spinning_top
[2026-04-19 00:57:39] O:24213.65 H:24219.10 L:24208.10 C:24208.75 -> no_pattern
[2026-04-19 00:57:39] O:24209.65 H:24217.10 L:24200.20 C:24216.55 -> no_pattern
[2026-04-19 00:57:39] O:24216.75 H:24217.75 L:24206.40 C:24207.25 -> no_pattern
[2026-04-19 00:57:40] O:24207.00 H:24214.85 L:24203.35 C:24214.50 -> no_pattern
[2026-04-19 00:57:41] O:24214.75 H:24222.75 L:24213.25 C:24220.55 -> no_pattern
[2026-04-19 00:57:41] O:24220.65 H:24231.95 L:24215.95 C:24228.30 -> no_pattern
[2026-04-19 00:57:42] O:24260.35 H:24273.15 L:24256.00 C:24271.40 -> no_pattern
[2026-04-19 00:57:42] O:24270.95 H:24271.45 L:24256.20 C:24259.45 -> no_pattern
[2026-04-19 00:57:42] O:24260.15 H:24263.00 L:24244.90 C:24252.05 -> no_pattern
[2026-04-19 00:57:42] O:24252.05 H:24253.00 L:24242.10 C:24249.95 -> pinbar
[2026-04-19 00:57:42] O:24250.05 H:24251.45 L:24235.45 C:24247.60 -> pinbar
[2026-04-19 00:57:42] O:24247.00 H:24255.75 L:24226.60 C:24227.75 -> no_pattern
[2026-04-19 00:57:42] O:24227.05 H:24230.85 L:24208.80 C:24223.40 -> spinning_top
[2026-04-19 00:57:42] O:24223.50 H:24233.80 L:24219.40 C:24221.50 -> spinning_top
[2026-04-19 00:57:42] O:24222.15 H:24224.65 L:24203.80 C:24212.40 -> no_pattern
[2026-04-19 00:57:42] O:24212.35 H:24212.35 L:24195.65 C:24198.75 -> no_pattern
[2026-04-19 00:57:42] O:24198.30 H:24201.65 L:24178.60 C:24179.60 -> no_pattern
[2026-04-19 00:57:42] O:24179.00 H:24192.90 L:24177.60 C:24184.25 -> no_pattern
[2026-04-19 00:57:42] O:24184.50 H:24207.50 L:24174.50 C:24195.50 -> no_pattern
[2026-04-19 00:57:42] O:24195.55 H:24206.50 L:24185.95 C:24196.80 -> doji
[2026-04-19 00:57:42] O:24196.90 H:24202.25 L:24178.80 C:24178.85 -> no_pattern
[2026-04-19 00:57:42] O:24180.05 H:24196.10 L:24179.50 C:24188.85 -> no_pattern
[2026-04-19 00:57:42] O:24189.15 H:24191.65 L:24184.65 C:24189.00 -> doji
[2026-04-19 00:57:42] O:24189.10 H:24202.80 L:24188.75 C:24200.00 -> no_pattern
[2026-04-19 00:57:42] O:24199.70 H:24206.45 L:24194.05 C:24203.55 -> no_pattern
[2026-04-19 00:57:42] O:24203.75 H:24213.05 L:24202.45 C:24204.40 -> doji
[2026-04-19 00:57:42] O:24205.25 H:24223.05 L:24202.15 C:24219.60 -> no_pattern
[2026-04-19 00:57:42] O:24219.65 H:24226.25 L:24215.45 C:24222.60 -> spinning_top
[2026-04-19 00:57:42] O:24221.90 H:24224.30 L:24214.05 C:24214.85 -> no_pattern
[2026-04-19 00:57:42] O:24214.85 H:24226.95 L:24214.30 C:24225.15 -> no_pattern
[2026-04-19 00:57:42] O:24224.65 H:24232.90 L:24220.70 C:24224.75 -> doji
[2026-04-19 00:57:42] O:24224.95 H:24233.30 L:24220.75 C:24232.40 -> no_pattern
[2026-04-19 00:57:42] O:24232.20 H:24234.95 L:24224.10 C:24226.85 -> no_pattern
[2026-04-19 00:57:42] O:24227.00 H:24235.65 L:24215.85 C:24217.65 -> no_pattern
[2026-04-19 00:57:42] O:24217.70 H:24222.80 L:24200.40 C:24203.80 -> no_pattern
[2026-04-19 00:57:42] O:24203.25 H:24225.75 L:24202.70 C:24223.70 -> no_pattern
[2026-04-19 00:57:42] O:24223.70 H:24230.80 L:24214.10 C:24214.55 -> no_pattern
[2026-04-19 00:57:42] O:24214.60 H:24220.70 L:24213.05 C:24217.60 -> no_pattern
[2026-04-19 00:57:42] O:24217.40 H:24235.10 L:24215.15 C:24234.45 -> no_pattern
[2026-04-19 00:57:42] O:24234.25 H:24236.65 L:24217.80 C:24218.25 -> no_pattern
[2026-04-19 00:57:42] O:24218.50 H:24234.85 L:24216.10 C:24228.00 -> no_pattern
[2026-04-19 00:57:42] O:24228.05 H:24230.15 L:24210.00 C:24220.35 -> no_pattern
[2026-04-19 00:57:42] O:24220.55 H:24234.80 L:24203.95 C:24214.30 -> spinning_top
[2026-04-19 00:57:42] O:24213.65 H:24219.10 L:24208.10 C:24208.75 -> no_pattern
[2026-04-19 00:57:42] O:24209.65 H:24217.10 L:24200.20 C:24216.55 -> no_pattern
[2026-04-19 00:57:42] O:24216.75 H:24217.75 L:24206.40 C:24207.25 -> no_pattern
[2026-04-19 00:57:42] O:24207.00 H:24214.85 L:24203.35 C:24214.50 -> no_pattern
[2026-04-19 00:57:42] O:24214.75 H:24222.75 L:24213.25 C:24220.55 -> no_pattern
[2026-04-19 00:57:42] O:24220.65 H:24231.95 L:24215.95 C:24228.30 -> no_pattern
[2026-04-19 00:57:42] O:24228.05 H:24238.55 L:24205.45 C:24208.20 -> no_pattern
[2026-04-19 00:57:43] O:24208.15 H:24214.10 L:24187.75 C:24198.70 -> no_pattern
[2026-04-19 00:57:43] O:24199.15 H:24203.90 L:24191.50 C:24192.55 -> no_pattern
[2026-04-19 00:57:44] O:24192.95 H:24222.45 L:24192.95 C:24213.30 -> no_pattern
[2026-04-19 00:57:44] O:24213.20 H:24223.30 L:24207.90 C:24209.05 -> shooting_star
[2026-04-19 00:57:45] O:24228.05 H:24238.55 L:24205.45 C:24208.20 -> no_pattern
[2026-04-19 00:57:45] O:24208.15 H:24214.10 L:24187.75 C:24198.70 -> no_pattern
[2026-04-19 00:57:45] O:24199.15 H:24203.90 L:24191.50 C:24192.55 -> no_pattern
[2026-04-19 00:57:45] O:24192.95 H:24222.45 L:24192.95 C:24213.30 -> no_pattern
[2026-04-19 00:57:45] O:24213.20 H:24223.30 L:24207.90 C:24209.05 -> shooting_star
[2026-04-19 00:57:45] O:24209.25 H:24217.35 L:24191.25 C:24214.00 -> pinbar
[2026-04-19 00:57:45] O:24208.15 H:24214.10 L:24187.75 C:24198.70 -> no_pattern
[2026-04-19 00:57:45] O:24199.15 H:24203.90 L:24191.50 C:24192.55 -> no_pattern
[2026-04-19 00:57:45] O:24192.95 H:24222.45 L:24192.95 C:24213.30 -> no_pattern
[2026-04-19 00:57:45] O:24213.20 H:24223.30 L:24207.90 C:24209.05 -> shooting_star
[2026-04-19 00:57:45] O:24209.25 H:24217.35 L:24191.25 C:24214.00 -> pinbar
[2026-04-19 00:57:45] O:24213.90 H:24221.30 L:24209.15 C:24209.60 -> no_pattern
[2026-04-19 00:57:46] O:24209.75 H:24210.55 L:24199.05 C:24209.50 -> doji
[2026-04-19 00:57:47] O:24209.80 H:24211.60 L:24194.35 C:24201.10 -> no_pattern
[2026-04-19 00:57:47] O:24200.40 H:24218.20 L:24199.40 C:24216.40 -> no_pattern
[2026-04-19 00:57:48] O:24216.70 H:24228.00 L:24215.95 C:24224.55 -> no_pattern
[2026-04-19 00:57:48] O:24224.30 H:24230.40 L:24221.45 C:24227.10 -> no_pattern
[2026-04-19 00:57:49] O:24226.75 H:24230.90 L:24220.20 C:24222.05 -> no_pattern
[2026-04-19 00:57:49] O:24222.75 H:24238.10 L:24219.50 C:24226.60 -> shooting_star
[2026-04-19 00:57:50] O:24227.05 H:24231.60 L:24219.20 C:24222.45 -> no_pattern
[2026-04-19 00:57:51] O:24260.35 H:24273.15 L:24256.00 C:24271.40 -> no_pattern
[2026-04-19 00:57:51] O:24270.95 H:24271.45 L:24256.20 C:24259.45 -> no_pattern
[2026-04-19 00:57:51] O:24260.15 H:24263.00 L:24244.90 C:24252.05 -> no_pattern
[2026-04-19 00:57:51] O:24252.05 H:24253.00 L:24242.10 C:24249.95 -> pinbar
[2026-04-19 00:57:51] O:24250.05 H:24251.45 L:24235.45 C:24247.60 -> pinbar
[2026-04-19 00:57:51] O:24247.00 H:24255.75 L:24226.60 C:24227.75 -> no_pattern
[2026-04-19 00:57:51] O:24227.05 H:24230.85 L:24208.80 C:24223.40 -> spinning_top
[2026-04-19 00:57:51] O:24223.50 H:24233.80 L:24219.40 C:24221.50 -> spinning_top
[2026-04-19 00:57:51] O:24222.15 H:24224.65 L:24203.80 C:24212.40 -> no_pattern
[2026-04-19 00:57:51] O:24212.35 H:24212.35 L:24195.65 C:24198.75 -> no_pattern
[2026-04-19 00:57:51] O:24198.30 H:24201.65 L:24178.60 C:24179.60 -> no_pattern
[2026-04-19 00:57:51] O:24179.00 H:24192.90 L:24177.60 C:24184.25 -> no_pattern
[2026-04-19 00:57:51] O:24184.50 H:24207.50 L:24174.50 C:24195.50 -> no_pattern
[2026-04-19 00:57:51] O:24195.55 H:24206.50 L:24185.95 C:24196.80 -> doji
[2026-04-19 00:57:51] O:24196.90 H:24202.25 L:24178.80 C:24178.85 -> no_pattern
[2026-04-19 00:57:51] O:24180.05 H:24196.10 L:24179.50 C:24188.85 -> no_pattern
[2026-04-19 00:57:51] O:24189.15 H:24191.65 L:24184.65 C:24189.00 -> doji
[2026-04-19 00:57:51] O:24189.10 H:24202.80 L:24188.75 C:24200.00 -> no_pattern
[2026-04-19 00:57:51] O:24199.70 H:24206.45 L:24194.05 C:24203.55 -> no_pattern
[2026-04-19 00:57:51] O:24203.75 H:24213.05 L:24202.45 C:24204.40 -> doji
[2026-04-19 00:57:51] O:24205.25 H:24223.05 L:24202.15 C:24219.60 -> no_pattern
[2026-04-19 00:57:51] O:24219.65 H:24226.25 L:24215.45 C:24222.60 -> spinning_top
[2026-04-19 00:57:51] O:24221.90 H:24224.30 L:24214.05 C:24214.85 -> no_pattern
[2026-04-19 00:57:51] O:24214.85 H:24226.95 L:24214.30 C:24225.15 -> no_pattern
[2026-04-19 00:57:51] O:24224.65 H:24232.90 L:24220.70 C:24224.75 -> doji
[2026-04-19 00:57:51] O:24224.95 H:24233.30 L:24220.75 C:24232.40 -> no_pattern
[2026-04-19 00:57:51] O:24232.20 H:24234.95 L:24224.10 C:24226.85 -> no_pattern
[2026-04-19 00:57:51] O:24227.00 H:24235.65 L:24215.85 C:24217.65 -> no_pattern
[2026-04-19 00:57:51] O:24217.70 H:24222.80 L:24200.40 C:24203.80 -> no_pattern
[2026-04-19 00:57:51] O:24203.25 H:24225.75 L:24202.70 C:24223.70 -> no_pattern
[2026-04-19 00:57:51] O:24223.70 H:24230.80 L:24214.10 C:24214.55 -> no_pattern
[2026-04-19 00:57:51] O:24214.60 H:24220.70 L:24213.05 C:24217.60 -> no_pattern
[2026-04-19 00:57:51] O:24217.40 H:24235.10 L:24215.15 C:24234.45 -> no_pattern
[2026-04-19 00:57:51] O:24234.25 H:24236.65 L:24217.80 C:24218.25 -> no_pattern
[2026-04-19 00:57:51] O:24218.50 H:24234.85 L:24216.10 C:24228.00 -> no_pattern
[2026-04-19 00:57:51] O:24228.05 H:24230.15 L:24210.00 C:24220.35 -> no_pattern
[2026-04-19 00:57:51] O:24220.55 H:24234.80 L:24203.95 C:24214.30 -> spinning_top
[2026-04-19 00:57:51] O:24213.65 H:24219.10 L:24208.10 C:24208.75 -> no_pattern
[2026-04-19 00:57:51] O:24209.65 H:24217.10 L:24200.20 C:24216.55 -> no_pattern
[2026-04-19 00:57:51] O:24216.75 H:24217.75 L:24206.40 C:24207.25 -> no_pattern
[2026-04-19 00:57:51] O:24207.00 H:24214.85 L:24203.35 C:24214.50 -> no_pattern
[2026-04-19 00:57:51] O:24214.75 H:24222.75 L:24213.25 C:24220.55 -> no_pattern
[2026-04-19 00:57:51] O:24220.65 H:24231.95 L:24215.95 C:24228.30 -> no_pattern
[2026-04-19 00:57:51] O:24228.05 H:24238.55 L:24205.45 C:24208.20 -> no_pattern
[2026-04-19 00:57:51] O:24208.15 H:24214.10 L:24187.75 C:24198.70 -> no_pattern
[2026-04-19 00:57:51] O:24199.15 H:24203.90 L:24191.50 C:24192.55 -> no_pattern
[2026-04-19 00:57:51] O:24192.95 H:24222.45 L:24192.95 C:24213.30 -> no_pattern
[2026-04-19 00:57:51] O:24213.20 H:24223.30 L:24207.90 C:24209.05 -> shooting_star
[2026-04-19 00:57:51] O:24209.25 H:24217.35 L:24191.25 C:24214.00 -> pinbar
[2026-04-19 00:57:51] O:24213.90 H:24221.30 L:24209.15 C:24209.60 -> no_pattern
[2026-04-19 00:57:51] O:24209.75 H:24210.55 L:24199.05 C:24209.50 -> doji
[2026-04-19 00:57:51] O:24209.80 H:24211.60 L:24194.35 C:24201.10 -> no_pattern
[2026-04-19 00:57:51] O:24200.40 H:24218.20 L:24199.40 C:24216.40 -> no_pattern
[2026-04-19 00:57:51] O:24216.70 H:24228.00 L:24215.95 C:24224.55 -> no_pattern
[2026-04-19 00:57:51] O:24224.30 H:24230.40 L:24221.45 C:24227.10 -> no_pattern
[2026-04-19 00:57:51] O:24226.75 H:24230.90 L:24220.20 C:24222.05 -> no_pattern
[2026-04-19 00:57:51] O:24222.75 H:24238.10 L:24219.50 C:24226.60 -> shooting_star
[2026-04-19 00:57:51] O:24227.05 H:24231.60 L:24219.20 C:24222.45 -> no_pattern
[2026-04-19 00:57:51] O:24222.50 H:24242.25 L:24222.20 C:24231.25 -> no_pattern
[2026-04-19 00:57:52] O:24230.55 H:24232.70 L:24214.40 C:24232.70 -> pinbar
[2026-04-19 00:57:52] O:24232.00 H:24237.90 L:24226.95 C:24233.80 -> spinning_top
[2026-04-19 00:57:53] O:24233.60 H:24236.95 L:24229.15 C:24234.65 -> spinning_top
[2026-04-19 00:57:53] O:24235.10 H:24236.55 L:24220.15 C:24220.65 -> no_pattern
[2026-04-19 00:57:54] O:24222.50 H:24242.25 L:24222.20 C:24231.25 -> no_pattern
[2026-04-19 00:57:54] O:24230.55 H:24232.70 L:24214.40 C:24232.70 -> pinbar
[2026-04-19 00:57:54] O:24232.00 H:24237.90 L:24226.95 C:24233.80 -> spinning_top
[2026-04-19 00:57:54] O:24233.60 H:24236.95 L:24229.15 C:24234.65 -> spinning_top
[2026-04-19 00:57:54] O:24235.10 H:24236.55 L:24220.15 C:24220.65 -> no_pattern
[2026-04-19 00:57:54] O:24220.25 H:24235.35 L:24220.25 C:24233.85 -> no_pattern
[2026-04-19 00:57:54] O:24230.55 H:24232.70 L:24214.40 C:24232.70 -> pinbar
[2026-04-19 00:57:54] O:24232.00 H:24237.90 L:24226.95 C:24233.80 -> spinning_top
[2026-04-19 00:57:54] O:24233.60 H:24236.95 L:24229.15 C:24234.65 -> spinning_top
[2026-04-19 00:57:54] O:24235.10 H:24236.55 L:24220.15 C:24220.65 -> no_pattern
[2026-04-19 00:57:54] O:24220.25 H:24235.35 L:24220.25 C:24233.85 -> no_pattern
[2026-04-19 00:57:54] O:24233.85 H:24237.40 L:24230.75 C:24234.25 -> doji
[2026-04-19 00:57:55] O:24260.35 H:24273.15 L:24256.00 C:24271.40 -> no_pattern
[2026-04-19 00:57:55] O:24270.95 H:24271.45 L:24256.20 C:24259.45 -> no_pattern
[2026-04-19 00:57:55] O:24260.15 H:24263.00 L:24244.90 C:24252.05 -> no_pattern
[2026-04-19 00:57:55] O:24252.05 H:24253.00 L:24242.10 C:24249.95 -> pinbar
[2026-04-19 00:57:55] O:24250.05 H:24251.45 L:24235.45 C:24247.60 -> pinbar
[2026-04-19 00:57:55] O:24247.00 H:24255.75 L:24226.60 C:24227.75 -> no_pattern
[2026-04-19 00:57:55] O:24227.05 H:24230.85 L:24208.80 C:24223.40 -> spinning_top
[2026-04-19 00:57:55] O:24223.50 H:24233.80 L:24219.40 C:24221.50 -> spinning_top
[2026-04-19 00:57:55] O:24222.15 H:24224.65 L:24203.80 C:24212.40 -> no_pattern
[2026-04-19 00:57:55] O:24212.35 H:24212.35 L:24195.65 C:24198.75 -> no_pattern
[2026-04-19 00:57:55] O:24198.30 H:24201.65 L:24178.60 C:24179.60 -> no_pattern
[2026-04-19 00:57:55] O:24179.00 H:24192.90 L:24177.60 C:24184.25 -> no_pattern
[2026-04-19 00:57:55] O:24184.50 H:24207.50 L:24174.50 C:24195.50 -> no_pattern
[2026-04-19 00:57:55] O:24195.55 H:24206.50 L:24185.95 C:24196.80 -> doji
[2026-04-19 00:57:55] O:24196.90 H:24202.25 L:24178.80 C:24178.85 -> no_pattern
[2026-04-19 00:57:55] O:24180.05 H:24196.10 L:24179.50 C:24188.85 -> no_pattern
[2026-04-19 00:57:55] O:24189.15 H:24191.65 L:24184.65 C:24189.00 -> doji
[2026-04-19 00:57:55] O:24189.10 H:24202.80 L:24188.75 C:24200.00 -> no_pattern
[2026-04-19 00:57:55] O:24199.70 H:24206.45 L:24194.05 C:24203.55 -> no_pattern
[2026-04-19 00:57:55] O:24203.75 H:24213.05 L:24202.45 C:24204.40 -> doji
[2026-04-19 00:57:55] O:24205.25 H:24223.05 L:24202.15 C:24219.60 -> no_pattern
[2026-04-19 00:57:55] O:24219.65 H:24226.25 L:24215.45 C:24222.60 -> spinning_top
[2026-04-19 00:57:55] O:24221.90 H:24224.30 L:24214.05 C:24214.85 -> no_pattern
[2026-04-19 00:57:55] O:24214.85 H:24226.95 L:24214.30 C:24225.15 -> no_pattern
[2026-04-19 00:57:55] O:24224.65 H:24232.90 L:24220.70 C:24224.75 -> doji
[2026-04-19 00:57:55] O:24224.95 H:24233.30 L:24220.75 C:24232.40 -> no_pattern
[2026-04-19 00:57:55] O:24232.20 H:24234.95 L:24224.10 C:24226.85 -> no_pattern
[2026-04-19 00:57:55] O:24227.00 H:24235.65 L:24215.85 C:24217.65 -> no_pattern
[2026-04-19 00:57:55] O:24217.70 H:24222.80 L:24200.40 C:24203.80 -> no_pattern
[2026-04-19 00:57:55] O:24203.25 H:24225.75 L:24202.70 C:24223.70 -> no_pattern
[2026-04-19 00:57:55] O:24223.70 H:24230.80 L:24214.10 C:24214.55 -> no_pattern
[2026-04-19 00:57:55] O:24214.60 H:24220.70 L:24213.05 C:24217.60 -> no_pattern
[2026-04-19 00:57:55] O:24217.40 H:24235.10 L:24215.15 C:24234.45 -> no_pattern
[2026-04-19 00:57:55] O:24234.25 H:24236.65 L:24217.80 C:24218.25 -> no_pattern
[2026-04-19 00:57:55] O:24218.50 H:24234.85 L:24216.10 C:24228.00 -> no_pattern
[2026-04-19 00:57:55] O:24228.05 H:24230.15 L:24210.00 C:24220.35 -> no_pattern
[2026-04-19 00:57:55] O:24220.55 H:24234.80 L:24203.95 C:24214.30 -> spinning_top
[2026-04-19 00:57:55] O:24213.65 H:24219.10 L:24208.10 C:24208.75 -> no_pattern
[2026-04-19 00:57:55] O:24209.65 H:24217.10 L:24200.20 C:24216.55 -> no_pattern
[2026-04-19 00:57:55] O:24216.75 H:24217.75 L:24206.40 C:24207.25 -> no_pattern
[2026-04-19 00:57:55] O:24207.00 H:24214.85 L:24203.35 C:24214.50 -> no_pattern
[2026-04-19 00:57:55] O:24214.75 H:24222.75 L:24213.25 C:24220.55 -> no_pattern
[2026-04-19 00:57:55] O:24220.65 H:24231.95 L:24215.95 C:24228.30 -> no_pattern
[2026-04-19 00:57:55] O:24228.05 H:24238.55 L:24205.45 C:24208.20 -> no_pattern
[2026-04-19 00:57:55] O:24208.15 H:24214.10 L:24187.75 C:24198.70 -> no_pattern
[2026-04-19 00:57:55] O:24199.15 H:24203.90 L:24191.50 C:24192.55 -> no_pattern
[2026-04-19 00:57:55] O:24192.95 H:24222.45 L:24192.95 C:24213.30 -> no_pattern
[2026-04-19 00:57:55] O:24213.20 H:24223.30 L:24207.90 C:24209.05 -> shooting_star
[2026-04-19 00:57:55] O:24209.25 H:24217.35 L:24191.25 C:24214.00 -> pinbar
[2026-04-19 00:57:55] O:24213.90 H:24221.30 L:24209.15 C:24209.60 -> no_pattern
[2026-04-19 00:57:55] O:24209.75 H:24210.55 L:24199.05 C:24209.50 -> doji
[2026-04-19 00:57:55] O:24209.80 H:24211.60 L:24194.35 C:24201.10 -> no_pattern
[2026-04-19 00:57:55] O:24200.40 H:24218.20 L:24199.40 C:24216.40 -> no_pattern
[2026-04-19 00:57:55] O:24216.70 H:24228.00 L:24215.95 C:24224.55 -> no_pattern
[2026-04-19 00:57:55] O:24224.30 H:24230.40 L:24221.45 C:24227.10 -> no_pattern
[2026-04-19 00:57:55] O:24226.75 H:24230.90 L:24220.20 C:24222.05 -> no_pattern
[2026-04-19 00:57:55] O:24222.75 H:24238.10 L:24219.50 C:24226.60 -> shooting_star
[2026-04-19 00:57:55] O:24227.05 H:24231.60 L:24219.20 C:24222.45 -> no_pattern
[2026-04-19 00:57:55] O:24222.50 H:24242.25 L:24222.20 C:24231.25 -> no_pattern
[2026-04-19 00:57:55] O:24230.55 H:24232.70 L:24214.40 C:24232.70 -> pinbar
[2026-04-19 00:57:55] O:24232.00 H:24237.90 L:24226.95 C:24233.80 -> spinning_top
[2026-04-19 00:57:55] O:24233.60 H:24236.95 L:24229.15 C:24234.65 -> spinning_top
[2026-04-19 00:57:55] O:24235.10 H:24236.55 L:24220.15 C:24220.65 -> no_pattern
[2026-04-19 00:57:55] O:24220.25 H:24235.35 L:24220.25 C:24233.85 -> no_pattern
[2026-04-19 00:57:55] O:24233.85 H:24237.40 L:24230.75 C:24234.25 -> doji
[2026-04-19 00:57:55] O:24234.35 H:24245.65 L:24233.45 C:24238.25 -> no_pattern
[2026-04-19 00:57:56] O:24238.05 H:24262.75 L:24238.05 C:24250.45 -> no_pattern
[2026-04-19 00:57:56] O:24250.50 H:24256.90 L:24240.20 C:24256.10 -> no_pattern
[2026-04-19 00:57:57] O:24256.80 H:24265.75 L:24235.65 C:24243.05 -> no_pattern
[2026-04-19 00:57:58] O:24244.40 H:24249.55 L:24241.85 C:24246.20 -> spinning_top
[2026-04-19 00:57:58] O:24246.40 H:24246.95 L:24229.50 C:24240.75 -> no_pattern
[2026-04-19 00:57:59] O:24241.40 H:24242.50 L:24223.95 C:24227.85 -> no_pattern
[2026-04-19 00:57:59] O:24228.70 H:24230.35 L:24221.45 C:24227.55 -> spinning_top
[2026-04-19 00:58:00] O:24256.80 H:24265.75 L:24235.65 C:24243.05 -> no_pattern
[2026-04-19 00:58:00] O:24244.40 H:24249.55 L:24241.85 C:24246.20 -> spinning_top
[2026-04-19 00:58:00] O:24246.40 H:24246.95 L:24229.50 C:24240.75 -> no_pattern
[2026-04-19 00:58:00] O:24241.40 H:24242.50 L:24223.95 C:24227.85 -> no_pattern
[2026-04-19 00:58:00] O:24228.70 H:24230.35 L:24221.45 C:24227.55 -> spinning_top
[2026-04-19 00:58:00] O:24227.90 H:24229.60 L:24222.10 C:24223.90 -> no_pattern
[2026-04-19 00:58:01] O:24224.60 H:24229.25 L:24215.35 C:24217.55 -> no_pattern
[2026-04-19 00:58:01] O:24184.50 H:24207.50 L:24174.50 C:24195.50 -> no_pattern
[2026-04-19 00:58:01] O:24195.55 H:24206.50 L:24185.95 C:24196.80 -> doji
[2026-04-19 00:58:01] O:24196.90 H:24202.25 L:24178.80 C:24178.85 -> no_pattern
[2026-04-19 00:58:01] O:24180.05 H:24196.10 L:24179.50 C:24188.85 -> no_pattern
[2026-04-19 00:58:01] O:24189.15 H:24191.65 L:24184.65 C:24189.00 -> doji
[2026-04-19 00:58:01] O:24189.10 H:24202.80 L:24188.75 C:24200.00 -> no_pattern
[2026-04-19 00:58:01] O:24199.70 H:24206.45 L:24194.05 C:24203.55 -> no_pattern
[2026-04-19 00:58:01] O:24203.75 H:24213.05 L:24202.45 C:24204.40 -> doji
[2026-04-19 00:58:01] O:24205.25 H:24223.05 L:24202.15 C:24219.60 -> no_pattern
[2026-04-19 00:58:01] O:24219.65 H:24226.25 L:24215.45 C:24222.60 -> spinning_top
[2026-04-19 00:58:01] O:24221.90 H:24224.30 L:24214.05 C:24214.85 -> no_pattern
[2026-04-19 00:58:01] O:24214.85 H:24226.95 L:24214.30 C:24225.15 -> no_pattern
[2026-04-19 00:58:01] O:24224.65 H:24232.90 L:24220.70 C:24224.75 -> doji
[2026-04-19 00:58:01] O:24224.95 H:24233.30 L:24220.75 C:24232.40 -> no_pattern
[2026-04-19 00:58:01] O:24232.20 H:24234.95 L:24224.10 C:24226.85 -> no_pattern
[2026-04-19 00:58:01] O:24227.00 H:24235.65 L:24215.85 C:24217.65 -> no_pattern
[2026-04-19 00:58:01] O:24217.70 H:24222.80 L:24200.40 C:24203.80 -> no_pattern
[2026-04-19 00:58:01] O:24203.25 H:24225.75 L:24202.70 C:24223.70 -> no_pattern
[2026-04-19 00:58:01] O:24223.70 H:24230.80 L:24214.10 C:24214.55 -> no_pattern
[2026-04-19 00:58:01] O:24214.60 H:24220.70 L:24213.05 C:24217.60 -> no_pattern
[2026-04-19 00:58:01] O:24217.40 H:24235.10 L:24215.15 C:24234.45 -> no_pattern
[2026-04-19 00:58:01] O:24234.25 H:24236.65 L:24217.80 C:24218.25 -> no_pattern
[2026-04-19 00:58:01] O:24218.50 H:24234.85 L:24216.10 C:24228.00 -> no_pattern
[2026-04-19 00:58:01] O:24228.05 H:24230.15 L:24210.00 C:24220.35 -> no_pattern
[2026-04-19 00:58:01] O:24220.55 H:24234.80 L:24203.95 C:24214.30 -> spinning_top
[2026-04-19 00:58:01] O:24213.65 H:24219.10 L:24208.10 C:24208.75 -> no_pattern
[2026-04-19 00:58:01] O:24209.65 H:24217.10 L:24200.20 C:24216.55 -> no_pattern
[2026-04-19 00:58:01] O:24216.75 H:24217.75 L:24206.40 C:24207.25 -> no_pattern
[2026-04-19 00:58:01] O:24207.00 H:24214.85 L:24203.35 C:24214.50 -> no_pattern
[2026-04-19 00:58:01] O:24214.75 H:24222.75 L:24213.25 C:24220.55 -> no_pattern
[2026-04-19 00:58:01] O:24220.65 H:24231.95 L:24215.95 C:24228.30 -> no_pattern
[2026-04-19 00:58:01] O:24228.05 H:24238.55 L:24205.45 C:24208.20 -> no_pattern
[2026-04-19 00:58:01] O:24208.15 H:24214.10 L:24187.75 C:24198.70 -> no_pattern
[2026-04-19 00:58:01] O:24199.15 H:24203.90 L:24191.50 C:24192.55 -> no_pattern
[2026-04-19 00:58:01] O:24192.95 H:24222.45 L:24192.95 C:24213.30 -> no_pattern
[2026-04-19 00:58:01] O:24213.20 H:24223.30 L:24207.90 C:24209.05 -> shooting_star
[2026-04-19 00:58:01] O:24209.25 H:24217.35 L:24191.25 C:24214.00 -> pinbar
[2026-04-19 00:58:01] O:24213.90 H:24221.30 L:24209.15 C:24209.60 -> no_pattern
[2026-04-19 00:58:01] O:24209.75 H:24210.55 L:24199.05 C:24209.50 -> doji
[2026-04-19 00:58:01] O:24209.80 H:24211.60 L:24194.35 C:24201.10 -> no_pattern
[2026-04-19 00:58:01] O:24200.40 H:24218.20 L:24199.40 C:24216.40 -> no_pattern
[2026-04-19 00:58:01] O:24216.70 H:24228.00 L:24215.95 C:24224.55 -> no_pattern
[2026-04-19 00:58:01] O:24224.30 H:24230.40 L:24221.45 C:24227.10 -> no_pattern
[2026-04-19 00:58:01] O:24226.75 H:24230.90 L:24220.20 C:24222.05 -> no_pattern
[2026-04-19 00:58:01] O:24222.75 H:24238.10 L:24219.50 C:24226.60 -> shooting_star
[2026-04-19 00:58:01] O:24227.05 H:24231.60 L:24219.20 C:24222.45 -> no_pattern
[2026-04-19 00:58:01] O:24222.50 H:24242.25 L:24222.20 C:24231.25 -> no_pattern
[2026-04-19 00:58:01] O:24230.55 H:24232.70 L:24214.40 C:24232.70 -> pinbar
[2026-04-19 00:58:01] O:24232.00 H:24237.90 L:24226.95 C:24233.80 -> spinning_top
[2026-04-19 00:58:01] O:24233.60 H:24236.95 L:24229.15 C:24234.65 -> spinning_top
[2026-04-19 00:58:01] O:24235.10 H:24236.55 L:24220.15 C:24220.65 -> no_pattern
[2026-04-19 00:58:01] O:24220.25 H:24235.35 L:24220.25 C:24233.85 -> no_pattern
[2026-04-19 00:58:01] O:24233.85 H:24237.40 L:24230.75 C:24234.25 -> doji
[2026-04-19 00:58:01] O:24234.35 H:24245.65 L:24233.45 C:24238.25 -> no_pattern
[2026-04-19 00:58:01] O:24238.05 H:24262.75 L:24238.05 C:24250.45 -> no_pattern
[2026-04-19 00:58:01] O:24250.50 H:24256.90 L:24240.20 C:24256.10 -> no_pattern
[2026-04-19 00:58:01] O:24256.80 H:24265.75 L:24235.65 C:24243.05 -> no_pattern
[2026-04-19 00:58:01] O:24244.40 H:24249.55 L:24241.85 C:24246.20 -> spinning_top
[2026-04-19 00:58:01] O:24246.40 H:24246.95 L:24229.50 C:24240.75 -> no_pattern
[2026-04-19 00:58:01] O:24241.40 H:24242.50 L:24223.95 C:24227.85 -> no_pattern
[2026-04-19 00:58:01] O:24228.70 H:24230.35 L:24221.45 C:24227.55 -> spinning_top
[2026-04-19 00:58:01] O:24227.90 H:24229.60 L:24222.10 C:24223.90 -> no_pattern
[2026-04-19 00:58:01] O:24224.60 H:24229.25 L:24215.35 C:24217.55 -> no_pattern
[2026-04-19 00:58:01] O:24216.15 H:24220.15 L:24206.50 C:24211.90 -> no_pattern
[2026-04-19 00:58:02] O:24380.25 H:24384.75 L:24337.70 C:24376.20 -> doji
[2026-04-19 00:58:03] O:24373.05 H:24397.55 L:24373.05 C:24388.20 -> no_pattern
[2026-04-19 00:58:03] O:24387.75 H:24400.10 L:24372.70 C:24386.75 -> doji
[2026-04-19 00:58:04] O:24386.40 H:24398.25 L:24376.00 C:24388.90 -> spinning_top
[2026-04-19 00:58:04] O:24389.35 H:24390.35 L:24353.70 C:24358.30 -> no_pattern
[2026-04-19 00:58:05] O:24358.15 H:24364.05 L:24312.00 C:24314.90 -> no_pattern
[2026-04-19 00:58:05] O:24314.05 H:24335.35 L:24301.90 C:24303.70 -> shooting_star
[2026-04-19 00:58:06] O:24387.75 H:24400.10 L:24372.70 C:24386.75 -> doji
[2026-04-19 00:58:06] O:24386.40 H:24398.25 L:24376.00 C:24388.90 -> spinning_top
[2026-04-19 00:58:06] O:24389.35 H:24390.35 L:24353.70 C:24358.30 -> no_pattern
[2026-04-19 00:58:06] O:24358.15 H:24364.05 L:24312.00 C:24314.90 -> no_pattern
[2026-04-19 00:58:06] O:24314.05 H:24335.35 L:24301.90 C:24303.70 -> shooting_star
[2026-04-19 00:58:06] O:24303.00 H:24329.30 L:24293.15 C:24328.60 -> no_pattern
[2026-04-19 00:58:06] O:24328.00 H:24334.65 L:24315.30 C:24330.35 -> spinning_top
[2026-04-19 00:58:07] O:24331.10 H:24337.05 L:24301.50 C:24316.55 -> no_pattern
[2026-04-19 00:58:07] O:24316.85 H:24316.85 L:24275.45 C:24283.35 -> no_pattern
[2026-04-19 00:58:08] O:24282.70 H:24290.75 L:24266.50 C:24288.50 -> pinbar
[2026-04-19 00:58:09] O:24288.70 H:24304.05 L:24279.65 C:24283.30 -> shooting_star
[2026-04-19 00:58:09] O:24281.90 H:24318.65 L:24280.90 C:24318.65 -> marubozu
[2026-04-19 00:58:10] O:24318.15 H:24319.85 L:24295.30 C:24307.60 -> no_pattern
[2026-04-19 00:58:10] O:24306.15 H:24324.55 L:24292.85 C:24323.40 -> no_pattern
[2026-04-19 00:58:11] O:24282.70 H:24290.75 L:24266.50 C:24288.50 -> pinbar
[2026-04-19 00:58:11] O:24288.70 H:24304.05 L:24279.65 C:24283.30 -> shooting_star
[2026-04-19 00:58:11] O:24281.90 H:24318.65 L:24280.90 C:24318.65 -> marubozu
[2026-04-19 00:58:11] O:24318.15 H:24319.85 L:24295.30 C:24307.60 -> no_pattern
[2026-04-19 00:58:11] O:24306.15 H:24324.55 L:24292.85 C:24323.40 -> no_pattern
[2026-04-19 00:58:11] O:24323.65 H:24328.80 L:24300.05 C:24306.45 -> no_pattern
[2026-04-19 00:58:11] O:24305.75 H:24315.20 L:24302.50 C:24312.35 -> no_pattern
[2026-04-19 00:58:12] O:24312.00 H:24317.20 L:24292.50 C:24308.80 -> spinning_top
[2026-04-19 00:58:13] O:24308.85 H:24321.25 L:24305.70 C:24312.70 -> inverted_hammer
[2026-04-19 00:58:13] O:24312.80 H:24325.85 L:24308.60 C:24310.65 -> shooting_star
[2026-04-19 00:58:14] O:24323.65 H:24328.80 L:24300.05 C:24306.45 -> no_pattern
[2026-04-19 00:58:14] O:24305.75 H:24315.20 L:24302.50 C:24312.35 -> no_pattern
[2026-04-19 00:58:14] O:24312.00 H:24317.20 L:24292.50 C:24308.80 -> spinning_top
[2026-04-19 00:58:14] O:24308.85 H:24321.25 L:24305.70 C:24312.70 -> inverted_hammer
[2026-04-19 00:58:14] O:24312.80 H:24325.85 L:24308.60 C:24310.65 -> shooting_star
[2026-04-19 00:58:14] O:24311.20 H:24317.10 L:24292.45 C:24311.75 -> doji
[2026-04-19 00:58:14] O:24312.10 H:24320.50 L:24306.90 C:24320.35 -> no_pattern
[2026-04-19 00:58:15] O:24320.00 H:24327.90 L:24311.75 C:24315.80 -> no_pattern
[2026-04-19 00:58:15] O:24316.00 H:24319.10 L:24311.50 C:24314.70 -> spinning_top
[2026-04-19 00:58:16] O:24315.25 H:24315.95 L:24302.15 C:24306.50 -> no_pattern
[2026-04-19 00:58:16] O:24311.20 H:24317.10 L:24292.45 C:24311.75 -> doji
[2026-04-19 00:58:16] O:24312.10 H:24320.50 L:24306.90 C:24320.35 -> no_pattern
[2026-04-19 00:58:17] O:24320.00 H:24327.90 L:24311.75 C:24315.80 -> no_pattern
[2026-04-19 00:58:17] O:24316.00 H:24319.10 L:24311.50 C:24314.70 -> spinning_top
[2026-04-19 00:58:17] O:24315.25 H:24315.95 L:24302.15 C:24306.50 -> no_pattern
[2026-04-19 00:58:17] O:24306.00 H:24322.70 L:24303.55 C:24320.50 -> no_pattern
[2026-04-19 00:58:17] O:24387.75 H:24400.10 L:24372.70 C:24386.75 -> doji
[2026-04-19 00:58:17] O:24386.40 H:24398.25 L:24376.00 C:24388.90 -> spinning_top
[2026-04-19 00:58:17] O:24389.35 H:24390.35 L:24353.70 C:24358.30 -> no_pattern
[2026-04-19 00:58:17] O:24358.15 H:24364.05 L:24312.00 C:24314.90 -> no_pattern
[2026-04-19 00:58:17] O:24314.05 H:24335.35 L:24301.90 C:24303.70 -> shooting_star
[2026-04-19 00:58:17] O:24303.00 H:24329.30 L:24293.15 C:24328.60 -> no_pattern
[2026-04-19 00:58:17] O:24328.00 H:24334.65 L:24315.30 C:24330.35 -> spinning_top
[2026-04-19 00:58:17] O:24331.10 H:24337.05 L:24301.50 C:24316.55 -> no_pattern
[2026-04-19 00:58:17] O:24316.85 H:24316.85 L:24275.45 C:24283.35 -> no_pattern
[2026-04-19 00:58:17] O:24282.70 H:24290.75 L:24266.50 C:24288.50 -> pinbar
[2026-04-19 00:58:17] O:24288.70 H:24304.05 L:24279.65 C:24283.30 -> shooting_star
[2026-04-19 00:58:17] O:24281.90 H:24318.65 L:24280.90 C:24318.65 -> marubozu
[2026-04-19 00:58:17] O:24318.15 H:24319.85 L:24295.30 C:24307.60 -> no_pattern
[2026-04-19 00:58:17] O:24306.15 H:24324.55 L:24292.85 C:24323.40 -> no_pattern
[2026-04-19 00:58:17] O:24323.65 H:24328.80 L:24300.05 C:24306.45 -> no_pattern
[2026-04-19 00:58:17] O:24305.75 H:24315.20 L:24302.50 C:24312.35 -> no_pattern
[2026-04-19 00:58:17] O:24312.00 H:24317.20 L:24292.50 C:24308.80 -> spinning_top
[2026-04-19 00:58:17] O:24308.85 H:24321.25 L:24305.70 C:24312.70 -> inverted_hammer
[2026-04-19 00:58:17] O:24312.80 H:24325.85 L:24308.60 C:24310.65 -> shooting_star
[2026-04-19 00:58:17] O:24311.20 H:24317.10 L:24292.45 C:24311.75 -> doji
[2026-04-19 00:58:17] O:24312.10 H:24320.50 L:24306.90 C:24320.35 -> no_pattern
[2026-04-19 00:58:17] O:24320.00 H:24327.90 L:24311.75 C:24315.80 -> no_pattern
[2026-04-19 00:58:17] O:24316.00 H:24319.10 L:24311.50 C:24314.70 -> spinning_top
[2026-04-19 00:58:17] O:24315.25 H:24315.95 L:24302.15 C:24306.50 -> no_pattern
[2026-04-19 00:58:17] O:24306.00 H:24322.70 L:24303.55 C:24320.50 -> no_pattern
[2026-04-19 00:58:17] O:24320.65 H:24330.70 L:24319.15 C:24323.05 -> shooting_star
[2026-04-19 00:58:18] O:24323.60 H:24333.20 L:24308.60 C:24313.55 -> no_pattern
[2026-04-19 00:58:18] O:24313.05 H:24318.75 L:24303.65 C:24313.90 -> doji
[2026-04-19 00:58:19] O:24313.20 H:24321.00 L:24294.10 C:24311.40 -> doji
[2026-04-19 00:58:20] O:24308.15 H:24328.95 L:24298.55 C:24301.15 -> shooting_star
[2026-04-19 00:58:20] O:24301.10 H:24302.40 L:24282.75 C:24288.25 -> no_pattern
[2026-04-19 00:58:21] O:24323.60 H:24333.20 L:24308.60 C:24313.55 -> no_pattern
[2026-04-19 00:58:21] O:24313.05 H:24318.75 L:24303.65 C:24313.90 -> doji
[2026-04-19 00:58:21] O:24313.20 H:24321.00 L:24294.10 C:24311.40 -> doji
[2026-04-19 00:58:21] O:24308.15 H:24328.95 L:24298.55 C:24301.15 -> shooting_star
[2026-04-19 00:58:21] O:24301.10 H:24302.40 L:24282.75 C:24288.25 -> no_pattern
[2026-04-19 00:58:21] O:24288.00 H:24304.25 L:24284.70 C:24300.95 -> no_pattern
[2026-04-19 00:58:21] O:24301.40 H:24303.40 L:24290.10 C:24299.70 -> spinning_top
[2026-04-19 00:58:22] O:24299.85 H:24301.05 L:24279.75 C:24284.10 -> no_pattern
[2026-04-19 00:58:22] O:24387.75 H:24400.10 L:24372.70 C:24386.75 -> doji
[2026-04-19 00:58:22] O:24386.40 H:24398.25 L:24376.00 C:24388.90 -> spinning_top
[2026-04-19 00:58:22] O:24389.35 H:24390.35 L:24353.70 C:24358.30 -> no_pattern
[2026-04-19 00:58:22] O:24358.15 H:24364.05 L:24312.00 C:24314.90 -> no_pattern
[2026-04-19 00:58:22] O:24314.05 H:24335.35 L:24301.90 C:24303.70 -> shooting_star
[2026-04-19 00:58:22] O:24303.00 H:24329.30 L:24293.15 C:24328.60 -> no_pattern
[2026-04-19 00:58:22] O:24328.00 H:24334.65 L:24315.30 C:24330.35 -> spinning_top
[2026-04-19 00:58:22] O:24331.10 H:24337.05 L:24301.50 C:24316.55 -> no_pattern
[2026-04-19 00:58:22] O:24316.85 H:24316.85 L:24275.45 C:24283.35 -> no_pattern
[2026-04-19 00:58:22] O:24282.70 H:24290.75 L:24266.50 C:24288.50 -> pinbar
[2026-04-19 00:58:22] O:24288.70 H:24304.05 L:24279.65 C:24283.30 -> shooting_star
[2026-04-19 00:58:22] O:24281.90 H:24318.65 L:24280.90 C:24318.65 -> marubozu
[2026-04-19 00:58:22] O:24318.15 H:24319.85 L:24295.30 C:24307.60 -> no_pattern
[2026-04-19 00:58:22] O:24306.15 H:24324.55 L:24292.85 C:24323.40 -> no_pattern
[2026-04-19 00:58:23] O:24323.65 H:24328.80 L:24300.05 C:24306.45 -> no_pattern
[2026-04-19 00:58:23] O:24305.75 H:24315.20 L:24302.50 C:24312.35 -> no_pattern
[2026-04-19 00:58:23] O:24312.00 H:24317.20 L:24292.50 C:24308.80 -> spinning_top
[2026-04-19 00:58:23] O:24308.85 H:24321.25 L:24305.70 C:24312.70 -> inverted_hammer
[2026-04-19 00:58:23] O:24312.80 H:24325.85 L:24308.60 C:24310.65 -> shooting_star
[2026-04-19 00:58:23] O:24311.20 H:24317.10 L:24292.45 C:24311.75 -> doji
[2026-04-19 00:58:23] O:24312.10 H:24320.50 L:24306.90 C:24320.35 -> no_pattern
[2026-04-19 00:58:23] O:24320.00 H:24327.90 L:24311.75 C:24315.80 -> no_pattern
[2026-04-19 00:58:23] O:24316.00 H:24319.10 L:24311.50 C:24314.70 -> spinning_top
[2026-04-19 00:58:23] O:24315.25 H:24315.95 L:24302.15 C:24306.50 -> no_pattern
[2026-04-19 00:58:23] O:24306.00 H:24322.70 L:24303.55 C:24320.50 -> no_pattern
[2026-04-19 00:58:23] O:24320.65 H:24330.70 L:24319.15 C:24323.05 -> shooting_star
[2026-04-19 00:58:23] O:24323.60 H:24333.20 L:24308.60 C:24313.55 -> no_pattern
[2026-04-19 00:58:23] O:24313.05 H:24318.75 L:24303.65 C:24313.90 -> doji
[2026-04-19 00:58:23] O:24313.20 H:24321.00 L:24294.10 C:24311.40 -> doji
[2026-04-19 00:58:23] O:24308.15 H:24328.95 L:24298.55 C:24301.15 -> shooting_star
[2026-04-19 00:58:23] O:24301.10 H:24302.40 L:24282.75 C:24288.25 -> no_pattern
[2026-04-19 00:58:23] O:24288.00 H:24304.25 L:24284.70 C:24300.95 -> no_pattern
[2026-04-19 00:58:23] O:24301.40 H:24303.40 L:24290.10 C:24299.70 -> spinning_top
[2026-04-19 00:58:23] O:24299.85 H:24301.05 L:24279.75 C:24284.10 -> no_pattern
[2026-04-19 00:58:23] O:24284.10 H:24284.10 L:24261.60 C:24262.50 -> marubozu
[2026-04-19 00:58:23] O:24262.15 H:24268.85 L:24233.05 C:24233.05 -> no_pattern
[2026-04-19 00:58:24] O:24233.30 H:24246.10 L:24216.45 C:24226.95 -> spinning_top
[2026-04-19 00:58:24] O:24226.90 H:24238.05 L:24218.40 C:24237.25 -> no_pattern
[2026-04-19 00:58:25] O:24387.75 H:24400.10 L:24372.70 C:24386.75 -> doji
[2026-04-19 00:58:25] O:24386.40 H:24398.25 L:24376.00 C:24388.90 -> spinning_top
[2026-04-19 00:58:25] O:24389.35 H:24390.35 L:24353.70 C:24358.30 -> no_pattern
[2026-04-19 00:58:25] O:24358.15 H:24364.05 L:24312.00 C:24314.90 -> no_pattern
[2026-04-19 00:58:25] O:24314.05 H:24335.35 L:24301.90 C:24303.70 -> shooting_star
[2026-04-19 00:58:25] O:24303.00 H:24329.30 L:24293.15 C:24328.60 -> no_pattern
[2026-04-19 00:58:25] O:24328.00 H:24334.65 L:24315.30 C:24330.35 -> spinning_top
[2026-04-19 00:58:25] O:24331.10 H:24337.05 L:24301.50 C:24316.55 -> no_pattern
[2026-04-19 00:58:25] O:24316.85 H:24316.85 L:24275.45 C:24283.35 -> no_pattern
[2026-04-19 00:58:25] O:24282.70 H:24290.75 L:24266.50 C:24288.50 -> pinbar
[2026-04-19 00:58:25] O:24288.70 H:24304.05 L:24279.65 C:24283.30 -> shooting_star
[2026-04-19 00:58:25] O:24281.90 H:24318.65 L:24280.90 C:24318.65 -> marubozu
[2026-04-19 00:58:25] O:24318.15 H:24319.85 L:24295.30 C:24307.60 -> no_pattern
[2026-04-19 00:58:25] O:24306.15 H:24324.55 L:24292.85 C:24323.40 -> no_pattern
[2026-04-19 00:58:25] O:24323.65 H:24328.80 L:24300.05 C:24306.45 -> no_pattern
[2026-04-19 00:58:25] O:24305.75 H:24315.20 L:24302.50 C:24312.35 -> no_pattern
[2026-04-19 00:58:25] O:24312.00 H:24317.20 L:24292.50 C:24308.80 -> spinning_top
[2026-04-19 00:58:25] O:24308.85 H:24321.25 L:24305.70 C:24312.70 -> inverted_hammer
[2026-04-19 00:58:25] O:24312.80 H:24325.85 L:24308.60 C:24310.65 -> shooting_star
[2026-04-19 00:58:25] O:24311.20 H:24317.10 L:24292.45 C:24311.75 -> doji
[2026-04-19 00:58:25] O:24312.10 H:24320.50 L:24306.90 C:24320.35 -> no_pattern
[2026-04-19 00:58:25] O:24320.00 H:24327.90 L:24311.75 C:24315.80 -> no_pattern
[2026-04-19 00:58:25] O:24316.00 H:24319.10 L:24311.50 C:24314.70 -> spinning_top
[2026-04-19 00:58:25] O:24315.25 H:24315.95 L:24302.15 C:24306.50 -> no_pattern
[2026-04-19 00:58:25] O:24306.00 H:24322.70 L:24303.55 C:24320.50 -> no_pattern
[2026-04-19 00:58:25] O:24320.65 H:24330.70 L:24319.15 C:24323.05 -> shooting_star
[2026-04-19 00:58:25] O:24323.60 H:24333.20 L:24308.60 C:24313.55 -> no_pattern
[2026-04-19 00:58:25] O:24313.05 H:24318.75 L:24303.65 C:24313.90 -> doji
[2026-04-19 00:58:25] O:24313.20 H:24321.00 L:24294.10 C:24311.40 -> doji
[2026-04-19 00:58:25] O:24308.15 H:24328.95 L:24298.55 C:24301.15 -> shooting_star
[2026-04-19 00:58:25] O:24301.10 H:24302.40 L:24282.75 C:24288.25 -> no_pattern
[2026-04-19 00:58:25] O:24288.00 H:24304.25 L:24284.70 C:24300.95 -> no_pattern
[2026-04-19 00:58:25] O:24301.40 H:24303.40 L:24290.10 C:24299.70 -> spinning_top
[2026-04-19 00:58:25] O:24299.85 H:24301.05 L:24279.75 C:24284.10 -> no_pattern
[2026-04-19 00:58:25] O:24284.10 H:24284.10 L:24261.60 C:24262.50 -> marubozu
[2026-04-19 00:58:25] O:24262.15 H:24268.85 L:24233.05 C:24233.05 -> no_pattern
[2026-04-19 00:58:25] O:24233.30 H:24246.10 L:24216.45 C:24226.95 -> spinning_top
[2026-04-19 00:58:25] O:24226.90 H:24238.05 L:24218.40 C:24237.25 -> no_pattern
[2026-04-19 00:58:25] O:24237.75 H:24237.75 L:24198.55 C:24205.35 -> no_pattern
[2026-04-19 00:58:26] O:24387.75 H:24400.10 L:24372.70 C:24386.75 -> doji
[2026-04-19 00:58:26] O:24386.40 H:24398.25 L:24376.00 C:24388.90 -> spinning_top
[2026-04-19 00:58:26] O:24389.35 H:24390.35 L:24353.70 C:24358.30 -> no_pattern
[2026-04-19 00:58:26] O:24358.15 H:24364.05 L:24312.00 C:24314.90 -> no_pattern
[2026-04-19 00:58:26] O:24314.05 H:24335.35 L:24301.90 C:24303.70 -> shooting_star
[2026-04-19 00:58:26] O:24303.00 H:24329.30 L:24293.15 C:24328.60 -> no_pattern
[2026-04-19 00:58:26] O:24328.00 H:24334.65 L:24315.30 C:24330.35 -> spinning_top
[2026-04-19 00:58:26] O:24331.10 H:24337.05 L:24301.50 C:24316.55 -> no_pattern
[2026-04-19 00:58:26] O:24316.85 H:24316.85 L:24275.45 C:24283.35 -> no_pattern
[2026-04-19 00:58:26] O:24282.70 H:24290.75 L:24266.50 C:24288.50 -> pinbar
[2026-04-19 00:58:26] O:24288.70 H:24304.05 L:24279.65 C:24283.30 -> shooting_star
[2026-04-19 00:58:26] O:24281.90 H:24318.65 L:24280.90 C:24318.65 -> marubozu
[2026-04-19 00:58:26] O:24318.15 H:24319.85 L:24295.30 C:24307.60 -> no_pattern
[2026-04-19 00:58:26] O:24306.15 H:24324.55 L:24292.85 C:24323.40 -> no_pattern
[2026-04-19 00:58:26] O:24323.65 H:24328.80 L:24300.05 C:24306.45 -> no_pattern
[2026-04-19 00:58:26] O:24305.75 H:24315.20 L:24302.50 C:24312.35 -> no_pattern
[2026-04-19 00:58:26] O:24312.00 H:24317.20 L:24292.50 C:24308.80 -> spinning_top
[2026-04-19 00:58:26] O:24308.85 H:24321.25 L:24305.70 C:24312.70 -> inverted_hammer
[2026-04-19 00:58:26] O:24312.80 H:24325.85 L:24308.60 C:24310.65 -> shooting_star
[2026-04-19 00:58:26] O:24311.20 H:24317.10 L:24292.45 C:24311.75 -> doji
[2026-04-19 00:58:26] O:24312.10 H:24320.50 L:24306.90 C:24320.35 -> no_pattern
[2026-04-19 00:58:26] O:24320.00 H:24327.90 L:24311.75 C:24315.80 -> no_pattern
[2026-04-19 00:58:26] O:24316.00 H:24319.10 L:24311.50 C:24314.70 -> spinning_top
[2026-04-19 00:58:26] O:24315.25 H:24315.95 L:24302.15 C:24306.50 -> no_pattern
[2026-04-19 00:58:26] O:24306.00 H:24322.70 L:24303.55 C:24320.50 -> no_pattern
[2026-04-19 00:58:26] O:24320.65 H:24330.70 L:24319.15 C:24323.05 -> shooting_star
[2026-04-19 00:58:26] O:24323.60 H:24333.20 L:24308.60 C:24313.55 -> no_pattern
[2026-04-19 00:58:26] O:24313.05 H:24318.75 L:24303.65 C:24313.90 -> doji
[2026-04-19 00:58:26] O:24313.20 H:24321.00 L:24294.10 C:24311.40 -> doji
[2026-04-19 00:58:26] O:24308.15 H:24328.95 L:24298.55 C:24301.15 -> shooting_star
[2026-04-19 00:58:26] O:24301.10 H:24302.40 L:24282.75 C:24288.25 -> no_pattern
[2026-04-19 00:58:26] O:24288.00 H:24304.25 L:24284.70 C:24300.95 -> no_pattern
[2026-04-19 00:58:26] O:24301.40 H:24303.40 L:24290.10 C:24299.70 -> spinning_top
[2026-04-19 00:58:26] O:24299.85 H:24301.05 L:24279.75 C:24284.10 -> no_pattern
[2026-04-19 00:58:26] O:24284.10 H:24284.10 L:24261.60 C:24262.50 -> marubozu
[2026-04-19 00:58:26] O:24262.15 H:24268.85 L:24233.05 C:24233.05 -> no_pattern
[2026-04-19 00:58:26] O:24233.30 H:24246.10 L:24216.45 C:24226.95 -> spinning_top
[2026-04-19 00:58:26] O:24226.90 H:24238.05 L:24218.40 C:24237.25 -> no_pattern
[2026-04-19 00:58:26] O:24237.75 H:24237.75 L:24198.55 C:24205.35 -> no_pattern
[2026-04-19 00:58:26] O:24205.05 H:24211.25 L:24163.00 C:24164.75 -> no_pattern
[2026-04-19 00:58:27] O:24164.85 H:24173.45 L:24153.55 C:24169.95 -> pinbar
[2026-04-19 00:58:27] O:24169.45 H:24178.95 L:24153.55 C:24178.95 -> no_pattern
[2026-04-19 00:58:28] O:24178.90 H:24190.75 L:24172.15 C:24184.80 -> no_pattern
[2026-04-19 00:58:28] O:24182.95 H:24189.70 L:24159.40 C:24175.10 -> pinbar
[2026-04-19 00:58:29] O:24175.30 H:24184.35 L:24166.80 C:24167.95 -> no_pattern
[2026-04-19 00:58:29] O:24168.00 H:24174.25 L:24152.70 C:24168.10 -> doji
[2026-04-19 00:58:30] O:24168.00 H:24168.00 L:24153.20 C:24155.60 -> no_pattern
[2026-04-19 00:58:30] O:24387.75 H:24400.10 L:24372.70 C:24386.75 -> doji
[2026-04-19 00:58:30] O:24386.40 H:24398.25 L:24376.00 C:24388.90 -> spinning_top
[2026-04-19 00:58:30] O:24389.35 H:24390.35 L:24353.70 C:24358.30 -> no_pattern
[2026-04-19 00:58:30] O:24358.15 H:24364.05 L:24312.00 C:24314.90 -> no_pattern
[2026-04-19 00:58:30] O:24314.05 H:24335.35 L:24301.90 C:24303.70 -> shooting_star
[2026-04-19 00:58:30] O:24303.00 H:24329.30 L:24293.15 C:24328.60 -> no_pattern
[2026-04-19 00:58:30] O:24328.00 H:24334.65 L:24315.30 C:24330.35 -> spinning_top
[2026-04-19 00:58:30] O:24331.10 H:24337.05 L:24301.50 C:24316.55 -> no_pattern
[2026-04-19 00:58:30] O:24316.85 H:24316.85 L:24275.45 C:24283.35 -> no_pattern
[2026-04-19 00:58:30] O:24282.70 H:24290.75 L:24266.50 C:24288.50 -> pinbar
[2026-04-19 00:58:30] O:24288.70 H:24304.05 L:24279.65 C:24283.30 -> shooting_star
[2026-04-19 00:58:30] O:24281.90 H:24318.65 L:24280.90 C:24318.65 -> marubozu
[2026-04-19 00:58:30] O:24318.15 H:24319.85 L:24295.30 C:24307.60 -> no_pattern
[2026-04-19 00:58:30] O:24306.15 H:24324.55 L:24292.85 C:24323.40 -> no_pattern
[2026-04-19 00:58:30] O:24323.65 H:24328.80 L:24300.05 C:24306.45 -> no_pattern
[2026-04-19 00:58:30] O:24305.75 H:24315.20 L:24302.50 C:24312.35 -> no_pattern
[2026-04-19 00:58:30] O:24312.00 H:24317.20 L:24292.50 C:24308.80 -> spinning_top
[2026-04-19 00:58:30] O:24308.85 H:24321.25 L:24305.70 C:24312.70 -> inverted_hammer
[2026-04-19 00:58:30] O:24312.80 H:24325.85 L:24308.60 C:24310.65 -> shooting_star
[2026-04-19 00:58:30] O:24311.20 H:24317.10 L:24292.45 C:24311.75 -> doji
[2026-04-19 00:58:30] O:24312.10 H:24320.50 L:24306.90 C:24320.35 -> no_pattern
[2026-04-19 00:58:30] O:24320.00 H:24327.90 L:24311.75 C:24315.80 -> no_pattern
[2026-04-19 00:58:30] O:24316.00 H:24319.10 L:24311.50 C:24314.70 -> spinning_top
[2026-04-19 00:58:30] O:24315.25 H:24315.95 L:24302.15 C:24306.50 -> no_pattern
[2026-04-19 00:58:30] O:24306.00 H:24322.70 L:24303.55 C:24320.50 -> no_pattern
[2026-04-19 00:58:30] O:24320.65 H:24330.70 L:24319.15 C:24323.05 -> shooting_star
[2026-04-19 00:58:30] O:24323.60 H:24333.20 L:24308.60 C:24313.55 -> no_pattern
[2026-04-19 00:58:31] O:24313.05 H:24318.75 L:24303.65 C:24313.90 -> doji
[2026-04-19 00:58:31] O:24313.20 H:24321.00 L:24294.10 C:24311.40 -> doji
[2026-04-19 00:58:31] O:24308.15 H:24328.95 L:24298.55 C:24301.15 -> shooting_star
[2026-04-19 00:58:31] O:24301.10 H:24302.40 L:24282.75 C:24288.25 -> no_pattern
[2026-04-19 00:58:31] O:24288.00 H:24304.25 L:24284.70 C:24300.95 -> no_pattern
[2026-04-19 00:58:31] O:24301.40 H:24303.40 L:24290.10 C:24299.70 -> spinning_top
[2026-04-19 00:58:31] O:24299.85 H:24301.05 L:24279.75 C:24284.10 -> no_pattern
[2026-04-19 00:58:31] O:24284.10 H:24284.10 L:24261.60 C:24262.50 -> marubozu
[2026-04-19 00:58:31] O:24262.15 H:24268.85 L:24233.05 C:24233.05 -> no_pattern
[2026-04-19 00:58:31] O:24233.30 H:24246.10 L:24216.45 C:24226.95 -> spinning_top
[2026-04-19 00:58:31] O:24226.90 H:24238.05 L:24218.40 C:24237.25 -> no_pattern
[2026-04-19 00:58:31] O:24237.75 H:24237.75 L:24198.55 C:24205.35 -> no_pattern
[2026-04-19 00:58:31] O:24205.05 H:24211.25 L:24163.00 C:24164.75 -> no_pattern
[2026-04-19 00:58:31] O:24164.85 H:24173.45 L:24153.55 C:24169.95 -> pinbar
[2026-04-19 00:58:31] O:24169.45 H:24178.95 L:24153.55 C:24178.95 -> no_pattern
[2026-04-19 00:58:31] O:24178.90 H:24190.75 L:24172.15 C:24184.80 -> no_pattern
[2026-04-19 00:58:31] O:24182.95 H:24189.70 L:24159.40 C:24175.10 -> pinbar
[2026-04-19 00:58:31] O:24175.30 H:24184.35 L:24166.80 C:24167.95 -> no_pattern
[2026-04-19 00:58:31] O:24168.00 H:24174.25 L:24152.70 C:24168.10 -> doji
[2026-04-19 00:58:31] O:24168.00 H:24168.00 L:24153.20 C:24155.60 -> no_pattern
[2026-04-19 00:58:31] O:24154.05 H:24169.75 L:24137.85 C:24137.90 -> no_pattern
[2026-04-19 00:58:31] O:24138.05 H:24148.40 L:24132.20 C:24147.95 -> no_pattern
[2026-04-19 00:58:32] O:24147.80 H:24168.30 L:24147.15 C:24167.40 -> marubozu
[2026-04-19 00:58:32] O:24167.05 H:24169.25 L:24129.75 C:24152.10 -> no_pattern
[2026-04-19 00:58:33] O:24151.70 H:24152.45 L:24131.05 C:24132.40 -> no_pattern
[2026-04-19 00:58:33] O:24132.55 H:24157.10 L:24123.60 C:24123.90 -> shooting_star
[2026-04-19 00:58:34] O:24124.05 H:24129.90 L:24117.20 C:24128.60 -> no_pattern
[2026-04-19 00:58:35] O:24129.05 H:24152.80 L:24128.85 C:24140.35 -> no_pattern
[2026-04-19 00:58:35] O:24140.85 H:24160.20 L:24127.70 C:24131.75 -> inverted_hammer
[2026-04-19 00:58:36] O:24131.30 H:24134.25 L:24108.10 C:24110.05 -> no_pattern
[2026-04-19 00:58:36] O:24111.90 H:24125.85 L:24109.65 C:24122.30 -> no_pattern
[2026-04-19 00:58:37] O:24122.60 H:24135.00 L:24111.80 C:24130.35 -> no_pattern
[2026-04-19 00:58:37] O:24130.30 H:24142.45 L:24128.40 C:24132.60 -> shooting_star
[2026-04-19 00:58:38] O:24133.00 H:24133.00 L:24103.10 C:24111.85 -> no_pattern
[2026-04-19 00:58:38] O:24111.40 H:24123.25 L:24104.70 C:24119.50 -> no_pattern
[2026-04-19 00:58:39] O:24120.20 H:24128.45 L:24115.30 C:24124.05 -> spinning_top
[2026-04-19 00:58:40] O:24123.85 H:24125.35 L:24118.10 C:24121.75 -> no_pattern
[2026-04-19 00:58:40] O:24121.95 H:24136.10 L:24120.00 C:24135.35 -> no_pattern
[2026-04-19 00:58:41] O:24133.00 H:24133.00 L:24103.10 C:24111.85 -> no_pattern
[2026-04-19 00:58:41] O:24111.40 H:24123.25 L:24104.70 C:24119.50 -> no_pattern
[2026-04-19 00:58:41] O:24120.20 H:24128.45 L:24115.30 C:24124.05 -> spinning_top
[2026-04-19 00:58:41] O:24123.85 H:24125.35 L:24118.10 C:24121.75 -> no_pattern
[2026-04-19 00:58:41] O:24121.95 H:24136.10 L:24120.00 C:24135.35 -> no_pattern
[2026-04-19 00:58:41] O:24135.30 H:24149.85 L:24133.90 C:24149.40 -> no_pattern
[2026-04-19 00:58:41] O:24149.65 H:24181.30 L:24140.75 C:24180.45 -> no_pattern
[2026-04-19 00:58:42] O:24178.85 H:24184.75 L:24162.90 C:24183.45 -> pinbar
[2026-04-19 00:58:42] O:24184.25 H:24190.50 L:24165.55 C:24170.55 -> no_pattern
[2026-04-19 00:58:43] O:24170.40 H:24183.95 L:24162.35 C:24162.95 -> no_pattern
[2026-04-19 00:58:44] O:24159.65 H:24163.45 L:24132.45 C:24146.05 -> no_pattern
[2026-04-19 00:58:44] O:24146.45 H:24158.30 L:24144.55 C:24154.70 -> no_pattern
[2026-04-19 00:58:45] O:24155.05 H:24175.35 L:24155.05 C:24166.70 -> no_pattern
[2026-04-19 00:58:45] O:24184.25 H:24190.50 L:24165.55 C:24170.55 -> no_pattern
[2026-04-19 00:58:45] O:24170.40 H:24183.95 L:24162.35 C:24162.95 -> no_pattern
[2026-04-19 00:58:45] O:24159.65 H:24163.45 L:24132.45 C:24146.05 -> no_pattern
[2026-04-19 00:58:45] O:24146.45 H:24158.30 L:24144.55 C:24154.70 -> no_pattern
[2026-04-19 00:58:45] O:24155.05 H:24175.35 L:24155.05 C:24166.70 -> no_pattern
[2026-04-19 00:58:45] O:24166.70 H:24168.85 L:24158.90 C:24162.40 -> no_pattern
[2026-04-19 00:58:46] O:24162.50 H:24171.30 L:24159.75 C:24170.65 -> no_pattern
[2026-04-19 00:58:46] O:24159.65 H:24163.45 L:24132.45 C:24146.05 -> no_pattern
[2026-04-19 00:58:46] O:24146.45 H:24158.30 L:24144.55 C:24154.70 -> no_pattern
[2026-04-19 00:58:46] O:24155.05 H:24175.35 L:24155.05 C:24166.70 -> no_pattern
[2026-04-19 00:58:46] O:24166.70 H:24168.85 L:24158.90 C:24162.40 -> no_pattern
[2026-04-19 00:58:46] O:24162.50 H:24171.30 L:24159.75 C:24170.65 -> no_pattern
[2026-04-19 00:58:46] O:24170.40 H:24181.45 L:24153.75 C:24180.70 -> no_pattern
[2026-04-19 00:58:47] O:24387.75 H:24400.10 L:24372.70 C:24386.75 -> doji
[2026-04-19 00:58:47] O:24386.40 H:24398.25 L:24376.00 C:24388.90 -> spinning_top
[2026-04-19 00:58:47] O:24389.35 H:24390.35 L:24353.70 C:24358.30 -> no_pattern
[2026-04-19 00:58:47] O:24358.15 H:24364.05 L:24312.00 C:24314.90 -> no_pattern
[2026-04-19 00:58:47] O:24314.05 H:24335.35 L:24301.90 C:24303.70 -> shooting_star
[2026-04-19 00:58:47] O:24303.00 H:24329.30 L:24293.15 C:24328.60 -> no_pattern
[2026-04-19 00:58:47] O:24328.00 H:24334.65 L:24315.30 C:24330.35 -> spinning_top
[2026-04-19 00:58:47] O:24331.10 H:24337.05 L:24301.50 C:24316.55 -> no_pattern
[2026-04-19 00:58:47] O:24316.85 H:24316.85 L:24275.45 C:24283.35 -> no_pattern
[2026-04-19 00:58:47] O:24282.70 H:24290.75 L:24266.50 C:24288.50 -> pinbar
[2026-04-19 00:58:47] O:24288.70 H:24304.05 L:24279.65 C:24283.30 -> shooting_star
[2026-04-19 00:58:47] O:24281.90 H:24318.65 L:24280.90 C:24318.65 -> marubozu
[2026-04-19 00:58:47] O:24318.15 H:24319.85 L:24295.30 C:24307.60 -> no_pattern
[2026-04-19 00:58:47] O:24306.15 H:24324.55 L:24292.85 C:24323.40 -> no_pattern
[2026-04-19 00:58:47] O:24323.65 H:24328.80 L:24300.05 C:24306.45 -> no_pattern
[2026-04-19 00:58:47] O:24305.75 H:24315.20 L:24302.50 C:24312.35 -> no_pattern
[2026-04-19 00:58:47] O:24312.00 H:24317.20 L:24292.50 C:24308.80 -> spinning_top
[2026-04-19 00:58:47] O:24308.85 H:24321.25 L:24305.70 C:24312.70 -> inverted_hammer
[2026-04-19 00:58:47] O:24312.80 H:24325.85 L:24308.60 C:24310.65 -> shooting_star
[2026-04-19 00:58:47] O:24311.20 H:24317.10 L:24292.45 C:24311.75 -> doji
[2026-04-19 00:58:47] O:24312.10 H:24320.50 L:24306.90 C:24320.35 -> no_pattern
[2026-04-19 00:58:47] O:24320.00 H:24327.90 L:24311.75 C:24315.80 -> no_pattern
[2026-04-19 00:58:47] O:24316.00 H:24319.10 L:24311.50 C:24314.70 -> spinning_top
[2026-04-19 00:58:47] O:24315.25 H:24315.95 L:24302.15 C:24306.50 -> no_pattern
[2026-04-19 00:58:47] O:24306.00 H:24322.70 L:24303.55 C:24320.50 -> no_pattern
[2026-04-19 00:58:47] O:24320.65 H:24330.70 L:24319.15 C:24323.05 -> shooting_star
[2026-04-19 00:58:47] O:24323.60 H:24333.20 L:24308.60 C:24313.55 -> no_pattern
[2026-04-19 00:58:47] O:24313.05 H:24318.75 L:24303.65 C:24313.90 -> doji
[2026-04-19 00:58:47] O:24313.20 H:24321.00 L:24294.10 C:24311.40 -> doji
[2026-04-19 00:58:47] O:24308.15 H:24328.95 L:24298.55 C:24301.15 -> shooting_star
[2026-04-19 00:58:47] O:24301.10 H:24302.40 L:24282.75 C:24288.25 -> no_pattern
[2026-04-19 00:58:47] O:24288.00 H:24304.25 L:24284.70 C:24300.95 -> no_pattern
[2026-04-19 00:58:47] O:24301.40 H:24303.40 L:24290.10 C:24299.70 -> spinning_top
[2026-04-19 00:58:47] O:24299.85 H:24301.05 L:24279.75 C:24284.10 -> no_pattern
[2026-04-19 00:58:47] O:24284.10 H:24284.10 L:24261.60 C:24262.50 -> marubozu
[2026-04-19 00:58:47] O:24262.15 H:24268.85 L:24233.05 C:24233.05 -> no_pattern
[2026-04-19 00:58:47] O:24233.30 H:24246.10 L:24216.45 C:24226.95 -> spinning_top
[2026-04-19 00:58:47] O:24226.90 H:24238.05 L:24218.40 C:24237.25 -> no_pattern
[2026-04-19 00:58:47] O:24237.75 H:24237.75 L:24198.55 C:24205.35 -> no_pattern
[2026-04-19 00:58:47] O:24205.05 H:24211.25 L:24163.00 C:24164.75 -> no_pattern
[2026-04-19 00:58:47] O:24164.85 H:24173.45 L:24153.55 C:24169.95 -> pinbar
[2026-04-19 00:58:47] O:24169.45 H:24178.95 L:24153.55 C:24178.95 -> no_pattern
[2026-04-19 00:58:47] O:24178.90 H:24190.75 L:24172.15 C:24184.80 -> no_pattern
[2026-04-19 00:58:47] O:24182.95 H:24189.70 L:24159.40 C:24175.10 -> pinbar
[2026-04-19 00:58:47] O:24175.30 H:24184.35 L:24166.80 C:24167.95 -> no_pattern
[2026-04-19 00:58:47] O:24168.00 H:24174.25 L:24152.70 C:24168.10 -> doji
[2026-04-19 00:58:47] O:24168.00 H:24168.00 L:24153.20 C:24155.60 -> no_pattern
[2026-04-19 00:58:47] O:24154.05 H:24169.75 L:24137.85 C:24137.90 -> no_pattern
[2026-04-19 00:58:47] O:24138.05 H:24148.40 L:24132.20 C:24147.95 -> no_pattern
[2026-04-19 00:58:47] O:24147.80 H:24168.30 L:24147.15 C:24167.40 -> marubozu
[2026-04-19 00:58:47] O:24167.05 H:24169.25 L:24129.75 C:24152.10 -> no_pattern
[2026-04-19 00:58:47] O:24151.70 H:24152.45 L:24131.05 C:24132.40 -> no_pattern
[2026-04-19 00:58:47] O:24132.55 H:24157.10 L:24123.60 C:24123.90 -> shooting_star
[2026-04-19 00:58:47] O:24124.05 H:24129.90 L:24117.20 C:24128.60 -> no_pattern
[2026-04-19 00:58:47] O:24129.05 H:24152.80 L:24128.85 C:24140.35 -> no_pattern
[2026-04-19 00:58:47] O:24140.85 H:24160.20 L:24127.70 C:24131.75 -> inverted_hammer
[2026-04-19 00:58:47] O:24131.30 H:24134.25 L:24108.10 C:24110.05 -> no_pattern
[2026-04-19 00:58:47] O:24111.90 H:24125.85 L:24109.65 C:24122.30 -> no_pattern
[2026-04-19 00:58:47] O:24122.60 H:24135.00 L:24111.80 C:24130.35 -> no_pattern
[2026-04-19 00:58:47] O:24130.30 H:24142.45 L:24128.40 C:24132.60 -> shooting_star
[2026-04-19 00:58:47] O:24133.00 H:24133.00 L:24103.10 C:24111.85 -> no_pattern
[2026-04-19 00:58:47] O:24111.40 H:24123.25 L:24104.70 C:24119.50 -> no_pattern
[2026-04-19 00:58:47] O:24120.20 H:24128.45 L:24115.30 C:24124.05 -> spinning_top
[2026-04-19 00:58:47] O:24123.85 H:24125.35 L:24118.10 C:24121.75 -> no_pattern
[2026-04-19 00:58:47] O:24121.95 H:24136.10 L:24120.00 C:24135.35 -> no_pattern
[2026-04-19 00:58:47] O:24135.30 H:24149.85 L:24133.90 C:24149.40 -> no_pattern
[2026-04-19 00:58:47] O:24149.65 H:24181.30 L:24140.75 C:24180.45 -> no_pattern
[2026-04-19 00:58:47] O:24178.85 H:24184.75 L:24162.90 C:24183.45 -> pinbar
[2026-04-19 00:58:47] O:24184.25 H:24190.50 L:24165.55 C:24170.55 -> no_pattern
[2026-04-19 00:58:47] O:24170.40 H:24183.95 L:24162.35 C:24162.95 -> no_pattern
[2026-04-19 00:58:47] O:24159.65 H:24163.45 L:24132.45 C:24146.05 -> no_pattern
[2026-04-19 00:58:47] O:24146.45 H:24158.30 L:24144.55 C:24154.70 -> no_pattern
[2026-04-19 00:58:47] O:24155.05 H:24175.35 L:24155.05 C:24166.70 -> no_pattern
[2026-04-19 00:58:47] O:24166.70 H:24168.85 L:24158.90 C:24162.40 -> no_pattern
[2026-04-19 00:58:47] O:24162.50 H:24171.30 L:24159.75 C:24170.65 -> no_pattern
[2026-04-19 00:58:47] O:24170.40 H:24181.45 L:24153.75 C:24180.70 -> no_pattern
[2026-04-19 00:58:48] O:24180.45 H:24196.30 L:24171.50 C:24196.30 -> no_pattern
[2026-04-19 00:58:48] O:24196.35 H:24221.35 L:24195.95 C:24221.20 -> marubozu
[2026-04-19 00:58:49] O:24221.35 H:24228.65 L:24211.00 C:24221.15 -> doji
[2026-04-19 00:58:49] O:24220.55 H:24231.80 L:24211.90 C:24225.90 -> spinning_top
[2026-04-19 00:58:50] O:24225.70 H:24240.15 L:24212.50 C:24231.70 -> spinning_top
[2026-04-19 00:58:50] O:24231.40 H:24245.00 L:24224.95 C:24239.90 -> no_pattern
[2026-04-19 00:58:51] O:24239.65 H:24244.00 L:24226.95 C:24240.75 -> doji
[2026-04-19 00:58:51] O:24241.00 H:24241.15 L:24214.60 C:24227.90 -> no_pattern
[2026-04-19 00:58:52] O:24228.60 H:24238.30 L:24187.90 C:24210.90 -> no_pattern
[2026-04-19 00:58:53] O:24211.80 H:24230.70 L:24192.50 C:24196.50 -> no_pattern
[2026-04-19 00:58:53] O:24231.40 H:24245.00 L:24224.95 C:24239.90 -> no_pattern
[2026-04-19 00:58:53] O:24239.65 H:24244.00 L:24226.95 C:24240.75 -> doji
[2026-04-19 00:58:53] O:24241.00 H:24241.15 L:24214.60 C:24227.90 -> no_pattern
[2026-04-19 00:58:53] O:24228.60 H:24238.30 L:24187.90 C:24210.90 -> no_pattern
[2026-04-19 00:58:53] O:24211.80 H:24230.70 L:24192.50 C:24196.50 -> no_pattern
[2026-04-19 00:58:53] O:24196.40 H:24199.20 L:24163.45 C:24190.60 -> pinbar
[2026-04-19 00:58:54] O:24189.90 H:24202.50 L:24183.90 C:24183.90 -> shooting_star
[2026-04-19 00:58:54] O:24184.25 H:24203.25 L:24177.80 C:24178.90 -> shooting_star
[2026-04-19 00:58:55] O:24179.90 H:24199.30 L:24178.35 C:24196.20 -> no_pattern
[2026-04-19 00:58:55] O:24197.65 H:24199.95 L:24189.20 C:24194.05 -> no_pattern
[2026-04-19 00:58:56] O:24196.40 H:24199.20 L:24163.45 C:24190.60 -> pinbar
[2026-04-19 00:58:56] O:24189.90 H:24202.50 L:24183.90 C:24183.90 -> shooting_star
[2026-04-19 00:58:56] O:24184.25 H:24203.25 L:24177.80 C:24178.90 -> shooting_star
[2026-04-19 00:58:56] O:24179.90 H:24199.30 L:24178.35 C:24196.20 -> no_pattern
[2026-04-19 00:58:56] O:24197.65 H:24199.95 L:24189.20 C:24194.05 -> no_pattern
[2026-04-19 00:58:56] O:24195.15 H:24195.40 L:24178.85 C:24188.40 -> no_pattern
[2026-04-19 00:58:57] O:24133.00 H:24133.00 L:24103.10 C:24111.85 -> no_pattern
[2026-04-19 00:58:57] O:24111.40 H:24123.25 L:24104.70 C:24119.50 -> no_pattern
[2026-04-19 00:58:57] O:24120.20 H:24128.45 L:24115.30 C:24124.05 -> spinning_top
[2026-04-19 00:58:57] O:24123.85 H:24125.35 L:24118.10 C:24121.75 -> no_pattern
[2026-04-19 00:58:57] O:24121.95 H:24136.10 L:24120.00 C:24135.35 -> no_pattern
[2026-04-19 00:58:57] O:24135.30 H:24149.85 L:24133.90 C:24149.40 -> no_pattern
[2026-04-19 00:58:57] O:24149.65 H:24181.30 L:24140.75 C:24180.45 -> no_pattern
[2026-04-19 00:58:57] O:24178.85 H:24184.75 L:24162.90 C:24183.45 -> pinbar
[2026-04-19 00:58:57] O:24184.25 H:24190.50 L:24165.55 C:24170.55 -> no_pattern
[2026-04-19 00:58:57] O:24170.40 H:24183.95 L:24162.35 C:24162.95 -> no_pattern
[2026-04-19 00:58:57] O:24159.65 H:24163.45 L:24132.45 C:24146.05 -> no_pattern
[2026-04-19 00:58:57] O:24146.45 H:24158.30 L:24144.55 C:24154.70 -> no_pattern
[2026-04-19 00:58:57] O:24155.05 H:24175.35 L:24155.05 C:24166.70 -> no_pattern
[2026-04-19 00:58:57] O:24166.70 H:24168.85 L:24158.90 C:24162.40 -> no_pattern
[2026-04-19 00:58:57] O:24162.50 H:24171.30 L:24159.75 C:24170.65 -> no_pattern
[2026-04-19 00:58:57] O:24170.40 H:24181.45 L:24153.75 C:24180.70 -> no_pattern
[2026-04-19 00:58:57] O:24180.45 H:24196.30 L:24171.50 C:24196.30 -> no_pattern
[2026-04-19 00:58:57] O:24196.35 H:24221.35 L:24195.95 C:24221.20 -> marubozu
[2026-04-19 00:58:57] O:24221.35 H:24228.65 L:24211.00 C:24221.15 -> doji
[2026-04-19 00:58:57] O:24220.55 H:24231.80 L:24211.90 C:24225.90 -> spinning_top
[2026-04-19 00:58:57] O:24225.70 H:24240.15 L:24212.50 C:24231.70 -> spinning_top
[2026-04-19 00:58:57] O:24231.40 H:24245.00 L:24224.95 C:24239.90 -> no_pattern
[2026-04-19 00:58:57] O:24239.65 H:24244.00 L:24226.95 C:24240.75 -> doji
[2026-04-19 00:58:57] O:24241.00 H:24241.15 L:24214.60 C:24227.90 -> no_pattern
[2026-04-19 00:58:57] O:24228.60 H:24238.30 L:24187.90 C:24210.90 -> no_pattern
[2026-04-19 00:58:57] O:24211.80 H:24230.70 L:24192.50 C:24196.50 -> no_pattern
[2026-04-19 00:58:57] O:24196.40 H:24199.20 L:24163.45 C:24190.60 -> pinbar
[2026-04-19 00:58:57] O:24189.90 H:24202.50 L:24183.90 C:24183.90 -> shooting_star
[2026-04-19 00:58:57] O:24184.25 H:24203.25 L:24177.80 C:24178.90 -> shooting_star
[2026-04-19 00:58:57] O:24179.90 H:24199.30 L:24178.35 C:24196.20 -> no_pattern
[2026-04-19 00:58:57] O:24197.65 H:24199.95 L:24189.20 C:24194.05 -> no_pattern
[2026-04-19 00:58:57] O:24195.15 H:24195.40 L:24178.85 C:24188.40 -> no_pattern
[2026-04-19 00:58:57] O:24173.60 H:24222.60 L:24109.45 C:24212.75 -> no_pattern
[2026-04-19 00:58:57] O:24215.00 H:24230.10 L:24197.05 C:24223.80 -> pinbar
[2026-04-19 00:58:58] O:24223.70 H:24232.95 L:24195.10 C:24228.70 -> pinbar
[2026-04-19 00:58:59] O:24228.95 H:24234.75 L:24208.15 C:24208.90 -> no_pattern
[2026-04-19 00:58:59] O:24208.70 H:24218.85 L:24192.50 C:24196.55 -> no_pattern
[2026-04-19 00:59:00] O:24173.60 H:24222.60 L:24109.45 C:24212.75 -> no_pattern
[2026-04-19 00:59:00] O:24215.00 H:24230.10 L:24197.05 C:24223.80 -> pinbar
[2026-04-19 00:59:00] O:24223.70 H:24232.95 L:24195.10 C:24228.70 -> pinbar
[2026-04-19 00:59:00] O:24228.95 H:24234.75 L:24208.15 C:24208.90 -> no_pattern
[2026-04-19 00:59:00] O:24208.70 H:24218.85 L:24192.50 C:24196.55 -> no_pattern
[2026-04-19 00:59:00] O:24195.05 H:24215.20 L:24166.90 C:24213.90 -> no_pattern
[2026-04-19 00:59:00] O:24214.50 H:24223.45 L:24187.40 C:24188.35 -> no_pattern
[2026-04-19 00:59:01] O:24187.20 H:24201.10 L:24178.70 C:24199.30 -> no_pattern
[2026-04-19 00:59:01] O:24228.95 H:24234.75 L:24208.15 C:24208.90 -> no_pattern
[2026-04-19 00:59:01] O:24208.70 H:24218.85 L:24192.50 C:24196.55 -> no_pattern
[2026-04-19 00:59:01] O:24195.05 H:24215.20 L:24166.90 C:24213.90 -> no_pattern
[2026-04-19 00:59:01] O:24214.50 H:24223.45 L:24187.40 C:24188.35 -> no_pattern
[2026-04-19 00:59:01] O:24187.20 H:24201.10 L:24178.70 C:24199.30 -> no_pattern
[2026-04-19 00:59:01] O:24199.45 H:24227.30 L:24199.45 C:24222.80 -> no_pattern
[2026-04-19 00:59:02] O:24222.40 H:24231.95 L:24219.20 C:24223.00 -> doji
[2026-04-19 00:59:03] O:24133.00 H:24133.00 L:24103.10 C:24111.85 -> no_pattern
[2026-04-19 00:59:03] O:24111.40 H:24123.25 L:24104.70 C:24119.50 -> no_pattern
[2026-04-19 00:59:03] O:24120.20 H:24128.45 L:24115.30 C:24124.05 -> spinning_top
[2026-04-19 00:59:03] O:24123.85 H:24125.35 L:24118.10 C:24121.75 -> no_pattern
[2026-04-19 00:59:03] O:24121.95 H:24136.10 L:24120.00 C:24135.35 -> no_pattern
[2026-04-19 00:59:03] O:24135.30 H:24149.85 L:24133.90 C:24149.40 -> no_pattern
[2026-04-19 00:59:03] O:24149.65 H:24181.30 L:24140.75 C:24180.45 -> no_pattern
[2026-04-19 00:59:03] O:24178.85 H:24184.75 L:24162.90 C:24183.45 -> pinbar
[2026-04-19 00:59:03] O:24184.25 H:24190.50 L:24165.55 C:24170.55 -> no_pattern
[2026-04-19 00:59:03] O:24170.40 H:24183.95 L:24162.35 C:24162.95 -> no_pattern
[2026-04-19 00:59:03] O:24159.65 H:24163.45 L:24132.45 C:24146.05 -> no_pattern
[2026-04-19 00:59:03] O:24146.45 H:24158.30 L:24144.55 C:24154.70 -> no_pattern
[2026-04-19 00:59:03] O:24155.05 H:24175.35 L:24155.05 C:24166.70 -> no_pattern
[2026-04-19 00:59:03] O:24166.70 H:24168.85 L:24158.90 C:24162.40 -> no_pattern
[2026-04-19 00:59:03] O:24162.50 H:24171.30 L:24159.75 C:24170.65 -> no_pattern
[2026-04-19 00:59:03] O:24170.40 H:24181.45 L:24153.75 C:24180.70 -> no_pattern
[2026-04-19 00:59:03] O:24180.45 H:24196.30 L:24171.50 C:24196.30 -> no_pattern
[2026-04-19 00:59:03] O:24196.35 H:24221.35 L:24195.95 C:24221.20 -> marubozu
[2026-04-19 00:59:03] O:24221.35 H:24228.65 L:24211.00 C:24221.15 -> doji
[2026-04-19 00:59:03] O:24220.55 H:24231.80 L:24211.90 C:24225.90 -> spinning_top
[2026-04-19 00:59:03] O:24225.70 H:24240.15 L:24212.50 C:24231.70 -> spinning_top
[2026-04-19 00:59:03] O:24231.40 H:24245.00 L:24224.95 C:24239.90 -> no_pattern
[2026-04-19 00:59:03] O:24239.65 H:24244.00 L:24226.95 C:24240.75 -> doji
[2026-04-19 00:59:03] O:24241.00 H:24241.15 L:24214.60 C:24227.90 -> no_pattern
[2026-04-19 00:59:03] O:24228.60 H:24238.30 L:24187.90 C:24210.90 -> no_pattern
[2026-04-19 00:59:03] O:24211.80 H:24230.70 L:24192.50 C:24196.50 -> no_pattern
[2026-04-19 00:59:03] O:24196.40 H:24199.20 L:24163.45 C:24190.60 -> pinbar
[2026-04-19 00:59:03] O:24189.90 H:24202.50 L:24183.90 C:24183.90 -> shooting_star
[2026-04-19 00:59:03] O:24184.25 H:24203.25 L:24177.80 C:24178.90 -> shooting_star
[2026-04-19 00:59:03] O:24179.90 H:24199.30 L:24178.35 C:24196.20 -> no_pattern
[2026-04-19 00:59:03] O:24197.65 H:24199.95 L:24189.20 C:24194.05 -> no_pattern
[2026-04-19 00:59:03] O:24195.15 H:24195.40 L:24178.85 C:24188.40 -> no_pattern
[2026-04-19 00:59:03] O:24173.60 H:24222.60 L:24109.45 C:24212.75 -> no_pattern
[2026-04-19 00:59:03] O:24215.00 H:24230.10 L:24197.05 C:24223.80 -> pinbar
[2026-04-19 00:59:03] O:24223.70 H:24232.95 L:24195.10 C:24228.70 -> pinbar
[2026-04-19 00:59:03] O:24228.95 H:24234.75 L:24208.15 C:24208.90 -> no_pattern
[2026-04-19 00:59:03] O:24208.70 H:24218.85 L:24192.50 C:24196.55 -> no_pattern
[2026-04-19 00:59:03] O:24195.05 H:24215.20 L:24166.90 C:24213.90 -> no_pattern
[2026-04-19 00:59:03] O:24214.50 H:24223.45 L:24187.40 C:24188.35 -> no_pattern
[2026-04-19 00:59:03] O:24187.20 H:24201.10 L:24178.70 C:24199.30 -> no_pattern
[2026-04-19 00:59:03] O:24199.45 H:24227.30 L:24199.45 C:24222.80 -> no_pattern
[2026-04-19 00:59:03] O:24222.40 H:24231.95 L:24219.20 C:24223.00 -> doji
[2026-04-19 00:59:03] O:24223.70 H:24237.75 L:24214.65 C:24223.10 -> doji
[2026-04-19 00:59:03] O:24222.75 H:24238.90 L:24205.40 C:24230.05 -> spinning_top
[2026-04-19 00:59:04] O:24387.75 H:24400.10 L:24372.70 C:24386.75 -> doji
[2026-04-19 00:59:04] O:24386.40 H:24398.25 L:24376.00 C:24388.90 -> spinning_top
[2026-04-19 00:59:04] O:24389.35 H:24390.35 L:24353.70 C:24358.30 -> no_pattern
[2026-04-19 00:59:04] O:24358.15 H:24364.05 L:24312.00 C:24314.90 -> no_pattern
[2026-04-19 00:59:04] O:24314.05 H:24335.35 L:24301.90 C:24303.70 -> shooting_star
[2026-04-19 00:59:04] O:24303.00 H:24329.30 L:24293.15 C:24328.60 -> no_pattern
[2026-04-19 00:59:04] O:24328.00 H:24334.65 L:24315.30 C:24330.35 -> spinning_top
[2026-04-19 00:59:04] O:24331.10 H:24337.05 L:24301.50 C:24316.55 -> no_pattern
[2026-04-19 00:59:04] O:24316.85 H:24316.85 L:24275.45 C:24283.35 -> no_pattern
[2026-04-19 00:59:04] O:24282.70 H:24290.75 L:24266.50 C:24288.50 -> pinbar
[2026-04-19 00:59:04] O:24288.70 H:24304.05 L:24279.65 C:24283.30 -> shooting_star
[2026-04-19 00:59:04] O:24281.90 H:24318.65 L:24280.90 C:24318.65 -> marubozu
[2026-04-19 00:59:04] O:24318.15 H:24319.85 L:24295.30 C:24307.60 -> no_pattern
[2026-04-19 00:59:04] O:24306.15 H:24324.55 L:24292.85 C:24323.40 -> no_pattern
[2026-04-19 00:59:04] O:24323.65 H:24328.80 L:24300.05 C:24306.45 -> no_pattern
[2026-04-19 00:59:04] O:24305.75 H:24315.20 L:24302.50 C:24312.35 -> no_pattern
[2026-04-19 00:59:04] O:24312.00 H:24317.20 L:24292.50 C:24308.80 -> spinning_top
[2026-04-19 00:59:04] O:24308.85 H:24321.25 L:24305.70 C:24312.70 -> inverted_hammer
[2026-04-19 00:59:04] O:24312.80 H:24325.85 L:24308.60 C:24310.65 -> shooting_star
[2026-04-19 00:59:04] O:24311.20 H:24317.10 L:24292.45 C:24311.75 -> doji
[2026-04-19 00:59:04] O:24312.10 H:24320.50 L:24306.90 C:24320.35 -> no_pattern
[2026-04-19 00:59:04] O:24320.00 H:24327.90 L:24311.75 C:24315.80 -> no_pattern
[2026-04-19 00:59:04] O:24316.00 H:24319.10 L:24311.50 C:24314.70 -> spinning_top
[2026-04-19 00:59:04] O:24315.25 H:24315.95 L:24302.15 C:24306.50 -> no_pattern
[2026-04-19 00:59:04] O:24306.00 H:24322.70 L:24303.55 C:24320.50 -> no_pattern
[2026-04-19 00:59:04] O:24320.65 H:24330.70 L:24319.15 C:24323.05 -> shooting_star
[2026-04-19 00:59:04] O:24323.60 H:24333.20 L:24308.60 C:24313.55 -> no_pattern
[2026-04-19 00:59:04] O:24313.05 H:24318.75 L:24303.65 C:24313.90 -> doji
[2026-04-19 00:59:04] O:24313.20 H:24321.00 L:24294.10 C:24311.40 -> doji
[2026-04-19 00:59:04] O:24308.15 H:24328.95 L:24298.55 C:24301.15 -> shooting_star
[2026-04-19 00:59:04] O:24301.10 H:24302.40 L:24282.75 C:24288.25 -> no_pattern
[2026-04-19 00:59:04] O:24288.00 H:24304.25 L:24284.70 C:24300.95 -> no_pattern
[2026-04-19 00:59:04] O:24301.40 H:24303.40 L:24290.10 C:24299.70 -> spinning_top
[2026-04-19 00:59:04] O:24299.85 H:24301.05 L:24279.75 C:24284.10 -> no_pattern
[2026-04-19 00:59:04] O:24284.10 H:24284.10 L:24261.60 C:24262.50 -> marubozu
[2026-04-19 00:59:04] O:24262.15 H:24268.85 L:24233.05 C:24233.05 -> no_pattern
[2026-04-19 00:59:04] O:24233.30 H:24246.10 L:24216.45 C:24226.95 -> spinning_top
[2026-04-19 00:59:04] O:24226.90 H:24238.05 L:24218.40 C:24237.25 -> no_pattern
[2026-04-19 00:59:04] O:24237.75 H:24237.75 L:24198.55 C:24205.35 -> no_pattern
[2026-04-19 00:59:04] O:24205.05 H:24211.25 L:24163.00 C:24164.75 -> no_pattern
[2026-04-19 00:59:04] O:24164.85 H:24173.45 L:24153.55 C:24169.95 -> pinbar
[2026-04-19 00:59:04] O:24169.45 H:24178.95 L:24153.55 C:24178.95 -> no_pattern
[2026-04-19 00:59:04] O:24178.90 H:24190.75 L:24172.15 C:24184.80 -> no_pattern
[2026-04-19 00:59:04] O:24182.95 H:24189.70 L:24159.40 C:24175.10 -> pinbar
[2026-04-19 00:59:04] O:24175.30 H:24184.35 L:24166.80 C:24167.95 -> no_pattern
[2026-04-19 00:59:04] O:24168.00 H:24174.25 L:24152.70 C:24168.10 -> doji
[2026-04-19 00:59:04] O:24168.00 H:24168.00 L:24153.20 C:24155.60 -> no_pattern
[2026-04-19 00:59:04] O:24154.05 H:24169.75 L:24137.85 C:24137.90 -> no_pattern
[2026-04-19 00:59:04] O:24138.05 H:24148.40 L:24132.20 C:24147.95 -> no_pattern
[2026-04-19 00:59:04] O:24147.80 H:24168.30 L:24147.15 C:24167.40 -> marubozu
[2026-04-19 00:59:04] O:24167.05 H:24169.25 L:24129.75 C:24152.10 -> no_pattern
[2026-04-19 00:59:04] O:24151.70 H:24152.45 L:24131.05 C:24132.40 -> no_pattern
[2026-04-19 00:59:04] O:24132.55 H:24157.10 L:24123.60 C:24123.90 -> shooting_star
[2026-04-19 00:59:04] O:24124.05 H:24129.90 L:24117.20 C:24128.60 -> no_pattern
[2026-04-19 00:59:04] O:24129.05 H:24152.80 L:24128.85 C:24140.35 -> no_pattern
[2026-04-19 00:59:04] O:24140.85 H:24160.20 L:24127.70 C:24131.75 -> inverted_hammer
[2026-04-19 00:59:04] O:24131.30 H:24134.25 L:24108.10 C:24110.05 -> no_pattern
[2026-04-19 00:59:04] O:24111.90 H:24125.85 L:24109.65 C:24122.30 -> no_pattern
[2026-04-19 00:59:04] O:24122.60 H:24135.00 L:24111.80 C:24130.35 -> no_pattern
[2026-04-19 00:59:04] O:24130.30 H:24142.45 L:24128.40 C:24132.60 -> shooting_star
[2026-04-19 00:59:04] O:24133.00 H:24133.00 L:24103.10 C:24111.85 -> no_pattern
[2026-04-19 00:59:04] O:24111.40 H:24123.25 L:24104.70 C:24119.50 -> no_pattern
[2026-04-19 00:59:04] O:24120.20 H:24128.45 L:24115.30 C:24124.05 -> spinning_top
[2026-04-19 00:59:04] O:24123.85 H:24125.35 L:24118.10 C:24121.75 -> no_pattern
[2026-04-19 00:59:04] O:24121.95 H:24136.10 L:24120.00 C:24135.35 -> no_pattern
[2026-04-19 00:59:04] O:24135.30 H:24149.85 L:24133.90 C:24149.40 -> no_pattern
[2026-04-19 00:59:04] O:24149.65 H:24181.30 L:24140.75 C:24180.45 -> no_pattern
[2026-04-19 00:59:04] O:24178.85 H:24184.75 L:24162.90 C:24183.45 -> pinbar
[2026-04-19 00:59:04] O:24184.25 H:24190.50 L:24165.55 C:24170.55 -> no_pattern
[2026-04-19 00:59:04] O:24170.40 H:24183.95 L:24162.35 C:24162.95 -> no_pattern
[2026-04-19 00:59:04] O:24159.65 H:24163.45 L:24132.45 C:24146.05 -> no_pattern
[2026-04-19 00:59:04] O:24146.45 H:24158.30 L:24144.55 C:24154.70 -> no_pattern
[2026-04-19 00:59:04] O:24155.05 H:24175.35 L:24155.05 C:24166.70 -> no_pattern
[2026-04-19 00:59:04] O:24166.70 H:24168.85 L:24158.90 C:24162.40 -> no_pattern
[2026-04-19 00:59:04] O:24162.50 H:24171.30 L:24159.75 C:24170.65 -> no_pattern
[2026-04-19 00:59:04] O:24170.40 H:24181.45 L:24153.75 C:24180.70 -> no_pattern
[2026-04-19 00:59:04] O:24180.45 H:24196.30 L:24171.50 C:24196.30 -> no_pattern
[2026-04-19 00:59:04] O:24196.35 H:24221.35 L:24195.95 C:24221.20 -> marubozu
[2026-04-19 00:59:04] O:24221.35 H:24228.65 L:24211.00 C:24221.15 -> doji
[2026-04-19 00:59:04] O:24220.55 H:24231.80 L:24211.90 C:24225.90 -> spinning_top
[2026-04-19 00:59:04] O:24225.70 H:24240.15 L:24212.50 C:24231.70 -> spinning_top
[2026-04-19 00:59:04] O:24231.40 H:24245.00 L:24224.95 C:24239.90 -> no_pattern
[2026-04-19 00:59:04] O:24239.65 H:24244.00 L:24226.95 C:24240.75 -> doji
[2026-04-19 00:59:04] O:24241.00 H:24241.15 L:24214.60 C:24227.90 -> no_pattern
[2026-04-19 00:59:04] O:24228.60 H:24238.30 L:24187.90 C:24210.90 -> no_pattern
[2026-04-19 00:59:04] O:24211.80 H:24230.70 L:24192.50 C:24196.50 -> no_pattern
[2026-04-19 00:59:04] O:24196.40 H:24199.20 L:24163.45 C:24190.60 -> pinbar
[2026-04-19 00:59:04] O:24189.90 H:24202.50 L:24183.90 C:24183.90 -> shooting_star
[2026-04-19 00:59:04] O:24184.25 H:24203.25 L:24177.80 C:24178.90 -> shooting_star
[2026-04-19 00:59:04] O:24179.90 H:24199.30 L:24178.35 C:24196.20 -> no_pattern
[2026-04-19 00:59:04] O:24197.65 H:24199.95 L:24189.20 C:24194.05 -> no_pattern
[2026-04-19 00:59:04] O:24195.15 H:24195.40 L:24178.85 C:24188.40 -> no_pattern
[2026-04-19 00:59:04] O:24173.60 H:24222.60 L:24109.45 C:24212.75 -> no_pattern
[2026-04-19 00:59:04] O:24215.00 H:24230.10 L:24197.05 C:24223.80 -> pinbar
[2026-04-19 00:59:04] O:24223.70 H:24232.95 L:24195.10 C:24228.70 -> pinbar
[2026-04-19 00:59:04] O:24228.95 H:24234.75 L:24208.15 C:24208.90 -> no_pattern
[2026-04-19 00:59:04] O:24208.70 H:24218.85 L:24192.50 C:24196.55 -> no_pattern
[2026-04-19 00:59:04] O:24195.05 H:24215.20 L:24166.90 C:24213.90 -> no_pattern
[2026-04-19 00:59:04] O:24214.50 H:24223.45 L:24187.40 C:24188.35 -> no_pattern
[2026-04-19 00:59:04] O:24187.20 H:24201.10 L:24178.70 C:24199.30 -> no_pattern
[2026-04-19 00:59:05] O:24199.45 H:24227.30 L:24199.45 C:24222.80 -> no_pattern
[2026-04-19 00:59:05] O:24222.40 H:24231.95 L:24219.20 C:24223.00 -> doji
[2026-04-19 00:59:05] O:24223.70 H:24237.75 L:24214.65 C:24223.10 -> doji
[2026-04-19 00:59:05] O:24222.75 H:24238.90 L:24205.40 C:24230.05 -> spinning_top
[2026-04-19 00:59:05] O:24231.20 H:24274.65 L:24226.05 C:24274.65 -> no_pattern
[2026-04-19 00:59:05] O:24274.70 H:24279.40 L:24255.15 C:24257.40 -> no_pattern
[2026-04-19 00:59:06] O:24257.95 H:24274.10 L:24256.75 C:24272.95 -> no_pattern
[2026-04-19 00:59:06] O:24273.45 H:24289.15 L:24273.45 C:24284.60 -> no_pattern
[2026-04-19 00:59:07] O:24285.25 H:24290.20 L:24280.00 C:24290.20 -> no_pattern
[2026-04-19 00:59:07] O:24290.40 H:24298.10 L:24283.85 C:24296.55 -> no_pattern
[2026-04-19 00:59:08] O:24296.50 H:24303.85 L:24284.95 C:24287.00 -> no_pattern
[2026-04-19 00:59:08] O:24286.10 H:24286.35 L:24260.05 C:24265.00 -> no_pattern
[2026-04-19 00:59:09] O:24265.40 H:24278.70 L:24256.90 C:24258.55 -> no_pattern
[2026-04-19 00:59:10] O:24259.25 H:24265.50 L:24244.05 C:24261.25 -> doji
[2026-04-19 00:59:10] O:24260.70 H:24270.00 L:24255.05 C:24263.45 -> spinning_top
[2026-04-19 00:59:11] O:24296.50 H:24303.85 L:24284.95 C:24287.00 -> no_pattern
[2026-04-19 00:59:11] O:24286.10 H:24286.35 L:24260.05 C:24265.00 -> no_pattern
[2026-04-19 00:59:11] O:24265.40 H:24278.70 L:24256.90 C:24258.55 -> no_pattern
[2026-04-19 00:59:11] O:24259.25 H:24265.50 L:24244.05 C:24261.25 -> doji
[2026-04-19 00:59:11] O:24260.70 H:24270.00 L:24255.05 C:24263.45 -> spinning_top
[2026-04-19 00:59:11] O:24263.05 H:24267.00 L:24256.85 C:24261.35 -> spinning_top
[2026-04-19 00:59:11] O:24262.35 H:24262.40 L:24252.80 C:24256.35 -> no_pattern
[2026-04-19 00:59:12] O:24256.35 H:24263.80 L:24255.40 C:24256.20 -> doji
[2026-04-19 00:59:13] O:24259.25 H:24265.50 L:24244.05 C:24261.25 -> doji
[2026-04-19 00:59:13] O:24260.70 H:24270.00 L:24255.05 C:24263.45 -> spinning_top
[2026-04-19 00:59:13] O:24263.05 H:24267.00 L:24256.85 C:24261.35 -> spinning_top
[2026-04-19 00:59:13] O:24262.35 H:24262.40 L:24252.80 C:24256.35 -> no_pattern
[2026-04-19 00:59:13] O:24256.35 H:24263.80 L:24255.40 C:24256.20 -> doji
[2026-04-19 00:59:13] O:24256.70 H:24261.35 L:24247.85 C:24254.80 -> spinning_top
[2026-04-19 00:59:13] O:24133.00 H:24133.00 L:24103.10 C:24111.85 -> no_pattern
[2026-04-19 00:59:13] O:24111.40 H:24123.25 L:24104.70 C:24119.50 -> no_pattern
[2026-04-19 00:59:13] O:24120.20 H:24128.45 L:24115.30 C:24124.05 -> spinning_top
[2026-04-19 00:59:13] O:24123.85 H:24125.35 L:24118.10 C:24121.75 -> no_pattern
[2026-04-19 00:59:13] O:24121.95 H:24136.10 L:24120.00 C:24135.35 -> no_pattern
[2026-04-19 00:59:13] O:24135.30 H:24149.85 L:24133.90 C:24149.40 -> no_pattern
[2026-04-19 00:59:13] O:24149.65 H:24181.30 L:24140.75 C:24180.45 -> no_pattern
[2026-04-19 00:59:13] O:24178.85 H:24184.75 L:24162.90 C:24183.45 -> pinbar
[2026-04-19 00:59:13] O:24184.25 H:24190.50 L:24165.55 C:24170.55 -> no_pattern
[2026-04-19 00:59:13] O:24170.40 H:24183.95 L:24162.35 C:24162.95 -> no_pattern
[2026-04-19 00:59:13] O:24159.65 H:24163.45 L:24132.45 C:24146.05 -> no_pattern
[2026-04-19 00:59:13] O:24146.45 H:24158.30 L:24144.55 C:24154.70 -> no_pattern
[2026-04-19 00:59:13] O:24155.05 H:24175.35 L:24155.05 C:24166.70 -> no_pattern
[2026-04-19 00:59:13] O:24166.70 H:24168.85 L:24158.90 C:24162.40 -> no_pattern
[2026-04-19 00:59:13] O:24162.50 H:24171.30 L:24159.75 C:24170.65 -> no_pattern
[2026-04-19 00:59:13] O:24170.40 H:24181.45 L:24153.75 C:24180.70 -> no_pattern
[2026-04-19 00:59:13] O:24180.45 H:24196.30 L:24171.50 C:24196.30 -> no_pattern
[2026-04-19 00:59:13] O:24196.35 H:24221.35 L:24195.95 C:24221.20 -> marubozu
[2026-04-19 00:59:13] O:24221.35 H:24228.65 L:24211.00 C:24221.15 -> doji
[2026-04-19 00:59:13] O:24220.55 H:24231.80 L:24211.90 C:24225.90 -> spinning_top
[2026-04-19 00:59:13] O:24225.70 H:24240.15 L:24212.50 C:24231.70 -> spinning_top
[2026-04-19 00:59:13] O:24231.40 H:24245.00 L:24224.95 C:24239.90 -> no_pattern
[2026-04-19 00:59:13] O:24239.65 H:24244.00 L:24226.95 C:24240.75 -> doji
[2026-04-19 00:59:13] O:24241.00 H:24241.15 L:24214.60 C:24227.90 -> no_pattern
[2026-04-19 00:59:13] O:24228.60 H:24238.30 L:24187.90 C:24210.90 -> no_pattern
[2026-04-19 00:59:13] O:24211.80 H:24230.70 L:24192.50 C:24196.50 -> no_pattern
[2026-04-19 00:59:13] O:24196.40 H:24199.20 L:24163.45 C:24190.60 -> pinbar
[2026-04-19 00:59:13] O:24189.90 H:24202.50 L:24183.90 C:24183.90 -> shooting_star
[2026-04-19 00:59:13] O:24184.25 H:24203.25 L:24177.80 C:24178.90 -> shooting_star
[2026-04-19 00:59:13] O:24179.90 H:24199.30 L:24178.35 C:24196.20 -> no_pattern
[2026-04-19 00:59:13] O:24197.65 H:24199.95 L:24189.20 C:24194.05 -> no_pattern
[2026-04-19 00:59:13] O:24195.15 H:24195.40 L:24178.85 C:24188.40 -> no_pattern
[2026-04-19 00:59:13] O:24173.60 H:24222.60 L:24109.45 C:24212.75 -> no_pattern
[2026-04-19 00:59:13] O:24215.00 H:24230.10 L:24197.05 C:24223.80 -> pinbar
[2026-04-19 00:59:13] O:24223.70 H:24232.95 L:24195.10 C:24228.70 -> pinbar
[2026-04-19 00:59:13] O:24228.95 H:24234.75 L:24208.15 C:24208.90 -> no_pattern
[2026-04-19 00:59:13] O:24208.70 H:24218.85 L:24192.50 C:24196.55 -> no_pattern
[2026-04-19 00:59:13] O:24195.05 H:24215.20 L:24166.90 C:24213.90 -> no_pattern
[2026-04-19 00:59:13] O:24214.50 H:24223.45 L:24187.40 C:24188.35 -> no_pattern
[2026-04-19 00:59:13] O:24187.20 H:24201.10 L:24178.70 C:24199.30 -> no_pattern
[2026-04-19 00:59:13] O:24199.45 H:24227.30 L:24199.45 C:24222.80 -> no_pattern
[2026-04-19 00:59:13] O:24222.40 H:24231.95 L:24219.20 C:24223.00 -> doji
[2026-04-19 00:59:13] O:24223.70 H:24237.75 L:24214.65 C:24223.10 -> doji
[2026-04-19 00:59:13] O:24222.75 H:24238.90 L:24205.40 C:24230.05 -> spinning_top
[2026-04-19 00:59:13] O:24231.20 H:24274.65 L:24226.05 C:24274.65 -> no_pattern
[2026-04-19 00:59:13] O:24274.70 H:24279.40 L:24255.15 C:24257.40 -> no_pattern
[2026-04-19 00:59:13] O:24257.95 H:24274.10 L:24256.75 C:24272.95 -> no_pattern
[2026-04-19 00:59:13] O:24273.45 H:24289.15 L:24273.45 C:24284.60 -> no_pattern
[2026-04-19 00:59:13] O:24285.25 H:24290.20 L:24280.00 C:24290.20 -> no_pattern
[2026-04-19 00:59:13] O:24290.40 H:24298.10 L:24283.85 C:24296.55 -> no_pattern
[2026-04-19 00:59:13] O:24296.50 H:24303.85 L:24284.95 C:24287.00 -> no_pattern
[2026-04-19 00:59:13] O:24286.10 H:24286.35 L:24260.05 C:24265.00 -> no_pattern
[2026-04-19 00:59:13] O:24265.40 H:24278.70 L:24256.90 C:24258.55 -> no_pattern
[2026-04-19 00:59:13] O:24259.25 H:24265.50 L:24244.05 C:24261.25 -> doji
[2026-04-19 00:59:13] O:24260.70 H:24270.00 L:24255.05 C:24263.45 -> spinning_top
[2026-04-19 00:59:13] O:24263.05 H:24267.00 L:24256.85 C:24261.35 -> spinning_top
[2026-04-19 00:59:13] O:24262.35 H:24262.40 L:24252.80 C:24256.35 -> no_pattern
[2026-04-19 00:59:13] O:24256.35 H:24263.80 L:24255.40 C:24256.20 -> doji
[2026-04-19 00:59:13] O:24256.70 H:24261.35 L:24247.85 C:24254.80 -> spinning_top
[2026-04-19 00:59:13] O:24254.75 H:24257.30 L:24237.75 C:24249.20 -> pinbar
[2026-04-19 00:59:14] O:24249.20 H:24269.50 L:24248.20 C:24268.80 -> marubozu
[2026-04-19 00:59:15] O:24269.30 H:24275.15 L:24263.35 C:24265.10 -> no_pattern
[2026-04-19 00:59:15] O:24264.65 H:24277.35 L:24264.65 C:24275.55 -> no_pattern
[2026-04-19 00:59:16] O:24275.50 H:24281.35 L:24272.25 C:24279.15 -> no_pattern
[2026-04-19 00:59:16] O:24254.75 H:24257.30 L:24237.75 C:24249.20 -> pinbar
[2026-04-19 00:59:16] O:24249.20 H:24269.50 L:24248.20 C:24268.80 -> marubozu
[2026-04-19 00:59:16] O:24269.30 H:24275.15 L:24263.35 C:24265.10 -> no_pattern
[2026-04-19 00:59:16] O:24264.65 H:24277.35 L:24264.65 C:24275.55 -> no_pattern
[2026-04-19 00:59:16] O:24275.50 H:24281.35 L:24272.25 C:24279.15 -> no_pattern
[2026-04-19 00:59:16] O:24278.50 H:24282.15 L:24272.10 C:24276.45 -> spinning_top
[2026-04-19 00:59:17] O:24276.45 H:24284.60 L:24266.25 C:24277.75 -> doji
[2026-04-19 00:59:17] O:24276.15 H:24287.65 L:24273.50 C:24287.00 -> no_pattern
[2026-04-19 00:59:18] O:24287.25 H:24293.90 L:24283.25 C:24290.10 -> spinning_top
[2026-04-19 00:59:19] O:24289.95 H:24293.80 L:24286.20 C:24292.20 -> no_pattern
[2026-04-19 00:59:19] O:24292.45 H:24302.60 L:24288.75 C:24291.65 -> doji
[2026-04-19 00:59:20] O:24291.95 H:24297.25 L:24278.45 C:24296.95 -> pinbar
[2026-04-19 00:59:20] O:24387.75 H:24400.10 L:24372.70 C:24386.75 -> doji
[2026-04-19 00:59:20] O:24386.40 H:24398.25 L:24376.00 C:24388.90 -> spinning_top
[2026-04-19 00:59:20] O:24389.35 H:24390.35 L:24353.70 C:24358.30 -> no_pattern
[2026-04-19 00:59:20] O:24358.15 H:24364.05 L:24312.00 C:24314.90 -> no_pattern
[2026-04-19 00:59:20] O:24314.05 H:24335.35 L:24301.90 C:24303.70 -> shooting_star
[2026-04-19 00:59:20] O:24303.00 H:24329.30 L:24293.15 C:24328.60 -> no_pattern
[2026-04-19 00:59:20] O:24328.00 H:24334.65 L:24315.30 C:24330.35 -> spinning_top
[2026-04-19 00:59:20] O:24331.10 H:24337.05 L:24301.50 C:24316.55 -> no_pattern
[2026-04-19 00:59:20] O:24316.85 H:24316.85 L:24275.45 C:24283.35 -> no_pattern
[2026-04-19 00:59:20] O:24282.70 H:24290.75 L:24266.50 C:24288.50 -> pinbar
[2026-04-19 00:59:20] O:24288.70 H:24304.05 L:24279.65 C:24283.30 -> shooting_star
[2026-04-19 00:59:20] O:24281.90 H:24318.65 L:24280.90 C:24318.65 -> marubozu
[2026-04-19 00:59:20] O:24318.15 H:24319.85 L:24295.30 C:24307.60 -> no_pattern
[2026-04-19 00:59:20] O:24306.15 H:24324.55 L:24292.85 C:24323.40 -> no_pattern
[2026-04-19 00:59:20] O:24323.65 H:24328.80 L:24300.05 C:24306.45 -> no_pattern
[2026-04-19 00:59:20] O:24305.75 H:24315.20 L:24302.50 C:24312.35 -> no_pattern
[2026-04-19 00:59:20] O:24312.00 H:24317.20 L:24292.50 C:24308.80 -> spinning_top
[2026-04-19 00:59:20] O:24308.85 H:24321.25 L:24305.70 C:24312.70 -> inverted_hammer
[2026-04-19 00:59:20] O:24312.80 H:24325.85 L:24308.60 C:24310.65 -> shooting_star
[2026-04-19 00:59:20] O:24311.20 H:24317.10 L:24292.45 C:24311.75 -> doji
[2026-04-19 00:59:20] O:24312.10 H:24320.50 L:24306.90 C:24320.35 -> no_pattern
[2026-04-19 00:59:20] O:24320.00 H:24327.90 L:24311.75 C:24315.80 -> no_pattern
[2026-04-19 00:59:20] O:24316.00 H:24319.10 L:24311.50 C:24314.70 -> spinning_top
[2026-04-19 00:59:20] O:24315.25 H:24315.95 L:24302.15 C:24306.50 -> no_pattern
[2026-04-19 00:59:20] O:24306.00 H:24322.70 L:24303.55 C:24320.50 -> no_pattern
[2026-04-19 00:59:20] O:24320.65 H:24330.70 L:24319.15 C:24323.05 -> shooting_star
[2026-04-19 00:59:20] O:24323.60 H:24333.20 L:24308.60 C:24313.55 -> no_pattern
[2026-04-19 00:59:20] O:24313.05 H:24318.75 L:24303.65 C:24313.90 -> doji
[2026-04-19 00:59:20] O:24313.20 H:24321.00 L:24294.10 C:24311.40 -> doji
[2026-04-19 00:59:20] O:24308.15 H:24328.95 L:24298.55 C:24301.15 -> shooting_star
[2026-04-19 00:59:21] O:24301.10 H:24302.40 L:24282.75 C:24288.25 -> no_pattern
[2026-04-19 00:59:21] O:24288.00 H:24304.25 L:24284.70 C:24300.95 -> no_pattern
[2026-04-19 00:59:21] O:24301.40 H:24303.40 L:24290.10 C:24299.70 -> spinning_top
[2026-04-19 00:59:21] O:24299.85 H:24301.05 L:24279.75 C:24284.10 -> no_pattern
[2026-04-19 00:59:21] O:24284.10 H:24284.10 L:24261.60 C:24262.50 -> marubozu
[2026-04-19 00:59:21] O:24262.15 H:24268.85 L:24233.05 C:24233.05 -> no_pattern
[2026-04-19 00:59:21] O:24233.30 H:24246.10 L:24216.45 C:24226.95 -> spinning_top
[2026-04-19 00:59:21] O:24226.90 H:24238.05 L:24218.40 C:24237.25 -> no_pattern
[2026-04-19 00:59:21] O:24237.75 H:24237.75 L:24198.55 C:24205.35 -> no_pattern
[2026-04-19 00:59:21] O:24205.05 H:24211.25 L:24163.00 C:24164.75 -> no_pattern
[2026-04-19 00:59:21] O:24164.85 H:24173.45 L:24153.55 C:24169.95 -> pinbar
[2026-04-19 00:59:21] O:24169.45 H:24178.95 L:24153.55 C:24178.95 -> no_pattern
[2026-04-19 00:59:21] O:24178.90 H:24190.75 L:24172.15 C:24184.80 -> no_pattern
[2026-04-19 00:59:21] O:24182.95 H:24189.70 L:24159.40 C:24175.10 -> pinbar
[2026-04-19 00:59:21] O:24175.30 H:24184.35 L:24166.80 C:24167.95 -> no_pattern
[2026-04-19 00:59:21] O:24168.00 H:24174.25 L:24152.70 C:24168.10 -> doji
[2026-04-19 00:59:21] O:24168.00 H:24168.00 L:24153.20 C:24155.60 -> no_pattern
[2026-04-19 00:59:21] O:24154.05 H:24169.75 L:24137.85 C:24137.90 -> no_pattern
[2026-04-19 00:59:21] O:24138.05 H:24148.40 L:24132.20 C:24147.95 -> no_pattern
[2026-04-19 00:59:21] O:24147.80 H:24168.30 L:24147.15 C:24167.40 -> marubozu
[2026-04-19 00:59:21] O:24167.05 H:24169.25 L:24129.75 C:24152.10 -> no_pattern
[2026-04-19 00:59:21] O:24151.70 H:24152.45 L:24131.05 C:24132.40 -> no_pattern
[2026-04-19 00:59:21] O:24132.55 H:24157.10 L:24123.60 C:24123.90 -> shooting_star
[2026-04-19 00:59:21] O:24124.05 H:24129.90 L:24117.20 C:24128.60 -> no_pattern
[2026-04-19 00:59:21] O:24129.05 H:24152.80 L:24128.85 C:24140.35 -> no_pattern
[2026-04-19 00:59:21] O:24140.85 H:24160.20 L:24127.70 C:24131.75 -> inverted_hammer
[2026-04-19 00:59:21] O:24131.30 H:24134.25 L:24108.10 C:24110.05 -> no_pattern
[2026-04-19 00:59:21] O:24111.90 H:24125.85 L:24109.65 C:24122.30 -> no_pattern
[2026-04-19 00:59:21] O:24122.60 H:24135.00 L:24111.80 C:24130.35 -> no_pattern
[2026-04-19 00:59:21] O:24130.30 H:24142.45 L:24128.40 C:24132.60 -> shooting_star
[2026-04-19 00:59:21] O:24133.00 H:24133.00 L:24103.10 C:24111.85 -> no_pattern
[2026-04-19 00:59:21] O:24111.40 H:24123.25 L:24104.70 C:24119.50 -> no_pattern
[2026-04-19 00:59:21] O:24120.20 H:24128.45 L:24115.30 C:24124.05 -> spinning_top
[2026-04-19 00:59:21] O:24123.85 H:24125.35 L:24118.10 C:24121.75 -> no_pattern
[2026-04-19 00:59:21] O:24121.95 H:24136.10 L:24120.00 C:24135.35 -> no_pattern
[2026-04-19 00:59:21] O:24135.30 H:24149.85 L:24133.90 C:24149.40 -> no_pattern
[2026-04-19 00:59:21] O:24149.65 H:24181.30 L:24140.75 C:24180.45 -> no_pattern
[2026-04-19 00:59:21] O:24178.85 H:24184.75 L:24162.90 C:24183.45 -> pinbar
[2026-04-19 00:59:21] O:24184.25 H:24190.50 L:24165.55 C:24170.55 -> no_pattern
[2026-04-19 00:59:21] O:24170.40 H:24183.95 L:24162.35 C:24162.95 -> no_pattern
[2026-04-19 00:59:21] O:24159.65 H:24163.45 L:24132.45 C:24146.05 -> no_pattern
[2026-04-19 00:59:21] O:24146.45 H:24158.30 L:24144.55 C:24154.70 -> no_pattern
[2026-04-19 00:59:21] O:24155.05 H:24175.35 L:24155.05 C:24166.70 -> no_pattern
[2026-04-19 00:59:21] O:24166.70 H:24168.85 L:24158.90 C:24162.40 -> no_pattern
[2026-04-19 00:59:21] O:24162.50 H:24171.30 L:24159.75 C:24170.65 -> no_pattern
[2026-04-19 00:59:21] O:24170.40 H:24181.45 L:24153.75 C:24180.70 -> no_pattern
[2026-04-19 00:59:21] O:24180.45 H:24196.30 L:24171.50 C:24196.30 -> no_pattern
[2026-04-19 00:59:21] O:24196.35 H:24221.35 L:24195.95 C:24221.20 -> marubozu
[2026-04-19 00:59:21] O:24221.35 H:24228.65 L:24211.00 C:24221.15 -> doji
[2026-04-19 00:59:21] O:24220.55 H:24231.80 L:24211.90 C:24225.90 -> spinning_top
[2026-04-19 00:59:21] O:24225.70 H:24240.15 L:24212.50 C:24231.70 -> spinning_top
[2026-04-19 00:59:21] O:24231.40 H:24245.00 L:24224.95 C:24239.90 -> no_pattern
[2026-04-19 00:59:21] O:24239.65 H:24244.00 L:24226.95 C:24240.75 -> doji
[2026-04-19 00:59:21] O:24241.00 H:24241.15 L:24214.60 C:24227.90 -> no_pattern
[2026-04-19 00:59:21] O:24228.60 H:24238.30 L:24187.90 C:24210.90 -> no_pattern
[2026-04-19 00:59:21] O:24211.80 H:24230.70 L:24192.50 C:24196.50 -> no_pattern
[2026-04-19 00:59:21] O:24196.40 H:24199.20 L:24163.45 C:24190.60 -> pinbar
[2026-04-19 00:59:21] O:24189.90 H:24202.50 L:24183.90 C:24183.90 -> shooting_star
[2026-04-19 00:59:21] O:24184.25 H:24203.25 L:24177.80 C:24178.90 -> shooting_star
[2026-04-19 00:59:21] O:24179.90 H:24199.30 L:24178.35 C:24196.20 -> no_pattern
[2026-04-19 00:59:21] O:24197.65 H:24199.95 L:24189.20 C:24194.05 -> no_pattern
[2026-04-19 00:59:21] O:24195.15 H:24195.40 L:24178.85 C:24188.40 -> no_pattern
[2026-04-19 00:59:21] O:24173.60 H:24222.60 L:24109.45 C:24212.75 -> no_pattern
[2026-04-19 00:59:21] O:24215.00 H:24230.10 L:24197.05 C:24223.80 -> pinbar
[2026-04-19 00:59:21] O:24223.70 H:24232.95 L:24195.10 C:24228.70 -> pinbar
[2026-04-19 00:59:21] O:24228.95 H:24234.75 L:24208.15 C:24208.90 -> no_pattern
[2026-04-19 00:59:21] O:24208.70 H:24218.85 L:24192.50 C:24196.55 -> no_pattern
[2026-04-19 00:59:21] O:24195.05 H:24215.20 L:24166.90 C:24213.90 -> no_pattern
[2026-04-19 00:59:21] O:24214.50 H:24223.45 L:24187.40 C:24188.35 -> no_pattern
[2026-04-19 00:59:21] O:24187.20 H:24201.10 L:24178.70 C:24199.30 -> no_pattern
[2026-04-19 00:59:21] O:24199.45 H:24227.30 L:24199.45 C:24222.80 -> no_pattern
[2026-04-19 00:59:21] O:24222.40 H:24231.95 L:24219.20 C:24223.00 -> doji
[2026-04-19 00:59:21] O:24223.70 H:24237.75 L:24214.65 C:24223.10 -> doji
[2026-04-19 00:59:21] O:24222.75 H:24238.90 L:24205.40 C:24230.05 -> spinning_top
[2026-04-19 00:59:21] O:24231.20 H:24274.65 L:24226.05 C:24274.65 -> no_pattern
[2026-04-19 00:59:21] O:24274.70 H:24279.40 L:24255.15 C:24257.40 -> no_pattern
[2026-04-19 00:59:21] O:24257.95 H:24274.10 L:24256.75 C:24272.95 -> no_pattern
[2026-04-19 00:59:21] O:24273.45 H:24289.15 L:24273.45 C:24284.60 -> no_pattern
[2026-04-19 00:59:21] O:24285.25 H:24290.20 L:24280.00 C:24290.20 -> no_pattern
[2026-04-19 00:59:21] O:24290.40 H:24298.10 L:24283.85 C:24296.55 -> no_pattern
[2026-04-19 00:59:21] O:24296.50 H:24303.85 L:24284.95 C:24287.00 -> no_pattern
[2026-04-19 00:59:21] O:24286.10 H:24286.35 L:24260.05 C:24265.00 -> no_pattern
[2026-04-19 00:59:21] O:24265.40 H:24278.70 L:24256.90 C:24258.55 -> no_pattern
[2026-04-19 00:59:21] O:24259.25 H:24265.50 L:24244.05 C:24261.25 -> doji
[2026-04-19 00:59:21] O:24260.70 H:24270.00 L:24255.05 C:24263.45 -> spinning_top
[2026-04-19 00:59:21] O:24263.05 H:24267.00 L:24256.85 C:24261.35 -> spinning_top
[2026-04-19 00:59:21] O:24262.35 H:24262.40 L:24252.80 C:24256.35 -> no_pattern
[2026-04-19 00:59:21] O:24256.35 H:24263.80 L:24255.40 C:24256.20 -> doji
[2026-04-19 00:59:21] O:24256.70 H:24261.35 L:24247.85 C:24254.80 -> spinning_top
[2026-04-19 00:59:21] O:24254.75 H:24257.30 L:24237.75 C:24249.20 -> pinbar
[2026-04-19 00:59:21] O:24249.20 H:24269.50 L:24248.20 C:24268.80 -> marubozu
[2026-04-19 00:59:21] O:24269.30 H:24275.15 L:24263.35 C:24265.10 -> no_pattern
[2026-04-19 00:59:21] O:24264.65 H:24277.35 L:24264.65 C:24275.55 -> no_pattern
[2026-04-19 00:59:21] O:24275.50 H:24281.35 L:24272.25 C:24279.15 -> no_pattern
[2026-04-19 00:59:21] O:24278.50 H:24282.15 L:24272.10 C:24276.45 -> spinning_top
[2026-04-19 00:59:21] O:24276.45 H:24284.60 L:24266.25 C:24277.75 -> doji
[2026-04-19 00:59:21] O:24276.15 H:24287.65 L:24273.50 C:24287.00 -> no_pattern
[2026-04-19 00:59:21] O:24287.25 H:24293.90 L:24283.25 C:24290.10 -> spinning_top
[2026-04-19 00:59:21] O:24289.95 H:24293.80 L:24286.20 C:24292.20 -> no_pattern
[2026-04-19 00:59:21] O:24292.45 H:24302.60 L:24288.75 C:24291.65 -> doji
[2026-04-19 00:59:21] O:24291.95 H:24297.25 L:24278.45 C:24296.95 -> pinbar
[2026-04-19 00:59:21] O:24297.15 H:24318.75 L:24294.10 C:24316.45 -> no_pattern
[2026-04-19 00:59:22] O:24316.05 H:24322.25 L:24284.10 C:24284.10 -> no_pattern
[2026-04-19 00:59:22] O:24285.75 H:24288.05 L:24253.15 C:24271.00 -> no_pattern
[2026-04-19 00:59:23] O:24270.85 H:24274.90 L:24255.75 C:24274.20 -> pinbar
[2026-04-19 00:59:23] O:24274.25 H:24292.55 L:24274.10 C:24281.35 -> no_pattern
[2026-04-19 00:59:24] O:24282.00 H:24287.95 L:24277.65 C:24285.60 -> no_pattern
[2026-04-19 00:59:24] O:24316.05 H:24322.25 L:24284.10 C:24284.10 -> no_pattern
[2026-04-19 00:59:24] O:24285.75 H:24288.05 L:24253.15 C:24271.00 -> no_pattern
[2026-04-19 00:59:24] O:24270.85 H:24274.90 L:24255.75 C:24274.20 -> pinbar
[2026-04-19 00:59:24] O:24274.25 H:24292.55 L:24274.10 C:24281.35 -> no_pattern
[2026-04-19 00:59:24] O:24282.00 H:24287.95 L:24277.65 C:24285.60 -> no_pattern
[2026-04-19 00:59:24] O:24286.20 H:24293.70 L:24281.60 C:24287.90 -> spinning_top
[2026-04-19 00:59:25] O:24285.75 H:24288.05 L:24253.15 C:24271.00 -> no_pattern
[2026-04-19 00:59:25] O:24270.85 H:24274.90 L:24255.75 C:24274.20 -> pinbar
[2026-04-19 00:59:25] O:24274.25 H:24292.55 L:24274.10 C:24281.35 -> no_pattern
[2026-04-19 00:59:25] O:24282.00 H:24287.95 L:24277.65 C:24285.60 -> no_pattern
[2026-04-19 00:59:25] O:24286.20 H:24293.70 L:24281.60 C:24287.90 -> spinning_top
[2026-04-19 00:59:25] O:24288.65 H:24291.10 L:24280.70 C:24285.30 -> no_pattern
[2026-04-19 00:59:26] O:24285.10 H:24290.50 L:24283.90 C:24290.05 -> no_pattern
[2026-04-19 00:59:26] O:24289.95 H:24291.65 L:24279.50 C:24279.75 -> no_pattern
[2026-04-19 00:59:27] O:24279.35 H:24281.35 L:24264.80 C:24265.35 -> no_pattern
[2026-04-19 00:59:27] O:24265.05 H:24272.65 L:24263.75 C:24269.15 -> no_pattern
[2026-04-19 00:59:28] O:24268.40 H:24275.20 L:24260.25 C:24274.95 -> no_pattern
[2026-04-19 00:59:29] O:24274.55 H:24277.00 L:24262.65 C:24276.00 -> pinbar
[2026-04-19 00:59:29] O:24275.60 H:24277.95 L:24266.20 C:24272.65 -> pinbar
[2026-04-19 00:59:30] O:24271.70 H:24273.00 L:24259.95 C:24265.35 -> no_pattern
[2026-04-19 00:59:30] O:24264.95 H:24269.15 L:24261.05 C:24263.30 -> spinning_top
[2026-04-19 00:59:31] O:24262.35 H:24275.30 L:24259.90 C:24271.60 -> no_pattern
[2026-04-19 00:59:31] O:24271.70 H:24279.30 L:24266.45 C:24276.25 -> no_pattern
[2026-04-19 00:59:32] O:24276.40 H:24289.15 L:24274.60 C:24288.55 -> no_pattern
[2026-04-19 00:59:33] O:24288.50 H:24292.95 L:24283.75 C:24285.05 -> no_pattern
[2026-04-19 00:59:33] O:24284.30 H:24287.05 L:24273.45 C:24274.05 -> no_pattern
[2026-04-19 00:59:34] O:24272.50 H:24275.95 L:24268.05 C:24274.15 -> spinning_top
[2026-04-19 00:59:34] O:24273.80 H:24284.05 L:24265.40 C:24273.70 -> doji
[2026-04-19 00:59:35] O:24272.65 H:24291.15 L:24272.05 C:24290.30 -> marubozu
[2026-04-19 00:59:35] O:24289.55 H:24296.30 L:24288.05 C:24296.30 -> no_pattern
[2026-04-19 00:59:36] O:24296.30 H:24297.20 L:24289.25 C:24296.50 -> doji
[2026-04-19 00:59:37] O:24296.40 H:24312.80 L:24296.05 C:24312.35 -> marubozu
[2026-04-19 00:59:37] O:24312.35 H:24312.80 L:24301.30 C:24306.10 -> no_pattern
[2026-04-19 00:59:38] O:24305.80 H:24309.10 L:24303.00 C:24304.50 -> spinning_top
[2026-04-19 00:59:38] O:24304.25 H:24307.40 L:24299.75 C:24304.00 -> doji
[2026-04-19 00:59:39] O:24304.25 H:24308.30 L:24294.05 C:24304.55 -> doji
[2026-04-19 00:59:39] O:24303.70 H:24311.00 L:24302.30 C:24309.20 -> no_pattern
[2026-04-19 00:59:40] O:24309.35 H:24311.70 L:24300.85 C:24308.30 -> doji
[2026-04-19 00:59:40] O:24308.25 H:24316.00 L:24307.15 C:24313.60 -> no_pattern
[2026-04-19 00:59:41] O:24313.60 H:24317.75 L:24305.45 C:24306.85 -> no_pattern
[2026-04-19 00:59:42] O:24307.50 H:24320.10 L:24306.65 C:24317.15 -> no_pattern
[2026-04-19 00:59:42] O:24387.75 H:24400.10 L:24372.70 C:24386.75 -> doji
[2026-04-19 00:59:42] O:24386.40 H:24398.25 L:24376.00 C:24388.90 -> spinning_top
[2026-04-19 00:59:42] O:24389.35 H:24390.35 L:24353.70 C:24358.30 -> no_pattern
[2026-04-19 00:59:42] O:24358.15 H:24364.05 L:24312.00 C:24314.90 -> no_pattern
[2026-04-19 00:59:42] O:24314.05 H:24335.35 L:24301.90 C:24303.70 -> shooting_star
[2026-04-19 00:59:42] O:24303.00 H:24329.30 L:24293.15 C:24328.60 -> no_pattern
[2026-04-19 00:59:42] O:24328.00 H:24334.65 L:24315.30 C:24330.35 -> spinning_top
[2026-04-19 00:59:42] O:24331.10 H:24337.05 L:24301.50 C:24316.55 -> no_pattern
[2026-04-19 00:59:42] O:24316.85 H:24316.85 L:24275.45 C:24283.35 -> no_pattern
[2026-04-19 00:59:42] O:24282.70 H:24290.75 L:24266.50 C:24288.50 -> pinbar
[2026-04-19 00:59:42] O:24288.70 H:24304.05 L:24279.65 C:24283.30 -> shooting_star
[2026-04-19 00:59:42] O:24281.90 H:24318.65 L:24280.90 C:24318.65 -> marubozu
[2026-04-19 00:59:42] O:24318.15 H:24319.85 L:24295.30 C:24307.60 -> no_pattern
[2026-04-19 00:59:42] O:24306.15 H:24324.55 L:24292.85 C:24323.40 -> no_pattern
[2026-04-19 00:59:42] O:24323.65 H:24328.80 L:24300.05 C:24306.45 -> no_pattern
[2026-04-19 00:59:42] O:24305.75 H:24315.20 L:24302.50 C:24312.35 -> no_pattern
[2026-04-19 00:59:42] O:24312.00 H:24317.20 L:24292.50 C:24308.80 -> spinning_top
[2026-04-19 00:59:42] O:24308.85 H:24321.25 L:24305.70 C:24312.70 -> inverted_hammer
[2026-04-19 00:59:42] O:24312.80 H:24325.85 L:24308.60 C:24310.65 -> shooting_star
[2026-04-19 00:59:42] O:24311.20 H:24317.10 L:24292.45 C:24311.75 -> doji
[2026-04-19 00:59:42] O:24312.10 H:24320.50 L:24306.90 C:24320.35 -> no_pattern
[2026-04-19 00:59:42] O:24320.00 H:24327.90 L:24311.75 C:24315.80 -> no_pattern
[2026-04-19 00:59:42] O:24316.00 H:24319.10 L:24311.50 C:24314.70 -> spinning_top
[2026-04-19 00:59:42] O:24315.25 H:24315.95 L:24302.15 C:24306.50 -> no_pattern
[2026-04-19 00:59:42] O:24306.00 H:24322.70 L:24303.55 C:24320.50 -> no_pattern
[2026-04-19 00:59:42] O:24320.65 H:24330.70 L:24319.15 C:24323.05 -> shooting_star
[2026-04-19 00:59:42] O:24323.60 H:24333.20 L:24308.60 C:24313.55 -> no_pattern
[2026-04-19 00:59:42] O:24313.05 H:24318.75 L:24303.65 C:24313.90 -> doji
[2026-04-19 00:59:42] O:24313.20 H:24321.00 L:24294.10 C:24311.40 -> doji
[2026-04-19 00:59:42] O:24308.15 H:24328.95 L:24298.55 C:24301.15 -> shooting_star
[2026-04-19 00:59:42] O:24301.10 H:24302.40 L:24282.75 C:24288.25 -> no_pattern
[2026-04-19 00:59:42] O:24288.00 H:24304.25 L:24284.70 C:24300.95 -> no_pattern
[2026-04-19 00:59:42] O:24301.40 H:24303.40 L:24290.10 C:24299.70 -> spinning_top
[2026-04-19 00:59:42] O:24299.85 H:24301.05 L:24279.75 C:24284.10 -> no_pattern
[2026-04-19 00:59:42] O:24284.10 H:24284.10 L:24261.60 C:24262.50 -> marubozu
[2026-04-19 00:59:42] O:24262.15 H:24268.85 L:24233.05 C:24233.05 -> no_pattern
[2026-04-19 00:59:42] O:24233.30 H:24246.10 L:24216.45 C:24226.95 -> spinning_top
[2026-04-19 00:59:42] O:24226.90 H:24238.05 L:24218.40 C:24237.25 -> no_pattern
[2026-04-19 00:59:42] O:24237.75 H:24237.75 L:24198.55 C:24205.35 -> no_pattern
[2026-04-19 00:59:42] O:24205.05 H:24211.25 L:24163.00 C:24164.75 -> no_pattern
[2026-04-19 00:59:42] O:24164.85 H:24173.45 L:24153.55 C:24169.95 -> pinbar
[2026-04-19 00:59:42] O:24169.45 H:24178.95 L:24153.55 C:24178.95 -> no_pattern
[2026-04-19 00:59:42] O:24178.90 H:24190.75 L:24172.15 C:24184.80 -> no_pattern
[2026-04-19 00:59:42] O:24182.95 H:24189.70 L:24159.40 C:24175.10 -> pinbar
[2026-04-19 00:59:42] O:24175.30 H:24184.35 L:24166.80 C:24167.95 -> no_pattern
[2026-04-19 00:59:42] O:24168.00 H:24174.25 L:24152.70 C:24168.10 -> doji
[2026-04-19 00:59:42] O:24168.00 H:24168.00 L:24153.20 C:24155.60 -> no_pattern
[2026-04-19 00:59:42] O:24154.05 H:24169.75 L:24137.85 C:24137.90 -> no_pattern
[2026-04-19 00:59:42] O:24138.05 H:24148.40 L:24132.20 C:24147.95 -> no_pattern
[2026-04-19 00:59:42] O:24147.80 H:24168.30 L:24147.15 C:24167.40 -> marubozu
[2026-04-19 00:59:42] O:24167.05 H:24169.25 L:24129.75 C:24152.10 -> no_pattern
[2026-04-19 00:59:42] O:24151.70 H:24152.45 L:24131.05 C:24132.40 -> no_pattern
[2026-04-19 00:59:42] O:24132.55 H:24157.10 L:24123.60 C:24123.90 -> shooting_star
[2026-04-19 00:59:42] O:24124.05 H:24129.90 L:24117.20 C:24128.60 -> no_pattern
[2026-04-19 00:59:42] O:24129.05 H:24152.80 L:24128.85 C:24140.35 -> no_pattern
[2026-04-19 00:59:42] O:24140.85 H:24160.20 L:24127.70 C:24131.75 -> inverted_hammer
[2026-04-19 00:59:42] O:24131.30 H:24134.25 L:24108.10 C:24110.05 -> no_pattern
[2026-04-19 00:59:42] O:24111.90 H:24125.85 L:24109.65 C:24122.30 -> no_pattern
[2026-04-19 00:59:42] O:24122.60 H:24135.00 L:24111.80 C:24130.35 -> no_pattern
[2026-04-19 00:59:42] O:24130.30 H:24142.45 L:24128.40 C:24132.60 -> shooting_star
[2026-04-19 00:59:42] O:24133.00 H:24133.00 L:24103.10 C:24111.85 -> no_pattern
[2026-04-19 00:59:42] O:24111.40 H:24123.25 L:24104.70 C:24119.50 -> no_pattern
[2026-04-19 00:59:42] O:24120.20 H:24128.45 L:24115.30 C:24124.05 -> spinning_top
[2026-04-19 00:59:42] O:24123.85 H:24125.35 L:24118.10 C:24121.75 -> no_pattern
[2026-04-19 00:59:42] O:24121.95 H:24136.10 L:24120.00 C:24135.35 -> no_pattern
[2026-04-19 00:59:42] O:24135.30 H:24149.85 L:24133.90 C:24149.40 -> no_pattern
[2026-04-19 00:59:42] O:24149.65 H:24181.30 L:24140.75 C:24180.45 -> no_pattern
[2026-04-19 00:59:42] O:24178.85 H:24184.75 L:24162.90 C:24183.45 -> pinbar
[2026-04-19 00:59:42] O:24184.25 H:24190.50 L:24165.55 C:24170.55 -> no_pattern
[2026-04-19 00:59:42] O:24170.40 H:24183.95 L:24162.35 C:24162.95 -> no_pattern
[2026-04-19 00:59:42] O:24159.65 H:24163.45 L:24132.45 C:24146.05 -> no_pattern
[2026-04-19 00:59:42] O:24146.45 H:24158.30 L:24144.55 C:24154.70 -> no_pattern
[2026-04-19 00:59:42] O:24155.05 H:24175.35 L:24155.05 C:24166.70 -> no_pattern
[2026-04-19 00:59:42] O:24166.70 H:24168.85 L:24158.90 C:24162.40 -> no_pattern
[2026-04-19 00:59:42] O:24162.50 H:24171.30 L:24159.75 C:24170.65 -> no_pattern
[2026-04-19 00:59:42] O:24170.40 H:24181.45 L:24153.75 C:24180.70 -> no_pattern
[2026-04-19 00:59:42] O:24180.45 H:24196.30 L:24171.50 C:24196.30 -> no_pattern
[2026-04-19 00:59:42] O:24196.35 H:24221.35 L:24195.95 C:24221.20 -> marubozu
[2026-04-19 00:59:42] O:24221.35 H:24228.65 L:24211.00 C:24221.15 -> doji
[2026-04-19 00:59:42] O:24220.55 H:24231.80 L:24211.90 C:24225.90 -> spinning_top
[2026-04-19 00:59:42] O:24225.70 H:24240.15 L:24212.50 C:24231.70 -> spinning_top
[2026-04-19 00:59:42] O:24231.40 H:24245.00 L:24224.95 C:24239.90 -> no_pattern
[2026-04-19 00:59:42] O:24239.65 H:24244.00 L:24226.95 C:24240.75 -> doji
[2026-04-19 00:59:42] O:24241.00 H:24241.15 L:24214.60 C:24227.90 -> no_pattern
[2026-04-19 00:59:42] O:24228.60 H:24238.30 L:24187.90 C:24210.90 -> no_pattern
[2026-04-19 00:59:42] O:24211.80 H:24230.70 L:24192.50 C:24196.50 -> no_pattern
[2026-04-19 00:59:42] O:24196.40 H:24199.20 L:24163.45 C:24190.60 -> pinbar
[2026-04-19 00:59:42] O:24189.90 H:24202.50 L:24183.90 C:24183.90 -> shooting_star
[2026-04-19 00:59:42] O:24184.25 H:24203.25 L:24177.80 C:24178.90 -> shooting_star
[2026-04-19 00:59:43] O:24179.90 H:24199.30 L:24178.35 C:24196.20 -> no_pattern
[2026-04-19 00:59:43] O:24197.65 H:24199.95 L:24189.20 C:24194.05 -> no_pattern
[2026-04-19 00:59:43] O:24195.15 H:24195.40 L:24178.85 C:24188.40 -> no_pattern
[2026-04-19 00:59:43] O:24173.60 H:24222.60 L:24109.45 C:24212.75 -> no_pattern
[2026-04-19 00:59:43] O:24215.00 H:24230.10 L:24197.05 C:24223.80 -> pinbar
[2026-04-19 00:59:43] O:24223.70 H:24232.95 L:24195.10 C:24228.70 -> pinbar
[2026-04-19 00:59:43] O:24228.95 H:24234.75 L:24208.15 C:24208.90 -> no_pattern
[2026-04-19 00:59:43] O:24208.70 H:24218.85 L:24192.50 C:24196.55 -> no_pattern
[2026-04-19 00:59:43] O:24195.05 H:24215.20 L:24166.90 C:24213.90 -> no_pattern
[2026-04-19 00:59:43] O:24214.50 H:24223.45 L:24187.40 C:24188.35 -> no_pattern
[2026-04-19 00:59:43] O:24187.20 H:24201.10 L:24178.70 C:24199.30 -> no_pattern
[2026-04-19 00:59:43] O:24199.45 H:24227.30 L:24199.45 C:24222.80 -> no_pattern
[2026-04-19 00:59:43] O:24222.40 H:24231.95 L:24219.20 C:24223.00 -> doji
[2026-04-19 00:59:43] O:24223.70 H:24237.75 L:24214.65 C:24223.10 -> doji
[2026-04-19 00:59:43] O:24222.75 H:24238.90 L:24205.40 C:24230.05 -> spinning_top
[2026-04-19 00:59:43] O:24231.20 H:24274.65 L:24226.05 C:24274.65 -> no_pattern
[2026-04-19 00:59:43] O:24274.70 H:24279.40 L:24255.15 C:24257.40 -> no_pattern
[2026-04-19 00:59:43] O:24257.95 H:24274.10 L:24256.75 C:24272.95 -> no_pattern
[2026-04-19 00:59:43] O:24273.45 H:24289.15 L:24273.45 C:24284.60 -> no_pattern
[2026-04-19 00:59:43] O:24285.25 H:24290.20 L:24280.00 C:24290.20 -> no_pattern
[2026-04-19 00:59:43] O:24290.40 H:24298.10 L:24283.85 C:24296.55 -> no_pattern
[2026-04-19 00:59:43] O:24296.50 H:24303.85 L:24284.95 C:24287.00 -> no_pattern
[2026-04-19 00:59:43] O:24286.10 H:24286.35 L:24260.05 C:24265.00 -> no_pattern
[2026-04-19 00:59:43] O:24265.40 H:24278.70 L:24256.90 C:24258.55 -> no_pattern
[2026-04-19 00:59:43] O:24259.25 H:24265.50 L:24244.05 C:24261.25 -> doji
[2026-04-19 00:59:43] O:24260.70 H:24270.00 L:24255.05 C:24263.45 -> spinning_top
[2026-04-19 00:59:43] O:24263.05 H:24267.00 L:24256.85 C:24261.35 -> spinning_top
[2026-04-19 00:59:43] O:24262.35 H:24262.40 L:24252.80 C:24256.35 -> no_pattern
[2026-04-19 00:59:43] O:24256.35 H:24263.80 L:24255.40 C:24256.20 -> doji
[2026-04-19 00:59:43] O:24256.70 H:24261.35 L:24247.85 C:24254.80 -> spinning_top
[2026-04-19 00:59:43] O:24254.75 H:24257.30 L:24237.75 C:24249.20 -> pinbar
[2026-04-19 00:59:43] O:24249.20 H:24269.50 L:24248.20 C:24268.80 -> marubozu
[2026-04-19 00:59:43] O:24269.30 H:24275.15 L:24263.35 C:24265.10 -> no_pattern
[2026-04-19 00:59:43] O:24264.65 H:24277.35 L:24264.65 C:24275.55 -> no_pattern
[2026-04-19 00:59:43] O:24275.50 H:24281.35 L:24272.25 C:24279.15 -> no_pattern
[2026-04-19 00:59:43] O:24278.50 H:24282.15 L:24272.10 C:24276.45 -> spinning_top
[2026-04-19 00:59:43] O:24276.45 H:24284.60 L:24266.25 C:24277.75 -> doji
[2026-04-19 00:59:43] O:24276.15 H:24287.65 L:24273.50 C:24287.00 -> no_pattern
[2026-04-19 00:59:43] O:24287.25 H:24293.90 L:24283.25 C:24290.10 -> spinning_top
[2026-04-19 00:59:43] O:24289.95 H:24293.80 L:24286.20 C:24292.20 -> no_pattern
[2026-04-19 00:59:43] O:24292.45 H:24302.60 L:24288.75 C:24291.65 -> doji
[2026-04-19 00:59:43] O:24291.95 H:24297.25 L:24278.45 C:24296.95 -> pinbar
[2026-04-19 00:59:43] O:24297.15 H:24318.75 L:24294.10 C:24316.45 -> no_pattern
[2026-04-19 00:59:43] O:24316.05 H:24322.25 L:24284.10 C:24284.10 -> no_pattern
[2026-04-19 00:59:43] O:24285.75 H:24288.05 L:24253.15 C:24271.00 -> no_pattern
[2026-04-19 00:59:43] O:24270.85 H:24274.90 L:24255.75 C:24274.20 -> pinbar
[2026-04-19 00:59:43] O:24274.25 H:24292.55 L:24274.10 C:24281.35 -> no_pattern
[2026-04-19 00:59:43] O:24282.00 H:24287.95 L:24277.65 C:24285.60 -> no_pattern
[2026-04-19 00:59:43] O:24286.20 H:24293.70 L:24281.60 C:24287.90 -> spinning_top
[2026-04-19 00:59:43] O:24288.65 H:24291.10 L:24280.70 C:24285.30 -> no_pattern
[2026-04-19 00:59:43] O:24285.10 H:24290.50 L:24283.90 C:24290.05 -> no_pattern
[2026-04-19 00:59:43] O:24289.95 H:24291.65 L:24279.50 C:24279.75 -> no_pattern
[2026-04-19 00:59:43] O:24279.35 H:24281.35 L:24264.80 C:24265.35 -> no_pattern
[2026-04-19 00:59:43] O:24265.05 H:24272.65 L:24263.75 C:24269.15 -> no_pattern
[2026-04-19 00:59:43] O:24268.40 H:24275.20 L:24260.25 C:24274.95 -> no_pattern
[2026-04-19 00:59:43] O:24274.55 H:24277.00 L:24262.65 C:24276.00 -> pinbar
[2026-04-19 00:59:43] O:24275.60 H:24277.95 L:24266.20 C:24272.65 -> pinbar
[2026-04-19 00:59:43] O:24271.70 H:24273.00 L:24259.95 C:24265.35 -> no_pattern
[2026-04-19 00:59:43] O:24264.95 H:24269.15 L:24261.05 C:24263.30 -> spinning_top
[2026-04-19 00:59:43] O:24262.35 H:24275.30 L:24259.90 C:24271.60 -> no_pattern
[2026-04-19 00:59:43] O:24271.70 H:24279.30 L:24266.45 C:24276.25 -> no_pattern
[2026-04-19 00:59:43] O:24276.40 H:24289.15 L:24274.60 C:24288.55 -> no_pattern
[2026-04-19 00:59:43] O:24288.50 H:24292.95 L:24283.75 C:24285.05 -> no_pattern
[2026-04-19 00:59:43] O:24284.30 H:24287.05 L:24273.45 C:24274.05 -> no_pattern
[2026-04-19 00:59:43] O:24272.50 H:24275.95 L:24268.05 C:24274.15 -> spinning_top
[2026-04-19 00:59:43] O:24273.80 H:24284.05 L:24265.40 C:24273.70 -> doji
[2026-04-19 00:59:43] O:24272.65 H:24291.15 L:24272.05 C:24290.30 -> marubozu
[2026-04-19 00:59:43] O:24289.55 H:24296.30 L:24288.05 C:24296.30 -> no_pattern
[2026-04-19 00:59:43] O:24296.30 H:24297.20 L:24289.25 C:24296.50 -> doji
[2026-04-19 00:59:43] O:24296.40 H:24312.80 L:24296.05 C:24312.35 -> marubozu
[2026-04-19 00:59:43] O:24312.35 H:24312.80 L:24301.30 C:24306.10 -> no_pattern
[2026-04-19 00:59:43] O:24305.80 H:24309.10 L:24303.00 C:24304.50 -> spinning_top
[2026-04-19 00:59:43] O:24304.25 H:24307.40 L:24299.75 C:24304.00 -> doji
[2026-04-19 00:59:43] O:24304.25 H:24308.30 L:24294.05 C:24304.55 -> doji
[2026-04-19 00:59:43] O:24303.70 H:24311.00 L:24302.30 C:24309.20 -> no_pattern
[2026-04-19 00:59:43] O:24309.35 H:24311.70 L:24300.85 C:24308.30 -> doji
[2026-04-19 00:59:43] O:24308.25 H:24316.00 L:24307.15 C:24313.60 -> no_pattern
[2026-04-19 00:59:43] O:24313.60 H:24317.75 L:24305.45 C:24306.85 -> no_pattern
[2026-04-19 00:59:43] O:24307.50 H:24320.10 L:24306.65 C:24317.15 -> no_pattern
[2026-04-19 00:59:43] O:24317.05 H:24326.55 L:24313.00 C:24316.80 -> doji
[2026-04-19 00:59:44] O:24317.40 H:24326.25 L:24312.65 C:24313.95 -> shooting_star
[2026-04-19 00:59:44] O:24313.70 H:24315.50 L:24304.75 C:24309.40 -> no_pattern
[2026-04-19 00:59:45] O:24309.80 H:24315.85 L:24307.95 C:24314.20 -> no_pattern
[2026-04-19 00:59:45] O:24314.30 H:24326.50 L:24308.20 C:24325.30 -> no_pattern
[2026-04-19 00:59:46] O:24387.75 H:24400.10 L:24372.70 C:24386.75 -> doji
[2026-04-19 00:59:46] O:24386.40 H:24398.25 L:24376.00 C:24388.90 -> spinning_top
[2026-04-19 00:59:46] O:24389.35 H:24390.35 L:24353.70 C:24358.30 -> no_pattern
[2026-04-19 00:59:46] O:24358.15 H:24364.05 L:24312.00 C:24314.90 -> no_pattern
[2026-04-19 00:59:46] O:24314.05 H:24335.35 L:24301.90 C:24303.70 -> shooting_star
[2026-04-19 00:59:46] O:24303.00 H:24329.30 L:24293.15 C:24328.60 -> no_pattern
[2026-04-19 00:59:46] O:24328.00 H:24334.65 L:24315.30 C:24330.35 -> spinning_top
[2026-04-19 00:59:46] O:24331.10 H:24337.05 L:24301.50 C:24316.55 -> no_pattern
[2026-04-19 00:59:46] O:24316.85 H:24316.85 L:24275.45 C:24283.35 -> no_pattern
[2026-04-19 00:59:46] O:24282.70 H:24290.75 L:24266.50 C:24288.50 -> pinbar
[2026-04-19 00:59:46] O:24288.70 H:24304.05 L:24279.65 C:24283.30 -> shooting_star
[2026-04-19 00:59:46] O:24281.90 H:24318.65 L:24280.90 C:24318.65 -> marubozu
[2026-04-19 00:59:46] O:24318.15 H:24319.85 L:24295.30 C:24307.60 -> no_pattern
[2026-04-19 00:59:46] O:24306.15 H:24324.55 L:24292.85 C:24323.40 -> no_pattern
[2026-04-19 00:59:46] O:24323.65 H:24328.80 L:24300.05 C:24306.45 -> no_pattern
[2026-04-19 00:59:46] O:24305.75 H:24315.20 L:24302.50 C:24312.35 -> no_pattern
[2026-04-19 00:59:46] O:24312.00 H:24317.20 L:24292.50 C:24308.80 -> spinning_top
[2026-04-19 00:59:46] O:24308.85 H:24321.25 L:24305.70 C:24312.70 -> inverted_hammer
[2026-04-19 00:59:46] O:24312.80 H:24325.85 L:24308.60 C:24310.65 -> shooting_star
[2026-04-19 00:59:46] O:24311.20 H:24317.10 L:24292.45 C:24311.75 -> doji
[2026-04-19 00:59:46] O:24312.10 H:24320.50 L:24306.90 C:24320.35 -> no_pattern
[2026-04-19 00:59:46] O:24320.00 H:24327.90 L:24311.75 C:24315.80 -> no_pattern
[2026-04-19 00:59:46] O:24316.00 H:24319.10 L:24311.50 C:24314.70 -> spinning_top
[2026-04-19 00:59:46] O:24315.25 H:24315.95 L:24302.15 C:24306.50 -> no_pattern
[2026-04-19 00:59:46] O:24306.00 H:24322.70 L:24303.55 C:24320.50 -> no_pattern
[2026-04-19 00:59:46] O:24320.65 H:24330.70 L:24319.15 C:24323.05 -> shooting_star
[2026-04-19 00:59:46] O:24323.60 H:24333.20 L:24308.60 C:24313.55 -> no_pattern
[2026-04-19 00:59:46] O:24313.05 H:24318.75 L:24303.65 C:24313.90 -> doji
[2026-04-19 00:59:46] O:24313.20 H:24321.00 L:24294.10 C:24311.40 -> doji
[2026-04-19 00:59:46] O:24308.15 H:24328.95 L:24298.55 C:24301.15 -> shooting_star
[2026-04-19 00:59:46] O:24301.10 H:24302.40 L:24282.75 C:24288.25 -> no_pattern
[2026-04-19 00:59:46] O:24288.00 H:24304.25 L:24284.70 C:24300.95 -> no_pattern
[2026-04-19 00:59:46] O:24301.40 H:24303.40 L:24290.10 C:24299.70 -> spinning_top
[2026-04-19 00:59:46] O:24299.85 H:24301.05 L:24279.75 C:24284.10 -> no_pattern
[2026-04-19 00:59:46] O:24284.10 H:24284.10 L:24261.60 C:24262.50 -> marubozu
[2026-04-19 00:59:46] O:24262.15 H:24268.85 L:24233.05 C:24233.05 -> no_pattern
[2026-04-19 00:59:46] O:24233.30 H:24246.10 L:24216.45 C:24226.95 -> spinning_top
[2026-04-19 00:59:46] O:24226.90 H:24238.05 L:24218.40 C:24237.25 -> no_pattern
[2026-04-19 00:59:46] O:24237.75 H:24237.75 L:24198.55 C:24205.35 -> no_pattern
[2026-04-19 00:59:46] O:24205.05 H:24211.25 L:24163.00 C:24164.75 -> no_pattern
[2026-04-19 00:59:46] O:24164.85 H:24173.45 L:24153.55 C:24169.95 -> pinbar
[2026-04-19 00:59:46] O:24169.45 H:24178.95 L:24153.55 C:24178.95 -> no_pattern
[2026-04-19 00:59:46] O:24178.90 H:24190.75 L:24172.15 C:24184.80 -> no_pattern
[2026-04-19 00:59:46] O:24182.95 H:24189.70 L:24159.40 C:24175.10 -> pinbar
[2026-04-19 00:59:46] O:24175.30 H:24184.35 L:24166.80 C:24167.95 -> no_pattern
[2026-04-19 00:59:46] O:24168.00 H:24174.25 L:24152.70 C:24168.10 -> doji
[2026-04-19 00:59:46] O:24168.00 H:24168.00 L:24153.20 C:24155.60 -> no_pattern
[2026-04-19 00:59:46] O:24154.05 H:24169.75 L:24137.85 C:24137.90 -> no_pattern
[2026-04-19 00:59:46] O:24138.05 H:24148.40 L:24132.20 C:24147.95 -> no_pattern
[2026-04-19 00:59:46] O:24147.80 H:24168.30 L:24147.15 C:24167.40 -> marubozu
[2026-04-19 00:59:46] O:24167.05 H:24169.25 L:24129.75 C:24152.10 -> no_pattern
[2026-04-19 00:59:46] O:24151.70 H:24152.45 L:24131.05 C:24132.40 -> no_pattern
[2026-04-19 00:59:46] O:24132.55 H:24157.10 L:24123.60 C:24123.90 -> shooting_star
[2026-04-19 00:59:46] O:24124.05 H:24129.90 L:24117.20 C:24128.60 -> no_pattern
[2026-04-19 00:59:46] O:24129.05 H:24152.80 L:24128.85 C:24140.35 -> no_pattern
[2026-04-19 00:59:46] O:24140.85 H:24160.20 L:24127.70 C:24131.75 -> inverted_hammer
[2026-04-19 00:59:46] O:24131.30 H:24134.25 L:24108.10 C:24110.05 -> no_pattern
[2026-04-19 00:59:46] O:24111.90 H:24125.85 L:24109.65 C:24122.30 -> no_pattern
[2026-04-19 00:59:46] O:24122.60 H:24135.00 L:24111.80 C:24130.35 -> no_pattern
[2026-04-19 00:59:46] O:24130.30 H:24142.45 L:24128.40 C:24132.60 -> shooting_star
[2026-04-19 00:59:46] O:24133.00 H:24133.00 L:24103.10 C:24111.85 -> no_pattern
[2026-04-19 00:59:46] O:24111.40 H:24123.25 L:24104.70 C:24119.50 -> no_pattern
[2026-04-19 00:59:46] O:24120.20 H:24128.45 L:24115.30 C:24124.05 -> spinning_top
[2026-04-19 00:59:46] O:24123.85 H:24125.35 L:24118.10 C:24121.75 -> no_pattern
[2026-04-19 00:59:46] O:24121.95 H:24136.10 L:24120.00 C:24135.35 -> no_pattern
[2026-04-19 00:59:46] O:24135.30 H:24149.85 L:24133.90 C:24149.40 -> no_pattern
[2026-04-19 00:59:46] O:24149.65 H:24181.30 L:24140.75 C:24180.45 -> no_pattern
[2026-04-19 00:59:46] O:24178.85 H:24184.75 L:24162.90 C:24183.45 -> pinbar
[2026-04-19 00:59:46] O:24184.25 H:24190.50 L:24165.55 C:24170.55 -> no_pattern
[2026-04-19 00:59:46] O:24170.40 H:24183.95 L:24162.35 C:24162.95 -> no_pattern
[2026-04-19 00:59:46] O:24159.65 H:24163.45 L:24132.45 C:24146.05 -> no_pattern
[2026-04-19 00:59:46] O:24146.45 H:24158.30 L:24144.55 C:24154.70 -> no_pattern
[2026-04-19 00:59:46] O:24155.05 H:24175.35 L:24155.05 C:24166.70 -> no_pattern
[2026-04-19 00:59:46] O:24166.70 H:24168.85 L:24158.90 C:24162.40 -> no_pattern
[2026-04-19 00:59:46] O:24162.50 H:24171.30 L:24159.75 C:24170.65 -> no_pattern
[2026-04-19 00:59:46] O:24170.40 H:24181.45 L:24153.75 C:24180.70 -> no_pattern
[2026-04-19 00:59:46] O:24180.45 H:24196.30 L:24171.50 C:24196.30 -> no_pattern
[2026-04-19 00:59:46] O:24196.35 H:24221.35 L:24195.95 C:24221.20 -> marubozu
[2026-04-19 00:59:46] O:24221.35 H:24228.65 L:24211.00 C:24221.15 -> doji
[2026-04-19 00:59:46] O:24220.55 H:24231.80 L:24211.90 C:24225.90 -> spinning_top
[2026-04-19 00:59:46] O:24225.70 H:24240.15 L:24212.50 C:24231.70 -> spinning_top
[2026-04-19 00:59:46] O:24231.40 H:24245.00 L:24224.95 C:24239.90 -> no_pattern
[2026-04-19 00:59:46] O:24239.65 H:24244.00 L:24226.95 C:24240.75 -> doji
[2026-04-19 00:59:46] O:24241.00 H:24241.15 L:24214.60 C:24227.90 -> no_pattern
[2026-04-19 00:59:46] O:24228.60 H:24238.30 L:24187.90 C:24210.90 -> no_pattern
[2026-04-19 00:59:46] O:24211.80 H:24230.70 L:24192.50 C:24196.50 -> no_pattern
[2026-04-19 00:59:46] O:24196.40 H:24199.20 L:24163.45 C:24190.60 -> pinbar
[2026-04-19 00:59:46] O:24189.90 H:24202.50 L:24183.90 C:24183.90 -> shooting_star
[2026-04-19 00:59:46] O:24184.25 H:24203.25 L:24177.80 C:24178.90 -> shooting_star
[2026-04-19 00:59:46] O:24179.90 H:24199.30 L:24178.35 C:24196.20 -> no_pattern
[2026-04-19 00:59:46] O:24197.65 H:24199.95 L:24189.20 C:24194.05 -> no_pattern
[2026-04-19 00:59:46] O:24195.15 H:24195.40 L:24178.85 C:24188.40 -> no_pattern
[2026-04-19 00:59:46] O:24173.60 H:24222.60 L:24109.45 C:24212.75 -> no_pattern
[2026-04-19 00:59:46] O:24215.00 H:24230.10 L:24197.05 C:24223.80 -> pinbar
[2026-04-19 00:59:46] O:24223.70 H:24232.95 L:24195.10 C:24228.70 -> pinbar
[2026-04-19 00:59:46] O:24228.95 H:24234.75 L:24208.15 C:24208.90 -> no_pattern
[2026-04-19 00:59:46] O:24208.70 H:24218.85 L:24192.50 C:24196.55 -> no_pattern
[2026-04-19 00:59:46] O:24195.05 H:24215.20 L:24166.90 C:24213.90 -> no_pattern
[2026-04-19 00:59:46] O:24214.50 H:24223.45 L:24187.40 C:24188.35 -> no_pattern
[2026-04-19 00:59:46] O:24187.20 H:24201.10 L:24178.70 C:24199.30 -> no_pattern
[2026-04-19 00:59:46] O:24199.45 H:24227.30 L:24199.45 C:24222.80 -> no_pattern
[2026-04-19 00:59:46] O:24222.40 H:24231.95 L:24219.20 C:24223.00 -> doji
[2026-04-19 00:59:46] O:24223.70 H:24237.75 L:24214.65 C:24223.10 -> doji
[2026-04-19 00:59:46] O:24222.75 H:24238.90 L:24205.40 C:24230.05 -> spinning_top
[2026-04-19 00:59:46] O:24231.20 H:24274.65 L:24226.05 C:24274.65 -> no_pattern
[2026-04-19 00:59:46] O:24274.70 H:24279.40 L:24255.15 C:24257.40 -> no_pattern
[2026-04-19 00:59:46] O:24257.95 H:24274.10 L:24256.75 C:24272.95 -> no_pattern
[2026-04-19 00:59:46] O:24273.45 H:24289.15 L:24273.45 C:24284.60 -> no_pattern
[2026-04-19 00:59:46] O:24285.25 H:24290.20 L:24280.00 C:24290.20 -> no_pattern
[2026-04-19 00:59:46] O:24290.40 H:24298.10 L:24283.85 C:24296.55 -> no_pattern
[2026-04-19 00:59:46] O:24296.50 H:24303.85 L:24284.95 C:24287.00 -> no_pattern
[2026-04-19 00:59:46] O:24286.10 H:24286.35 L:24260.05 C:24265.00 -> no_pattern
[2026-04-19 00:59:46] O:24265.40 H:24278.70 L:24256.90 C:24258.55 -> no_pattern
[2026-04-19 00:59:46] O:24259.25 H:24265.50 L:24244.05 C:24261.25 -> doji
[2026-04-19 00:59:46] O:24260.70 H:24270.00 L:24255.05 C:24263.45 -> spinning_top
[2026-04-19 00:59:46] O:24263.05 H:24267.00 L:24256.85 C:24261.35 -> spinning_top
[2026-04-19 00:59:46] O:24262.35 H:24262.40 L:24252.80 C:24256.35 -> no_pattern
[2026-04-19 00:59:46] O:24256.35 H:24263.80 L:24255.40 C:24256.20 -> doji
[2026-04-19 00:59:46] O:24256.70 H:24261.35 L:24247.85 C:24254.80 -> spinning_top
[2026-04-19 00:59:46] O:24254.75 H:24257.30 L:24237.75 C:24249.20 -> pinbar
[2026-04-19 00:59:46] O:24249.20 H:24269.50 L:24248.20 C:24268.80 -> marubozu
[2026-04-19 00:59:46] O:24269.30 H:24275.15 L:24263.35 C:24265.10 -> no_pattern
[2026-04-19 00:59:46] O:24264.65 H:24277.35 L:24264.65 C:24275.55 -> no_pattern
[2026-04-19 00:59:46] O:24275.50 H:24281.35 L:24272.25 C:24279.15 -> no_pattern
[2026-04-19 00:59:46] O:24278.50 H:24282.15 L:24272.10 C:24276.45 -> spinning_top
[2026-04-19 00:59:46] O:24276.45 H:24284.60 L:24266.25 C:24277.75 -> doji
[2026-04-19 00:59:46] O:24276.15 H:24287.65 L:24273.50 C:24287.00 -> no_pattern
[2026-04-19 00:59:46] O:24287.25 H:24293.90 L:24283.25 C:24290.10 -> spinning_top
[2026-04-19 00:59:46] O:24289.95 H:24293.80 L:24286.20 C:24292.20 -> no_pattern
[2026-04-19 00:59:46] O:24292.45 H:24302.60 L:24288.75 C:24291.65 -> doji
[2026-04-19 00:59:46] O:24291.95 H:24297.25 L:24278.45 C:24296.95 -> pinbar
[2026-04-19 00:59:46] O:24297.15 H:24318.75 L:24294.10 C:24316.45 -> no_pattern
[2026-04-19 00:59:46] O:24316.05 H:24322.25 L:24284.10 C:24284.10 -> no_pattern
[2026-04-19 00:59:46] O:24285.75 H:24288.05 L:24253.15 C:24271.00 -> no_pattern
[2026-04-19 00:59:46] O:24270.85 H:24274.90 L:24255.75 C:24274.20 -> pinbar
[2026-04-19 00:59:46] O:24274.25 H:24292.55 L:24274.10 C:24281.35 -> no_pattern
[2026-04-19 00:59:46] O:24282.00 H:24287.95 L:24277.65 C:24285.60 -> no_pattern
[2026-04-19 00:59:46] O:24286.20 H:24293.70 L:24281.60 C:24287.90 -> spinning_top
[2026-04-19 00:59:46] O:24288.65 H:24291.10 L:24280.70 C:24285.30 -> no_pattern
[2026-04-19 00:59:46] O:24285.10 H:24290.50 L:24283.90 C:24290.05 -> no_pattern
[2026-04-19 00:59:46] O:24289.95 H:24291.65 L:24279.50 C:24279.75 -> no_pattern
[2026-04-19 00:59:46] O:24279.35 H:24281.35 L:24264.80 C:24265.35 -> no_pattern
[2026-04-19 00:59:46] O:24265.05 H:24272.65 L:24263.75 C:24269.15 -> no_pattern
[2026-04-19 00:59:46] O:24268.40 H:24275.20 L:24260.25 C:24274.95 -> no_pattern
[2026-04-19 00:59:46] O:24274.55 H:24277.00 L:24262.65 C:24276.00 -> pinbar
[2026-04-19 00:59:46] O:24275.60 H:24277.95 L:24266.20 C:24272.65 -> pinbar
[2026-04-19 00:59:47] O:24271.70 H:24273.00 L:24259.95 C:24265.35 -> no_pattern
[2026-04-19 00:59:47] O:24264.95 H:24269.15 L:24261.05 C:24263.30 -> spinning_top
[2026-04-19 00:59:47] O:24262.35 H:24275.30 L:24259.90 C:24271.60 -> no_pattern
[2026-04-19 00:59:47] O:24271.70 H:24279.30 L:24266.45 C:24276.25 -> no_pattern
[2026-04-19 00:59:47] O:24276.40 H:24289.15 L:24274.60 C:24288.55 -> no_pattern
[2026-04-19 00:59:47] O:24288.50 H:24292.95 L:24283.75 C:24285.05 -> no_pattern
[2026-04-19 00:59:47] O:24284.30 H:24287.05 L:24273.45 C:24274.05 -> no_pattern
[2026-04-19 00:59:47] O:24272.50 H:24275.95 L:24268.05 C:24274.15 -> spinning_top
[2026-04-19 00:59:47] O:24273.80 H:24284.05 L:24265.40 C:24273.70 -> doji
[2026-04-19 00:59:47] O:24272.65 H:24291.15 L:24272.05 C:24290.30 -> marubozu
[2026-04-19 00:59:47] O:24289.55 H:24296.30 L:24288.05 C:24296.30 -> no_pattern
[2026-04-19 00:59:47] O:24296.30 H:24297.20 L:24289.25 C:24296.50 -> doji
[2026-04-19 00:59:47] O:24296.40 H:24312.80 L:24296.05 C:24312.35 -> marubozu
[2026-04-19 00:59:47] O:24312.35 H:24312.80 L:24301.30 C:24306.10 -> no_pattern
[2026-04-19 00:59:47] O:24305.80 H:24309.10 L:24303.00 C:24304.50 -> spinning_top
[2026-04-19 00:59:47] O:24304.25 H:24307.40 L:24299.75 C:24304.00 -> doji
[2026-04-19 00:59:47] O:24304.25 H:24308.30 L:24294.05 C:24304.55 -> doji
[2026-04-19 00:59:47] O:24303.70 H:24311.00 L:24302.30 C:24309.20 -> no_pattern
[2026-04-19 00:59:47] O:24309.35 H:24311.70 L:24300.85 C:24308.30 -> doji
[2026-04-19 00:59:47] O:24308.25 H:24316.00 L:24307.15 C:24313.60 -> no_pattern
[2026-04-19 00:59:47] O:24313.60 H:24317.75 L:24305.45 C:24306.85 -> no_pattern
[2026-04-19 00:59:47] O:24307.50 H:24320.10 L:24306.65 C:24317.15 -> no_pattern
[2026-04-19 00:59:47] O:24317.05 H:24326.55 L:24313.00 C:24316.80 -> doji
[2026-04-19 00:59:47] O:24317.40 H:24326.25 L:24312.65 C:24313.95 -> shooting_star
[2026-04-19 00:59:47] O:24313.70 H:24315.50 L:24304.75 C:24309.40 -> no_pattern
[2026-04-19 00:59:47] O:24309.80 H:24315.85 L:24307.95 C:24314.20 -> no_pattern
[2026-04-19 00:59:47] O:24314.30 H:24326.50 L:24308.20 C:24325.30 -> no_pattern
[2026-04-19 00:59:47] O:24325.85 H:24334.75 L:24323.35 C:24334.15 -> no_pattern
[2026-04-19 00:59:47] O:24333.90 H:24356.00 L:24333.30 C:24354.55 -> no_pattern
[2026-04-19 00:59:48] O:24355.10 H:24356.40 L:24338.00 C:24349.05 -> no_pattern
[2026-04-19 00:59:48] O:24349.45 H:24356.55 L:24348.40 C:24351.05 -> shooting_star
[2026-04-19 00:59:49] O:24349.10 H:24351.75 L:24342.20 C:24349.50 -> doji
[2026-04-19 00:59:49] O:24349.15 H:24356.80 L:24320.10 C:24328.25 -> no_pattern
[2026-04-19 00:59:50] O:24327.05 H:24357.90 L:24327.05 C:24347.50 -> no_pattern
[2026-04-19 00:59:51] O:24346.25 H:24356.20 L:24343.95 C:24355.60 -> no_pattern
[2026-04-19 00:59:51] O:24353.00 H:24356.25 L:24350.80 C:24354.55 -> spinning_top
[2026-04-19 00:59:52] O:24353.65 H:24359.00 L:24348.10 C:24358.70 -> no_pattern
[2026-04-19 00:59:52] O:24356.95 H:24366.70 L:24356.00 C:24365.80 -> no_pattern
[2026-04-19 00:59:53] O:24364.45 H:24369.15 L:24358.60 C:24362.40 -> spinning_top
[2026-04-19 00:59:53] O:24361.95 H:24370.25 L:24359.25 C:24366.90 -> no_pattern
[2026-04-19 01:09:17] O:22834.80 H:22834.80 L:22720.45 C:22766.60 -> no_pattern
[2026-04-19 01:09:17] O:22767.65 H:22820.60 L:22758.75 C:22818.10 -> no_pattern
[2026-04-19 01:09:17] O:22817.65 H:22872.55 L:22794.85 C:22869.90 -> no_pattern
[2026-04-19 01:09:17] O:22871.55 H:22900.65 L:22863.00 C:22897.75 -> no_pattern
[2026-04-19 01:09:17] O:22900.05 H:22900.05 L:22856.75 C:22858.35 -> marubozu
[2026-04-19 01:09:17] O:22860.20 H:22880.35 L:22837.65 C:22846.05 -> no_pattern
[2026-04-19 01:09:17] O:22847.35 H:22868.50 L:22825.30 C:22832.15 -> no_pattern
[2026-04-19 01:09:17] O:22832.40 H:22844.35 L:22793.00 C:22831.90 -> doji
[2026-04-19 01:09:17] O:22833.35 H:22863.00 L:22811.25 C:22835.35 -> doji
[2026-04-19 01:09:17] O:22837.10 H:22853.85 L:22818.50 C:22841.40 -> spinning_top
[2026-04-19 01:09:17] O:22843.95 H:22883.45 L:22842.45 C:22878.55 -> no_pattern
[2026-04-19 01:09:17] O:22880.30 H:22923.20 L:22873.20 C:22898.95 -> no_pattern
[2026-04-19 01:09:17] O:22900.55 H:22928.35 L:22885.90 C:22906.30 -> spinning_top
[2026-04-19 01:09:17] O:22907.00 H:22912.25 L:22887.00 C:22903.15 -> spinning_top
[2026-04-19 01:09:17] O:22905.10 H:22923.55 L:22899.75 C:22920.00 -> no_pattern
[2026-04-19 01:09:17] O:22921.80 H:22950.75 L:22917.45 C:22928.95 -> shooting_star
[2026-04-19 01:09:17] O:22929.85 H:22966.40 L:22915.85 C:22922.70 -> shooting_star
[2026-04-19 01:09:17] O:22924.10 H:22943.65 L:22916.25 C:22936.30 -> no_pattern
[2026-04-19 01:09:17] O:22937.40 H:22945.70 L:22933.60 C:22934.20 -> shooting_star
[2026-04-19 01:09:17] O:22934.70 H:22947.90 L:22910.45 C:22913.70 -> no_pattern
[2026-04-19 01:09:17] O:22915.90 H:22925.55 L:22887.60 C:22924.30 -> pinbar
[2026-04-19 01:09:17] O:22929.85 H:22966.40 L:22915.85 C:22922.70 -> shooting_star
[2026-04-19 01:09:17] O:22924.10 H:22943.65 L:22916.25 C:22936.30 -> no_pattern
[2026-04-19 01:09:17] O:22937.40 H:22945.70 L:22933.60 C:22934.20 -> shooting_star
[2026-04-19 01:09:17] O:22934.70 H:22947.90 L:22910.45 C:22913.70 -> no_pattern
[2026-04-19 01:09:17] O:22915.90 H:22925.55 L:22887.60 C:22924.30 -> pinbar
[2026-04-19 01:09:17] O:22926.25 H:22963.05 L:22920.85 C:22962.40 -> no_pattern
[2026-04-19 01:09:17] O:22963.35 H:22965.25 L:22945.75 C:22953.60 -> no_pattern
[2026-04-19 01:09:17] O:22954.35 H:22955.15 L:22913.95 C:22932.10 -> no_pattern
[2026-04-19 01:09:17] O:22932.95 H:22932.95 L:22862.40 C:22879.20 -> no_pattern
[2026-04-19 01:09:17] O:22881.10 H:22904.05 L:22844.30 C:22846.30 -> no_pattern
[2026-04-19 01:09:17] O:22847.10 H:22861.50 L:22827.75 C:22849.70 -> doji
[2026-04-19 01:09:17] O:22850.75 H:22875.95 L:22844.80 C:22861.40 -> no_pattern
[2026-04-19 01:09:17] O:22863.40 H:22886.70 L:22859.45 C:22863.95 -> doji
[2026-04-19 01:09:17] O:22864.95 H:22869.45 L:22848.40 C:22862.50 -> spinning_top
[2026-04-19 01:09:17] O:22866.05 H:22903.15 L:22852.15 C:22887.15 -> no_pattern
[2026-04-19 01:09:17] O:22847.10 H:22861.50 L:22827.75 C:22849.70 -> doji
[2026-04-19 01:09:17] O:22850.75 H:22875.95 L:22844.80 C:22861.40 -> no_pattern
[2026-04-19 01:09:17] O:22863.40 H:22886.70 L:22859.45 C:22863.95 -> doji
[2026-04-19 01:09:17] O:22864.95 H:22869.45 L:22848.40 C:22862.50 -> spinning_top
[2026-04-19 01:09:17] O:22866.05 H:22903.15 L:22852.15 C:22887.15 -> no_pattern
[2026-04-19 01:09:18] O:22889.10 H:22927.40 L:22886.35 C:22923.50 -> no_pattern
[2026-04-19 01:09:18] O:22924.95 H:22934.70 L:22911.80 C:22932.60 -> no_pattern
[2026-04-19 01:09:18] O:22934.05 H:22947.00 L:22924.65 C:22943.40 -> no_pattern
[2026-04-19 01:09:18] O:22945.25 H:22945.25 L:22933.10 C:22943.95 -> pinbar
[2026-04-19 01:09:18] O:22944.50 H:22953.75 L:22927.60 C:22953.70 -> no_pattern
[2026-04-19 01:09:18] O:22955.85 H:22960.25 L:22912.35 C:22928.10 -> no_pattern
[2026-04-19 01:09:18] O:22930.00 H:22933.35 L:22907.10 C:22907.35 -> no_pattern
[2026-04-19 01:09:18] O:22909.10 H:22926.30 L:22903.80 C:22918.75 -> no_pattern
[2026-04-19 01:09:18] O:22919.15 H:22943.10 L:22917.10 C:22942.95 -> no_pattern
[2026-04-19 01:09:18] O:22944.35 H:22991.55 L:22943.45 C:22983.10 -> no_pattern
[2026-04-19 01:09:18] O:22986.85 H:22986.85 L:22926.00 C:22941.25 -> no_pattern
[2026-04-19 01:09:18] O:22942.95 H:22950.50 L:22933.45 C:22937.15 -> no_pattern
[2026-04-19 01:09:18] O:22938.35 H:22945.95 L:22906.25 C:22942.55 -> pinbar
[2026-04-19 01:09:18] O:22939.95 H:22947.25 L:22924.90 C:22924.90 -> no_pattern
[2026-04-19 01:09:18] O:22944.35 H:22991.55 L:22943.45 C:22983.10 -> no_pattern
[2026-04-19 01:09:18] O:22986.85 H:22986.85 L:22926.00 C:22941.25 -> no_pattern
[2026-04-19 01:09:18] O:22942.95 H:22950.50 L:22933.45 C:22937.15 -> no_pattern
[2026-04-19 01:09:18] O:22938.35 H:22945.95 L:22906.25 C:22942.55 -> pinbar
[2026-04-19 01:09:18] O:22939.95 H:22947.25 L:22924.90 C:22924.90 -> no_pattern
[2026-04-19 01:09:18] O:22925.85 H:22932.75 L:22909.35 C:22914.25 -> no_pattern
[2026-04-19 01:09:18] O:22916.20 H:22921.80 L:22905.70 C:22912.30 -> spinning_top
[2026-04-19 01:09:18] O:22914.20 H:22933.75 L:22909.45 C:22930.45 -> no_pattern
[2026-04-19 01:09:18] O:22931.80 H:22945.35 L:22920.30 C:22934.85 -> spinning_top
[2026-04-19 01:09:18] O:22937.55 H:22943.85 L:22924.45 C:22935.80 -> doji
[2026-04-19 01:09:18] O:22937.20 H:22951.90 L:22933.10 C:22934.65 -> shooting_star
[2026-04-19 01:09:18] O:22916.20 H:22921.80 L:22905.70 C:22912.30 -> spinning_top
[2026-04-19 01:09:18] O:22914.20 H:22933.75 L:22909.45 C:22930.45 -> no_pattern
[2026-04-19 01:09:18] O:22931.80 H:22945.35 L:22920.30 C:22934.85 -> spinning_top
[2026-04-19 01:09:18] O:22937.55 H:22943.85 L:22924.45 C:22935.80 -> doji
[2026-04-19 01:09:18] O:22937.20 H:22951.90 L:22933.10 C:22934.65 -> shooting_star
[2026-04-19 01:09:18] O:22935.05 H:22950.35 L:22934.00 C:22938.45 -> shooting_star
[2026-04-19 01:09:18] O:22940.85 H:22952.05 L:22931.50 C:22948.95 -> no_pattern
[2026-04-19 01:09:18] O:22948.55 H:22950.70 L:22925.25 C:22939.85 -> no_pattern
[2026-04-19 01:09:18] O:22940.50 H:22944.60 L:22919.65 C:22925.50 -> no_pattern
[2026-04-19 01:09:18] O:22927.15 H:22930.50 L:22907.85 C:22930.50 -> pinbar
[2026-04-19 01:09:18] O:22931.30 H:22942.20 L:22918.85 C:22919.80 -> no_pattern
[2026-04-19 01:09:18] O:22940.85 H:22952.05 L:22931.50 C:22948.95 -> no_pattern
[2026-04-19 01:09:18] O:22948.55 H:22950.70 L:22925.25 C:22939.85 -> no_pattern
[2026-04-19 01:09:18] O:22940.50 H:22944.60 L:22919.65 C:22925.50 -> no_pattern
[2026-04-19 01:09:18] O:22927.15 H:22930.50 L:22907.85 C:22930.50 -> pinbar
[2026-04-19 01:09:18] O:22931.30 H:22942.20 L:22918.85 C:22919.80 -> no_pattern
[2026-04-19 01:09:18] O:22921.15 H:22923.05 L:22906.15 C:22916.05 -> no_pattern
[2026-04-19 01:09:18] O:22944.35 H:22991.55 L:22943.45 C:22983.10 -> no_pattern
[2026-04-19 01:09:18] O:22986.85 H:22986.85 L:22926.00 C:22941.25 -> no_pattern
[2026-04-19 01:09:18] O:22942.95 H:22950.50 L:22933.45 C:22937.15 -> no_pattern
[2026-04-19 01:09:18] O:22938.35 H:22945.95 L:22906.25 C:22942.55 -> pinbar
[2026-04-19 01:09:18] O:22939.95 H:22947.25 L:22924.90 C:22924.90 -> no_pattern
[2026-04-19 01:09:18] O:22925.85 H:22932.75 L:22909.35 C:22914.25 -> no_pattern
[2026-04-19 01:09:18] O:22916.20 H:22921.80 L:22905.70 C:22912.30 -> spinning_top
[2026-04-19 01:09:18] O:22914.20 H:22933.75 L:22909.45 C:22930.45 -> no_pattern
[2026-04-19 01:09:18] O:22931.80 H:22945.35 L:22920.30 C:22934.85 -> spinning_top
[2026-04-19 01:09:18] O:22937.55 H:22943.85 L:22924.45 C:22935.80 -> doji
[2026-04-19 01:09:18] O:22937.20 H:22951.90 L:22933.10 C:22934.65 -> shooting_star
[2026-04-19 01:09:18] O:22935.05 H:22950.35 L:22934.00 C:22938.45 -> shooting_star
[2026-04-19 01:09:18] O:22940.85 H:22952.05 L:22931.50 C:22948.95 -> no_pattern
[2026-04-19 01:09:18] O:22948.55 H:22950.70 L:22925.25 C:22939.85 -> no_pattern
[2026-04-19 01:09:18] O:22940.50 H:22944.60 L:22919.65 C:22925.50 -> no_pattern
[2026-04-19 01:09:18] O:22927.15 H:22930.50 L:22907.85 C:22930.50 -> pinbar
[2026-04-19 01:09:18] O:22931.30 H:22942.20 L:22918.85 C:22919.80 -> no_pattern
[2026-04-19 01:09:18] O:22921.15 H:22923.05 L:22906.15 C:22916.05 -> no_pattern
[2026-04-19 01:09:18] O:22917.85 H:22956.05 L:22917.85 C:22938.85 -> no_pattern
[2026-04-19 01:09:18] O:22941.65 H:22966.05 L:22940.50 C:22965.60 -> marubozu
[2026-04-19 01:09:18] O:22966.20 H:22970.70 L:22953.10 C:22965.70 -> doji
[2026-04-19 01:09:18] O:22966.95 H:22967.35 L:22933.75 C:22940.65 -> no_pattern
[2026-04-19 01:09:18] O:22942.20 H:22983.95 L:22941.20 C:22982.75 -> marubozu
[2026-04-19 01:09:18] O:22985.35 H:23042.75 L:22981.95 C:23012.80 -> no_pattern
[2026-04-19 01:09:18] O:23014.15 H:23033.10 L:23003.15 C:23023.15 -> no_pattern
[2026-04-19 01:09:18] O:23023.65 H:23054.10 L:23016.55 C:23050.30 -> no_pattern
[2026-04-19 01:09:18] O:23054.70 H:23062.45 L:23043.05 C:23062.45 -> no_pattern
[2026-04-19 01:09:18] O:23063.35 H:23063.35 L:22995.05 C:22999.25 -> no_pattern
[2026-04-19 01:09:18] O:23000.95 H:23044.10 L:22999.65 C:23026.95 -> no_pattern
[2026-04-19 01:09:18] O:23029.00 H:23032.70 L:22960.05 C:22963.55 -> no_pattern
[2026-04-19 01:09:18] O:22966.80 H:23019.60 L:22960.65 C:23014.60 -> no_pattern
[2026-04-19 01:09:18] O:23014.05 H:23022.65 L:23006.60 C:23010.10 -> inverted_hammer
[2026-04-19 01:09:18] O:23063.35 H:23063.35 L:22995.05 C:22999.25 -> no_pattern
[2026-04-19 01:09:18] O:23000.95 H:23044.10 L:22999.65 C:23026.95 -> no_pattern
[2026-04-19 01:09:18] O:23029.00 H:23032.70 L:22960.05 C:22963.55 -> no_pattern
[2026-04-19 01:09:18] O:22966.80 H:23019.60 L:22960.65 C:23014.60 -> no_pattern
[2026-04-19 01:09:18] O:23014.05 H:23022.65 L:23006.60 C:23010.10 -> inverted_hammer
[2026-04-19 01:09:18] O:23011.65 H:23018.35 L:22993.90 C:23007.05 -> spinning_top
[2026-04-19 01:09:18] O:23008.35 H:23016.70 L:22986.05 C:23011.95 -> spinning_top
[2026-04-19 01:09:18] O:23029.00 H:23032.70 L:22960.05 C:22963.55 -> no_pattern
[2026-04-19 01:09:18] O:22966.80 H:23019.60 L:22960.65 C:23014.60 -> no_pattern
[2026-04-19 01:09:18] O:23014.05 H:23022.65 L:23006.60 C:23010.10 -> inverted_hammer
[2026-04-19 01:09:18] O:23011.65 H:23018.35 L:22993.90 C:23007.05 -> spinning_top
[2026-04-19 01:09:18] O:23008.35 H:23016.70 L:22986.05 C:23011.95 -> spinning_top
[2026-04-19 01:09:18] O:23014.55 H:23026.15 L:22996.95 C:23000.55 -> no_pattern
[2026-04-19 01:09:18] O:23001.05 H:23009.50 L:22990.05 C:23007.65 -> no_pattern
[2026-04-19 01:09:18] O:23010.10 H:23014.60 L:22982.15 C:23010.45 -> doji
[2026-04-19 01:09:18] O:23011.60 H:23025.40 L:23010.90 C:23020.35 -> no_pattern
[2026-04-19 01:09:18] O:23021.65 H:23049.95 L:23015.95 C:23034.20 -> no_pattern
[2026-04-19 01:09:18] O:23036.05 H:23036.45 L:22989.45 C:23009.70 -> no_pattern
[2026-04-19 01:09:18] O:23009.25 H:23023.50 L:22999.80 C:23018.55 -> no_pattern
[2026-04-19 01:09:18] O:23020.40 H:23041.15 L:23008.35 C:23029.05 -> spinning_top
[2026-04-19 01:09:18] O:23030.65 H:23057.60 L:23024.10 C:23056.80 -> no_pattern
[2026-04-19 01:09:18] O:23058.00 H:23067.95 L:23045.80 C:23060.05 -> doji
[2026-04-19 01:09:18] O:23064.60 H:23101.20 L:23064.20 C:23084.30 -> no_pattern
[2026-04-19 01:09:18] O:23086.00 H:23126.80 L:23076.50 C:23122.25 -> no_pattern
[2026-04-19 01:09:18] O:23123.35 H:23128.75 L:23102.15 C:23124.45 -> doji
[2026-04-19 01:09:18] O:23124.00 H:23133.25 L:23114.90 C:23118.45 -> no_pattern
[2026-04-19 01:09:18] O:23118.65 H:23127.15 L:23099.35 C:23109.25 -> no_pattern
[2026-04-19 01:09:18] O:23109.40 H:23140.50 L:23106.10 C:23130.20 -> no_pattern
[2026-04-19 01:09:18] O:23130.35 H:23143.50 L:23120.20 C:23127.50 -> spinning_top
[2026-04-19 01:09:18] O:23128.35 H:23148.95 L:23123.75 C:23144.60 -> no_pattern
[2026-04-19 01:09:18] O:23145.15 H:23151.85 L:23124.15 C:23129.95 -> no_pattern
[2026-04-19 01:09:18] O:23855.15 H:23909.45 L:23836.90 C:23902.10 -> no_pattern
[2026-04-19 01:09:18] O:23902.35 H:23928.10 L:23888.45 C:23890.30 -> shooting_star
[2026-04-19 01:09:18] O:23890.15 H:23896.60 L:23855.20 C:23883.45 -> pinbar
[2026-04-19 01:09:18] O:23885.60 H:23903.65 L:23866.95 C:23899.05 -> no_pattern
[2026-04-19 01:09:18] O:23897.90 H:23909.35 L:23879.45 C:23879.45 -> no_pattern
[2026-04-19 01:09:18] O:23879.95 H:23912.55 L:23879.90 C:23900.95 -> no_pattern
[2026-04-19 01:09:18] O:23902.35 H:23928.10 L:23888.45 C:23890.30 -> shooting_star
[2026-04-19 01:09:18] O:23890.15 H:23896.60 L:23855.20 C:23883.45 -> pinbar
[2026-04-19 01:09:18] O:23885.60 H:23903.65 L:23866.95 C:23899.05 -> no_pattern
[2026-04-19 01:09:18] O:23897.90 H:23909.35 L:23879.45 C:23879.45 -> no_pattern
[2026-04-19 01:09:18] O:23879.95 H:23912.55 L:23879.90 C:23900.95 -> no_pattern
[2026-04-19 01:09:18] O:23900.55 H:23920.20 L:23898.60 C:23903.95 -> shooting_star
[2026-04-19 01:09:18] O:23905.00 H:23946.15 L:23905.00 C:23941.05 -> no_pattern
[2026-04-19 01:09:18] O:23941.70 H:23959.75 L:23939.30 C:23948.60 -> no_pattern
[2026-04-19 01:09:18] O:23948.65 H:23956.95 L:23912.55 C:23921.20 -> no_pattern
[2026-04-19 01:09:18] O:23922.05 H:23936.60 L:23902.50 C:23902.50 -> no_pattern
[2026-04-19 01:09:18] O:23903.40 H:23923.90 L:23891.85 C:23912.10 -> spinning_top
[2026-04-19 01:09:18] O:23912.70 H:23935.10 L:23892.85 C:23908.70 -> doji
[2026-04-19 01:09:18] O:23941.70 H:23959.75 L:23939.30 C:23948.60 -> no_pattern
[2026-04-19 01:09:18] O:23948.65 H:23956.95 L:23912.55 C:23921.20 -> no_pattern
[2026-04-19 01:09:19] O:23922.05 H:23936.60 L:23902.50 C:23902.50 -> no_pattern
[2026-04-19 01:09:19] O:23903.40 H:23923.90 L:23891.85 C:23912.10 -> spinning_top
[2026-04-19 01:09:19] O:23912.70 H:23935.10 L:23892.85 C:23908.70 -> doji
[2026-04-19 01:09:19] O:23908.35 H:23909.15 L:23885.55 C:23890.30 -> no_pattern
[2026-04-19 01:09:19] O:23890.55 H:23903.40 L:23878.60 C:23880.15 -> no_pattern
[2026-04-19 01:09:19] O:23880.45 H:23905.05 L:23869.10 C:23901.05 -> no_pattern
[2026-04-19 01:09:19] O:23900.65 H:23913.00 L:23877.40 C:23880.55 -> no_pattern
[2026-04-19 01:09:19] O:23881.70 H:23902.50 L:23880.05 C:23888.15 -> shooting_star
[2026-04-19 01:09:19] O:23887.65 H:23916.35 L:23883.55 C:23915.75 -> no_pattern
[2026-04-19 01:09:19] O:23915.50 H:23928.35 L:23908.05 C:23921.50 -> spinning_top
[2026-04-19 01:09:19] O:23880.45 H:23905.05 L:23869.10 C:23901.05 -> no_pattern
[2026-04-19 01:09:19] O:23900.65 H:23913.00 L:23877.40 C:23880.55 -> no_pattern
[2026-04-19 01:09:19] O:23881.70 H:23902.50 L:23880.05 C:23888.15 -> shooting_star
[2026-04-19 01:09:19] O:23887.65 H:23916.35 L:23883.55 C:23915.75 -> no_pattern
[2026-04-19 01:09:19] O:23915.50 H:23928.35 L:23908.05 C:23921.50 -> spinning_top
[2026-04-19 01:09:19] O:23922.05 H:23930.90 L:23904.05 C:23910.30 -> no_pattern
[2026-04-19 01:09:19] O:23911.90 H:23923.15 L:23906.65 C:23916.35 -> spinning_top
[2026-04-19 01:09:19] O:23916.65 H:23952.95 L:23914.25 C:23943.05 -> no_pattern
[2026-04-19 01:09:19] O:23941.95 H:23955.55 L:23925.15 C:23944.80 -> doji
[2026-04-19 01:09:19] O:23944.65 H:23971.95 L:23936.00 C:23971.85 -> no_pattern
[2026-04-19 01:09:19] O:23970.20 H:23981.65 L:23965.10 C:23979.10 -> no_pattern
[2026-04-19 01:09:19] O:23980.00 H:23998.45 L:23976.55 C:23992.80 -> no_pattern
[2026-04-19 01:09:19] O:23991.15 H:24000.80 L:23988.25 C:23994.10 -> inverted_hammer
[2026-04-19 01:09:19] O:23993.75 H:23997.55 L:23985.70 C:23997.45 -> pinbar
[2026-04-19 01:09:19] O:23997.25 H:24004.20 L:23983.50 C:23991.75 -> spinning_top
[2026-04-19 01:09:19] O:23991.60 H:24014.00 L:23991.60 C:23995.45 -> shooting_star
[2026-04-19 01:09:19] O:23995.85 H:24013.05 L:23991.10 C:24000.30 -> spinning_top
[2026-04-19 01:09:19] O:24000.25 H:24013.50 L:23981.10 C:23982.30 -> no_pattern
[2026-04-19 01:09:19] O:23982.50 H:23987.55 L:23975.50 C:23978.65 -> no_pattern
[2026-04-19 01:09:19] O:23977.30 H:23982.10 L:23965.65 C:23968.30 -> no_pattern
[2026-04-19 01:09:19] O:23991.60 H:24014.00 L:23991.60 C:23995.45 -> shooting_star
[2026-04-19 01:09:19] O:23995.85 H:24013.05 L:23991.10 C:24000.30 -> spinning_top
[2026-04-19 01:09:19] O:24000.25 H:24013.50 L:23981.10 C:23982.30 -> no_pattern
[2026-04-19 01:09:19] O:23982.50 H:23987.55 L:23975.50 C:23978.65 -> no_pattern
[2026-04-19 01:09:19] O:23977.30 H:23982.10 L:23965.65 C:23968.30 -> no_pattern
[2026-04-19 01:09:19] O:23968.45 H:23981.10 L:23949.80 C:23950.35 -> no_pattern
[2026-04-19 01:09:19] O:23950.05 H:23980.25 L:23947.10 C:23979.20 -> no_pattern
[2026-04-19 01:09:19] O:23980.45 H:23998.60 L:23979.70 C:23993.00 -> no_pattern
[2026-04-19 01:09:19] O:23992.30 H:23994.15 L:23960.10 C:23962.10 -> no_pattern
[2026-04-19 01:09:19] O:23961.90 H:23963.35 L:23930.20 C:23948.70 -> no_pattern
[2026-04-19 01:09:19] O:23949.35 H:23951.45 L:23927.85 C:23935.20 -> no_pattern
[2026-04-19 01:09:19] O:23935.00 H:23947.45 L:23920.15 C:23944.00 -> no_pattern
[2026-04-19 01:09:19] O:23944.80 H:23968.30 L:23944.00 C:23959.65 -> no_pattern
[2026-04-19 01:09:19] O:23959.20 H:23971.20 L:23956.50 C:23967.15 -> no_pattern
[2026-04-19 01:09:19] O:23966.25 H:23969.60 L:23957.70 C:23963.30 -> spinning_top
[2026-04-19 01:09:19] O:23963.20 H:23967.35 L:23958.05 C:23964.55 -> spinning_top
[2026-04-19 01:09:19] O:23935.00 H:23947.45 L:23920.15 C:23944.00 -> no_pattern
[2026-04-19 01:09:19] O:23944.80 H:23968.30 L:23944.00 C:23959.65 -> no_pattern
[2026-04-19 01:09:19] O:23959.20 H:23971.20 L:23956.50 C:23967.15 -> no_pattern
[2026-04-19 01:09:19] O:23966.25 H:23969.60 L:23957.70 C:23963.30 -> spinning_top
[2026-04-19 01:09:19] O:23963.20 H:23967.35 L:23958.05 C:23964.55 -> spinning_top
[2026-04-19 01:09:19] O:23964.40 H:23967.65 L:23961.95 C:23966.85 -> no_pattern
[2026-04-19 01:09:19] O:23967.15 H:23973.95 L:23964.05 C:23967.50 -> doji
[2026-04-19 01:09:19] O:23967.65 H:23968.85 L:23939.45 C:23939.80 -> marubozu
[2026-04-19 01:09:19] O:23991.60 H:24014.00 L:23991.60 C:23995.45 -> shooting_star
[2026-04-19 01:09:19] O:23995.85 H:24013.05 L:23991.10 C:24000.30 -> spinning_top
[2026-04-19 01:09:19] O:24000.25 H:24013.50 L:23981.10 C:23982.30 -> no_pattern
[2026-04-19 01:09:19] O:23982.50 H:23987.55 L:23975.50 C:23978.65 -> no_pattern
[2026-04-19 01:09:19] O:23977.30 H:23982.10 L:23965.65 C:23968.30 -> no_pattern
[2026-04-19 01:09:19] O:23968.45 H:23981.10 L:23949.80 C:23950.35 -> no_pattern
[2026-04-19 01:09:19] O:23950.05 H:23980.25 L:23947.10 C:23979.20 -> no_pattern
[2026-04-19 01:09:19] O:23980.45 H:23998.60 L:23979.70 C:23993.00 -> no_pattern
[2026-04-19 01:09:19] O:23992.30 H:23994.15 L:23960.10 C:23962.10 -> no_pattern
[2026-04-19 01:09:19] O:23961.90 H:23963.35 L:23930.20 C:23948.70 -> no_pattern
[2026-04-19 01:09:19] O:23949.35 H:23951.45 L:23927.85 C:23935.20 -> no_pattern
[2026-04-19 01:09:19] O:23935.00 H:23947.45 L:23920.15 C:23944.00 -> no_pattern
[2026-04-19 01:09:19] O:23944.80 H:23968.30 L:23944.00 C:23959.65 -> no_pattern
[2026-04-19 01:09:19] O:23959.20 H:23971.20 L:23956.50 C:23967.15 -> no_pattern
[2026-04-19 01:09:19] O:23966.25 H:23969.60 L:23957.70 C:23963.30 -> spinning_top
[2026-04-19 01:09:19] O:23963.20 H:23967.35 L:23958.05 C:23964.55 -> spinning_top
[2026-04-19 01:09:19] O:23964.40 H:23967.65 L:23961.95 C:23966.85 -> no_pattern
[2026-04-19 01:09:19] O:23967.15 H:23973.95 L:23964.05 C:23967.50 -> doji
[2026-04-19 01:09:19] O:23967.65 H:23968.85 L:23939.45 C:23939.80 -> marubozu
[2026-04-19 01:09:19] O:23939.25 H:23940.45 L:23902.25 C:23917.10 -> no_pattern
[2026-04-19 01:09:19] O:23916.55 H:23934.00 L:23910.60 C:23912.95 -> shooting_star
[2026-04-19 01:09:19] O:23912.45 H:23929.45 L:23911.30 C:23927.50 -> no_pattern
[2026-04-19 01:09:19] O:23927.50 H:23950.55 L:23927.50 C:23939.45 -> no_pattern
[2026-04-19 01:09:19] O:23939.55 H:23958.85 L:23936.25 C:23955.90 -> no_pattern
[2026-04-19 01:09:19] O:23939.25 H:23940.45 L:23902.25 C:23917.10 -> no_pattern
[2026-04-19 01:09:19] O:23916.55 H:23934.00 L:23910.60 C:23912.95 -> shooting_star
[2026-04-19 01:09:19] O:23912.45 H:23929.45 L:23911.30 C:23927.50 -> no_pattern
[2026-04-19 01:09:19] O:23927.50 H:23950.55 L:23927.50 C:23939.45 -> no_pattern
[2026-04-19 01:09:19] O:23939.55 H:23958.85 L:23936.25 C:23955.90 -> no_pattern
[2026-04-19 01:09:19] O:23956.10 H:23957.10 L:23944.40 C:23953.10 -> pinbar
[2026-04-19 01:09:19] O:23991.60 H:24014.00 L:23991.60 C:23995.45 -> shooting_star
[2026-04-19 01:09:19] O:23995.85 H:24013.05 L:23991.10 C:24000.30 -> spinning_top
[2026-04-19 01:09:19] O:24000.25 H:24013.50 L:23981.10 C:23982.30 -> no_pattern
[2026-04-19 01:09:19] O:23982.50 H:23987.55 L:23975.50 C:23978.65 -> no_pattern
[2026-04-19 01:09:19] O:23977.30 H:23982.10 L:23965.65 C:23968.30 -> no_pattern
[2026-04-19 01:09:19] O:23968.45 H:23981.10 L:23949.80 C:23950.35 -> no_pattern
[2026-04-19 01:09:19] O:23950.05 H:23980.25 L:23947.10 C:23979.20 -> no_pattern
[2026-04-19 01:09:19] O:23980.45 H:23998.60 L:23979.70 C:23993.00 -> no_pattern
[2026-04-19 01:09:19] O:23992.30 H:23994.15 L:23960.10 C:23962.10 -> no_pattern
[2026-04-19 01:09:19] O:23961.90 H:23963.35 L:23930.20 C:23948.70 -> no_pattern
[2026-04-19 01:09:19] O:23949.35 H:23951.45 L:23927.85 C:23935.20 -> no_pattern
[2026-04-19 01:09:19] O:23935.00 H:23947.45 L:23920.15 C:23944.00 -> no_pattern
[2026-04-19 01:09:19] O:23944.80 H:23968.30 L:23944.00 C:23959.65 -> no_pattern
[2026-04-19 01:09:19] O:23959.20 H:23971.20 L:23956.50 C:23967.15 -> no_pattern
[2026-04-19 01:09:19] O:23966.25 H:23969.60 L:23957.70 C:23963.30 -> spinning_top
[2026-04-19 01:09:19] O:23963.20 H:23967.35 L:23958.05 C:23964.55 -> spinning_top
[2026-04-19 01:09:19] O:23964.40 H:23967.65 L:23961.95 C:23966.85 -> no_pattern
[2026-04-19 01:09:19] O:23967.15 H:23973.95 L:23964.05 C:23967.50 -> doji
[2026-04-19 01:09:19] O:23967.65 H:23968.85 L:23939.45 C:23939.80 -> marubozu
[2026-04-19 01:09:19] O:23939.25 H:23940.45 L:23902.25 C:23917.10 -> no_pattern
[2026-04-19 01:09:19] O:23916.55 H:23934.00 L:23910.60 C:23912.95 -> shooting_star
[2026-04-19 01:09:19] O:23912.45 H:23929.45 L:23911.30 C:23927.50 -> no_pattern
[2026-04-19 01:09:19] O:23927.50 H:23950.55 L:23927.50 C:23939.45 -> no_pattern
[2026-04-19 01:09:19] O:23939.55 H:23958.85 L:23936.25 C:23955.90 -> no_pattern
[2026-04-19 01:09:19] O:23956.10 H:23957.10 L:23944.40 C:23953.10 -> pinbar
[2026-04-19 01:09:19] O:23953.40 H:23979.80 L:23953.25 C:23977.50 -> no_pattern
[2026-04-19 01:09:19] O:23976.75 H:23979.40 L:23957.00 C:23969.25 -> no_pattern
[2026-04-19 01:09:19] O:23969.20 H:23971.90 L:23955.25 C:23960.65 -> no_pattern
[2026-04-19 01:09:19] O:23961.65 H:23978.70 L:23948.80 C:23972.75 -> no_pattern
[2026-04-19 01:09:19] O:23973.95 H:23988.60 L:23966.40 C:23974.10 -> doji
[2026-04-19 01:09:19] O:23974.30 H:23991.35 L:23965.20 C:23976.60 -> doji
[2026-04-19 01:09:19] O:23976.20 H:23981.60 L:23969.70 C:23980.10 -> no_pattern
[2026-04-19 01:09:19] O:23980.00 H:23996.20 L:23977.45 C:23992.70 -> no_pattern
[2026-04-19 01:09:19] O:23993.35 H:24001.60 L:23987.95 C:23991.20 -> spinning_top
[2026-04-19 01:09:19] O:23991.25 H:23996.70 L:23981.25 C:23994.40 -> pinbar
[2026-04-19 01:09:19] O:23994.15 H:24016.20 L:23994.00 C:24016.20 -> marubozu
[2026-04-19 01:09:19] O:24017.20 H:24024.50 L:23978.25 C:23996.50 -> no_pattern
[2026-04-19 01:09:19] O:23996.90 H:23998.05 L:23969.65 C:23973.65 -> no_pattern
[2026-04-19 01:09:19] O:23973.10 H:23985.50 L:23968.75 C:23981.85 -> no_pattern
[2026-04-19 01:09:19] O:23982.80 H:23985.20 L:23953.10 C:23963.00 -> no_pattern
[2026-04-19 01:09:19] O:23964.05 H:23988.40 L:23964.05 C:23983.65 -> no_pattern
[2026-04-19 01:09:19] O:24017.20 H:24024.50 L:23978.25 C:23996.50 -> no_pattern
[2026-04-19 01:09:19] O:23996.90 H:23998.05 L:23969.65 C:23973.65 -> no_pattern
[2026-04-19 01:09:19] O:23973.10 H:23985.50 L:23968.75 C:23981.85 -> no_pattern
[2026-04-19 01:09:19] O:23982.80 H:23985.20 L:23953.10 C:23963.00 -> no_pattern
[2026-04-19 01:09:19] O:23964.05 H:23988.40 L:23964.05 C:23983.65 -> no_pattern
[2026-04-19 01:09:19] O:23983.75 H:23987.65 L:23968.25 C:23973.65 -> no_pattern
[2026-04-19 01:09:19] O:23973.55 H:23976.25 L:23953.55 C:23955.75 -> no_pattern
[2026-04-19 01:09:19] O:23955.15 H:23966.05 L:23951.20 C:23956.70 -> spinning_top
[2026-04-19 01:09:19] O:23956.55 H:23979.95 L:23944.00 C:23948.25 -> shooting_star
[2026-04-19 01:09:19] O:23948.15 H:23959.80 L:23946.75 C:23953.55 -> no_pattern
[2026-04-19 01:09:19] O:23954.30 H:23985.40 L:23953.35 C:23979.35 -> no_pattern
[2026-04-19 01:09:20] O:23979.30 H:23988.80 L:23968.00 C:23978.70 -> doji
[2026-04-19 01:09:20] O:23979.45 H:23985.05 L:23971.90 C:23979.85 -> doji
[2026-04-19 01:09:20] O:23956.55 H:23979.95 L:23944.00 C:23948.25 -> shooting_star
[2026-04-19 01:09:20] O:23948.15 H:23959.80 L:23946.75 C:23953.55 -> no_pattern
[2026-04-19 01:09:20] O:23954.30 H:23985.40 L:23953.35 C:23979.35 -> no_pattern
[2026-04-19 01:09:20] O:23979.30 H:23988.80 L:23968.00 C:23978.70 -> doji
[2026-04-19 01:09:20] O:23979.45 H:23985.05 L:23971.90 C:23979.85 -> doji
[2026-04-19 01:09:20] O:23979.20 H:23988.85 L:23976.75 C:23979.00 -> doji
[2026-04-19 01:09:20] O:23977.55 H:23990.55 L:23973.85 C:23979.50 -> spinning_top
[2026-04-19 01:09:20] O:23979.65 H:24000.85 L:23977.80 C:23999.85 -> no_pattern
[2026-04-19 01:09:20] O:24000.30 H:24007.60 L:23992.45 C:23994.95 -> no_pattern
[2026-04-19 01:09:20] O:23993.80 H:24017.60 L:23972.55 C:23979.60 -> no_pattern
[2026-04-19 01:09:20] O:23979.85 H:23990.60 L:23977.85 C:23987.50 -> no_pattern
[2026-04-19 01:09:20] O:23987.65 H:23996.75 L:23984.15 C:23993.60 -> no_pattern
[2026-04-19 01:09:20] O:23993.20 H:24005.00 L:23955.75 C:23987.35 -> spinning_top
[2026-04-19 01:09:20] O:23987.70 H:24011.50 L:23987.70 C:24007.15 -> no_pattern
[2026-04-19 01:09:20] O:23993.80 H:24017.60 L:23972.55 C:23979.60 -> no_pattern
[2026-04-19 01:09:20] O:23979.85 H:23990.60 L:23977.85 C:23987.50 -> no_pattern
[2026-04-19 01:09:20] O:23987.65 H:23996.75 L:23984.15 C:23993.60 -> no_pattern
[2026-04-19 01:09:20] O:23993.20 H:24005.00 L:23955.75 C:23987.35 -> spinning_top
[2026-04-19 01:09:20] O:23987.70 H:24011.50 L:23987.70 C:24007.15 -> no_pattern
[2026-04-19 01:09:20] O:24007.40 H:24009.35 L:23994.70 C:24004.45 -> pinbar
[2026-04-19 01:09:20] O:24003.55 H:24008.10 L:23989.25 C:23994.85 -> no_pattern
[2026-04-19 01:09:20] O:23994.25 H:23998.10 L:23985.30 C:23992.00 -> spinning_top
[2026-04-19 01:09:20] O:23993.20 H:24005.00 L:23955.75 C:23987.35 -> spinning_top
[2026-04-19 01:09:20] O:23987.70 H:24011.50 L:23987.70 C:24007.15 -> no_pattern
[2026-04-19 01:09:20] O:24007.40 H:24009.35 L:23994.70 C:24004.45 -> pinbar
[2026-04-19 01:09:20] O:24003.55 H:24008.10 L:23989.25 C:23994.85 -> no_pattern
[2026-04-19 01:09:20] O:23994.25 H:23998.10 L:23985.30 C:23992.00 -> spinning_top
[2026-04-19 01:09:20] O:23992.70 H:24002.55 L:23991.05 C:24001.25 -> no_pattern
[2026-04-19 01:09:20] O:24002.00 H:24011.65 L:23999.05 C:24009.90 -> no_pattern
[2026-04-19 01:09:20] O:24017.20 H:24024.50 L:23978.25 C:23996.50 -> no_pattern
[2026-04-19 01:09:20] O:23996.90 H:23998.05 L:23969.65 C:23973.65 -> no_pattern
[2026-04-19 01:09:20] O:23973.10 H:23985.50 L:23968.75 C:23981.85 -> no_pattern
[2026-04-19 01:09:20] O:23982.80 H:23985.20 L:23953.10 C:23963.00 -> no_pattern
[2026-04-19 01:09:20] O:23964.05 H:23988.40 L:23964.05 C:23983.65 -> no_pattern
[2026-04-19 01:09:20] O:23983.75 H:23987.65 L:23968.25 C:23973.65 -> no_pattern
[2026-04-19 01:09:20] O:23973.55 H:23976.25 L:23953.55 C:23955.75 -> no_pattern
[2026-04-19 01:09:20] O:23955.15 H:23966.05 L:23951.20 C:23956.70 -> spinning_top
[2026-04-19 01:09:20] O:23956.55 H:23979.95 L:23944.00 C:23948.25 -> shooting_star
[2026-04-19 01:09:20] O:23948.15 H:23959.80 L:23946.75 C:23953.55 -> no_pattern
[2026-04-19 01:09:20] O:23954.30 H:23985.40 L:23953.35 C:23979.35 -> no_pattern
[2026-04-19 01:09:20] O:23979.30 H:23988.80 L:23968.00 C:23978.70 -> doji
[2026-04-19 01:09:20] O:23979.45 H:23985.05 L:23971.90 C:23979.85 -> doji
[2026-04-19 01:09:20] O:23979.20 H:23988.85 L:23976.75 C:23979.00 -> doji
[2026-04-19 01:09:20] O:23977.55 H:23990.55 L:23973.85 C:23979.50 -> spinning_top
[2026-04-19 01:09:20] O:23979.65 H:24000.85 L:23977.80 C:23999.85 -> no_pattern
[2026-04-19 01:09:20] O:24000.30 H:24007.60 L:23992.45 C:23994.95 -> no_pattern
[2026-04-19 01:09:20] O:23993.80 H:24017.60 L:23972.55 C:23979.60 -> no_pattern
[2026-04-19 01:09:20] O:23979.85 H:23990.60 L:23977.85 C:23987.50 -> no_pattern
[2026-04-19 01:09:20] O:23987.65 H:23996.75 L:23984.15 C:23993.60 -> no_pattern
[2026-04-19 01:09:20] O:23993.20 H:24005.00 L:23955.75 C:23987.35 -> spinning_top
[2026-04-19 01:09:20] O:23987.70 H:24011.50 L:23987.70 C:24007.15 -> no_pattern
[2026-04-19 01:09:20] O:24007.40 H:24009.35 L:23994.70 C:24004.45 -> pinbar
[2026-04-19 01:09:20] O:24003.55 H:24008.10 L:23989.25 C:23994.85 -> no_pattern
[2026-04-19 01:09:20] O:23994.25 H:23998.10 L:23985.30 C:23992.00 -> spinning_top
[2026-04-19 01:09:20] O:23992.70 H:24002.55 L:23991.05 C:24001.25 -> no_pattern
[2026-04-19 01:09:20] O:24002.00 H:24011.65 L:23999.05 C:24009.90 -> no_pattern
[2026-04-19 01:09:20] O:24009.70 H:24018.25 L:24006.00 C:24010.60 -> doji
[2026-04-19 01:09:20] O:24017.20 H:24024.50 L:23978.25 C:23996.50 -> no_pattern
[2026-04-19 01:09:20] O:23996.90 H:23998.05 L:23969.65 C:23973.65 -> no_pattern
[2026-04-19 01:09:20] O:23973.10 H:23985.50 L:23968.75 C:23981.85 -> no_pattern
[2026-04-19 01:09:20] O:23982.80 H:23985.20 L:23953.10 C:23963.00 -> no_pattern
[2026-04-19 01:09:20] O:23964.05 H:23988.40 L:23964.05 C:23983.65 -> no_pattern
[2026-04-19 01:09:20] O:23983.75 H:23987.65 L:23968.25 C:23973.65 -> no_pattern
[2026-04-19 01:09:20] O:23973.55 H:23976.25 L:23953.55 C:23955.75 -> no_pattern
[2026-04-19 01:09:20] O:23955.15 H:23966.05 L:23951.20 C:23956.70 -> spinning_top
[2026-04-19 01:09:20] O:23956.55 H:23979.95 L:23944.00 C:23948.25 -> shooting_star
[2026-04-19 01:09:20] O:23948.15 H:23959.80 L:23946.75 C:23953.55 -> no_pattern
[2026-04-19 01:09:20] O:23954.30 H:23985.40 L:23953.35 C:23979.35 -> no_pattern
[2026-04-19 01:09:20] O:23979.30 H:23988.80 L:23968.00 C:23978.70 -> doji
[2026-04-19 01:09:20] O:23979.45 H:23985.05 L:23971.90 C:23979.85 -> doji
[2026-04-19 01:09:20] O:23979.20 H:23988.85 L:23976.75 C:23979.00 -> doji
[2026-04-19 01:09:20] O:23977.55 H:23990.55 L:23973.85 C:23979.50 -> spinning_top
[2026-04-19 01:09:20] O:23979.65 H:24000.85 L:23977.80 C:23999.85 -> no_pattern
[2026-04-19 01:09:20] O:24000.30 H:24007.60 L:23992.45 C:23994.95 -> no_pattern
[2026-04-19 01:09:20] O:23993.80 H:24017.60 L:23972.55 C:23979.60 -> no_pattern
[2026-04-19 01:09:20] O:23979.85 H:23990.60 L:23977.85 C:23987.50 -> no_pattern
[2026-04-19 01:09:20] O:23987.65 H:23996.75 L:23984.15 C:23993.60 -> no_pattern
[2026-04-19 01:09:20] O:23993.20 H:24005.00 L:23955.75 C:23987.35 -> spinning_top
[2026-04-19 01:09:20] O:23987.70 H:24011.50 L:23987.70 C:24007.15 -> no_pattern
[2026-04-19 01:09:20] O:24007.40 H:24009.35 L:23994.70 C:24004.45 -> pinbar
[2026-04-19 01:09:20] O:24003.55 H:24008.10 L:23989.25 C:23994.85 -> no_pattern
[2026-04-19 01:09:20] O:23994.25 H:23998.10 L:23985.30 C:23992.00 -> spinning_top
[2026-04-19 01:09:20] O:23992.70 H:24002.55 L:23991.05 C:24001.25 -> no_pattern
[2026-04-19 01:09:20] O:24002.00 H:24011.65 L:23999.05 C:24009.90 -> no_pattern
[2026-04-19 01:09:20] O:24009.70 H:24018.25 L:24006.00 C:24010.60 -> doji
[2026-04-19 01:09:20] O:23908.65 H:23923.60 L:23816.45 C:23914.40 -> doji
[2026-04-19 01:09:20] O:23913.35 H:23964.20 L:23912.90 C:23952.25 -> no_pattern
[2026-04-19 01:09:20] O:23950.05 H:23982.60 L:23943.20 C:23982.00 -> no_pattern
[2026-04-19 01:09:20] O:23981.05 H:23989.75 L:23948.20 C:23949.10 -> no_pattern
[2026-04-19 01:09:20] O:23948.65 H:23951.95 L:23890.95 C:23890.95 -> no_pattern
[2026-04-19 01:09:20] O:23908.65 H:23923.60 L:23816.45 C:23914.40 -> doji
[2026-04-19 01:09:20] O:23913.35 H:23964.20 L:23912.90 C:23952.25 -> no_pattern
[2026-04-19 01:09:20] O:23950.05 H:23982.60 L:23943.20 C:23982.00 -> no_pattern
[2026-04-19 01:09:20] O:23981.05 H:23989.75 L:23948.20 C:23949.10 -> no_pattern
[2026-04-19 01:09:20] O:23948.65 H:23951.95 L:23890.95 C:23890.95 -> no_pattern
[2026-04-19 01:09:20] O:23891.80 H:23929.35 L:23891.65 C:23894.80 -> doji
[2026-04-19 01:09:20] O:23893.50 H:23899.30 L:23861.55 C:23866.25 -> no_pattern
[2026-04-19 01:09:20] O:23866.45 H:23883.05 L:23851.15 C:23862.45 -> spinning_top
[2026-04-19 01:09:20] O:24017.20 H:24024.50 L:23978.25 C:23996.50 -> no_pattern
[2026-04-19 01:09:20] O:23996.90 H:23998.05 L:23969.65 C:23973.65 -> no_pattern
[2026-04-19 01:09:20] O:23973.10 H:23985.50 L:23968.75 C:23981.85 -> no_pattern
[2026-04-19 01:09:20] O:23982.80 H:23985.20 L:23953.10 C:23963.00 -> no_pattern
[2026-04-19 01:09:20] O:23964.05 H:23988.40 L:23964.05 C:23983.65 -> no_pattern
[2026-04-19 01:09:20] O:23983.75 H:23987.65 L:23968.25 C:23973.65 -> no_pattern
[2026-04-19 01:09:20] O:23973.55 H:23976.25 L:23953.55 C:23955.75 -> no_pattern
[2026-04-19 01:09:20] O:23955.15 H:23966.05 L:23951.20 C:23956.70 -> spinning_top
[2026-04-19 01:09:20] O:23956.55 H:23979.95 L:23944.00 C:23948.25 -> shooting_star
[2026-04-19 01:09:20] O:23948.15 H:23959.80 L:23946.75 C:23953.55 -> no_pattern
[2026-04-19 01:09:20] O:23954.30 H:23985.40 L:23953.35 C:23979.35 -> no_pattern
[2026-04-19 01:09:20] O:23979.30 H:23988.80 L:23968.00 C:23978.70 -> doji
[2026-04-19 01:09:20] O:23979.45 H:23985.05 L:23971.90 C:23979.85 -> doji
[2026-04-19 01:09:20] O:23979.20 H:23988.85 L:23976.75 C:23979.00 -> doji
[2026-04-19 01:09:20] O:23977.55 H:23990.55 L:23973.85 C:23979.50 -> spinning_top
[2026-04-19 01:09:20] O:23979.65 H:24000.85 L:23977.80 C:23999.85 -> no_pattern
[2026-04-19 01:09:20] O:24000.30 H:24007.60 L:23992.45 C:23994.95 -> no_pattern
[2026-04-19 01:09:20] O:23993.80 H:24017.60 L:23972.55 C:23979.60 -> no_pattern
[2026-04-19 01:09:20] O:23979.85 H:23990.60 L:23977.85 C:23987.50 -> no_pattern
[2026-04-19 01:09:20] O:23987.65 H:23996.75 L:23984.15 C:23993.60 -> no_pattern
[2026-04-19 01:09:20] O:23993.20 H:24005.00 L:23955.75 C:23987.35 -> spinning_top
[2026-04-19 01:09:20] O:23987.70 H:24011.50 L:23987.70 C:24007.15 -> no_pattern
[2026-04-19 01:09:20] O:24007.40 H:24009.35 L:23994.70 C:24004.45 -> pinbar
[2026-04-19 01:09:20] O:24003.55 H:24008.10 L:23989.25 C:23994.85 -> no_pattern
[2026-04-19 01:09:20] O:23994.25 H:23998.10 L:23985.30 C:23992.00 -> spinning_top
[2026-04-19 01:09:20] O:23992.70 H:24002.55 L:23991.05 C:24001.25 -> no_pattern
[2026-04-19 01:09:20] O:24002.00 H:24011.65 L:23999.05 C:24009.90 -> no_pattern
[2026-04-19 01:09:21] O:24009.70 H:24018.25 L:24006.00 C:24010.60 -> doji
[2026-04-19 01:09:21] O:23908.65 H:23923.60 L:23816.45 C:23914.40 -> doji
[2026-04-19 01:09:21] O:23913.35 H:23964.20 L:23912.90 C:23952.25 -> no_pattern
[2026-04-19 01:09:21] O:23950.05 H:23982.60 L:23943.20 C:23982.00 -> no_pattern
[2026-04-19 01:09:21] O:23981.05 H:23989.75 L:23948.20 C:23949.10 -> no_pattern
[2026-04-19 01:09:21] O:23948.65 H:23951.95 L:23890.95 C:23890.95 -> no_pattern
[2026-04-19 01:09:21] O:23891.80 H:23929.35 L:23891.65 C:23894.80 -> doji
[2026-04-19 01:09:21] O:23893.50 H:23899.30 L:23861.55 C:23866.25 -> no_pattern
[2026-04-19 01:09:21] O:23866.45 H:23883.05 L:23851.15 C:23862.45 -> spinning_top
[2026-04-19 01:09:21] O:23863.00 H:23865.65 L:23809.05 C:23810.50 -> marubozu
[2026-04-19 01:09:21] O:23809.55 H:23826.00 L:23795.20 C:23805.05 -> spinning_top
[2026-04-19 01:09:21] O:23805.95 H:23806.60 L:23781.20 C:23781.35 -> marubozu
[2026-04-19 01:09:21] O:23781.70 H:23809.25 L:23760.55 C:23808.30 -> no_pattern
[2026-04-19 01:09:21] O:23808.90 H:23831.35 L:23805.70 C:23818.40 -> no_pattern
[2026-04-19 01:09:21] O:23816.60 H:23838.95 L:23807.40 C:23837.45 -> no_pattern
[2026-04-19 01:09:21] O:23837.55 H:23853.15 L:23831.70 C:23839.00 -> doji
[2026-04-19 01:09:21] O:23839.05 H:23868.95 L:23820.85 C:23863.80 -> no_pattern
[2026-04-19 01:09:21] O:23781.70 H:23809.25 L:23760.55 C:23808.30 -> no_pattern
[2026-04-19 01:09:21] O:23808.90 H:23831.35 L:23805.70 C:23818.40 -> no_pattern
[2026-04-19 01:09:21] O:23816.60 H:23838.95 L:23807.40 C:23837.45 -> no_pattern
[2026-04-19 01:09:21] O:23837.55 H:23853.15 L:23831.70 C:23839.00 -> doji
[2026-04-19 01:09:21] O:23839.05 H:23868.95 L:23820.85 C:23863.80 -> no_pattern
[2026-04-19 01:09:21] O:23862.25 H:23871.35 L:23844.55 C:23844.55 -> no_pattern
[2026-04-19 01:09:21] O:23844.80 H:23867.55 L:23820.20 C:23827.80 -> no_pattern
[2026-04-19 01:09:21] O:23828.40 H:23861.30 L:23826.80 C:23860.05 -> marubozu
[2026-04-19 01:09:21] O:23859.75 H:23863.60 L:23841.80 C:23858.45 -> doji
[2026-04-19 01:09:21] O:23858.05 H:23872.20 L:23832.25 C:23832.80 -> no_pattern
[2026-04-19 01:09:21] O:23832.45 H:23841.15 L:23819.55 C:23822.85 -> no_pattern
[2026-04-19 01:09:21] O:23823.00 H:23826.10 L:23803.65 C:23823.80 -> doji
[2026-04-19 01:09:21] O:23823.80 H:23829.25 L:23820.15 C:23821.60 -> inverted_hammer
[2026-04-19 01:09:21] O:23821.05 H:23830.40 L:23811.25 C:23825.40 -> spinning_top
[2026-04-19 01:09:21] O:23858.05 H:23872.20 L:23832.25 C:23832.80 -> no_pattern
[2026-04-19 01:09:21] O:23832.45 H:23841.15 L:23819.55 C:23822.85 -> no_pattern
[2026-04-19 01:09:21] O:23823.00 H:23826.10 L:23803.65 C:23823.80 -> doji
[2026-04-19 01:09:21] O:23823.80 H:23829.25 L:23820.15 C:23821.60 -> inverted_hammer
[2026-04-19 01:09:21] O:23821.05 H:23830.40 L:23811.25 C:23825.40 -> spinning_top
[2026-04-19 01:09:21] O:23825.95 H:23843.55 L:23820.85 C:23828.85 -> spinning_top
[2026-04-19 01:09:21] O:23827.85 H:23864.10 L:23825.95 C:23857.50 -> no_pattern
[2026-04-19 01:09:21] O:23823.00 H:23826.10 L:23803.65 C:23823.80 -> doji
[2026-04-19 01:09:21] O:23823.80 H:23829.25 L:23820.15 C:23821.60 -> inverted_hammer
[2026-04-19 01:09:21] O:23821.05 H:23830.40 L:23811.25 C:23825.40 -> spinning_top
[2026-04-19 01:09:21] O:23825.95 H:23843.55 L:23820.85 C:23828.85 -> spinning_top
[2026-04-19 01:09:21] O:23827.85 H:23864.10 L:23825.95 C:23857.50 -> no_pattern
[2026-04-19 01:09:21] O:23857.55 H:23858.75 L:23828.75 C:23828.75 -> marubozu
[2026-04-19 01:09:21] O:23828.55 H:23869.50 L:23828.15 C:23868.45 -> marubozu
[2026-04-19 01:09:21] O:23868.35 H:23868.35 L:23852.00 C:23855.75 -> no_pattern
[2026-04-19 01:09:21] O:23855.60 H:23863.20 L:23829.65 C:23830.05 -> no_pattern
[2026-04-19 01:09:21] O:23829.60 H:23842.40 L:23814.20 C:23833.40 -> spinning_top
[2026-04-19 01:09:21] O:23833.60 H:23853.40 L:23832.55 C:23852.25 -> no_pattern
[2026-04-19 01:09:21] O:23851.55 H:23870.75 L:23840.45 C:23865.30 -> no_pattern
[2026-04-19 01:09:21] O:24017.20 H:24024.50 L:23978.25 C:23996.50 -> no_pattern
[2026-04-19 01:09:21] O:23996.90 H:23998.05 L:23969.65 C:23973.65 -> no_pattern
[2026-04-19 01:09:21] O:23973.10 H:23985.50 L:23968.75 C:23981.85 -> no_pattern
[2026-04-19 01:09:21] O:23982.80 H:23985.20 L:23953.10 C:23963.00 -> no_pattern
[2026-04-19 01:09:21] O:23964.05 H:23988.40 L:23964.05 C:23983.65 -> no_pattern
[2026-04-19 01:09:21] O:23983.75 H:23987.65 L:23968.25 C:23973.65 -> no_pattern
[2026-04-19 01:09:21] O:23973.55 H:23976.25 L:23953.55 C:23955.75 -> no_pattern
[2026-04-19 01:09:21] O:23955.15 H:23966.05 L:23951.20 C:23956.70 -> spinning_top
[2026-04-19 01:09:21] O:23956.55 H:23979.95 L:23944.00 C:23948.25 -> shooting_star
[2026-04-19 01:09:21] O:23948.15 H:23959.80 L:23946.75 C:23953.55 -> no_pattern
[2026-04-19 01:09:21] O:23954.30 H:23985.40 L:23953.35 C:23979.35 -> no_pattern
[2026-04-19 01:09:21] O:23979.30 H:23988.80 L:23968.00 C:23978.70 -> doji
[2026-04-19 01:09:21] O:23979.45 H:23985.05 L:23971.90 C:23979.85 -> doji
[2026-04-19 01:09:21] O:23979.20 H:23988.85 L:23976.75 C:23979.00 -> doji
[2026-04-19 01:09:21] O:23977.55 H:23990.55 L:23973.85 C:23979.50 -> spinning_top
[2026-04-19 01:09:21] O:23979.65 H:24000.85 L:23977.80 C:23999.85 -> no_pattern
[2026-04-19 01:09:21] O:24000.30 H:24007.60 L:23992.45 C:23994.95 -> no_pattern
[2026-04-19 01:09:21] O:23993.80 H:24017.60 L:23972.55 C:23979.60 -> no_pattern
[2026-04-19 01:09:21] O:23979.85 H:23990.60 L:23977.85 C:23987.50 -> no_pattern
[2026-04-19 01:09:21] O:23987.65 H:23996.75 L:23984.15 C:23993.60 -> no_pattern
[2026-04-19 01:09:21] O:23993.20 H:24005.00 L:23955.75 C:23987.35 -> spinning_top
[2026-04-19 01:09:21] O:23987.70 H:24011.50 L:23987.70 C:24007.15 -> no_pattern
[2026-04-19 01:09:21] O:24007.40 H:24009.35 L:23994.70 C:24004.45 -> pinbar
[2026-04-19 01:09:21] O:24003.55 H:24008.10 L:23989.25 C:23994.85 -> no_pattern
[2026-04-19 01:09:21] O:23994.25 H:23998.10 L:23985.30 C:23992.00 -> spinning_top
[2026-04-19 01:09:21] O:23992.70 H:24002.55 L:23991.05 C:24001.25 -> no_pattern
[2026-04-19 01:09:21] O:24002.00 H:24011.65 L:23999.05 C:24009.90 -> no_pattern
[2026-04-19 01:09:21] O:24009.70 H:24018.25 L:24006.00 C:24010.60 -> doji
[2026-04-19 01:09:21] O:23908.65 H:23923.60 L:23816.45 C:23914.40 -> doji
[2026-04-19 01:09:21] O:23913.35 H:23964.20 L:23912.90 C:23952.25 -> no_pattern
[2026-04-19 01:09:21] O:23950.05 H:23982.60 L:23943.20 C:23982.00 -> no_pattern
[2026-04-19 01:09:21] O:23981.05 H:23989.75 L:23948.20 C:23949.10 -> no_pattern
[2026-04-19 01:09:21] O:23948.65 H:23951.95 L:23890.95 C:23890.95 -> no_pattern
[2026-04-19 01:09:21] O:23891.80 H:23929.35 L:23891.65 C:23894.80 -> doji
[2026-04-19 01:09:21] O:23893.50 H:23899.30 L:23861.55 C:23866.25 -> no_pattern
[2026-04-19 01:09:21] O:23866.45 H:23883.05 L:23851.15 C:23862.45 -> spinning_top
[2026-04-19 01:09:21] O:23863.00 H:23865.65 L:23809.05 C:23810.50 -> marubozu
[2026-04-19 01:09:21] O:23809.55 H:23826.00 L:23795.20 C:23805.05 -> spinning_top
[2026-04-19 01:09:21] O:23805.95 H:23806.60 L:23781.20 C:23781.35 -> marubozu
[2026-04-19 01:09:21] O:23781.70 H:23809.25 L:23760.55 C:23808.30 -> no_pattern
[2026-04-19 01:09:21] O:23808.90 H:23831.35 L:23805.70 C:23818.40 -> no_pattern
[2026-04-19 01:09:21] O:23816.60 H:23838.95 L:23807.40 C:23837.45 -> no_pattern
[2026-04-19 01:09:21] O:23837.55 H:23853.15 L:23831.70 C:23839.00 -> doji
[2026-04-19 01:09:21] O:23839.05 H:23868.95 L:23820.85 C:23863.80 -> no_pattern
[2026-04-19 01:09:21] O:23862.25 H:23871.35 L:23844.55 C:23844.55 -> no_pattern
[2026-04-19 01:09:21] O:23844.80 H:23867.55 L:23820.20 C:23827.80 -> no_pattern
[2026-04-19 01:09:21] O:23828.40 H:23861.30 L:23826.80 C:23860.05 -> marubozu
[2026-04-19 01:09:21] O:23859.75 H:23863.60 L:23841.80 C:23858.45 -> doji
[2026-04-19 01:09:21] O:23858.05 H:23872.20 L:23832.25 C:23832.80 -> no_pattern
[2026-04-19 01:09:21] O:23832.45 H:23841.15 L:23819.55 C:23822.85 -> no_pattern
[2026-04-19 01:09:21] O:23823.00 H:23826.10 L:23803.65 C:23823.80 -> doji
[2026-04-19 01:09:21] O:23823.80 H:23829.25 L:23820.15 C:23821.60 -> inverted_hammer
[2026-04-19 01:09:21] O:23821.05 H:23830.40 L:23811.25 C:23825.40 -> spinning_top
[2026-04-19 01:09:21] O:23825.95 H:23843.55 L:23820.85 C:23828.85 -> spinning_top
[2026-04-19 01:09:21] O:23827.85 H:23864.10 L:23825.95 C:23857.50 -> no_pattern
[2026-04-19 01:09:21] O:23857.55 H:23858.75 L:23828.75 C:23828.75 -> marubozu
[2026-04-19 01:09:21] O:23828.55 H:23869.50 L:23828.15 C:23868.45 -> marubozu
[2026-04-19 01:09:21] O:23868.35 H:23868.35 L:23852.00 C:23855.75 -> no_pattern
[2026-04-19 01:09:21] O:23855.60 H:23863.20 L:23829.65 C:23830.05 -> no_pattern
[2026-04-19 01:09:21] O:23829.60 H:23842.40 L:23814.20 C:23833.40 -> spinning_top
[2026-04-19 01:09:21] O:23833.60 H:23853.40 L:23832.55 C:23852.25 -> no_pattern
[2026-04-19 01:09:21] O:23851.55 H:23870.75 L:23840.45 C:23865.30 -> no_pattern
[2026-04-19 01:09:21] O:23865.25 H:23875.50 L:23844.40 C:23855.30 -> no_pattern
[2026-04-19 01:09:21] O:23852.90 H:23859.60 L:23847.70 C:23857.85 -> no_pattern
[2026-04-19 01:09:21] O:23857.80 H:23871.30 L:23845.95 C:23855.90 -> doji
[2026-04-19 01:09:21] O:23855.80 H:23867.10 L:23849.40 C:23855.20 -> doji
[2026-04-19 01:09:21] O:23855.20 H:23889.05 L:23855.20 C:23871.75 -> no_pattern
[2026-04-19 01:09:21] O:23871.75 H:23898.00 L:23871.40 C:23883.65 -> no_pattern
[2026-04-19 01:09:21] O:23884.60 H:23905.40 L:23871.80 C:23874.60 -> shooting_star
[2026-04-19 01:09:21] O:23876.20 H:23902.75 L:23875.40 C:23881.40 -> shooting_star
[2026-04-19 01:09:21] O:23880.90 H:23882.50 L:23860.25 C:23876.05 -> pinbar
[2026-04-19 01:09:21] O:23875.65 H:23902.70 L:23875.65 C:23901.05 -> no_pattern
[2026-04-19 01:09:21] O:23901.60 H:23907.30 L:23877.10 C:23881.25 -> no_pattern
[2026-04-19 01:09:21] O:23881.05 H:23884.05 L:23873.65 C:23873.65 -> no_pattern
[2026-04-19 01:09:22] O:23874.00 H:23883.85 L:23872.20 C:23879.75 -> no_pattern
[2026-04-19 01:09:22] O:23879.85 H:23881.20 L:23855.40 C:23861.80 -> no_pattern
[2026-04-19 01:09:22] O:23861.90 H:23886.90 L:23854.85 C:23879.50 -> no_pattern
[2026-04-19 01:09:22] O:23901.60 H:23907.30 L:23877.10 C:23881.25 -> no_pattern
[2026-04-19 01:09:22] O:23881.05 H:23884.05 L:23873.65 C:23873.65 -> no_pattern
[2026-04-19 01:09:22] O:23874.00 H:23883.85 L:23872.20 C:23879.75 -> no_pattern
[2026-04-19 01:09:22] O:23879.85 H:23881.20 L:23855.40 C:23861.80 -> no_pattern
[2026-04-19 01:09:22] O:23861.90 H:23886.90 L:23854.85 C:23879.50 -> no_pattern
[2026-04-19 01:09:22] O:23879.40 H:23883.05 L:23862.55 C:23864.55 -> no_pattern
[2026-04-19 01:09:22] O:23864.65 H:23871.45 L:23848.50 C:23851.25 -> no_pattern
[2026-04-19 01:09:22] O:23850.80 H:23867.55 L:23845.10 C:23855.70 -> spinning_top
[2026-04-19 01:09:22] O:23855.35 H:23857.50 L:23822.00 C:23824.15 -> no_pattern
[2026-04-19 01:09:22] O:23781.70 H:23809.25 L:23760.55 C:23808.30 -> no_pattern
[2026-04-19 01:09:22] O:23808.90 H:23831.35 L:23805.70 C:23818.40 -> no_pattern
[2026-04-19 01:09:22] O:23816.60 H:23838.95 L:23807.40 C:23837.45 -> no_pattern
[2026-04-19 01:09:22] O:23837.55 H:23853.15 L:23831.70 C:23839.00 -> doji
[2026-04-19 01:09:22] O:23839.05 H:23868.95 L:23820.85 C:23863.80 -> no_pattern
[2026-04-19 01:09:22] O:23862.25 H:23871.35 L:23844.55 C:23844.55 -> no_pattern
[2026-04-19 01:09:22] O:23844.80 H:23867.55 L:23820.20 C:23827.80 -> no_pattern
[2026-04-19 01:09:22] O:23828.40 H:23861.30 L:23826.80 C:23860.05 -> marubozu
[2026-04-19 01:09:22] O:23859.75 H:23863.60 L:23841.80 C:23858.45 -> doji
[2026-04-19 01:09:22] O:23858.05 H:23872.20 L:23832.25 C:23832.80 -> no_pattern
[2026-04-19 01:09:22] O:23832.45 H:23841.15 L:23819.55 C:23822.85 -> no_pattern
[2026-04-19 01:09:22] O:23823.00 H:23826.10 L:23803.65 C:23823.80 -> doji
[2026-04-19 01:09:22] O:23823.80 H:23829.25 L:23820.15 C:23821.60 -> inverted_hammer
[2026-04-19 01:09:22] O:23821.05 H:23830.40 L:23811.25 C:23825.40 -> spinning_top
[2026-04-19 01:09:22] O:23825.95 H:23843.55 L:23820.85 C:23828.85 -> spinning_top
[2026-04-19 01:09:22] O:23827.85 H:23864.10 L:23825.95 C:23857.50 -> no_pattern
[2026-04-19 01:09:22] O:23857.55 H:23858.75 L:23828.75 C:23828.75 -> marubozu
[2026-04-19 01:09:22] O:23828.55 H:23869.50 L:23828.15 C:23868.45 -> marubozu
[2026-04-19 01:09:22] O:23868.35 H:23868.35 L:23852.00 C:23855.75 -> no_pattern
[2026-04-19 01:09:22] O:23855.60 H:23863.20 L:23829.65 C:23830.05 -> no_pattern
[2026-04-19 01:09:22] O:23829.60 H:23842.40 L:23814.20 C:23833.40 -> spinning_top
[2026-04-19 01:09:22] O:23833.60 H:23853.40 L:23832.55 C:23852.25 -> no_pattern
[2026-04-19 01:09:22] O:23851.55 H:23870.75 L:23840.45 C:23865.30 -> no_pattern
[2026-04-19 01:09:22] O:23865.25 H:23875.50 L:23844.40 C:23855.30 -> no_pattern
[2026-04-19 01:09:22] O:23852.90 H:23859.60 L:23847.70 C:23857.85 -> no_pattern
[2026-04-19 01:09:22] O:23857.80 H:23871.30 L:23845.95 C:23855.90 -> doji
[2026-04-19 01:09:22] O:23855.80 H:23867.10 L:23849.40 C:23855.20 -> doji
[2026-04-19 01:09:22] O:23855.20 H:23889.05 L:23855.20 C:23871.75 -> no_pattern
[2026-04-19 01:09:22] O:23871.75 H:23898.00 L:23871.40 C:23883.65 -> no_pattern
[2026-04-19 01:09:22] O:23884.60 H:23905.40 L:23871.80 C:23874.60 -> shooting_star
[2026-04-19 01:09:22] O:23876.20 H:23902.75 L:23875.40 C:23881.40 -> shooting_star
[2026-04-19 01:09:22] O:23880.90 H:23882.50 L:23860.25 C:23876.05 -> pinbar
[2026-04-19 01:09:22] O:23875.65 H:23902.70 L:23875.65 C:23901.05 -> no_pattern
[2026-04-19 01:09:22] O:23901.60 H:23907.30 L:23877.10 C:23881.25 -> no_pattern
[2026-04-19 01:09:22] O:23881.05 H:23884.05 L:23873.65 C:23873.65 -> no_pattern
[2026-04-19 01:09:22] O:23874.00 H:23883.85 L:23872.20 C:23879.75 -> no_pattern
[2026-04-19 01:09:22] O:23879.85 H:23881.20 L:23855.40 C:23861.80 -> no_pattern
[2026-04-19 01:09:22] O:23861.90 H:23886.90 L:23854.85 C:23879.50 -> no_pattern
[2026-04-19 01:09:22] O:23879.40 H:23883.05 L:23862.55 C:23864.55 -> no_pattern
[2026-04-19 01:09:22] O:23864.65 H:23871.45 L:23848.50 C:23851.25 -> no_pattern
[2026-04-19 01:09:22] O:23850.80 H:23867.55 L:23845.10 C:23855.70 -> spinning_top
[2026-04-19 01:09:22] O:23855.35 H:23857.50 L:23822.00 C:23824.15 -> no_pattern
[2026-04-19 01:09:22] O:23824.15 H:23826.55 L:23801.60 C:23813.00 -> no_pattern
[2026-04-19 01:09:22] O:23811.50 H:23839.40 L:23811.50 C:23831.30 -> no_pattern
[2026-04-19 01:09:22] O:23830.60 H:23843.60 L:23829.70 C:23834.65 -> shooting_star
[2026-04-19 01:09:22] O:23833.85 H:23842.60 L:23827.10 C:23828.05 -> no_pattern
[2026-04-19 01:09:22] O:23828.10 H:23834.85 L:23816.85 C:23820.95 -> no_pattern
[2026-04-19 01:09:22] O:23824.15 H:23826.55 L:23801.60 C:23813.00 -> no_pattern
[2026-04-19 01:09:22] O:23811.50 H:23839.40 L:23811.50 C:23831.30 -> no_pattern
[2026-04-19 01:09:22] O:23830.60 H:23843.60 L:23829.70 C:23834.65 -> shooting_star
[2026-04-19 01:09:22] O:23833.85 H:23842.60 L:23827.10 C:23828.05 -> no_pattern
[2026-04-19 01:09:22] O:23828.10 H:23834.85 L:23816.85 C:23820.95 -> no_pattern
[2026-04-19 01:09:22] O:23820.55 H:23836.95 L:23820.30 C:23821.45 -> doji
[2026-04-19 01:09:22] O:23821.25 H:23822.70 L:23804.70 C:23815.40 -> no_pattern
[2026-04-19 01:09:22] O:23781.70 H:23809.25 L:23760.55 C:23808.30 -> no_pattern
[2026-04-19 01:09:22] O:23808.90 H:23831.35 L:23805.70 C:23818.40 -> no_pattern
[2026-04-19 01:09:22] O:23816.60 H:23838.95 L:23807.40 C:23837.45 -> no_pattern
[2026-04-19 01:09:22] O:23837.55 H:23853.15 L:23831.70 C:23839.00 -> doji
[2026-04-19 01:09:22] O:23839.05 H:23868.95 L:23820.85 C:23863.80 -> no_pattern
[2026-04-19 01:09:22] O:23862.25 H:23871.35 L:23844.55 C:23844.55 -> no_pattern
[2026-04-19 01:09:22] O:23844.80 H:23867.55 L:23820.20 C:23827.80 -> no_pattern
[2026-04-19 01:09:22] O:23828.40 H:23861.30 L:23826.80 C:23860.05 -> marubozu
[2026-04-19 01:09:22] O:23859.75 H:23863.60 L:23841.80 C:23858.45 -> doji
[2026-04-19 01:09:22] O:23858.05 H:23872.20 L:23832.25 C:23832.80 -> no_pattern
[2026-04-19 01:09:22] O:23832.45 H:23841.15 L:23819.55 C:23822.85 -> no_pattern
[2026-04-19 01:09:22] O:23823.00 H:23826.10 L:23803.65 C:23823.80 -> doji
[2026-04-19 01:09:22] O:23823.80 H:23829.25 L:23820.15 C:23821.60 -> inverted_hammer
[2026-04-19 01:09:22] O:23821.05 H:23830.40 L:23811.25 C:23825.40 -> spinning_top
[2026-04-19 01:09:22] O:23825.95 H:23843.55 L:23820.85 C:23828.85 -> spinning_top
[2026-04-19 01:09:22] O:23827.85 H:23864.10 L:23825.95 C:23857.50 -> no_pattern
[2026-04-19 01:09:22] O:23857.55 H:23858.75 L:23828.75 C:23828.75 -> marubozu
[2026-04-19 01:09:22] O:23828.55 H:23869.50 L:23828.15 C:23868.45 -> marubozu
[2026-04-19 01:09:22] O:23868.35 H:23868.35 L:23852.00 C:23855.75 -> no_pattern
[2026-04-19 01:09:22] O:23855.60 H:23863.20 L:23829.65 C:23830.05 -> no_pattern
[2026-04-19 01:09:22] O:23829.60 H:23842.40 L:23814.20 C:23833.40 -> spinning_top
[2026-04-19 01:09:22] O:23833.60 H:23853.40 L:23832.55 C:23852.25 -> no_pattern
[2026-04-19 01:09:22] O:23851.55 H:23870.75 L:23840.45 C:23865.30 -> no_pattern
[2026-04-19 01:09:22] O:23865.25 H:23875.50 L:23844.40 C:23855.30 -> no_pattern
[2026-04-19 01:09:22] O:23852.90 H:23859.60 L:23847.70 C:23857.85 -> no_pattern
[2026-04-19 01:09:22] O:23857.80 H:23871.30 L:23845.95 C:23855.90 -> doji
[2026-04-19 01:09:22] O:23855.80 H:23867.10 L:23849.40 C:23855.20 -> doji
[2026-04-19 01:09:22] O:23855.20 H:23889.05 L:23855.20 C:23871.75 -> no_pattern
[2026-04-19 01:09:22] O:23871.75 H:23898.00 L:23871.40 C:23883.65 -> no_pattern
[2026-04-19 01:09:22] O:23884.60 H:23905.40 L:23871.80 C:23874.60 -> shooting_star
[2026-04-19 01:09:22] O:23876.20 H:23902.75 L:23875.40 C:23881.40 -> shooting_star
[2026-04-19 01:09:22] O:23880.90 H:23882.50 L:23860.25 C:23876.05 -> pinbar
[2026-04-19 01:09:22] O:23875.65 H:23902.70 L:23875.65 C:23901.05 -> no_pattern
[2026-04-19 01:09:22] O:23901.60 H:23907.30 L:23877.10 C:23881.25 -> no_pattern
[2026-04-19 01:09:22] O:23881.05 H:23884.05 L:23873.65 C:23873.65 -> no_pattern
[2026-04-19 01:09:22] O:23874.00 H:23883.85 L:23872.20 C:23879.75 -> no_pattern
[2026-04-19 01:09:22] O:23879.85 H:23881.20 L:23855.40 C:23861.80 -> no_pattern
[2026-04-19 01:09:22] O:23861.90 H:23886.90 L:23854.85 C:23879.50 -> no_pattern
[2026-04-19 01:09:22] O:23879.40 H:23883.05 L:23862.55 C:23864.55 -> no_pattern
[2026-04-19 01:09:22] O:23864.65 H:23871.45 L:23848.50 C:23851.25 -> no_pattern
[2026-04-19 01:09:22] O:23850.80 H:23867.55 L:23845.10 C:23855.70 -> spinning_top
[2026-04-19 01:09:22] O:23855.35 H:23857.50 L:23822.00 C:23824.15 -> no_pattern
[2026-04-19 01:09:22] O:23824.15 H:23826.55 L:23801.60 C:23813.00 -> no_pattern
[2026-04-19 01:09:22] O:23811.50 H:23839.40 L:23811.50 C:23831.30 -> no_pattern
[2026-04-19 01:09:22] O:23830.60 H:23843.60 L:23829.70 C:23834.65 -> shooting_star
[2026-04-19 01:09:22] O:23833.85 H:23842.60 L:23827.10 C:23828.05 -> no_pattern
[2026-04-19 01:09:22] O:23828.10 H:23834.85 L:23816.85 C:23820.95 -> no_pattern
[2026-04-19 01:09:22] O:23820.55 H:23836.95 L:23820.30 C:23821.45 -> doji
[2026-04-19 01:09:22] O:23821.25 H:23822.70 L:23804.70 C:23815.40 -> no_pattern
[2026-04-19 01:09:22] O:23815.85 H:23817.30 L:23800.95 C:23802.95 -> no_pattern
[2026-04-19 01:09:22] O:23801.60 H:23806.55 L:23767.80 C:23792.40 -> pinbar
[2026-04-19 01:09:22] O:23791.70 H:23795.10 L:23777.75 C:23787.35 -> pinbar
[2026-04-19 01:09:22] O:23786.45 H:23789.15 L:23767.90 C:23770.55 -> no_pattern
[2026-04-19 01:09:22] O:24017.20 H:24024.50 L:23978.25 C:23996.50 -> no_pattern
[2026-04-19 01:09:22] O:23996.90 H:23998.05 L:23969.65 C:23973.65 -> no_pattern
[2026-04-19 01:09:22] O:23973.10 H:23985.50 L:23968.75 C:23981.85 -> no_pattern
[2026-04-19 01:09:22] O:23982.80 H:23985.20 L:23953.10 C:23963.00 -> no_pattern
[2026-04-19 01:09:22] O:23964.05 H:23988.40 L:23964.05 C:23983.65 -> no_pattern
[2026-04-19 01:09:22] O:23983.75 H:23987.65 L:23968.25 C:23973.65 -> no_pattern
[2026-04-19 01:09:22] O:23973.55 H:23976.25 L:23953.55 C:23955.75 -> no_pattern
[2026-04-19 01:09:22] O:23955.15 H:23966.05 L:23951.20 C:23956.70 -> spinning_top
[2026-04-19 01:09:22] O:23956.55 H:23979.95 L:23944.00 C:23948.25 -> shooting_star
[2026-04-19 01:09:22] O:23948.15 H:23959.80 L:23946.75 C:23953.55 -> no_pattern
[2026-04-19 01:09:22] O:23954.30 H:23985.40 L:23953.35 C:23979.35 -> no_pattern
[2026-04-19 01:09:22] O:23979.30 H:23988.80 L:23968.00 C:23978.70 -> doji
[2026-04-19 01:09:22] O:23979.45 H:23985.05 L:23971.90 C:23979.85 -> doji
[2026-04-19 01:09:22] O:23979.20 H:23988.85 L:23976.75 C:23979.00 -> doji
[2026-04-19 01:09:22] O:23977.55 H:23990.55 L:23973.85 C:23979.50 -> spinning_top
[2026-04-19 01:09:22] O:23979.65 H:24000.85 L:23977.80 C:23999.85 -> no_pattern
[2026-04-19 01:09:22] O:24000.30 H:24007.60 L:23992.45 C:23994.95 -> no_pattern
[2026-04-19 01:09:22] O:23993.80 H:24017.60 L:23972.55 C:23979.60 -> no_pattern
[2026-04-19 01:09:22] O:23979.85 H:23990.60 L:23977.85 C:23987.50 -> no_pattern
[2026-04-19 01:09:22] O:23987.65 H:23996.75 L:23984.15 C:23993.60 -> no_pattern
[2026-04-19 01:09:22] O:23993.20 H:24005.00 L:23955.75 C:23987.35 -> spinning_top
[2026-04-19 01:09:22] O:23987.70 H:24011.50 L:23987.70 C:24007.15 -> no_pattern
[2026-04-19 01:09:22] O:24007.40 H:24009.35 L:23994.70 C:24004.45 -> pinbar
[2026-04-19 01:09:22] O:24003.55 H:24008.10 L:23989.25 C:23994.85 -> no_pattern
[2026-04-19 01:09:22] O:23994.25 H:23998.10 L:23985.30 C:23992.00 -> spinning_top
[2026-04-19 01:09:22] O:23992.70 H:24002.55 L:23991.05 C:24001.25 -> no_pattern
[2026-04-19 01:09:22] O:24002.00 H:24011.65 L:23999.05 C:24009.90 -> no_pattern
[2026-04-19 01:09:22] O:24009.70 H:24018.25 L:24006.00 C:24010.60 -> doji
[2026-04-19 01:09:22] O:23908.65 H:23923.60 L:23816.45 C:23914.40 -> doji
[2026-04-19 01:09:22] O:23913.35 H:23964.20 L:23912.90 C:23952.25 -> no_pattern
[2026-04-19 01:09:22] O:23950.05 H:23982.60 L:23943.20 C:23982.00 -> no_pattern
[2026-04-19 01:09:22] O:23981.05 H:23989.75 L:23948.20 C:23949.10 -> no_pattern
[2026-04-19 01:09:22] O:23948.65 H:23951.95 L:23890.95 C:23890.95 -> no_pattern
[2026-04-19 01:09:22] O:23891.80 H:23929.35 L:23891.65 C:23894.80 -> doji
[2026-04-19 01:09:22] O:23893.50 H:23899.30 L:23861.55 C:23866.25 -> no_pattern
[2026-04-19 01:09:22] O:23866.45 H:23883.05 L:23851.15 C:23862.45 -> spinning_top
[2026-04-19 01:09:22] O:23863.00 H:23865.65 L:23809.05 C:23810.50 -> marubozu
[2026-04-19 01:09:22] O:23809.55 H:23826.00 L:23795.20 C:23805.05 -> spinning_top
[2026-04-19 01:09:22] O:23805.95 H:23806.60 L:23781.20 C:23781.35 -> marubozu
[2026-04-19 01:09:22] O:23781.70 H:23809.25 L:23760.55 C:23808.30 -> no_pattern
[2026-04-19 01:09:22] O:23808.90 H:23831.35 L:23805.70 C:23818.40 -> no_pattern
[2026-04-19 01:09:22] O:23816.60 H:23838.95 L:23807.40 C:23837.45 -> no_pattern
[2026-04-19 01:09:22] O:23837.55 H:23853.15 L:23831.70 C:23839.00 -> doji
[2026-04-19 01:09:22] O:23839.05 H:23868.95 L:23820.85 C:23863.80 -> no_pattern
[2026-04-19 01:09:23] O:23862.25 H:23871.35 L:23844.55 C:23844.55 -> no_pattern
[2026-04-19 01:09:23] O:23844.80 H:23867.55 L:23820.20 C:23827.80 -> no_pattern
[2026-04-19 01:09:23] O:23828.40 H:23861.30 L:23826.80 C:23860.05 -> marubozu
[2026-04-19 01:09:23] O:23859.75 H:23863.60 L:23841.80 C:23858.45 -> doji
[2026-04-19 01:09:23] O:23858.05 H:23872.20 L:23832.25 C:23832.80 -> no_pattern
[2026-04-19 01:09:23] O:23832.45 H:23841.15 L:23819.55 C:23822.85 -> no_pattern
[2026-04-19 01:09:23] O:23823.00 H:23826.10 L:23803.65 C:23823.80 -> doji
[2026-04-19 01:09:23] O:23823.80 H:23829.25 L:23820.15 C:23821.60 -> inverted_hammer
[2026-04-19 01:09:23] O:23821.05 H:23830.40 L:23811.25 C:23825.40 -> spinning_top
[2026-04-19 01:09:23] O:23825.95 H:23843.55 L:23820.85 C:23828.85 -> spinning_top
[2026-04-19 01:09:23] O:23827.85 H:23864.10 L:23825.95 C:23857.50 -> no_pattern
[2026-04-19 01:09:23] O:23857.55 H:23858.75 L:23828.75 C:23828.75 -> marubozu
[2026-04-19 01:09:23] O:23828.55 H:23869.50 L:23828.15 C:23868.45 -> marubozu
[2026-04-19 01:09:23] O:23868.35 H:23868.35 L:23852.00 C:23855.75 -> no_pattern
[2026-04-19 01:09:23] O:23855.60 H:23863.20 L:23829.65 C:23830.05 -> no_pattern
[2026-04-19 01:09:23] O:23829.60 H:23842.40 L:23814.20 C:23833.40 -> spinning_top
[2026-04-19 01:09:23] O:23833.60 H:23853.40 L:23832.55 C:23852.25 -> no_pattern
[2026-04-19 01:09:23] O:23851.55 H:23870.75 L:23840.45 C:23865.30 -> no_pattern
[2026-04-19 01:09:23] O:23865.25 H:23875.50 L:23844.40 C:23855.30 -> no_pattern
[2026-04-19 01:09:23] O:23852.90 H:23859.60 L:23847.70 C:23857.85 -> no_pattern
[2026-04-19 01:09:23] O:23857.80 H:23871.30 L:23845.95 C:23855.90 -> doji
[2026-04-19 01:09:23] O:23855.80 H:23867.10 L:23849.40 C:23855.20 -> doji
[2026-04-19 01:09:23] O:23855.20 H:23889.05 L:23855.20 C:23871.75 -> no_pattern
[2026-04-19 01:09:23] O:23871.75 H:23898.00 L:23871.40 C:23883.65 -> no_pattern
[2026-04-19 01:09:23] O:23884.60 H:23905.40 L:23871.80 C:23874.60 -> shooting_star
[2026-04-19 01:09:23] O:23876.20 H:23902.75 L:23875.40 C:23881.40 -> shooting_star
[2026-04-19 01:09:23] O:23880.90 H:23882.50 L:23860.25 C:23876.05 -> pinbar
[2026-04-19 01:09:23] O:23875.65 H:23902.70 L:23875.65 C:23901.05 -> no_pattern
[2026-04-19 01:09:23] O:23901.60 H:23907.30 L:23877.10 C:23881.25 -> no_pattern
[2026-04-19 01:09:23] O:23881.05 H:23884.05 L:23873.65 C:23873.65 -> no_pattern
[2026-04-19 01:09:23] O:23874.00 H:23883.85 L:23872.20 C:23879.75 -> no_pattern
[2026-04-19 01:09:23] O:23879.85 H:23881.20 L:23855.40 C:23861.80 -> no_pattern
[2026-04-19 01:09:23] O:23861.90 H:23886.90 L:23854.85 C:23879.50 -> no_pattern
[2026-04-19 01:09:23] O:23879.40 H:23883.05 L:23862.55 C:23864.55 -> no_pattern
[2026-04-19 01:09:23] O:23864.65 H:23871.45 L:23848.50 C:23851.25 -> no_pattern
[2026-04-19 01:09:23] O:23850.80 H:23867.55 L:23845.10 C:23855.70 -> spinning_top
[2026-04-19 01:09:23] O:23855.35 H:23857.50 L:23822.00 C:23824.15 -> no_pattern
[2026-04-19 01:09:23] O:23824.15 H:23826.55 L:23801.60 C:23813.00 -> no_pattern
[2026-04-19 01:09:23] O:23811.50 H:23839.40 L:23811.50 C:23831.30 -> no_pattern
[2026-04-19 01:09:23] O:23830.60 H:23843.60 L:23829.70 C:23834.65 -> shooting_star
[2026-04-19 01:09:23] O:23833.85 H:23842.60 L:23827.10 C:23828.05 -> no_pattern
[2026-04-19 01:09:23] O:23828.10 H:23834.85 L:23816.85 C:23820.95 -> no_pattern
[2026-04-19 01:09:23] O:23820.55 H:23836.95 L:23820.30 C:23821.45 -> doji
[2026-04-19 01:09:23] O:23821.25 H:23822.70 L:23804.70 C:23815.40 -> no_pattern
[2026-04-19 01:09:23] O:23815.85 H:23817.30 L:23800.95 C:23802.95 -> no_pattern
[2026-04-19 01:09:23] O:23801.60 H:23806.55 L:23767.80 C:23792.40 -> pinbar
[2026-04-19 01:09:23] O:23791.70 H:23795.10 L:23777.75 C:23787.35 -> pinbar
[2026-04-19 01:09:23] O:23786.45 H:23789.15 L:23767.90 C:23770.55 -> no_pattern
[2026-04-19 01:09:23] O:23770.45 H:23792.50 L:23759.05 C:23788.70 -> no_pattern
[2026-04-19 01:09:23] O:23789.05 H:23798.95 L:23767.65 C:23781.00 -> spinning_top
[2026-04-19 01:09:23] O:23781.05 H:23782.60 L:23760.90 C:23769.30 -> no_pattern
[2026-04-19 01:09:23] O:23768.30 H:23770.55 L:23755.85 C:23757.10 -> no_pattern
[2026-04-19 01:09:23] O:23756.95 H:23776.05 L:23740.80 C:23775.85 -> no_pattern
[2026-04-19 01:09:23] O:23777.25 H:23785.45 L:23753.50 C:23770.50 -> spinning_top
[2026-04-19 01:09:23] O:23770.35 H:23782.30 L:23768.70 C:23771.05 -> doji
[2026-04-19 01:09:23] O:23769.55 H:23777.20 L:23754.95 C:23771.55 -> doji
[2026-04-19 01:09:23] O:23770.75 H:23790.20 L:23767.75 C:23781.30 -> no_pattern
[2026-04-19 01:09:23] O:23756.95 H:23776.05 L:23740.80 C:23775.85 -> no_pattern
[2026-04-19 01:09:23] O:23777.25 H:23785.45 L:23753.50 C:23770.50 -> spinning_top
[2026-04-19 01:09:23] O:23770.35 H:23782.30 L:23768.70 C:23771.05 -> doji
[2026-04-19 01:09:23] O:23769.55 H:23777.20 L:23754.95 C:23771.55 -> doji
[2026-04-19 01:09:23] O:23770.75 H:23790.20 L:23767.75 C:23781.30 -> no_pattern
[2026-04-19 01:09:23] O:23781.45 H:23800.00 L:23766.35 C:23766.50 -> no_pattern
[2026-04-19 01:09:23] O:23766.80 H:23779.55 L:23751.80 C:23753.20 -> no_pattern
[2026-04-19 01:09:23] O:23753.45 H:23760.95 L:23746.20 C:23748.40 -> no_pattern
[2026-04-19 01:09:23] O:24017.20 H:24024.50 L:23978.25 C:23996.50 -> no_pattern
[2026-04-19 01:09:23] O:23996.90 H:23998.05 L:23969.65 C:23973.65 -> no_pattern
[2026-04-19 01:09:23] O:23973.10 H:23985.50 L:23968.75 C:23981.85 -> no_pattern
[2026-04-19 01:09:23] O:23982.80 H:23985.20 L:23953.10 C:23963.00 -> no_pattern
[2026-04-19 01:09:23] O:23964.05 H:23988.40 L:23964.05 C:23983.65 -> no_pattern
[2026-04-19 01:09:23] O:23983.75 H:23987.65 L:23968.25 C:23973.65 -> no_pattern
[2026-04-19 01:09:23] O:23973.55 H:23976.25 L:23953.55 C:23955.75 -> no_pattern
[2026-04-19 01:09:23] O:23955.15 H:23966.05 L:23951.20 C:23956.70 -> spinning_top
[2026-04-19 01:09:23] O:23956.55 H:23979.95 L:23944.00 C:23948.25 -> shooting_star
[2026-04-19 01:09:23] O:23948.15 H:23959.80 L:23946.75 C:23953.55 -> no_pattern
[2026-04-19 01:09:23] O:23954.30 H:23985.40 L:23953.35 C:23979.35 -> no_pattern
[2026-04-19 01:09:23] O:23979.30 H:23988.80 L:23968.00 C:23978.70 -> doji
[2026-04-19 01:09:23] O:23979.45 H:23985.05 L:23971.90 C:23979.85 -> doji
[2026-04-19 01:09:23] O:23979.20 H:23988.85 L:23976.75 C:23979.00 -> doji
[2026-04-19 01:09:23] O:23977.55 H:23990.55 L:23973.85 C:23979.50 -> spinning_top
[2026-04-19 01:09:23] O:23979.65 H:24000.85 L:23977.80 C:23999.85 -> no_pattern
[2026-04-19 01:09:23] O:24000.30 H:24007.60 L:23992.45 C:23994.95 -> no_pattern
[2026-04-19 01:09:23] O:23993.80 H:24017.60 L:23972.55 C:23979.60 -> no_pattern
[2026-04-19 01:09:23] O:23979.85 H:23990.60 L:23977.85 C:23987.50 -> no_pattern
[2026-04-19 01:09:23] O:23987.65 H:23996.75 L:23984.15 C:23993.60 -> no_pattern
[2026-04-19 01:09:23] O:23993.20 H:24005.00 L:23955.75 C:23987.35 -> spinning_top
[2026-04-19 01:09:23] O:23987.70 H:24011.50 L:23987.70 C:24007.15 -> no_pattern
[2026-04-19 01:09:23] O:24007.40 H:24009.35 L:23994.70 C:24004.45 -> pinbar
[2026-04-19 01:09:23] O:24003.55 H:24008.10 L:23989.25 C:23994.85 -> no_pattern
[2026-04-19 01:09:23] O:23994.25 H:23998.10 L:23985.30 C:23992.00 -> spinning_top
[2026-04-19 01:09:23] O:23992.70 H:24002.55 L:23991.05 C:24001.25 -> no_pattern
[2026-04-19 01:09:23] O:24002.00 H:24011.65 L:23999.05 C:24009.90 -> no_pattern
[2026-04-19 01:09:23] O:24009.70 H:24018.25 L:24006.00 C:24010.60 -> doji
[2026-04-19 01:09:23] O:23908.65 H:23923.60 L:23816.45 C:23914.40 -> doji
[2026-04-19 01:09:23] O:23913.35 H:23964.20 L:23912.90 C:23952.25 -> no_pattern
[2026-04-19 01:09:23] O:23950.05 H:23982.60 L:23943.20 C:23982.00 -> no_pattern
[2026-04-19 01:09:23] O:23981.05 H:23989.75 L:23948.20 C:23949.10 -> no_pattern
[2026-04-19 01:09:23] O:23948.65 H:23951.95 L:23890.95 C:23890.95 -> no_pattern
[2026-04-19 01:09:23] O:23891.80 H:23929.35 L:23891.65 C:23894.80 -> doji
[2026-04-19 01:09:23] O:23893.50 H:23899.30 L:23861.55 C:23866.25 -> no_pattern
[2026-04-19 01:09:23] O:23866.45 H:23883.05 L:23851.15 C:23862.45 -> spinning_top
[2026-04-19 01:09:23] O:23863.00 H:23865.65 L:23809.05 C:23810.50 -> marubozu
[2026-04-19 01:09:23] O:23809.55 H:23826.00 L:23795.20 C:23805.05 -> spinning_top
[2026-04-19 01:09:23] O:23805.95 H:23806.60 L:23781.20 C:23781.35 -> marubozu
[2026-04-19 01:09:23] O:23781.70 H:23809.25 L:23760.55 C:23808.30 -> no_pattern
[2026-04-19 01:09:23] O:23808.90 H:23831.35 L:23805.70 C:23818.40 -> no_pattern
[2026-04-19 01:09:23] O:23816.60 H:23838.95 L:23807.40 C:23837.45 -> no_pattern
[2026-04-19 01:09:23] O:23837.55 H:23853.15 L:23831.70 C:23839.00 -> doji
[2026-04-19 01:09:23] O:23839.05 H:23868.95 L:23820.85 C:23863.80 -> no_pattern
[2026-04-19 01:09:23] O:23862.25 H:23871.35 L:23844.55 C:23844.55 -> no_pattern
[2026-04-19 01:09:23] O:23844.80 H:23867.55 L:23820.20 C:23827.80 -> no_pattern
[2026-04-19 01:09:23] O:23828.40 H:23861.30 L:23826.80 C:23860.05 -> marubozu
[2026-04-19 01:09:23] O:23859.75 H:23863.60 L:23841.80 C:23858.45 -> doji
[2026-04-19 01:09:23] O:23858.05 H:23872.20 L:23832.25 C:23832.80 -> no_pattern
[2026-04-19 01:09:23] O:23832.45 H:23841.15 L:23819.55 C:23822.85 -> no_pattern
[2026-04-19 01:09:23] O:23823.00 H:23826.10 L:23803.65 C:23823.80 -> doji
[2026-04-19 01:09:23] O:23823.80 H:23829.25 L:23820.15 C:23821.60 -> inverted_hammer
[2026-04-19 01:09:23] O:23821.05 H:23830.40 L:23811.25 C:23825.40 -> spinning_top
[2026-04-19 01:09:23] O:23825.95 H:23843.55 L:23820.85 C:23828.85 -> spinning_top
[2026-04-19 01:09:23] O:23827.85 H:23864.10 L:23825.95 C:23857.50 -> no_pattern
[2026-04-19 01:09:23] O:23857.55 H:23858.75 L:23828.75 C:23828.75 -> marubozu
[2026-04-19 01:09:23] O:23828.55 H:23869.50 L:23828.15 C:23868.45 -> marubozu
[2026-04-19 01:09:23] O:23868.35 H:23868.35 L:23852.00 C:23855.75 -> no_pattern
[2026-04-19 01:09:23] O:23855.60 H:23863.20 L:23829.65 C:23830.05 -> no_pattern
[2026-04-19 01:09:23] O:23829.60 H:23842.40 L:23814.20 C:23833.40 -> spinning_top
[2026-04-19 01:09:23] O:23833.60 H:23853.40 L:23832.55 C:23852.25 -> no_pattern
[2026-04-19 01:09:23] O:23851.55 H:23870.75 L:23840.45 C:23865.30 -> no_pattern
[2026-04-19 01:09:23] O:23865.25 H:23875.50 L:23844.40 C:23855.30 -> no_pattern
[2026-04-19 01:09:23] O:23852.90 H:23859.60 L:23847.70 C:23857.85 -> no_pattern
[2026-04-19 01:09:23] O:23857.80 H:23871.30 L:23845.95 C:23855.90 -> doji
[2026-04-19 01:09:23] O:23855.80 H:23867.10 L:23849.40 C:23855.20 -> doji
[2026-04-19 01:09:23] O:23855.20 H:23889.05 L:23855.20 C:23871.75 -> no_pattern
[2026-04-19 01:09:23] O:23871.75 H:23898.00 L:23871.40 C:23883.65 -> no_pattern
[2026-04-19 01:09:23] O:23884.60 H:23905.40 L:23871.80 C:23874.60 -> shooting_star
[2026-04-19 01:09:23] O:23876.20 H:23902.75 L:23875.40 C:23881.40 -> shooting_star
[2026-04-19 01:09:23] O:23880.90 H:23882.50 L:23860.25 C:23876.05 -> pinbar
[2026-04-19 01:09:23] O:23875.65 H:23902.70 L:23875.65 C:23901.05 -> no_pattern
[2026-04-19 01:09:23] O:23901.60 H:23907.30 L:23877.10 C:23881.25 -> no_pattern
[2026-04-19 01:09:23] O:23881.05 H:23884.05 L:23873.65 C:23873.65 -> no_pattern
[2026-04-19 01:09:23] O:23874.00 H:23883.85 L:23872.20 C:23879.75 -> no_pattern
[2026-04-19 01:09:23] O:23879.85 H:23881.20 L:23855.40 C:23861.80 -> no_pattern
[2026-04-19 01:09:23] O:23861.90 H:23886.90 L:23854.85 C:23879.50 -> no_pattern
[2026-04-19 01:09:23] O:23879.40 H:23883.05 L:23862.55 C:23864.55 -> no_pattern
[2026-04-19 01:09:23] O:23864.65 H:23871.45 L:23848.50 C:23851.25 -> no_pattern
[2026-04-19 01:09:23] O:23850.80 H:23867.55 L:23845.10 C:23855.70 -> spinning_top
[2026-04-19 01:09:23] O:23855.35 H:23857.50 L:23822.00 C:23824.15 -> no_pattern
[2026-04-19 01:09:23] O:23824.15 H:23826.55 L:23801.60 C:23813.00 -> no_pattern
[2026-04-19 01:09:23] O:23811.50 H:23839.40 L:23811.50 C:23831.30 -> no_pattern
[2026-04-19 01:09:23] O:23830.60 H:23843.60 L:23829.70 C:23834.65 -> shooting_star
[2026-04-19 01:09:23] O:23833.85 H:23842.60 L:23827.10 C:23828.05 -> no_pattern
[2026-04-19 01:09:23] O:23828.10 H:23834.85 L:23816.85 C:23820.95 -> no_pattern
[2026-04-19 01:09:23] O:23820.55 H:23836.95 L:23820.30 C:23821.45 -> doji
[2026-04-19 01:09:23] O:23821.25 H:23822.70 L:23804.70 C:23815.40 -> no_pattern
[2026-04-19 01:09:23] O:23815.85 H:23817.30 L:23800.95 C:23802.95 -> no_pattern
[2026-04-19 01:09:23] O:23801.60 H:23806.55 L:23767.80 C:23792.40 -> pinbar
[2026-04-19 01:09:23] O:23791.70 H:23795.10 L:23777.75 C:23787.35 -> pinbar
[2026-04-19 01:09:23] O:23786.45 H:23789.15 L:23767.90 C:23770.55 -> no_pattern
[2026-04-19 01:09:23] O:23770.45 H:23792.50 L:23759.05 C:23788.70 -> no_pattern
[2026-04-19 01:09:23] O:23789.05 H:23798.95 L:23767.65 C:23781.00 -> spinning_top
[2026-04-19 01:09:23] O:23781.05 H:23782.60 L:23760.90 C:23769.30 -> no_pattern
[2026-04-19 01:09:23] O:23768.30 H:23770.55 L:23755.85 C:23757.10 -> no_pattern
[2026-04-19 01:09:23] O:23756.95 H:23776.05 L:23740.80 C:23775.85 -> no_pattern
[2026-04-19 01:09:23] O:23777.25 H:23785.45 L:23753.50 C:23770.50 -> spinning_top
[2026-04-19 01:09:23] O:23770.35 H:23782.30 L:23768.70 C:23771.05 -> doji
[2026-04-19 01:09:23] O:23769.55 H:23777.20 L:23754.95 C:23771.55 -> doji
[2026-04-19 01:09:23] O:23770.75 H:23790.20 L:23767.75 C:23781.30 -> no_pattern
[2026-04-19 01:09:23] O:23781.45 H:23800.00 L:23766.35 C:23766.50 -> no_pattern
[2026-04-19 01:09:23] O:23766.80 H:23779.55 L:23751.80 C:23753.20 -> no_pattern
[2026-04-19 01:09:23] O:23753.45 H:23760.95 L:23746.20 C:23748.40 -> no_pattern
[2026-04-19 01:09:23] O:23748.00 H:23758.70 L:23734.10 C:23735.75 -> no_pattern
[2026-04-19 01:09:23] O:23735.95 H:23736.85 L:23715.15 C:23715.75 -> marubozu
[2026-04-19 01:09:23] O:23715.05 H:23727.15 L:23710.40 C:23718.10 -> spinning_top
[2026-04-19 01:09:23] O:23719.65 H:23721.90 L:23683.35 C:23697.15 -> no_pattern
[2026-04-19 01:09:23] O:23697.20 H:23706.90 L:23690.40 C:23695.15 -> spinning_top
[2026-04-19 01:09:23] O:23696.45 H:23724.55 L:23693.20 C:23722.40 -> no_pattern
[2026-04-19 01:09:23] O:23723.05 H:23744.90 L:23720.50 C:23727.05 -> shooting_star
[2026-04-19 01:09:24] O:23725.75 H:23748.35 L:23723.35 C:23725.60 -> doji
[2026-04-19 01:09:24] O:23719.65 H:23721.90 L:23683.35 C:23697.15 -> no_pattern
[2026-04-19 01:09:24] O:23697.20 H:23706.90 L:23690.40 C:23695.15 -> spinning_top
[2026-04-19 01:09:24] O:23696.45 H:23724.55 L:23693.20 C:23722.40 -> no_pattern
[2026-04-19 01:09:24] O:23723.05 H:23744.90 L:23720.50 C:23727.05 -> shooting_star
[2026-04-19 01:09:24] O:23725.75 H:23748.35 L:23723.35 C:23725.60 -> doji
[2026-04-19 01:09:24] O:23724.95 H:23751.45 L:23724.50 C:23748.40 -> no_pattern
[2026-04-19 01:09:24] O:23747.75 H:23752.15 L:23733.10 C:23735.25 -> no_pattern
[2026-04-19 01:09:24] O:23735.55 H:23786.35 L:23726.90 C:23782.40 -> no_pattern
[2026-04-19 01:09:24] O:23719.65 H:23721.90 L:23683.35 C:23697.15 -> no_pattern
[2026-04-19 01:09:24] O:23697.20 H:23706.90 L:23690.40 C:23695.15 -> spinning_top
[2026-04-19 01:09:24] O:23696.45 H:23724.55 L:23693.20 C:23722.40 -> no_pattern
[2026-04-19 01:09:24] O:23723.05 H:23744.90 L:23720.50 C:23727.05 -> shooting_star
[2026-04-19 01:09:24] O:23725.75 H:23748.35 L:23723.35 C:23725.60 -> doji
[2026-04-19 01:09:24] O:23724.95 H:23751.45 L:23724.50 C:23748.40 -> no_pattern
[2026-04-19 01:09:24] O:23747.75 H:23752.15 L:23733.10 C:23735.25 -> no_pattern
[2026-04-19 01:09:24] O:23735.55 H:23786.35 L:23726.90 C:23782.40 -> no_pattern
[2026-04-19 01:09:24] O:23781.65 H:23806.80 L:23733.40 C:23774.75 -> doji
[2026-04-19 01:09:24] O:23775.90 H:23800.60 L:23763.10 C:23783.15 -> spinning_top
[2026-04-19 01:09:24] O:23783.90 H:23801.25 L:23778.65 C:23793.35 -> no_pattern
[2026-04-19 01:09:24] O:23792.95 H:23794.35 L:23775.10 C:23783.80 -> no_pattern
[2026-04-19 01:09:24] O:23785.40 H:23786.55 L:23765.45 C:23781.50 -> pinbar
[2026-04-19 01:09:24] O:23781.65 H:23806.80 L:23733.40 C:23774.75 -> doji
[2026-04-19 01:09:24] O:23775.90 H:23800.60 L:23763.10 C:23783.15 -> spinning_top
[2026-04-19 01:09:24] O:23783.90 H:23801.25 L:23778.65 C:23793.35 -> no_pattern
[2026-04-19 01:09:24] O:23792.95 H:23794.35 L:23775.10 C:23783.80 -> no_pattern
[2026-04-19 01:09:24] O:23785.40 H:23786.55 L:23765.45 C:23781.50 -> pinbar
[2026-04-19 01:09:24] O:23782.50 H:23791.15 L:23768.15 C:23787.70 -> pinbar
[2026-04-19 01:09:24] O:23788.05 H:23789.10 L:23758.95 C:23766.05 -> no_pattern
[2026-04-19 01:09:24] O:24017.20 H:24024.50 L:23978.25 C:23996.50 -> no_pattern
[2026-04-19 01:09:24] O:23996.90 H:23998.05 L:23969.65 C:23973.65 -> no_pattern
[2026-04-19 01:09:24] O:23973.10 H:23985.50 L:23968.75 C:23981.85 -> no_pattern
[2026-04-19 01:09:24] O:23982.80 H:23985.20 L:23953.10 C:23963.00 -> no_pattern
[2026-04-19 01:09:24] O:23964.05 H:23988.40 L:23964.05 C:23983.65 -> no_pattern
[2026-04-19 01:09:24] O:23983.75 H:23987.65 L:23968.25 C:23973.65 -> no_pattern
[2026-04-19 01:09:24] O:23973.55 H:23976.25 L:23953.55 C:23955.75 -> no_pattern
[2026-04-19 01:09:24] O:23955.15 H:23966.05 L:23951.20 C:23956.70 -> spinning_top
[2026-04-19 01:09:24] O:23956.55 H:23979.95 L:23944.00 C:23948.25 -> shooting_star
[2026-04-19 01:09:24] O:23948.15 H:23959.80 L:23946.75 C:23953.55 -> no_pattern
[2026-04-19 01:09:24] O:23954.30 H:23985.40 L:23953.35 C:23979.35 -> no_pattern
[2026-04-19 01:09:24] O:23979.30 H:23988.80 L:23968.00 C:23978.70 -> doji
[2026-04-19 01:09:24] O:23979.45 H:23985.05 L:23971.90 C:23979.85 -> doji
[2026-04-19 01:09:24] O:23979.20 H:23988.85 L:23976.75 C:23979.00 -> doji
[2026-04-19 01:09:24] O:23977.55 H:23990.55 L:23973.85 C:23979.50 -> spinning_top
[2026-04-19 01:09:24] O:23979.65 H:24000.85 L:23977.80 C:23999.85 -> no_pattern
[2026-04-19 01:09:24] O:24000.30 H:24007.60 L:23992.45 C:23994.95 -> no_pattern
[2026-04-19 01:09:24] O:23993.80 H:24017.60 L:23972.55 C:23979.60 -> no_pattern
[2026-04-19 01:09:24] O:23979.85 H:23990.60 L:23977.85 C:23987.50 -> no_pattern
[2026-04-19 01:09:24] O:23987.65 H:23996.75 L:23984.15 C:23993.60 -> no_pattern
[2026-04-19 01:09:24] O:23993.20 H:24005.00 L:23955.75 C:23987.35 -> spinning_top
[2026-04-19 01:09:24] O:23987.70 H:24011.50 L:23987.70 C:24007.15 -> no_pattern
[2026-04-19 01:09:24] O:24007.40 H:24009.35 L:23994.70 C:24004.45 -> pinbar
[2026-04-19 01:09:24] O:24003.55 H:24008.10 L:23989.25 C:23994.85 -> no_pattern
[2026-04-19 01:09:24] O:23994.25 H:23998.10 L:23985.30 C:23992.00 -> spinning_top
[2026-04-19 01:09:24] O:23992.70 H:24002.55 L:23991.05 C:24001.25 -> no_pattern
[2026-04-19 01:09:24] O:24002.00 H:24011.65 L:23999.05 C:24009.90 -> no_pattern
[2026-04-19 01:09:24] O:24009.70 H:24018.25 L:24006.00 C:24010.60 -> doji
[2026-04-19 01:09:24] O:23908.65 H:23923.60 L:23816.45 C:23914.40 -> doji
[2026-04-19 01:09:24] O:23913.35 H:23964.20 L:23912.90 C:23952.25 -> no_pattern
[2026-04-19 01:09:24] O:23950.05 H:23982.60 L:23943.20 C:23982.00 -> no_pattern
[2026-04-19 01:09:24] O:23981.05 H:23989.75 L:23948.20 C:23949.10 -> no_pattern
[2026-04-19 01:09:24] O:23948.65 H:23951.95 L:23890.95 C:23890.95 -> no_pattern
[2026-04-19 01:09:24] O:23891.80 H:23929.35 L:23891.65 C:23894.80 -> doji
[2026-04-19 01:09:24] O:23893.50 H:23899.30 L:23861.55 C:23866.25 -> no_pattern
[2026-04-19 01:09:24] O:23866.45 H:23883.05 L:23851.15 C:23862.45 -> spinning_top
[2026-04-19 01:09:24] O:23863.00 H:23865.65 L:23809.05 C:23810.50 -> marubozu
[2026-04-19 01:09:24] O:23809.55 H:23826.00 L:23795.20 C:23805.05 -> spinning_top
[2026-04-19 01:09:24] O:23805.95 H:23806.60 L:23781.20 C:23781.35 -> marubozu
[2026-04-19 01:09:24] O:23781.70 H:23809.25 L:23760.55 C:23808.30 -> no_pattern
[2026-04-19 01:09:24] O:23808.90 H:23831.35 L:23805.70 C:23818.40 -> no_pattern
[2026-04-19 01:09:24] O:23816.60 H:23838.95 L:23807.40 C:23837.45 -> no_pattern
[2026-04-19 01:09:24] O:23837.55 H:23853.15 L:23831.70 C:23839.00 -> doji
[2026-04-19 01:09:24] O:23839.05 H:23868.95 L:23820.85 C:23863.80 -> no_pattern
[2026-04-19 01:09:24] O:23862.25 H:23871.35 L:23844.55 C:23844.55 -> no_pattern
[2026-04-19 01:09:24] O:23844.80 H:23867.55 L:23820.20 C:23827.80 -> no_pattern
[2026-04-19 01:09:24] O:23828.40 H:23861.30 L:23826.80 C:23860.05 -> marubozu
[2026-04-19 01:09:24] O:23859.75 H:23863.60 L:23841.80 C:23858.45 -> doji
[2026-04-19 01:09:24] O:23858.05 H:23872.20 L:23832.25 C:23832.80 -> no_pattern
[2026-04-19 01:09:24] O:23832.45 H:23841.15 L:23819.55 C:23822.85 -> no_pattern
[2026-04-19 01:09:24] O:23823.00 H:23826.10 L:23803.65 C:23823.80 -> doji
[2026-04-19 01:09:24] O:23823.80 H:23829.25 L:23820.15 C:23821.60 -> inverted_hammer
[2026-04-19 01:09:24] O:23821.05 H:23830.40 L:23811.25 C:23825.40 -> spinning_top
[2026-04-19 01:09:24] O:23825.95 H:23843.55 L:23820.85 C:23828.85 -> spinning_top
[2026-04-19 01:09:24] O:23827.85 H:23864.10 L:23825.95 C:23857.50 -> no_pattern
[2026-04-19 01:09:24] O:23857.55 H:23858.75 L:23828.75 C:23828.75 -> marubozu
[2026-04-19 01:09:24] O:23828.55 H:23869.50 L:23828.15 C:23868.45 -> marubozu
[2026-04-19 01:09:24] O:23868.35 H:23868.35 L:23852.00 C:23855.75 -> no_pattern
[2026-04-19 01:09:24] O:23855.60 H:23863.20 L:23829.65 C:23830.05 -> no_pattern
[2026-04-19 01:09:24] O:23829.60 H:23842.40 L:23814.20 C:23833.40 -> spinning_top
[2026-04-19 01:09:24] O:23833.60 H:23853.40 L:23832.55 C:23852.25 -> no_pattern
[2026-04-19 01:09:24] O:23851.55 H:23870.75 L:23840.45 C:23865.30 -> no_pattern
[2026-04-19 01:09:24] O:23865.25 H:23875.50 L:23844.40 C:23855.30 -> no_pattern
[2026-04-19 01:09:24] O:23852.90 H:23859.60 L:23847.70 C:23857.85 -> no_pattern
[2026-04-19 01:09:24] O:23857.80 H:23871.30 L:23845.95 C:23855.90 -> doji
[2026-04-19 01:09:24] O:23855.80 H:23867.10 L:23849.40 C:23855.20 -> doji
[2026-04-19 01:09:24] O:23855.20 H:23889.05 L:23855.20 C:23871.75 -> no_pattern
[2026-04-19 01:09:24] O:23871.75 H:23898.00 L:23871.40 C:23883.65 -> no_pattern
[2026-04-19 01:09:24] O:23884.60 H:23905.40 L:23871.80 C:23874.60 -> shooting_star
[2026-04-19 01:09:24] O:23876.20 H:23902.75 L:23875.40 C:23881.40 -> shooting_star
[2026-04-19 01:09:24] O:23880.90 H:23882.50 L:23860.25 C:23876.05 -> pinbar
[2026-04-19 01:09:24] O:23875.65 H:23902.70 L:23875.65 C:23901.05 -> no_pattern
[2026-04-19 01:09:24] O:23901.60 H:23907.30 L:23877.10 C:23881.25 -> no_pattern
[2026-04-19 01:09:24] O:23881.05 H:23884.05 L:23873.65 C:23873.65 -> no_pattern
[2026-04-19 01:09:24] O:23874.00 H:23883.85 L:23872.20 C:23879.75 -> no_pattern
[2026-04-19 01:09:24] O:23879.85 H:23881.20 L:23855.40 C:23861.80 -> no_pattern
[2026-04-19 01:09:24] O:23861.90 H:23886.90 L:23854.85 C:23879.50 -> no_pattern
[2026-04-19 01:09:24] O:23879.40 H:23883.05 L:23862.55 C:23864.55 -> no_pattern
[2026-04-19 01:09:24] O:23864.65 H:23871.45 L:23848.50 C:23851.25 -> no_pattern
[2026-04-19 01:09:24] O:23850.80 H:23867.55 L:23845.10 C:23855.70 -> spinning_top
[2026-04-19 01:09:24] O:23855.35 H:23857.50 L:23822.00 C:23824.15 -> no_pattern
[2026-04-19 01:09:24] O:23824.15 H:23826.55 L:23801.60 C:23813.00 -> no_pattern
[2026-04-19 01:09:24] O:23811.50 H:23839.40 L:23811.50 C:23831.30 -> no_pattern
[2026-04-19 01:09:24] O:23830.60 H:23843.60 L:23829.70 C:23834.65 -> shooting_star
[2026-04-19 01:09:24] O:23833.85 H:23842.60 L:23827.10 C:23828.05 -> no_pattern
[2026-04-19 01:09:24] O:23828.10 H:23834.85 L:23816.85 C:23820.95 -> no_pattern
[2026-04-19 01:09:24] O:23820.55 H:23836.95 L:23820.30 C:23821.45 -> doji
[2026-04-19 01:09:24] O:23821.25 H:23822.70 L:23804.70 C:23815.40 -> no_pattern
[2026-04-19 01:09:24] O:23815.85 H:23817.30 L:23800.95 C:23802.95 -> no_pattern
[2026-04-19 01:09:24] O:23801.60 H:23806.55 L:23767.80 C:23792.40 -> pinbar
[2026-04-19 01:09:24] O:23791.70 H:23795.10 L:23777.75 C:23787.35 -> pinbar
[2026-04-19 01:09:24] O:23786.45 H:23789.15 L:23767.90 C:23770.55 -> no_pattern
[2026-04-19 01:09:24] O:23770.45 H:23792.50 L:23759.05 C:23788.70 -> no_pattern
[2026-04-19 01:09:24] O:23789.05 H:23798.95 L:23767.65 C:23781.00 -> spinning_top
[2026-04-19 01:09:24] O:23781.05 H:23782.60 L:23760.90 C:23769.30 -> no_pattern
[2026-04-19 01:09:24] O:23768.30 H:23770.55 L:23755.85 C:23757.10 -> no_pattern
[2026-04-19 01:09:24] O:23756.95 H:23776.05 L:23740.80 C:23775.85 -> no_pattern
[2026-04-19 01:09:24] O:23777.25 H:23785.45 L:23753.50 C:23770.50 -> spinning_top
[2026-04-19 01:09:24] O:23770.35 H:23782.30 L:23768.70 C:23771.05 -> doji
[2026-04-19 01:09:24] O:23769.55 H:23777.20 L:23754.95 C:23771.55 -> doji
[2026-04-19 01:09:24] O:23770.75 H:23790.20 L:23767.75 C:23781.30 -> no_pattern
[2026-04-19 01:09:24] O:23781.45 H:23800.00 L:23766.35 C:23766.50 -> no_pattern
[2026-04-19 01:09:24] O:23766.80 H:23779.55 L:23751.80 C:23753.20 -> no_pattern
[2026-04-19 01:09:24] O:23753.45 H:23760.95 L:23746.20 C:23748.40 -> no_pattern
[2026-04-19 01:09:24] O:23748.00 H:23758.70 L:23734.10 C:23735.75 -> no_pattern
[2026-04-19 01:09:24] O:23735.95 H:23736.85 L:23715.15 C:23715.75 -> marubozu
[2026-04-19 01:09:24] O:23715.05 H:23727.15 L:23710.40 C:23718.10 -> spinning_top
[2026-04-19 01:09:24] O:23719.65 H:23721.90 L:23683.35 C:23697.15 -> no_pattern
[2026-04-19 01:09:24] O:23697.20 H:23706.90 L:23690.40 C:23695.15 -> spinning_top
[2026-04-19 01:09:24] O:23696.45 H:23724.55 L:23693.20 C:23722.40 -> no_pattern
[2026-04-19 01:09:24] O:23723.05 H:23744.90 L:23720.50 C:23727.05 -> shooting_star
[2026-04-19 01:09:24] O:23725.75 H:23748.35 L:23723.35 C:23725.60 -> doji
[2026-04-19 01:09:24] O:23724.95 H:23751.45 L:23724.50 C:23748.40 -> no_pattern
[2026-04-19 01:09:24] O:23747.75 H:23752.15 L:23733.10 C:23735.25 -> no_pattern
[2026-04-19 01:09:24] O:23735.55 H:23786.35 L:23726.90 C:23782.40 -> no_pattern
[2026-04-19 01:09:24] O:23781.65 H:23806.80 L:23733.40 C:23774.75 -> doji
[2026-04-19 01:09:24] O:23775.90 H:23800.60 L:23763.10 C:23783.15 -> spinning_top
[2026-04-19 01:09:24] O:23783.90 H:23801.25 L:23778.65 C:23793.35 -> no_pattern
[2026-04-19 01:09:24] O:23792.95 H:23794.35 L:23775.10 C:23783.80 -> no_pattern
[2026-04-19 01:09:24] O:23785.40 H:23786.55 L:23765.45 C:23781.50 -> pinbar
[2026-04-19 01:09:24] O:23782.50 H:23791.15 L:23768.15 C:23787.70 -> pinbar
[2026-04-19 01:09:24] O:23788.05 H:23789.10 L:23758.95 C:23766.05 -> no_pattern
[2026-04-19 01:09:24] O:23880.55 H:23955.40 L:23867.20 C:23942.50 -> no_pattern
[2026-04-19 01:09:24] O:23943.10 H:23978.20 L:23942.05 C:23948.50 -> shooting_star
[2026-04-19 01:09:24] O:23949.25 H:23952.60 L:23913.80 C:23913.95 -> no_pattern
[2026-04-19 01:09:24] O:23914.55 H:23947.40 L:23902.20 C:23945.55 -> no_pattern
[2026-04-19 01:09:24] O:23945.60 H:23959.50 L:23931.20 C:23943.60 -> doji
[2026-04-19 01:09:24] O:23943.20 H:23944.05 L:23921.85 C:23930.95 -> no_pattern
[2026-04-19 01:09:24] O:23943.10 H:23978.20 L:23942.05 C:23948.50 -> shooting_star
[2026-04-19 01:09:24] O:23949.25 H:23952.60 L:23913.80 C:23913.95 -> no_pattern
[2026-04-19 01:09:24] O:23914.55 H:23947.40 L:23902.20 C:23945.55 -> no_pattern
[2026-04-19 01:09:24] O:23945.60 H:23959.50 L:23931.20 C:23943.60 -> doji
[2026-04-19 01:09:24] O:23943.20 H:23944.05 L:23921.85 C:23930.95 -> no_pattern
[2026-04-19 01:09:24] O:23930.20 H:23949.25 L:23927.40 C:23948.85 -> no_pattern
[2026-04-19 01:09:24] O:23949.40 H:23966.45 L:23943.65 C:23966.45 -> no_pattern
[2026-04-19 01:09:25] O:24017.20 H:24024.50 L:23978.25 C:23996.50 -> no_pattern
[2026-04-19 01:09:25] O:23996.90 H:23998.05 L:23969.65 C:23973.65 -> no_pattern
[2026-04-19 01:09:25] O:23973.10 H:23985.50 L:23968.75 C:23981.85 -> no_pattern
[2026-04-19 01:09:25] O:23982.80 H:23985.20 L:23953.10 C:23963.00 -> no_pattern
[2026-04-19 01:09:25] O:23964.05 H:23988.40 L:23964.05 C:23983.65 -> no_pattern
[2026-04-19 01:09:25] O:23983.75 H:23987.65 L:23968.25 C:23973.65 -> no_pattern
[2026-04-19 01:09:25] O:23973.55 H:23976.25 L:23953.55 C:23955.75 -> no_pattern
[2026-04-19 01:09:25] O:23955.15 H:23966.05 L:23951.20 C:23956.70 -> spinning_top
[2026-04-19 01:09:25] O:23956.55 H:23979.95 L:23944.00 C:23948.25 -> shooting_star
[2026-04-19 01:09:25] O:23948.15 H:23959.80 L:23946.75 C:23953.55 -> no_pattern
[2026-04-19 01:09:25] O:23954.30 H:23985.40 L:23953.35 C:23979.35 -> no_pattern
[2026-04-19 01:09:25] O:23979.30 H:23988.80 L:23968.00 C:23978.70 -> doji
[2026-04-19 01:09:25] O:23979.45 H:23985.05 L:23971.90 C:23979.85 -> doji
[2026-04-19 01:09:25] O:23979.20 H:23988.85 L:23976.75 C:23979.00 -> doji
[2026-04-19 01:09:25] O:23977.55 H:23990.55 L:23973.85 C:23979.50 -> spinning_top
[2026-04-19 01:09:25] O:23979.65 H:24000.85 L:23977.80 C:23999.85 -> no_pattern
[2026-04-19 01:09:25] O:24000.30 H:24007.60 L:23992.45 C:23994.95 -> no_pattern
[2026-04-19 01:09:25] O:23993.80 H:24017.60 L:23972.55 C:23979.60 -> no_pattern
[2026-04-19 01:09:25] O:23979.85 H:23990.60 L:23977.85 C:23987.50 -> no_pattern
[2026-04-19 01:09:25] O:23987.65 H:23996.75 L:23984.15 C:23993.60 -> no_pattern
[2026-04-19 01:09:25] O:23993.20 H:24005.00 L:23955.75 C:23987.35 -> spinning_top
[2026-04-19 01:09:25] O:23987.70 H:24011.50 L:23987.70 C:24007.15 -> no_pattern
[2026-04-19 01:09:25] O:24007.40 H:24009.35 L:23994.70 C:24004.45 -> pinbar
[2026-04-19 01:09:25] O:24003.55 H:24008.10 L:23989.25 C:23994.85 -> no_pattern
[2026-04-19 01:09:25] O:23994.25 H:23998.10 L:23985.30 C:23992.00 -> spinning_top
[2026-04-19 01:09:25] O:23992.70 H:24002.55 L:23991.05 C:24001.25 -> no_pattern
[2026-04-19 01:09:25] O:24002.00 H:24011.65 L:23999.05 C:24009.90 -> no_pattern
[2026-04-19 01:09:25] O:24009.70 H:24018.25 L:24006.00 C:24010.60 -> doji
[2026-04-19 01:09:25] O:23908.65 H:23923.60 L:23816.45 C:23914.40 -> doji
[2026-04-19 01:09:25] O:23913.35 H:23964.20 L:23912.90 C:23952.25 -> no_pattern
[2026-04-19 01:09:25] O:23950.05 H:23982.60 L:23943.20 C:23982.00 -> no_pattern
[2026-04-19 01:09:25] O:23981.05 H:23989.75 L:23948.20 C:23949.10 -> no_pattern
[2026-04-19 01:09:25] O:23948.65 H:23951.95 L:23890.95 C:23890.95 -> no_pattern
[2026-04-19 01:09:25] O:23891.80 H:23929.35 L:23891.65 C:23894.80 -> doji
[2026-04-19 01:09:25] O:23893.50 H:23899.30 L:23861.55 C:23866.25 -> no_pattern
[2026-04-19 01:09:25] O:23866.45 H:23883.05 L:23851.15 C:23862.45 -> spinning_top
[2026-04-19 01:09:25] O:23863.00 H:23865.65 L:23809.05 C:23810.50 -> marubozu
[2026-04-19 01:09:25] O:23809.55 H:23826.00 L:23795.20 C:23805.05 -> spinning_top
[2026-04-19 01:09:25] O:23805.95 H:23806.60 L:23781.20 C:23781.35 -> marubozu
[2026-04-19 01:09:25] O:23781.70 H:23809.25 L:23760.55 C:23808.30 -> no_pattern
[2026-04-19 01:09:25] O:23808.90 H:23831.35 L:23805.70 C:23818.40 -> no_pattern
[2026-04-19 01:09:25] O:23816.60 H:23838.95 L:23807.40 C:23837.45 -> no_pattern
[2026-04-19 01:09:25] O:23837.55 H:23853.15 L:23831.70 C:23839.00 -> doji
[2026-04-19 01:09:25] O:23839.05 H:23868.95 L:23820.85 C:23863.80 -> no_pattern
[2026-04-19 01:09:25] O:23862.25 H:23871.35 L:23844.55 C:23844.55 -> no_pattern
[2026-04-19 01:09:25] O:23844.80 H:23867.55 L:23820.20 C:23827.80 -> no_pattern
[2026-04-19 01:09:25] O:23828.40 H:23861.30 L:23826.80 C:23860.05 -> marubozu
[2026-04-19 01:09:25] O:23859.75 H:23863.60 L:23841.80 C:23858.45 -> doji
[2026-04-19 01:09:25] O:23858.05 H:23872.20 L:23832.25 C:23832.80 -> no_pattern
[2026-04-19 01:09:25] O:23832.45 H:23841.15 L:23819.55 C:23822.85 -> no_pattern
[2026-04-19 01:09:25] O:23823.00 H:23826.10 L:23803.65 C:23823.80 -> doji
[2026-04-19 01:09:25] O:23823.80 H:23829.25 L:23820.15 C:23821.60 -> inverted_hammer
[2026-04-19 01:09:25] O:23821.05 H:23830.40 L:23811.25 C:23825.40 -> spinning_top
[2026-04-19 01:09:25] O:23825.95 H:23843.55 L:23820.85 C:23828.85 -> spinning_top
[2026-04-19 01:09:25] O:23827.85 H:23864.10 L:23825.95 C:23857.50 -> no_pattern
[2026-04-19 01:09:25] O:23857.55 H:23858.75 L:23828.75 C:23828.75 -> marubozu
[2026-04-19 01:09:25] O:23828.55 H:23869.50 L:23828.15 C:23868.45 -> marubozu
[2026-04-19 01:09:25] O:23868.35 H:23868.35 L:23852.00 C:23855.75 -> no_pattern
[2026-04-19 01:09:25] O:23855.60 H:23863.20 L:23829.65 C:23830.05 -> no_pattern
[2026-04-19 01:09:25] O:23829.60 H:23842.40 L:23814.20 C:23833.40 -> spinning_top
[2026-04-19 01:09:25] O:23833.60 H:23853.40 L:23832.55 C:23852.25 -> no_pattern
[2026-04-19 01:09:25] O:23851.55 H:23870.75 L:23840.45 C:23865.30 -> no_pattern
[2026-04-19 01:09:25] O:23865.25 H:23875.50 L:23844.40 C:23855.30 -> no_pattern
[2026-04-19 01:09:25] O:23852.90 H:23859.60 L:23847.70 C:23857.85 -> no_pattern
[2026-04-19 01:09:25] O:23857.80 H:23871.30 L:23845.95 C:23855.90 -> doji
[2026-04-19 01:09:25] O:23855.80 H:23867.10 L:23849.40 C:23855.20 -> doji
[2026-04-19 01:09:25] O:23855.20 H:23889.05 L:23855.20 C:23871.75 -> no_pattern
[2026-04-19 01:09:25] O:23871.75 H:23898.00 L:23871.40 C:23883.65 -> no_pattern
[2026-04-19 01:09:25] O:23884.60 H:23905.40 L:23871.80 C:23874.60 -> shooting_star
[2026-04-19 01:09:25] O:23876.20 H:23902.75 L:23875.40 C:23881.40 -> shooting_star
[2026-04-19 01:09:25] O:23880.90 H:23882.50 L:23860.25 C:23876.05 -> pinbar
[2026-04-19 01:09:25] O:23875.65 H:23902.70 L:23875.65 C:23901.05 -> no_pattern
[2026-04-19 01:09:25] O:23901.60 H:23907.30 L:23877.10 C:23881.25 -> no_pattern
[2026-04-19 01:09:25] O:23881.05 H:23884.05 L:23873.65 C:23873.65 -> no_pattern
[2026-04-19 01:09:25] O:23874.00 H:23883.85 L:23872.20 C:23879.75 -> no_pattern
[2026-04-19 01:09:25] O:23879.85 H:23881.20 L:23855.40 C:23861.80 -> no_pattern
[2026-04-19 01:09:25] O:23861.90 H:23886.90 L:23854.85 C:23879.50 -> no_pattern
[2026-04-19 01:09:25] O:23879.40 H:23883.05 L:23862.55 C:23864.55 -> no_pattern
[2026-04-19 01:09:25] O:23864.65 H:23871.45 L:23848.50 C:23851.25 -> no_pattern
[2026-04-19 01:09:25] O:23850.80 H:23867.55 L:23845.10 C:23855.70 -> spinning_top
[2026-04-19 01:09:25] O:23855.35 H:23857.50 L:23822.00 C:23824.15 -> no_pattern
[2026-04-19 01:09:25] O:23824.15 H:23826.55 L:23801.60 C:23813.00 -> no_pattern
[2026-04-19 01:09:25] O:23811.50 H:23839.40 L:23811.50 C:23831.30 -> no_pattern
[2026-04-19 01:09:25] O:23830.60 H:23843.60 L:23829.70 C:23834.65 -> shooting_star
[2026-04-19 01:09:25] O:23833.85 H:23842.60 L:23827.10 C:23828.05 -> no_pattern
[2026-04-19 01:09:25] O:23828.10 H:23834.85 L:23816.85 C:23820.95 -> no_pattern
[2026-04-19 01:09:25] O:23820.55 H:23836.95 L:23820.30 C:23821.45 -> doji
[2026-04-19 01:09:25] O:23821.25 H:23822.70 L:23804.70 C:23815.40 -> no_pattern
[2026-04-19 01:09:25] O:23815.85 H:23817.30 L:23800.95 C:23802.95 -> no_pattern
[2026-04-19 01:09:25] O:23801.60 H:23806.55 L:23767.80 C:23792.40 -> pinbar
[2026-04-19 01:09:25] O:23791.70 H:23795.10 L:23777.75 C:23787.35 -> pinbar
[2026-04-19 01:09:25] O:23786.45 H:23789.15 L:23767.90 C:23770.55 -> no_pattern
[2026-04-19 01:09:25] O:23770.45 H:23792.50 L:23759.05 C:23788.70 -> no_pattern
[2026-04-19 01:09:25] O:23789.05 H:23798.95 L:23767.65 C:23781.00 -> spinning_top
[2026-04-19 01:09:25] O:23781.05 H:23782.60 L:23760.90 C:23769.30 -> no_pattern
[2026-04-19 01:09:25] O:23768.30 H:23770.55 L:23755.85 C:23757.10 -> no_pattern
[2026-04-19 01:09:25] O:23756.95 H:23776.05 L:23740.80 C:23775.85 -> no_pattern
[2026-04-19 01:09:25] O:23777.25 H:23785.45 L:23753.50 C:23770.50 -> spinning_top
[2026-04-19 01:09:25] O:23770.35 H:23782.30 L:23768.70 C:23771.05 -> doji
[2026-04-19 01:09:25] O:23769.55 H:23777.20 L:23754.95 C:23771.55 -> doji
[2026-04-19 01:09:25] O:23770.75 H:23790.20 L:23767.75 C:23781.30 -> no_pattern
[2026-04-19 01:09:25] O:23781.45 H:23800.00 L:23766.35 C:23766.50 -> no_pattern
[2026-04-19 01:09:25] O:23766.80 H:23779.55 L:23751.80 C:23753.20 -> no_pattern
[2026-04-19 01:09:25] O:23753.45 H:23760.95 L:23746.20 C:23748.40 -> no_pattern
[2026-04-19 01:09:25] O:23748.00 H:23758.70 L:23734.10 C:23735.75 -> no_pattern
[2026-04-19 01:09:25] O:23735.95 H:23736.85 L:23715.15 C:23715.75 -> marubozu
[2026-04-19 01:09:25] O:23715.05 H:23727.15 L:23710.40 C:23718.10 -> spinning_top
[2026-04-19 01:09:25] O:23719.65 H:23721.90 L:23683.35 C:23697.15 -> no_pattern
[2026-04-19 01:09:25] O:23697.20 H:23706.90 L:23690.40 C:23695.15 -> spinning_top
[2026-04-19 01:09:25] O:23696.45 H:23724.55 L:23693.20 C:23722.40 -> no_pattern
[2026-04-19 01:09:25] O:23723.05 H:23744.90 L:23720.50 C:23727.05 -> shooting_star
[2026-04-19 01:09:25] O:23725.75 H:23748.35 L:23723.35 C:23725.60 -> doji
[2026-04-19 01:09:25] O:23724.95 H:23751.45 L:23724.50 C:23748.40 -> no_pattern
[2026-04-19 01:09:25] O:23747.75 H:23752.15 L:23733.10 C:23735.25 -> no_pattern
[2026-04-19 01:09:25] O:23735.55 H:23786.35 L:23726.90 C:23782.40 -> no_pattern
[2026-04-19 01:09:25] O:23781.65 H:23806.80 L:23733.40 C:23774.75 -> doji
[2026-04-19 01:09:25] O:23775.90 H:23800.60 L:23763.10 C:23783.15 -> spinning_top
[2026-04-19 01:09:25] O:23783.90 H:23801.25 L:23778.65 C:23793.35 -> no_pattern
[2026-04-19 01:09:25] O:23792.95 H:23794.35 L:23775.10 C:23783.80 -> no_pattern
[2026-04-19 01:09:25] O:23785.40 H:23786.55 L:23765.45 C:23781.50 -> pinbar
[2026-04-19 01:09:25] O:23782.50 H:23791.15 L:23768.15 C:23787.70 -> pinbar
[2026-04-19 01:09:25] O:23788.05 H:23789.10 L:23758.95 C:23766.05 -> no_pattern
[2026-04-19 01:09:25] O:23880.55 H:23955.40 L:23867.20 C:23942.50 -> no_pattern
[2026-04-19 01:09:25] O:23943.10 H:23978.20 L:23942.05 C:23948.50 -> shooting_star
[2026-04-19 01:09:25] O:23949.25 H:23952.60 L:23913.80 C:23913.95 -> no_pattern
[2026-04-19 01:09:25] O:23914.55 H:23947.40 L:23902.20 C:23945.55 -> no_pattern
[2026-04-19 01:09:25] O:23945.60 H:23959.50 L:23931.20 C:23943.60 -> doji
[2026-04-19 01:09:25] O:23943.20 H:23944.05 L:23921.85 C:23930.95 -> no_pattern
[2026-04-19 01:09:25] O:23930.20 H:23949.25 L:23927.40 C:23948.85 -> no_pattern
[2026-04-19 01:09:25] O:23949.40 H:23966.45 L:23943.65 C:23966.45 -> no_pattern
[2026-04-19 01:09:25] O:23967.75 H:23992.10 L:23967.05 C:23981.55 -> no_pattern
[2026-04-19 01:09:25] O:23981.50 H:23987.95 L:23971.25 C:23986.85 -> no_pattern
[2026-04-19 01:09:25] O:23986.65 H:23998.25 L:23980.75 C:23990.75 -> spinning_top
[2026-04-19 01:09:25] O:23992.10 H:24001.25 L:23984.20 C:23984.90 -> no_pattern
[2026-04-19 01:09:25] O:23985.35 H:23989.30 L:23916.30 C:23940.35 -> no_pattern
[2026-04-19 01:09:25] O:23939.40 H:23974.45 L:23933.90 C:23972.80 -> no_pattern
[2026-04-19 01:09:25] O:23973.80 H:23995.90 L:23972.30 C:23994.40 -> no_pattern
[2026-04-19 01:09:25] O:24017.20 H:24024.50 L:23978.25 C:23996.50 -> no_pattern
[2026-04-19 01:09:25] O:23996.90 H:23998.05 L:23969.65 C:23973.65 -> no_pattern
[2026-04-19 01:09:25] O:23973.10 H:23985.50 L:23968.75 C:23981.85 -> no_pattern
[2026-04-19 01:09:25] O:23982.80 H:23985.20 L:23953.10 C:23963.00 -> no_pattern
[2026-04-19 01:09:25] O:23964.05 H:23988.40 L:23964.05 C:23983.65 -> no_pattern
[2026-04-19 01:09:25] O:23983.75 H:23987.65 L:23968.25 C:23973.65 -> no_pattern
[2026-04-19 01:09:25] O:23973.55 H:23976.25 L:23953.55 C:23955.75 -> no_pattern
[2026-04-19 01:09:25] O:23955.15 H:23966.05 L:23951.20 C:23956.70 -> spinning_top
[2026-04-19 01:09:25] O:23956.55 H:23979.95 L:23944.00 C:23948.25 -> shooting_star
[2026-04-19 01:09:25] O:23948.15 H:23959.80 L:23946.75 C:23953.55 -> no_pattern
[2026-04-19 01:09:25] O:23954.30 H:23985.40 L:23953.35 C:23979.35 -> no_pattern
[2026-04-19 01:09:25] O:23979.30 H:23988.80 L:23968.00 C:23978.70 -> doji
[2026-04-19 01:09:25] O:23979.45 H:23985.05 L:23971.90 C:23979.85 -> doji
[2026-04-19 01:09:25] O:23979.20 H:23988.85 L:23976.75 C:23979.00 -> doji
[2026-04-19 01:09:25] O:23977.55 H:23990.55 L:23973.85 C:23979.50 -> spinning_top
[2026-04-19 01:09:25] O:23979.65 H:24000.85 L:23977.80 C:23999.85 -> no_pattern
[2026-04-19 01:09:25] O:24000.30 H:24007.60 L:23992.45 C:23994.95 -> no_pattern
[2026-04-19 01:09:25] O:23993.80 H:24017.60 L:23972.55 C:23979.60 -> no_pattern
[2026-04-19 01:09:25] O:23979.85 H:23990.60 L:23977.85 C:23987.50 -> no_pattern
[2026-04-19 01:09:25] O:23987.65 H:23996.75 L:23984.15 C:23993.60 -> no_pattern
[2026-04-19 01:09:25] O:23993.20 H:24005.00 L:23955.75 C:23987.35 -> spinning_top
[2026-04-19 01:09:25] O:23987.70 H:24011.50 L:23987.70 C:24007.15 -> no_pattern
[2026-04-19 01:09:25] O:24007.40 H:24009.35 L:23994.70 C:24004.45 -> pinbar
[2026-04-19 01:09:25] O:24003.55 H:24008.10 L:23989.25 C:23994.85 -> no_pattern
[2026-04-19 01:09:25] O:23994.25 H:23998.10 L:23985.30 C:23992.00 -> spinning_top
[2026-04-19 01:09:25] O:23992.70 H:24002.55 L:23991.05 C:24001.25 -> no_pattern
[2026-04-19 01:09:25] O:24002.00 H:24011.65 L:23999.05 C:24009.90 -> no_pattern
[2026-04-19 01:09:25] O:24009.70 H:24018.25 L:24006.00 C:24010.60 -> doji
[2026-04-19 01:09:25] O:23908.65 H:23923.60 L:23816.45 C:23914.40 -> doji
[2026-04-19 01:09:25] O:23913.35 H:23964.20 L:23912.90 C:23952.25 -> no_pattern
[2026-04-19 01:09:25] O:23950.05 H:23982.60 L:23943.20 C:23982.00 -> no_pattern
[2026-04-19 01:09:25] O:23981.05 H:23989.75 L:23948.20 C:23949.10 -> no_pattern
[2026-04-19 01:09:25] O:23948.65 H:23951.95 L:23890.95 C:23890.95 -> no_pattern
[2026-04-19 01:09:25] O:23891.80 H:23929.35 L:23891.65 C:23894.80 -> doji
[2026-04-19 01:09:25] O:23893.50 H:23899.30 L:23861.55 C:23866.25 -> no_pattern
[2026-04-19 01:09:25] O:23866.45 H:23883.05 L:23851.15 C:23862.45 -> spinning_top
[2026-04-19 01:09:25] O:23863.00 H:23865.65 L:23809.05 C:23810.50 -> marubozu
[2026-04-19 01:09:25] O:23809.55 H:23826.00 L:23795.20 C:23805.05 -> spinning_top
[2026-04-19 01:09:25] O:23805.95 H:23806.60 L:23781.20 C:23781.35 -> marubozu
[2026-04-19 01:09:25] O:23781.70 H:23809.25 L:23760.55 C:23808.30 -> no_pattern
[2026-04-19 01:09:25] O:23808.90 H:23831.35 L:23805.70 C:23818.40 -> no_pattern
[2026-04-19 01:09:25] O:23816.60 H:23838.95 L:23807.40 C:23837.45 -> no_pattern
[2026-04-19 01:09:25] O:23837.55 H:23853.15 L:23831.70 C:23839.00 -> doji
[2026-04-19 01:09:25] O:23839.05 H:23868.95 L:23820.85 C:23863.80 -> no_pattern
[2026-04-19 01:09:25] O:23862.25 H:23871.35 L:23844.55 C:23844.55 -> no_pattern
[2026-04-19 01:09:25] O:23844.80 H:23867.55 L:23820.20 C:23827.80 -> no_pattern
[2026-04-19 01:09:25] O:23828.40 H:23861.30 L:23826.80 C:23860.05 -> marubozu
[2026-04-19 01:09:25] O:23859.75 H:23863.60 L:23841.80 C:23858.45 -> doji
[2026-04-19 01:09:25] O:23858.05 H:23872.20 L:23832.25 C:23832.80 -> no_pattern
[2026-04-19 01:09:25] O:23832.45 H:23841.15 L:23819.55 C:23822.85 -> no_pattern
[2026-04-19 01:09:25] O:23823.00 H:23826.10 L:23803.65 C:23823.80 -> doji
[2026-04-19 01:09:25] O:23823.80 H:23829.25 L:23820.15 C:23821.60 -> inverted_hammer
[2026-04-19 01:09:25] O:23821.05 H:23830.40 L:23811.25 C:23825.40 -> spinning_top
[2026-04-19 01:09:25] O:23825.95 H:23843.55 L:23820.85 C:23828.85 -> spinning_top
[2026-04-19 01:09:25] O:23827.85 H:23864.10 L:23825.95 C:23857.50 -> no_pattern
[2026-04-19 01:09:25] O:23857.55 H:23858.75 L:23828.75 C:23828.75 -> marubozu
[2026-04-19 01:09:25] O:23828.55 H:23869.50 L:23828.15 C:23868.45 -> marubozu
[2026-04-19 01:09:25] O:23868.35 H:23868.35 L:23852.00 C:23855.75 -> no_pattern
[2026-04-19 01:09:25] O:23855.60 H:23863.20 L:23829.65 C:23830.05 -> no_pattern
[2026-04-19 01:09:25] O:23829.60 H:23842.40 L:23814.20 C:23833.40 -> spinning_top
[2026-04-19 01:09:25] O:23833.60 H:23853.40 L:23832.55 C:23852.25 -> no_pattern
[2026-04-19 01:09:25] O:23851.55 H:23870.75 L:23840.45 C:23865.30 -> no_pattern
[2026-04-19 01:09:25] O:23865.25 H:23875.50 L:23844.40 C:23855.30 -> no_pattern
[2026-04-19 01:09:25] O:23852.90 H:23859.60 L:23847.70 C:23857.85 -> no_pattern
[2026-04-19 01:09:25] O:23857.80 H:23871.30 L:23845.95 C:23855.90 -> doji
[2026-04-19 01:09:25] O:23855.80 H:23867.10 L:23849.40 C:23855.20 -> doji
[2026-04-19 01:09:25] O:23855.20 H:23889.05 L:23855.20 C:23871.75 -> no_pattern
[2026-04-19 01:09:25] O:23871.75 H:23898.00 L:23871.40 C:23883.65 -> no_pattern
[2026-04-19 01:09:25] O:23884.60 H:23905.40 L:23871.80 C:23874.60 -> shooting_star
[2026-04-19 01:09:25] O:23876.20 H:23902.75 L:23875.40 C:23881.40 -> shooting_star
[2026-04-19 01:09:25] O:23880.90 H:23882.50 L:23860.25 C:23876.05 -> pinbar
[2026-04-19 01:09:25] O:23875.65 H:23902.70 L:23875.65 C:23901.05 -> no_pattern
[2026-04-19 01:09:25] O:23901.60 H:23907.30 L:23877.10 C:23881.25 -> no_pattern
[2026-04-19 01:09:25] O:23881.05 H:23884.05 L:23873.65 C:23873.65 -> no_pattern
[2026-04-19 01:09:25] O:23874.00 H:23883.85 L:23872.20 C:23879.75 -> no_pattern
[2026-04-19 01:09:26] O:23879.85 H:23881.20 L:23855.40 C:23861.80 -> no_pattern
[2026-04-19 01:09:26] O:23861.90 H:23886.90 L:23854.85 C:23879.50 -> no_pattern
[2026-04-19 01:09:26] O:23879.40 H:23883.05 L:23862.55 C:23864.55 -> no_pattern
[2026-04-19 01:09:26] O:23864.65 H:23871.45 L:23848.50 C:23851.25 -> no_pattern
[2026-04-19 01:09:26] O:23850.80 H:23867.55 L:23845.10 C:23855.70 -> spinning_top
[2026-04-19 01:09:26] O:23855.35 H:23857.50 L:23822.00 C:23824.15 -> no_pattern
[2026-04-19 01:09:26] O:23824.15 H:23826.55 L:23801.60 C:23813.00 -> no_pattern
[2026-04-19 01:09:26] O:23811.50 H:23839.40 L:23811.50 C:23831.30 -> no_pattern
[2026-04-19 01:09:26] O:23830.60 H:23843.60 L:23829.70 C:23834.65 -> shooting_star
[2026-04-19 01:09:26] O:23833.85 H:23842.60 L:23827.10 C:23828.05 -> no_pattern
[2026-04-19 01:09:26] O:23828.10 H:23834.85 L:23816.85 C:23820.95 -> no_pattern
[2026-04-19 01:09:26] O:23820.55 H:23836.95 L:23820.30 C:23821.45 -> doji
[2026-04-19 01:09:26] O:23821.25 H:23822.70 L:23804.70 C:23815.40 -> no_pattern
[2026-04-19 01:09:26] O:23815.85 H:23817.30 L:23800.95 C:23802.95 -> no_pattern
[2026-04-19 01:09:26] O:23801.60 H:23806.55 L:23767.80 C:23792.40 -> pinbar
[2026-04-19 01:09:26] O:23791.70 H:23795.10 L:23777.75 C:23787.35 -> pinbar
[2026-04-19 01:09:26] O:23786.45 H:23789.15 L:23767.90 C:23770.55 -> no_pattern
[2026-04-19 01:09:26] O:23770.45 H:23792.50 L:23759.05 C:23788.70 -> no_pattern
[2026-04-19 01:09:26] O:23789.05 H:23798.95 L:23767.65 C:23781.00 -> spinning_top
[2026-04-19 01:09:26] O:23781.05 H:23782.60 L:23760.90 C:23769.30 -> no_pattern
[2026-04-19 01:09:26] O:23768.30 H:23770.55 L:23755.85 C:23757.10 -> no_pattern
[2026-04-19 01:09:26] O:23756.95 H:23776.05 L:23740.80 C:23775.85 -> no_pattern
[2026-04-19 01:09:26] O:23777.25 H:23785.45 L:23753.50 C:23770.50 -> spinning_top
[2026-04-19 01:09:26] O:23770.35 H:23782.30 L:23768.70 C:23771.05 -> doji
[2026-04-19 01:09:26] O:23769.55 H:23777.20 L:23754.95 C:23771.55 -> doji
[2026-04-19 01:09:26] O:23770.75 H:23790.20 L:23767.75 C:23781.30 -> no_pattern
[2026-04-19 01:09:26] O:23781.45 H:23800.00 L:23766.35 C:23766.50 -> no_pattern
[2026-04-19 01:09:26] O:23766.80 H:23779.55 L:23751.80 C:23753.20 -> no_pattern
[2026-04-19 01:09:26] O:23753.45 H:23760.95 L:23746.20 C:23748.40 -> no_pattern
[2026-04-19 01:09:26] O:23748.00 H:23758.70 L:23734.10 C:23735.75 -> no_pattern
[2026-04-19 01:09:26] O:23735.95 H:23736.85 L:23715.15 C:23715.75 -> marubozu
[2026-04-19 01:09:26] O:23715.05 H:23727.15 L:23710.40 C:23718.10 -> spinning_top
[2026-04-19 01:09:26] O:23719.65 H:23721.90 L:23683.35 C:23697.15 -> no_pattern
[2026-04-19 01:09:26] O:23697.20 H:23706.90 L:23690.40 C:23695.15 -> spinning_top
[2026-04-19 01:09:26] O:23696.45 H:23724.55 L:23693.20 C:23722.40 -> no_pattern
[2026-04-19 01:09:26] O:23723.05 H:23744.90 L:23720.50 C:23727.05 -> shooting_star
[2026-04-19 01:09:26] O:23725.75 H:23748.35 L:23723.35 C:23725.60 -> doji
[2026-04-19 01:09:26] O:23724.95 H:23751.45 L:23724.50 C:23748.40 -> no_pattern
[2026-04-19 01:09:26] O:23747.75 H:23752.15 L:23733.10 C:23735.25 -> no_pattern
[2026-04-19 01:09:26] O:23735.55 H:23786.35 L:23726.90 C:23782.40 -> no_pattern
[2026-04-19 01:09:26] O:23781.65 H:23806.80 L:23733.40 C:23774.75 -> doji
[2026-04-19 01:09:26] O:23775.90 H:23800.60 L:23763.10 C:23783.15 -> spinning_top
[2026-04-19 01:09:26] O:23783.90 H:23801.25 L:23778.65 C:23793.35 -> no_pattern
[2026-04-19 01:09:26] O:23792.95 H:23794.35 L:23775.10 C:23783.80 -> no_pattern
[2026-04-19 01:09:26] O:23785.40 H:23786.55 L:23765.45 C:23781.50 -> pinbar
[2026-04-19 01:09:26] O:23782.50 H:23791.15 L:23768.15 C:23787.70 -> pinbar
[2026-04-19 01:09:26] O:23788.05 H:23789.10 L:23758.95 C:23766.05 -> no_pattern
[2026-04-19 01:09:26] O:23880.55 H:23955.40 L:23867.20 C:23942.50 -> no_pattern
[2026-04-19 01:09:26] O:23943.10 H:23978.20 L:23942.05 C:23948.50 -> shooting_star
[2026-04-19 01:09:26] O:23949.25 H:23952.60 L:23913.80 C:23913.95 -> no_pattern
[2026-04-19 01:09:26] O:23914.55 H:23947.40 L:23902.20 C:23945.55 -> no_pattern
[2026-04-19 01:09:26] O:23945.60 H:23959.50 L:23931.20 C:23943.60 -> doji
[2026-04-19 01:09:26] O:23943.20 H:23944.05 L:23921.85 C:23930.95 -> no_pattern
[2026-04-19 01:09:26] O:23930.20 H:23949.25 L:23927.40 C:23948.85 -> no_pattern
[2026-04-19 01:09:26] O:23949.40 H:23966.45 L:23943.65 C:23966.45 -> no_pattern
[2026-04-19 01:09:26] O:23967.75 H:23992.10 L:23967.05 C:23981.55 -> no_pattern
[2026-04-19 01:09:26] O:23981.50 H:23987.95 L:23971.25 C:23986.85 -> no_pattern
[2026-04-19 01:09:26] O:23986.65 H:23998.25 L:23980.75 C:23990.75 -> spinning_top
[2026-04-19 01:09:26] O:23992.10 H:24001.25 L:23984.20 C:23984.90 -> no_pattern
[2026-04-19 01:09:26] O:23985.35 H:23989.30 L:23916.30 C:23940.35 -> no_pattern
[2026-04-19 01:09:26] O:23939.40 H:23974.45 L:23933.90 C:23972.80 -> no_pattern
[2026-04-19 01:09:26] O:23973.80 H:23995.90 L:23972.30 C:23994.40 -> no_pattern
[2026-04-19 01:09:26] O:23994.95 H:24018.65 L:23994.95 C:24013.25 -> no_pattern
[2026-04-19 01:09:26] O:24013.05 H:24023.95 L:24011.25 C:24017.00 -> no_pattern
[2026-04-19 01:09:26] O:24017.40 H:24035.60 L:24010.85 C:24023.95 -> spinning_top
[2026-04-19 01:09:26] O:24023.25 H:24024.60 L:24002.50 C:24019.20 -> pinbar
[2026-04-19 01:09:26] O:24019.95 H:24023.90 L:24001.00 C:24019.85 -> doji
[2026-04-19 01:09:26] O:24019.70 H:24026.10 L:24005.70 C:24006.40 -> no_pattern
[2026-04-19 01:09:26] O:24006.40 H:24017.60 L:24003.55 C:24012.35 -> no_pattern
[2026-04-19 01:09:26] O:24017.40 H:24035.60 L:24010.85 C:24023.95 -> spinning_top
[2026-04-19 01:09:26] O:24023.25 H:24024.60 L:24002.50 C:24019.20 -> pinbar
[2026-04-19 01:09:26] O:24019.95 H:24023.90 L:24001.00 C:24019.85 -> doji
[2026-04-19 01:09:26] O:24019.70 H:24026.10 L:24005.70 C:24006.40 -> no_pattern
[2026-04-19 01:09:26] O:24006.40 H:24017.60 L:24003.55 C:24012.35 -> no_pattern
[2026-04-19 01:09:26] O:24011.95 H:24015.55 L:23994.70 C:23995.35 -> no_pattern
[2026-04-19 01:09:26] O:23994.75 H:24007.35 L:23991.65 C:23991.80 -> shooting_star
[2026-04-19 01:09:26] O:23991.65 H:23994.80 L:23984.75 C:23985.70 -> no_pattern
[2026-04-19 01:09:26] O:23985.30 H:23988.25 L:23972.30 C:23986.70 -> doji
[2026-04-19 01:09:26] O:23986.60 H:24010.40 L:23986.60 C:24003.10 -> no_pattern
[2026-04-19 01:09:26] O:24002.30 H:24004.30 L:23993.95 C:23999.40 -> no_pattern
[2026-04-19 01:09:26] O:23999.80 H:24012.95 L:23996.15 C:24012.95 -> no_pattern
[2026-04-19 01:09:26] O:24012.60 H:24021.35 L:24010.10 C:24013.30 -> doji
[2026-04-19 01:09:26] O:23985.30 H:23988.25 L:23972.30 C:23986.70 -> doji
[2026-04-19 01:09:26] O:23986.60 H:24010.40 L:23986.60 C:24003.10 -> no_pattern
[2026-04-19 01:09:26] O:24002.30 H:24004.30 L:23993.95 C:23999.40 -> no_pattern
[2026-04-19 01:09:26] O:23999.80 H:24012.95 L:23996.15 C:24012.95 -> no_pattern
[2026-04-19 01:09:26] O:24012.60 H:24021.35 L:24010.10 C:24013.30 -> doji
[2026-04-19 01:09:26] O:24012.05 H:24015.35 L:23986.10 C:23986.15 -> no_pattern
[2026-04-19 01:09:26] O:23986.05 H:24001.20 L:23985.15 C:23999.65 -> no_pattern
[2026-04-19 01:09:26] O:23999.55 H:24005.25 L:23990.80 C:24002.95 -> pinbar
[2026-04-19 01:09:26] O:24017.40 H:24035.60 L:24010.85 C:24023.95 -> spinning_top
[2026-04-19 01:09:26] O:24023.25 H:24024.60 L:24002.50 C:24019.20 -> pinbar
[2026-04-19 01:09:26] O:24019.95 H:24023.90 L:24001.00 C:24019.85 -> doji
[2026-04-19 01:09:26] O:24019.70 H:24026.10 L:24005.70 C:24006.40 -> no_pattern
[2026-04-19 01:09:26] O:24006.40 H:24017.60 L:24003.55 C:24012.35 -> no_pattern
[2026-04-19 01:09:26] O:24011.95 H:24015.55 L:23994.70 C:23995.35 -> no_pattern
[2026-04-19 01:09:26] O:23994.75 H:24007.35 L:23991.65 C:23991.80 -> shooting_star
[2026-04-19 01:09:26] O:23991.65 H:23994.80 L:23984.75 C:23985.70 -> no_pattern
[2026-04-19 01:09:26] O:23985.30 H:23988.25 L:23972.30 C:23986.70 -> doji
[2026-04-19 01:09:26] O:23986.60 H:24010.40 L:23986.60 C:24003.10 -> no_pattern
[2026-04-19 01:09:26] O:24002.30 H:24004.30 L:23993.95 C:23999.40 -> no_pattern
[2026-04-19 01:09:26] O:23999.80 H:24012.95 L:23996.15 C:24012.95 -> no_pattern
[2026-04-19 01:09:26] O:24012.60 H:24021.35 L:24010.10 C:24013.30 -> doji
[2026-04-19 01:09:26] O:24012.05 H:24015.35 L:23986.10 C:23986.15 -> no_pattern
[2026-04-19 01:09:26] O:23986.05 H:24001.20 L:23985.15 C:23999.65 -> no_pattern
[2026-04-19 01:09:26] O:23999.55 H:24005.25 L:23990.80 C:24002.95 -> pinbar
[2026-04-19 01:09:26] O:24002.10 H:24003.95 L:23971.30 C:23981.85 -> no_pattern
[2026-04-19 01:09:26] O:23982.55 H:24007.40 L:23982.40 C:24004.60 -> no_pattern
[2026-04-19 01:09:26] O:24004.30 H:24006.70 L:23980.10 C:23987.25 -> no_pattern
[2026-04-19 01:09:26] O:23987.35 H:24000.85 L:23971.90 C:23975.95 -> no_pattern
[2026-04-19 01:09:26] O:23976.25 H:23988.25 L:23970.05 C:23980.60 -> spinning_top
[2026-04-19 01:09:26] O:23980.25 H:23982.55 L:23953.80 C:23982.55 -> doji
[2026-04-19 01:09:26] O:23982.70 H:23988.55 L:23976.65 C:23982.45 -> doji
[2026-04-19 01:09:26] O:23982.40 H:23995.40 L:23979.00 C:23992.30 -> no_pattern
[2026-04-19 01:09:26] O:23992.30 H:23998.20 L:23984.95 C:23997.55 -> no_pattern
[2026-04-19 01:09:26] O:23997.40 H:24012.25 L:23996.70 C:24012.25 -> marubozu
[2026-04-19 01:09:26] O:23980.25 H:23982.55 L:23953.80 C:23982.55 -> doji
[2026-04-19 01:09:26] O:23982.70 H:23988.55 L:23976.65 C:23982.45 -> doji
[2026-04-19 01:09:26] O:23982.40 H:23995.40 L:23979.00 C:23992.30 -> no_pattern
[2026-04-19 01:09:26] O:23992.30 H:23998.20 L:23984.95 C:23997.55 -> no_pattern
[2026-04-19 01:09:26] O:23997.40 H:24012.25 L:23996.70 C:24012.25 -> marubozu
[2026-04-19 01:09:26] O:24011.55 H:24019.20 L:24006.60 C:24009.85 -> spinning_top
[2026-04-19 01:09:26] O:24010.05 H:24019.55 L:24008.65 C:24009.05 -> doji
[2026-04-19 01:09:27] O:24009.10 H:24011.00 L:23991.15 C:23998.95 -> no_pattern
[2026-04-19 01:09:27] O:23998.85 H:24005.00 L:23991.75 C:23996.05 -> spinning_top
[2026-04-19 01:09:27] O:24017.40 H:24035.60 L:24010.85 C:24023.95 -> spinning_top
[2026-04-19 01:09:27] O:24023.25 H:24024.60 L:24002.50 C:24019.20 -> pinbar
[2026-04-19 01:09:27] O:24019.95 H:24023.90 L:24001.00 C:24019.85 -> doji
[2026-04-19 01:09:27] O:24019.70 H:24026.10 L:24005.70 C:24006.40 -> no_pattern
[2026-04-19 01:09:27] O:24006.40 H:24017.60 L:24003.55 C:24012.35 -> no_pattern
[2026-04-19 01:09:27] O:24011.95 H:24015.55 L:23994.70 C:23995.35 -> no_pattern
[2026-04-19 01:09:27] O:23994.75 H:24007.35 L:23991.65 C:23991.80 -> shooting_star
[2026-04-19 01:09:27] O:23991.65 H:23994.80 L:23984.75 C:23985.70 -> no_pattern
[2026-04-19 01:09:27] O:23985.30 H:23988.25 L:23972.30 C:23986.70 -> doji
[2026-04-19 01:09:27] O:23986.60 H:24010.40 L:23986.60 C:24003.10 -> no_pattern
[2026-04-19 01:09:27] O:24002.30 H:24004.30 L:23993.95 C:23999.40 -> no_pattern
[2026-04-19 01:09:27] O:23999.80 H:24012.95 L:23996.15 C:24012.95 -> no_pattern
[2026-04-19 01:09:27] O:24012.60 H:24021.35 L:24010.10 C:24013.30 -> doji
[2026-04-19 01:09:27] O:24012.05 H:24015.35 L:23986.10 C:23986.15 -> no_pattern
[2026-04-19 01:09:27] O:23986.05 H:24001.20 L:23985.15 C:23999.65 -> no_pattern
[2026-04-19 01:09:27] O:23999.55 H:24005.25 L:23990.80 C:24002.95 -> pinbar
[2026-04-19 01:09:27] O:24002.10 H:24003.95 L:23971.30 C:23981.85 -> no_pattern
[2026-04-19 01:09:27] O:23982.55 H:24007.40 L:23982.40 C:24004.60 -> no_pattern
[2026-04-19 01:09:27] O:24004.30 H:24006.70 L:23980.10 C:23987.25 -> no_pattern
[2026-04-19 01:09:27] O:23987.35 H:24000.85 L:23971.90 C:23975.95 -> no_pattern
[2026-04-19 01:09:27] O:23976.25 H:23988.25 L:23970.05 C:23980.60 -> spinning_top
[2026-04-19 01:09:27] O:23980.25 H:23982.55 L:23953.80 C:23982.55 -> doji
[2026-04-19 01:09:27] O:23982.70 H:23988.55 L:23976.65 C:23982.45 -> doji
[2026-04-19 01:09:27] O:23982.40 H:23995.40 L:23979.00 C:23992.30 -> no_pattern
[2026-04-19 01:09:27] O:23992.30 H:23998.20 L:23984.95 C:23997.55 -> no_pattern
[2026-04-19 01:09:27] O:23997.40 H:24012.25 L:23996.70 C:24012.25 -> marubozu
[2026-04-19 01:09:27] O:24011.55 H:24019.20 L:24006.60 C:24009.85 -> spinning_top
[2026-04-19 01:09:27] O:24010.05 H:24019.55 L:24008.65 C:24009.05 -> doji
[2026-04-19 01:09:27] O:24009.10 H:24011.00 L:23991.15 C:23998.95 -> no_pattern
[2026-04-19 01:09:27] O:23998.85 H:24005.00 L:23991.75 C:23996.05 -> spinning_top
[2026-04-19 01:09:27] O:23995.65 H:24032.60 L:23994.70 C:24016.00 -> no_pattern
[2026-04-19 01:09:27] O:24015.30 H:24016.95 L:23994.75 C:24009.05 -> pinbar
[2026-04-19 01:09:27] O:24008.85 H:24016.80 L:23995.30 C:23998.25 -> no_pattern
[2026-04-19 01:09:27] O:23996.00 H:24020.45 L:23996.00 C:24012.30 -> no_pattern
[2026-04-19 01:09:27] O:24011.75 H:24022.00 L:24007.35 C:24013.15 -> doji
[2026-04-19 01:09:27] O:23995.65 H:24032.60 L:23994.70 C:24016.00 -> no_pattern
[2026-04-19 01:09:27] O:24015.30 H:24016.95 L:23994.75 C:24009.05 -> pinbar
[2026-04-19 01:09:27] O:24008.85 H:24016.80 L:23995.30 C:23998.25 -> no_pattern
[2026-04-19 01:09:27] O:23996.00 H:24020.45 L:23996.00 C:24012.30 -> no_pattern
[2026-04-19 01:09:27] O:24011.75 H:24022.00 L:24007.35 C:24013.15 -> doji
[2026-04-19 01:09:27] O:24013.25 H:24016.90 L:24001.10 C:24004.70 -> no_pattern
[2026-04-19 01:09:27] O:24003.85 H:24018.95 L:23996.05 C:23997.70 -> shooting_star
[2026-04-19 01:09:27] O:23996.70 H:24011.85 L:23986.15 C:24000.75 -> spinning_top
[2026-04-19 01:09:27] O:24000.60 H:24006.20 L:23993.25 C:24006.20 -> no_pattern
[2026-04-19 01:09:27] O:24005.25 H:24014.95 L:24003.70 C:24010.25 -> no_pattern
[2026-04-19 01:09:27] O:24010.55 H:24018.55 L:24007.35 C:24016.60 -> no_pattern
[2026-04-19 01:09:27] O:24016.60 H:24021.75 L:24012.40 C:24016.85 -> doji
[2026-04-19 01:09:27] O:23996.70 H:24011.85 L:23986.15 C:24000.75 -> spinning_top
[2026-04-19 01:09:27] O:24000.60 H:24006.20 L:23993.25 C:24006.20 -> no_pattern
[2026-04-19 01:09:27] O:24005.25 H:24014.95 L:24003.70 C:24010.25 -> no_pattern
[2026-04-19 01:09:27] O:24010.55 H:24018.55 L:24007.35 C:24016.60 -> no_pattern
[2026-04-19 01:09:27] O:24016.60 H:24021.75 L:24012.40 C:24016.85 -> doji
[2026-04-19 01:09:27] O:24017.05 H:24017.60 L:23999.35 C:24002.55 -> no_pattern
[2026-04-19 01:09:27] O:24003.15 H:24010.75 L:24000.35 C:24001.05 -> shooting_star
[2026-04-19 01:09:27] O:24000.75 H:24004.00 L:23996.85 C:24002.15 -> spinning_top
[2026-04-19 01:09:27] O:24002.60 H:24009.40 L:23996.00 C:24007.85 -> no_pattern
[2026-04-19 01:09:27] O:24016.60 H:24021.75 L:24012.40 C:24016.85 -> doji
[2026-04-19 01:09:27] O:24017.05 H:24017.60 L:23999.35 C:24002.55 -> no_pattern
[2026-04-19 01:09:27] O:24003.15 H:24010.75 L:24000.35 C:24001.05 -> shooting_star
[2026-04-19 01:09:27] O:24000.75 H:24004.00 L:23996.85 C:24002.15 -> spinning_top
[2026-04-19 01:09:27] O:24002.60 H:24009.40 L:23996.00 C:24007.85 -> no_pattern
[2026-04-19 01:09:27] O:24007.30 H:24009.90 L:24000.45 C:24006.15 -> spinning_top
[2026-04-19 01:09:27] O:24006.05 H:24016.50 L:24003.60 C:24004.25 -> shooting_star
[2026-04-19 01:09:27] O:24004.10 H:24010.00 L:23999.15 C:24006.70 -> spinning_top
[2026-04-19 01:09:27] O:23980.25 H:23982.55 L:23953.80 C:23982.55 -> doji
[2026-04-19 01:09:27] O:23982.70 H:23988.55 L:23976.65 C:23982.45 -> doji
[2026-04-19 01:09:27] O:23982.40 H:23995.40 L:23979.00 C:23992.30 -> no_pattern
[2026-04-19 01:09:27] O:23992.30 H:23998.20 L:23984.95 C:23997.55 -> no_pattern
[2026-04-19 01:09:27] O:23997.40 H:24012.25 L:23996.70 C:24012.25 -> marubozu
[2026-04-19 01:09:27] O:24011.55 H:24019.20 L:24006.60 C:24009.85 -> spinning_top
[2026-04-19 01:09:27] O:24010.05 H:24019.55 L:24008.65 C:24009.05 -> doji
[2026-04-19 01:09:27] O:24009.10 H:24011.00 L:23991.15 C:23998.95 -> no_pattern
[2026-04-19 01:09:27] O:23998.85 H:24005.00 L:23991.75 C:23996.05 -> spinning_top
[2026-04-19 01:09:27] O:23995.65 H:24032.60 L:23994.70 C:24016.00 -> no_pattern
[2026-04-19 01:09:27] O:24015.30 H:24016.95 L:23994.75 C:24009.05 -> pinbar
[2026-04-19 01:09:27] O:24008.85 H:24016.80 L:23995.30 C:23998.25 -> no_pattern
[2026-04-19 01:09:27] O:23996.00 H:24020.45 L:23996.00 C:24012.30 -> no_pattern
[2026-04-19 01:09:27] O:24011.75 H:24022.00 L:24007.35 C:24013.15 -> doji
[2026-04-19 01:09:27] O:24013.25 H:24016.90 L:24001.10 C:24004.70 -> no_pattern
[2026-04-19 01:09:27] O:24003.85 H:24018.95 L:23996.05 C:23997.70 -> shooting_star
[2026-04-19 01:09:27] O:23996.70 H:24011.85 L:23986.15 C:24000.75 -> spinning_top
[2026-04-19 01:09:27] O:24000.60 H:24006.20 L:23993.25 C:24006.20 -> no_pattern
[2026-04-19 01:09:27] O:24005.25 H:24014.95 L:24003.70 C:24010.25 -> no_pattern
[2026-04-19 01:09:27] O:24010.55 H:24018.55 L:24007.35 C:24016.60 -> no_pattern
[2026-04-19 01:09:27] O:24016.60 H:24021.75 L:24012.40 C:24016.85 -> doji
[2026-04-19 01:09:27] O:24017.05 H:24017.60 L:23999.35 C:24002.55 -> no_pattern
[2026-04-19 01:09:27] O:24003.15 H:24010.75 L:24000.35 C:24001.05 -> shooting_star
[2026-04-19 01:09:27] O:24000.75 H:24004.00 L:23996.85 C:24002.15 -> spinning_top
[2026-04-19 01:09:27] O:24002.60 H:24009.40 L:23996.00 C:24007.85 -> no_pattern
[2026-04-19 01:09:27] O:24007.30 H:24009.90 L:24000.45 C:24006.15 -> spinning_top
[2026-04-19 01:09:27] O:24006.05 H:24016.50 L:24003.60 C:24004.25 -> shooting_star
[2026-04-19 01:09:27] O:24004.10 H:24010.00 L:23999.15 C:24006.70 -> spinning_top
[2026-04-19 01:09:27] O:24007.80 H:24025.70 L:24006.50 C:24022.60 -> no_pattern
[2026-04-19 01:09:27] O:24022.35 H:24030.25 L:24020.15 C:24024.35 -> spinning_top
[2026-04-19 01:09:28] O:24024.80 H:24027.80 L:24004.55 C:24005.80 -> no_pattern
[2026-04-19 01:09:28] O:24005.75 H:24021.85 L:24002.35 C:24018.60 -> no_pattern
[2026-04-19 01:09:28] O:24017.40 H:24035.60 L:24010.85 C:24023.95 -> spinning_top
[2026-04-19 01:09:28] O:24023.25 H:24024.60 L:24002.50 C:24019.20 -> pinbar
[2026-04-19 01:09:28] O:24019.95 H:24023.90 L:24001.00 C:24019.85 -> doji
[2026-04-19 01:09:28] O:24019.70 H:24026.10 L:24005.70 C:24006.40 -> no_pattern
[2026-04-19 01:09:28] O:24006.40 H:24017.60 L:24003.55 C:24012.35 -> no_pattern
[2026-04-19 01:09:28] O:24011.95 H:24015.55 L:23994.70 C:23995.35 -> no_pattern
[2026-04-19 01:09:28] O:23994.75 H:24007.35 L:23991.65 C:23991.80 -> shooting_star
[2026-04-19 01:09:28] O:23991.65 H:23994.80 L:23984.75 C:23985.70 -> no_pattern
[2026-04-19 01:09:28] O:23985.30 H:23988.25 L:23972.30 C:23986.70 -> doji
[2026-04-19 01:09:28] O:23986.60 H:24010.40 L:23986.60 C:24003.10 -> no_pattern
[2026-04-19 01:09:28] O:24002.30 H:24004.30 L:23993.95 C:23999.40 -> no_pattern
[2026-04-19 01:09:28] O:23999.80 H:24012.95 L:23996.15 C:24012.95 -> no_pattern
[2026-04-19 01:09:28] O:24012.60 H:24021.35 L:24010.10 C:24013.30 -> doji
[2026-04-19 01:09:28] O:24012.05 H:24015.35 L:23986.10 C:23986.15 -> no_pattern
[2026-04-19 01:09:28] O:23986.05 H:24001.20 L:23985.15 C:23999.65 -> no_pattern
[2026-04-19 01:09:28] O:23999.55 H:24005.25 L:23990.80 C:24002.95 -> pinbar
[2026-04-19 01:09:28] O:24002.10 H:24003.95 L:23971.30 C:23981.85 -> no_pattern
[2026-04-19 01:09:28] O:23982.55 H:24007.40 L:23982.40 C:24004.60 -> no_pattern
[2026-04-19 01:09:28] O:24004.30 H:24006.70 L:23980.10 C:23987.25 -> no_pattern
[2026-04-19 01:09:28] O:23987.35 H:24000.85 L:23971.90 C:23975.95 -> no_pattern
[2026-04-19 01:09:28] O:23976.25 H:23988.25 L:23970.05 C:23980.60 -> spinning_top
[2026-04-19 01:09:28] O:23980.25 H:23982.55 L:23953.80 C:23982.55 -> doji
[2026-04-19 01:09:28] O:23982.70 H:23988.55 L:23976.65 C:23982.45 -> doji
[2026-04-19 01:09:28] O:23982.40 H:23995.40 L:23979.00 C:23992.30 -> no_pattern
[2026-04-19 01:09:28] O:23992.30 H:23998.20 L:23984.95 C:23997.55 -> no_pattern
[2026-04-19 01:09:28] O:23997.40 H:24012.25 L:23996.70 C:24012.25 -> marubozu
[2026-04-19 01:09:28] O:24011.55 H:24019.20 L:24006.60 C:24009.85 -> spinning_top
[2026-04-19 01:09:28] O:24010.05 H:24019.55 L:24008.65 C:24009.05 -> doji
[2026-04-19 01:09:28] O:24009.10 H:24011.00 L:23991.15 C:23998.95 -> no_pattern
[2026-04-19 01:09:28] O:23998.85 H:24005.00 L:23991.75 C:23996.05 -> spinning_top
[2026-04-19 01:09:28] O:23995.65 H:24032.60 L:23994.70 C:24016.00 -> no_pattern
[2026-04-19 01:09:28] O:24015.30 H:24016.95 L:23994.75 C:24009.05 -> pinbar
[2026-04-19 01:09:28] O:24008.85 H:24016.80 L:23995.30 C:23998.25 -> no_pattern
[2026-04-19 01:09:28] O:23996.00 H:24020.45 L:23996.00 C:24012.30 -> no_pattern
[2026-04-19 01:09:28] O:24011.75 H:24022.00 L:24007.35 C:24013.15 -> doji
[2026-04-19 01:09:28] O:24013.25 H:24016.90 L:24001.10 C:24004.70 -> no_pattern
[2026-04-19 01:09:28] O:24003.85 H:24018.95 L:23996.05 C:23997.70 -> shooting_star
[2026-04-19 01:09:28] O:23996.70 H:24011.85 L:23986.15 C:24000.75 -> spinning_top
[2026-04-19 01:09:28] O:24000.60 H:24006.20 L:23993.25 C:24006.20 -> no_pattern
[2026-04-19 01:09:28] O:24005.25 H:24014.95 L:24003.70 C:24010.25 -> no_pattern
[2026-04-19 01:09:28] O:24010.55 H:24018.55 L:24007.35 C:24016.60 -> no_pattern
[2026-04-19 01:09:28] O:24016.60 H:24021.75 L:24012.40 C:24016.85 -> doji
[2026-04-19 01:09:28] O:24017.05 H:24017.60 L:23999.35 C:24002.55 -> no_pattern
[2026-04-19 01:09:28] O:24003.15 H:24010.75 L:24000.35 C:24001.05 -> shooting_star
[2026-04-19 01:09:28] O:24000.75 H:24004.00 L:23996.85 C:24002.15 -> spinning_top
[2026-04-19 01:09:28] O:24002.60 H:24009.40 L:23996.00 C:24007.85 -> no_pattern
[2026-04-19 01:09:28] O:24007.30 H:24009.90 L:24000.45 C:24006.15 -> spinning_top
[2026-04-19 01:09:28] O:24006.05 H:24016.50 L:24003.60 C:24004.25 -> shooting_star
[2026-04-19 01:09:28] O:24004.10 H:24010.00 L:23999.15 C:24006.70 -> spinning_top
[2026-04-19 01:09:28] O:24007.80 H:24025.70 L:24006.50 C:24022.60 -> no_pattern
[2026-04-19 01:09:28] O:24022.35 H:24030.25 L:24020.15 C:24024.35 -> spinning_top
[2026-04-19 01:09:28] O:24024.80 H:24027.80 L:24004.55 C:24005.80 -> no_pattern
[2026-04-19 01:09:28] O:24005.75 H:24021.85 L:24002.35 C:24018.60 -> no_pattern
[2026-04-19 01:09:28] O:24018.60 H:24034.80 L:24016.60 C:24034.40 -> no_pattern
[2026-04-19 01:09:28] O:24034.30 H:24047.85 L:24030.75 C:24031.85 -> shooting_star
[2026-04-19 01:09:28] O:24031.65 H:24037.60 L:24026.70 C:24034.55 -> spinning_top
[2026-04-19 01:09:28] O:24034.65 H:24036.90 L:24025.45 C:24030.00 -> no_pattern
[2026-04-19 01:09:28] O:24030.30 H:24046.50 L:23998.45 C:24020.10 -> spinning_top
[2026-04-19 01:09:28] O:24020.40 H:24021.80 L:23938.60 C:23995.20 -> pinbar
[2026-04-19 01:09:28] O:24034.30 H:24047.85 L:24030.75 C:24031.85 -> shooting_star
[2026-04-19 01:09:28] O:24031.65 H:24037.60 L:24026.70 C:24034.55 -> spinning_top
[2026-04-19 01:09:28] O:24034.65 H:24036.90 L:24025.45 C:24030.00 -> no_pattern
[2026-04-19 01:09:28] O:24030.30 H:24046.50 L:23998.45 C:24020.10 -> spinning_top
[2026-04-19 01:09:28] O:24020.40 H:24021.80 L:23938.60 C:23995.20 -> pinbar
[2026-04-19 01:09:28] O:23994.60 H:24010.60 L:23986.35 C:23990.40 -> shooting_star
[2026-04-19 01:09:28] O:23990.20 H:23990.95 L:23949.30 C:23965.00 -> no_pattern
[2026-04-19 01:09:28] O:23965.70 H:23979.35 L:23947.90 C:23978.20 -> no_pattern
[2026-04-19 01:09:28] O:23979.00 H:23989.90 L:23964.50 C:23964.50 -> no_pattern
[2026-04-19 01:09:28] O:24020.40 H:24021.80 L:23938.60 C:23995.20 -> pinbar
[2026-04-19 01:09:28] O:23994.60 H:24010.60 L:23986.35 C:23990.40 -> shooting_star
[2026-04-19 01:09:28] O:23990.20 H:23990.95 L:23949.30 C:23965.00 -> no_pattern
[2026-04-19 01:09:28] O:23965.70 H:23979.35 L:23947.90 C:23978.20 -> no_pattern
[2026-04-19 01:09:28] O:23979.00 H:23989.90 L:23964.50 C:23964.50 -> no_pattern
[2026-04-19 01:09:28] O:23962.85 H:23971.10 L:23947.25 C:23970.05 -> pinbar
[2026-04-19 01:09:28] O:23970.15 H:23988.35 L:23968.95 C:23986.35 -> no_pattern
[2026-04-19 01:09:28] O:23985.85 H:23993.45 L:23962.85 C:23968.25 -> no_pattern
[2026-04-19 01:09:28] O:23967.45 H:24005.50 L:23956.75 C:23994.80 -> no_pattern
[2026-04-19 01:09:28] O:23993.15 H:24006.15 L:23991.20 C:23994.85 -> spinning_top
[2026-04-19 01:09:28] O:23995.00 H:24005.65 L:23995.00 C:24003.90 -> no_pattern
[2026-04-19 01:09:28] O:24004.15 H:24024.55 L:23993.55 C:24020.95 -> no_pattern
[2026-04-19 01:09:28] O:24021.00 H:24057.10 L:24020.85 C:24047.50 -> no_pattern
[2026-04-19 01:09:28] O:24045.75 H:24067.45 L:24044.15 C:24067.45 -> no_pattern
[2026-04-19 01:09:28] O:24066.20 H:24073.80 L:24057.20 C:24057.50 -> no_pattern
[2026-04-19 01:09:28] O:24058.10 H:24061.45 L:24045.90 C:24059.30 -> doji
[2026-04-19 01:09:28] O:24059.20 H:24061.40 L:24049.65 C:24059.25 -> doji
[2026-04-19 01:09:28] O:24058.90 H:24061.05 L:24049.65 C:24056.30 -> pinbar
[2026-04-19 01:09:28] O:24056.55 H:24063.45 L:24046.20 C:24051.80 -> spinning_top
[2026-04-19 01:09:28] O:24066.20 H:24073.80 L:24057.20 C:24057.50 -> no_pattern
[2026-04-19 01:09:28] O:24058.10 H:24061.45 L:24045.90 C:24059.30 -> doji
[2026-04-19 01:09:28] O:24059.20 H:24061.40 L:24049.65 C:24059.25 -> doji
[2026-04-19 01:09:28] O:24058.90 H:24061.05 L:24049.65 C:24056.30 -> pinbar
[2026-04-19 01:09:28] O:24056.55 H:24063.45 L:24046.20 C:24051.80 -> spinning_top
[2026-04-19 01:09:29] O:23619.05 H:23693.70 L:23556.15 C:23569.80 -> no_pattern
[2026-04-19 01:09:29] O:23568.80 H:23590.30 L:23568.80 C:23580.35 -> no_pattern
[2026-04-19 01:09:29] O:23580.15 H:23604.70 L:23576.15 C:23598.75 -> no_pattern
[2026-04-19 01:09:29] O:23595.25 H:23609.85 L:23583.00 C:23590.35 -> spinning_top
[2026-04-19 01:09:29] O:23590.70 H:23618.80 L:23586.90 C:23615.55 -> no_pattern
[2026-04-19 01:09:29] O:23619.05 H:23693.70 L:23556.15 C:23569.80 -> no_pattern
[2026-04-19 01:09:29] O:23568.80 H:23590.30 L:23568.80 C:23580.35 -> no_pattern
[2026-04-19 01:09:29] O:23580.15 H:23604.70 L:23576.15 C:23598.75 -> no_pattern
[2026-04-19 01:09:29] O:23595.25 H:23609.85 L:23583.00 C:23590.35 -> spinning_top
[2026-04-19 01:09:29] O:23590.70 H:23618.80 L:23586.90 C:23615.55 -> no_pattern
[2026-04-19 01:09:29] O:23615.65 H:23615.65 L:23580.35 C:23592.10 -> no_pattern
[2026-04-19 01:09:29] O:23590.95 H:23644.00 L:23586.20 C:23627.85 -> no_pattern
[2026-04-19 01:09:29] O:23627.75 H:23639.20 L:23615.90 C:23629.95 -> doji
[2026-04-19 01:09:29] O:23630.50 H:23640.35 L:23612.45 C:23634.70 -> spinning_top
[2026-04-19 01:09:29] O:23635.05 H:23657.05 L:23627.90 C:23642.75 -> no_pattern
[2026-04-19 01:09:29] O:23643.80 H:23680.40 L:23642.15 C:23669.70 -> no_pattern
[2026-04-19 01:09:29] O:23670.30 H:23679.00 L:23653.15 C:23672.50 -> doji
[2026-04-19 01:09:29] O:23673.50 H:23679.65 L:23655.55 C:23662.90 -> no_pattern
[2026-04-19 01:09:29] O:23662.90 H:23678.35 L:23657.65 C:23671.80 -> no_pattern
[2026-04-19 01:09:29] O:23670.25 H:23682.65 L:23653.85 C:23660.05 -> no_pattern
[2026-04-19 01:09:29] O:23655.50 H:23661.35 L:23634.05 C:23661.35 -> pinbar
[2026-04-19 01:09:29] O:23662.05 H:23718.35 L:23658.85 C:23718.35 -> no_pattern
[2026-04-19 01:09:29] O:23717.60 H:23720.95 L:23702.75 C:23715.80 -> doji
[2026-04-19 01:09:29] O:23716.15 H:23732.05 L:23716.15 C:23725.90 -> no_pattern
[2026-04-19 01:09:29] O:23725.90 H:23726.05 L:23705.75 C:23715.80 -> no_pattern
[2026-04-19 01:09:29] O:23715.15 H:23719.50 L:23701.55 C:23707.20 -> no_pattern
[2026-04-19 01:09:29] O:23706.15 H:23738.25 L:23696.30 C:23700.85 -> shooting_star
[2026-04-19 01:09:29] O:23700.85 H:23743.90 L:23699.35 C:23743.40 -> marubozu
[2026-04-19 01:09:29] O:23742.40 H:23746.70 L:23728.10 C:23741.15 -> doji
[2026-04-19 01:09:29] O:23739.65 H:23753.25 L:23733.25 C:23745.70 -> no_pattern
[2026-04-19 01:09:29] O:23746.40 H:23757.65 L:23741.85 C:23743.25 -> shooting_star
[2026-04-19 01:09:29] O:23742.10 H:23743.25 L:23730.35 C:23736.50 -> no_pattern
[2026-04-19 01:09:29] O:23736.20 H:23749.55 L:23731.35 C:23739.95 -> spinning_top
[2026-04-19 01:09:29] O:23739.35 H:23752.30 L:23736.55 C:23736.90 -> shooting_star
[2026-04-19 01:09:29] O:23736.75 H:23749.80 L:23732.35 C:23743.70 -> no_pattern
[2026-04-19 01:09:29] O:23746.40 H:23757.65 L:23741.85 C:23743.25 -> shooting_star
[2026-04-19 01:09:29] O:23742.10 H:23743.25 L:23730.35 C:23736.50 -> no_pattern
[2026-04-19 01:09:29] O:23736.20 H:23749.55 L:23731.35 C:23739.95 -> spinning_top
[2026-04-19 01:09:29] O:23739.35 H:23752.30 L:23736.55 C:23736.90 -> shooting_star
[2026-04-19 01:09:29] O:23736.75 H:23749.80 L:23732.35 C:23743.70 -> no_pattern
[2026-04-19 01:09:29] O:23743.75 H:23752.00 L:23743.05 C:23748.95 -> no_pattern
[2026-04-19 01:09:29] O:23748.45 H:23756.70 L:23731.10 C:23756.70 -> pinbar
[2026-04-19 01:09:29] O:24066.20 H:24073.80 L:24057.20 C:24057.50 -> no_pattern
[2026-04-19 01:09:29] O:24058.10 H:24061.45 L:24045.90 C:24059.30 -> doji
[2026-04-19 01:09:29] O:24059.20 H:24061.40 L:24049.65 C:24059.25 -> doji
[2026-04-19 01:09:29] O:24058.90 H:24061.05 L:24049.65 C:24056.30 -> pinbar
[2026-04-19 01:09:29] O:24056.55 H:24063.45 L:24046.20 C:24051.80 -> spinning_top
[2026-04-19 01:09:29] O:23619.05 H:23693.70 L:23556.15 C:23569.80 -> no_pattern
[2026-04-19 01:09:29] O:23568.80 H:23590.30 L:23568.80 C:23580.35 -> no_pattern
[2026-04-19 01:09:29] O:23580.15 H:23604.70 L:23576.15 C:23598.75 -> no_pattern
[2026-04-19 01:09:29] O:23595.25 H:23609.85 L:23583.00 C:23590.35 -> spinning_top
[2026-04-19 01:09:29] O:23590.70 H:23618.80 L:23586.90 C:23615.55 -> no_pattern
[2026-04-19 01:09:29] O:23615.65 H:23615.65 L:23580.35 C:23592.10 -> no_pattern
[2026-04-19 01:09:29] O:23590.95 H:23644.00 L:23586.20 C:23627.85 -> no_pattern
[2026-04-19 01:09:29] O:23627.75 H:23639.20 L:23615.90 C:23629.95 -> doji
[2026-04-19 01:09:29] O:23630.50 H:23640.35 L:23612.45 C:23634.70 -> spinning_top
[2026-04-19 01:09:29] O:23635.05 H:23657.05 L:23627.90 C:23642.75 -> no_pattern
[2026-04-19 01:09:29] O:23643.80 H:23680.40 L:23642.15 C:23669.70 -> no_pattern
[2026-04-19 01:09:29] O:23670.30 H:23679.00 L:23653.15 C:23672.50 -> doji
[2026-04-19 01:09:29] O:23673.50 H:23679.65 L:23655.55 C:23662.90 -> no_pattern
[2026-04-19 01:09:29] O:23662.90 H:23678.35 L:23657.65 C:23671.80 -> no_pattern
[2026-04-19 01:09:29] O:23670.25 H:23682.65 L:23653.85 C:23660.05 -> no_pattern
[2026-04-19 01:09:29] O:23655.50 H:23661.35 L:23634.05 C:23661.35 -> pinbar
[2026-04-19 01:09:29] O:23662.05 H:23718.35 L:23658.85 C:23718.35 -> no_pattern
[2026-04-19 01:09:29] O:23717.60 H:23720.95 L:23702.75 C:23715.80 -> doji
[2026-04-19 01:09:29] O:23716.15 H:23732.05 L:23716.15 C:23725.90 -> no_pattern
[2026-04-19 01:09:29] O:23725.90 H:23726.05 L:23705.75 C:23715.80 -> no_pattern
[2026-04-19 01:09:29] O:23715.15 H:23719.50 L:23701.55 C:23707.20 -> no_pattern
[2026-04-19 01:09:29] O:23706.15 H:23738.25 L:23696.30 C:23700.85 -> shooting_star
[2026-04-19 01:09:29] O:23700.85 H:23743.90 L:23699.35 C:23743.40 -> marubozu
[2026-04-19 01:09:29] O:23742.40 H:23746.70 L:23728.10 C:23741.15 -> doji
[2026-04-19 01:09:29] O:23739.65 H:23753.25 L:23733.25 C:23745.70 -> no_pattern
[2026-04-19 01:09:29] O:23746.40 H:23757.65 L:23741.85 C:23743.25 -> shooting_star
[2026-04-19 01:09:29] O:23742.10 H:23743.25 L:23730.35 C:23736.50 -> no_pattern
[2026-04-19 01:09:29] O:23736.20 H:23749.55 L:23731.35 C:23739.95 -> spinning_top
[2026-04-19 01:09:29] O:23739.35 H:23752.30 L:23736.55 C:23736.90 -> shooting_star
[2026-04-19 01:09:29] O:23736.75 H:23749.80 L:23732.35 C:23743.70 -> no_pattern
[2026-04-19 01:09:29] O:23743.75 H:23752.00 L:23743.05 C:23748.95 -> no_pattern
[2026-04-19 01:09:29] O:23748.45 H:23756.70 L:23731.10 C:23756.70 -> pinbar
[2026-04-19 01:09:29] O:23756.25 H:23762.75 L:23741.85 C:23752.25 -> spinning_top
[2026-04-19 01:09:29] O:23751.70 H:23752.10 L:23740.10 C:23746.35 -> no_pattern
[2026-04-19 01:09:29] O:23746.55 H:23751.35 L:23729.40 C:23738.10 -> no_pattern
[2026-04-19 01:09:29] O:23738.25 H:23769.05 L:23738.25 C:23766.65 -> no_pattern
[2026-04-19 01:09:29] O:23765.80 H:23772.10 L:23752.00 C:23752.10 -> no_pattern
[2026-04-19 01:09:29] O:23751.60 H:23764.85 L:23750.75 C:23760.40 -> no_pattern
[2026-04-19 01:09:29] O:23759.95 H:23797.15 L:23758.05 C:23797.15 -> marubozu
[2026-04-19 01:09:29] O:23797.90 H:23799.90 L:23780.05 C:23798.30 -> doji
[2026-04-19 01:09:30] O:23798.30 H:23810.80 L:23791.00 C:23793.75 -> shooting_star
[2026-04-19 01:09:30] O:23794.35 H:23794.90 L:23785.20 C:23788.50 -> no_pattern
[2026-04-19 01:09:30] O:23788.70 H:23805.85 L:23786.25 C:23804.95 -> no_pattern
[2026-04-19 01:09:30] O:23805.10 H:23809.30 L:23795.70 C:23807.80 -> pinbar
[2026-04-19 01:09:30] O:23808.20 H:23816.10 L:23795.75 C:23814.60 -> no_pattern
[2026-04-19 01:09:30] O:23814.70 H:23818.70 L:23804.35 C:23808.20 -> no_pattern
[2026-04-19 01:09:30] O:23808.45 H:23822.60 L:23797.05 C:23797.05 -> no_pattern
[2026-04-19 01:09:30] O:23797.45 H:23826.90 L:23796.00 C:23825.75 -> marubozu
[2026-04-19 01:09:30] O:23827.30 H:23841.05 L:23822.00 C:23834.90 -> no_pattern
[2026-04-19 01:09:30] O:23834.05 H:23839.65 L:23823.00 C:23825.60 -> no_pattern
[2026-04-19 01:09:30] O:23827.10 H:23843.95 L:23821.50 C:23840.75 -> no_pattern
[2026-04-19 01:09:30] O:23841.45 H:23847.10 L:23825.00 C:23841.05 -> doji
[2026-04-19 01:09:30] O:23841.25 H:23842.90 L:23824.30 C:23825.55 -> no_pattern
[2026-04-19 01:09:30] O:23824.70 H:23843.90 L:23824.70 C:23840.70 -> no_pattern
[2026-04-19 01:09:30] O:23840.40 H:23845.70 L:23821.15 C:23822.15 -> no_pattern
[2026-04-19 01:09:30] O:23822.10 H:23825.15 L:23780.90 C:23817.65 -> pinbar
[2026-04-19 01:09:30] O:23841.45 H:23847.10 L:23825.00 C:23841.05 -> doji
[2026-04-19 01:09:30] O:23841.25 H:23842.90 L:23824.30 C:23825.55 -> no_pattern
[2026-04-19 01:09:30] O:23824.70 H:23843.90 L:23824.70 C:23840.70 -> no_pattern
[2026-04-19 01:09:30] O:23840.40 H:23845.70 L:23821.15 C:23822.15 -> no_pattern
[2026-04-19 01:09:30] O:23822.10 H:23825.15 L:23780.90 C:23817.65 -> pinbar
[2026-04-19 01:09:30] O:23817.35 H:23817.35 L:23789.20 C:23789.20 -> marubozu
[2026-04-19 01:09:30] O:23789.25 H:23806.60 L:23771.75 C:23803.90 -> no_pattern
[2026-04-19 01:09:30] O:23804.15 H:23817.95 L:23803.50 C:23804.75 -> doji
[2026-04-19 01:09:30] O:23804.35 H:23822.40 L:23803.40 C:23820.65 -> no_pattern
[2026-04-19 01:09:30] O:23821.25 H:23830.40 L:23805.25 C:23823.45 -> doji
[2026-04-19 01:09:30] O:23823.00 H:23839.80 L:23823.00 C:23825.65 -> shooting_star
[2026-04-19 01:09:30] O:23789.25 H:23806.60 L:23771.75 C:23803.90 -> no_pattern
[2026-04-19 01:09:30] O:23804.15 H:23817.95 L:23803.50 C:23804.75 -> doji
[2026-04-19 01:09:30] O:23804.35 H:23822.40 L:23803.40 C:23820.65 -> no_pattern
[2026-04-19 01:09:30] O:23821.25 H:23830.40 L:23805.25 C:23823.45 -> doji
[2026-04-19 01:09:30] O:23823.00 H:23839.80 L:23823.00 C:23825.65 -> shooting_star
[2026-04-19 01:09:30] O:23825.35 H:23831.25 L:23817.85 C:23817.90 -> no_pattern
[2026-04-19 01:09:30] O:23819.05 H:23831.70 L:23815.45 C:23827.85 -> no_pattern
[2026-04-19 01:09:30] O:24066.20 H:24073.80 L:24057.20 C:24057.50 -> no_pattern
[2026-04-19 01:09:30] O:24058.10 H:24061.45 L:24045.90 C:24059.30 -> doji
[2026-04-19 01:09:30] O:24059.20 H:24061.40 L:24049.65 C:24059.25 -> doji
[2026-04-19 01:09:30] O:24058.90 H:24061.05 L:24049.65 C:24056.30 -> pinbar
[2026-04-19 01:09:30] O:24056.55 H:24063.45 L:24046.20 C:24051.80 -> spinning_top
[2026-04-19 01:09:30] O:23619.05 H:23693.70 L:23556.15 C:23569.80 -> no_pattern
[2026-04-19 01:09:30] O:23568.80 H:23590.30 L:23568.80 C:23580.35 -> no_pattern
[2026-04-19 01:09:30] O:23580.15 H:23604.70 L:23576.15 C:23598.75 -> no_pattern
[2026-04-19 01:09:30] O:23595.25 H:23609.85 L:23583.00 C:23590.35 -> spinning_top
[2026-04-19 01:09:30] O:23590.70 H:23618.80 L:23586.90 C:23615.55 -> no_pattern
[2026-04-19 01:09:30] O:23615.65 H:23615.65 L:23580.35 C:23592.10 -> no_pattern
[2026-04-19 01:09:30] O:23590.95 H:23644.00 L:23586.20 C:23627.85 -> no_pattern
[2026-04-19 01:09:30] O:23627.75 H:23639.20 L:23615.90 C:23629.95 -> doji
[2026-04-19 01:09:30] O:23630.50 H:23640.35 L:23612.45 C:23634.70 -> spinning_top
[2026-04-19 01:09:30] O:23635.05 H:23657.05 L:23627.90 C:23642.75 -> no_pattern
[2026-04-19 01:09:30] O:23643.80 H:23680.40 L:23642.15 C:23669.70 -> no_pattern
[2026-04-19 01:09:30] O:23670.30 H:23679.00 L:23653.15 C:23672.50 -> doji
[2026-04-19 01:09:30] O:23673.50 H:23679.65 L:23655.55 C:23662.90 -> no_pattern
[2026-04-19 01:09:30] O:23662.90 H:23678.35 L:23657.65 C:23671.80 -> no_pattern
[2026-04-19 01:09:30] O:23670.25 H:23682.65 L:23653.85 C:23660.05 -> no_pattern
[2026-04-19 01:09:30] O:23655.50 H:23661.35 L:23634.05 C:23661.35 -> pinbar
[2026-04-19 01:09:30] O:23662.05 H:23718.35 L:23658.85 C:23718.35 -> no_pattern
[2026-04-19 01:09:30] O:23717.60 H:23720.95 L:23702.75 C:23715.80 -> doji
[2026-04-19 01:09:30] O:23716.15 H:23732.05 L:23716.15 C:23725.90 -> no_pattern
[2026-04-19 01:09:30] O:23725.90 H:23726.05 L:23705.75 C:23715.80 -> no_pattern
[2026-04-19 01:09:30] O:23715.15 H:23719.50 L:23701.55 C:23707.20 -> no_pattern
[2026-04-19 01:09:30] O:23706.15 H:23738.25 L:23696.30 C:23700.85 -> shooting_star
[2026-04-19 01:09:30] O:23700.85 H:23743.90 L:23699.35 C:23743.40 -> marubozu
[2026-04-19 01:09:30] O:23742.40 H:23746.70 L:23728.10 C:23741.15 -> doji
[2026-04-19 01:09:30] O:23739.65 H:23753.25 L:23733.25 C:23745.70 -> no_pattern
[2026-04-19 01:09:30] O:23746.40 H:23757.65 L:23741.85 C:23743.25 -> shooting_star
[2026-04-19 01:09:30] O:23742.10 H:23743.25 L:23730.35 C:23736.50 -> no_pattern
[2026-04-19 01:09:30] O:23736.20 H:23749.55 L:23731.35 C:23739.95 -> spinning_top
[2026-04-19 01:09:30] O:23739.35 H:23752.30 L:23736.55 C:23736.90 -> shooting_star
[2026-04-19 01:09:30] O:23736.75 H:23749.80 L:23732.35 C:23743.70 -> no_pattern
[2026-04-19 01:09:30] O:23743.75 H:23752.00 L:23743.05 C:23748.95 -> no_pattern
[2026-04-19 01:09:30] O:23748.45 H:23756.70 L:23731.10 C:23756.70 -> pinbar
[2026-04-19 01:09:30] O:23756.25 H:23762.75 L:23741.85 C:23752.25 -> spinning_top
[2026-04-19 01:09:30] O:23751.70 H:23752.10 L:23740.10 C:23746.35 -> no_pattern
[2026-04-19 01:09:30] O:23746.55 H:23751.35 L:23729.40 C:23738.10 -> no_pattern
[2026-04-19 01:09:30] O:23738.25 H:23769.05 L:23738.25 C:23766.65 -> no_pattern
[2026-04-19 01:09:30] O:23765.80 H:23772.10 L:23752.00 C:23752.10 -> no_pattern
[2026-04-19 01:09:30] O:23751.60 H:23764.85 L:23750.75 C:23760.40 -> no_pattern
[2026-04-19 01:09:30] O:23759.95 H:23797.15 L:23758.05 C:23797.15 -> marubozu
[2026-04-19 01:09:30] O:23797.90 H:23799.90 L:23780.05 C:23798.30 -> doji
[2026-04-19 01:09:30] O:23798.30 H:23810.80 L:23791.00 C:23793.75 -> shooting_star
[2026-04-19 01:09:30] O:23794.35 H:23794.90 L:23785.20 C:23788.50 -> no_pattern
[2026-04-19 01:09:30] O:23788.70 H:23805.85 L:23786.25 C:23804.95 -> no_pattern
[2026-04-19 01:09:30] O:23805.10 H:23809.30 L:23795.70 C:23807.80 -> pinbar
[2026-04-19 01:09:30] O:23808.20 H:23816.10 L:23795.75 C:23814.60 -> no_pattern
[2026-04-19 01:09:30] O:23814.70 H:23818.70 L:23804.35 C:23808.20 -> no_pattern
[2026-04-19 01:09:30] O:23808.45 H:23822.60 L:23797.05 C:23797.05 -> no_pattern
[2026-04-19 01:09:30] O:23797.45 H:23826.90 L:23796.00 C:23825.75 -> marubozu
[2026-04-19 01:09:30] O:23827.30 H:23841.05 L:23822.00 C:23834.90 -> no_pattern
[2026-04-19 01:09:30] O:23834.05 H:23839.65 L:23823.00 C:23825.60 -> no_pattern
[2026-04-19 01:09:30] O:23827.10 H:23843.95 L:23821.50 C:23840.75 -> no_pattern
[2026-04-19 01:09:30] O:23841.45 H:23847.10 L:23825.00 C:23841.05 -> doji
[2026-04-19 01:09:30] O:23841.25 H:23842.90 L:23824.30 C:23825.55 -> no_pattern
[2026-04-19 01:09:30] O:23824.70 H:23843.90 L:23824.70 C:23840.70 -> no_pattern
[2026-04-19 01:09:30] O:23840.40 H:23845.70 L:23821.15 C:23822.15 -> no_pattern
[2026-04-19 01:09:30] O:23822.10 H:23825.15 L:23780.90 C:23817.65 -> pinbar
[2026-04-19 01:09:30] O:23817.35 H:23817.35 L:23789.20 C:23789.20 -> marubozu
[2026-04-19 01:09:30] O:23789.25 H:23806.60 L:23771.75 C:23803.90 -> no_pattern
[2026-04-19 01:09:30] O:23804.15 H:23817.95 L:23803.50 C:23804.75 -> doji
[2026-04-19 01:09:30] O:23804.35 H:23822.40 L:23803.40 C:23820.65 -> no_pattern
[2026-04-19 01:09:30] O:23821.25 H:23830.40 L:23805.25 C:23823.45 -> doji
[2026-04-19 01:09:30] O:23823.00 H:23839.80 L:23823.00 C:23825.65 -> shooting_star
[2026-04-19 01:09:30] O:23825.35 H:23831.25 L:23817.85 C:23817.90 -> no_pattern
[2026-04-19 01:09:30] O:23819.05 H:23831.70 L:23815.45 C:23827.85 -> no_pattern
[2026-04-19 01:09:31] O:23827.00 H:23853.90 L:23825.60 C:23846.00 -> no_pattern
[2026-04-19 01:09:31] O:23845.95 H:23856.50 L:23839.25 C:23844.30 -> doji
[2026-04-19 01:09:31] O:23843.80 H:23847.30 L:23829.05 C:23830.25 -> no_pattern
[2026-04-19 01:09:31] O:23830.60 H:23844.30 L:23830.60 C:23833.80 -> shooting_star
[2026-04-19 01:09:31] O:23834.55 H:23844.65 L:23832.20 C:23842.20 -> no_pattern
[2026-04-19 01:09:31] O:23841.35 H:23882.55 L:23838.00 C:23881.80 -> no_pattern
[2026-04-19 01:09:31] O:23882.45 H:23905.65 L:23878.45 C:23894.60 -> no_pattern
[2026-04-19 01:09:31] O:23895.25 H:23897.70 L:23884.30 C:23884.65 -> no_pattern
[2026-04-19 01:09:31] O:23884.95 H:23889.15 L:23862.50 C:23863.30 -> no_pattern
[2026-04-19 01:09:31] O:23863.20 H:23873.55 L:23844.10 C:23845.85 -> no_pattern
[2026-04-19 01:09:31] O:23846.90 H:23854.50 L:23835.20 C:23854.50 -> no_pattern
[2026-04-19 01:09:31] O:23882.45 H:23905.65 L:23878.45 C:23894.60 -> no_pattern
[2026-04-19 01:09:31] O:23895.25 H:23897.70 L:23884.30 C:23884.65 -> no_pattern
[2026-04-19 01:09:31] O:23884.95 H:23889.15 L:23862.50 C:23863.30 -> no_pattern
[2026-04-19 01:09:31] O:23863.20 H:23873.55 L:23844.10 C:23845.85 -> no_pattern
[2026-04-19 01:09:31] O:23846.90 H:23854.50 L:23835.20 C:23854.50 -> no_pattern
[2026-04-19 01:09:31] O:23854.75 H:23865.25 L:23834.60 C:23848.85 -> spinning_top
[2026-04-19 01:09:31] O:23848.40 H:23867.90 L:23843.05 C:23866.65 -> no_pattern
[2026-04-19 01:09:31] O:23866.20 H:23877.95 L:23856.20 C:23877.95 -> no_pattern
[2026-04-19 01:09:31] O:23877.30 H:23889.35 L:23865.45 C:23889.05 -> no_pattern
[2026-04-19 01:09:31] O:23888.70 H:23892.75 L:23878.55 C:23881.05 -> no_pattern
[2026-04-19 01:09:31] O:23854.75 H:23865.25 L:23834.60 C:23848.85 -> spinning_top
[2026-04-19 01:09:31] O:23848.40 H:23867.90 L:23843.05 C:23866.65 -> no_pattern
[2026-04-19 01:09:31] O:23866.20 H:23877.95 L:23856.20 C:23877.95 -> no_pattern
[2026-04-19 01:09:31] O:23877.30 H:23889.35 L:23865.45 C:23889.05 -> no_pattern
[2026-04-19 01:09:31] O:23888.70 H:23892.75 L:23878.55 C:23881.05 -> no_pattern
[2026-04-19 01:09:31] O:23881.90 H:23897.45 L:23873.90 C:23891.15 -> no_pattern
[2026-04-19 01:09:31] O:23892.00 H:23893.00 L:23864.20 C:23865.40 -> marubozu
[2026-04-19 01:09:31] O:23865.80 H:23880.90 L:23854.60 C:23872.00 -> spinning_top
[2026-04-19 01:09:31] O:23872.25 H:23888.25 L:23866.45 C:23879.65 -> no_pattern
[2026-04-19 01:09:31] O:23879.45 H:23891.75 L:23870.90 C:23881.80 -> spinning_top
[2026-04-19 01:09:31] O:23881.90 H:23897.45 L:23873.90 C:23891.15 -> no_pattern
[2026-04-19 01:09:31] O:23892.00 H:23893.00 L:23864.20 C:23865.40 -> marubozu
[2026-04-19 01:09:31] O:23865.80 H:23880.90 L:23854.60 C:23872.00 -> spinning_top
[2026-04-19 01:09:31] O:23872.25 H:23888.25 L:23866.45 C:23879.65 -> no_pattern
[2026-04-19 01:09:31] O:23879.45 H:23891.75 L:23870.90 C:23881.80 -> spinning_top
[2026-04-19 01:09:31] O:23882.85 H:23897.40 L:23880.50 C:23894.95 -> no_pattern
[2026-04-19 01:09:31] O:23882.45 H:23905.65 L:23878.45 C:23894.60 -> no_pattern
[2026-04-19 01:09:31] O:23895.25 H:23897.70 L:23884.30 C:23884.65 -> no_pattern
[2026-04-19 01:09:31] O:23884.95 H:23889.15 L:23862.50 C:23863.30 -> no_pattern
[2026-04-19 01:09:31] O:23863.20 H:23873.55 L:23844.10 C:23845.85 -> no_pattern
[2026-04-19 01:09:31] O:23846.90 H:23854.50 L:23835.20 C:23854.50 -> no_pattern
[2026-04-19 01:09:31] O:23854.75 H:23865.25 L:23834.60 C:23848.85 -> spinning_top
[2026-04-19 01:09:31] O:23848.40 H:23867.90 L:23843.05 C:23866.65 -> no_pattern
[2026-04-19 01:09:31] O:23866.20 H:23877.95 L:23856.20 C:23877.95 -> no_pattern
[2026-04-19 01:09:31] O:23877.30 H:23889.35 L:23865.45 C:23889.05 -> no_pattern
[2026-04-19 01:09:31] O:23888.70 H:23892.75 L:23878.55 C:23881.05 -> no_pattern
[2026-04-19 01:09:31] O:23881.90 H:23897.45 L:23873.90 C:23891.15 -> no_pattern
[2026-04-19 01:09:31] O:23892.00 H:23893.00 L:23864.20 C:23865.40 -> marubozu
[2026-04-19 01:09:31] O:23865.80 H:23880.90 L:23854.60 C:23872.00 -> spinning_top
[2026-04-19 01:09:31] O:23872.25 H:23888.25 L:23866.45 C:23879.65 -> no_pattern
[2026-04-19 01:09:31] O:23879.45 H:23891.75 L:23870.90 C:23881.80 -> spinning_top
[2026-04-19 01:09:31] O:23882.85 H:23897.40 L:23880.50 C:23894.95 -> no_pattern
[2026-04-19 01:09:31] O:23895.80 H:23896.35 L:23822.25 C:23871.65 -> pinbar
[2026-04-19 01:09:31] O:23869.05 H:23888.20 L:23824.35 C:23864.15 -> doji
[2026-04-19 01:09:31] O:23864.10 H:23865.00 L:23828.80 C:23838.05 -> no_pattern
[2026-04-19 01:09:31] O:23838.45 H:23857.25 L:23826.40 C:23845.40 -> spinning_top
[2026-04-19 01:09:31] O:23843.65 H:23847.00 L:23822.45 C:23838.25 -> pinbar
[2026-04-19 01:09:31] O:23836.40 H:23839.95 L:23819.35 C:23824.25 -> no_pattern
[2026-04-19 01:09:31] O:23824.25 H:23826.00 L:23816.15 C:23820.55 -> no_pattern
[2026-04-19 01:09:32] O:23819.65 H:23827.80 L:23814.65 C:23818.90 -> doji
[2026-04-19 01:09:32] O:24166.10 H:24266.70 L:24166.10 C:24231.45 -> no_pattern
[2026-04-19 01:09:32] O:24230.30 H:24235.30 L:24211.50 C:24218.45 -> no_pattern
[2026-04-19 01:09:32] O:24217.00 H:24225.75 L:24203.15 C:24207.05 -> no_pattern
[2026-04-19 01:09:32] O:24207.85 H:24210.85 L:24176.35 C:24183.25 -> no_pattern
[2026-04-19 01:09:32] O:24182.55 H:24187.15 L:24164.15 C:24168.90 -> no_pattern
[2026-04-19 01:09:32] O:24166.10 H:24266.70 L:24166.10 C:24231.45 -> no_pattern
[2026-04-19 01:09:32] O:24230.30 H:24235.30 L:24211.50 C:24218.45 -> no_pattern
[2026-04-19 01:09:32] O:24217.00 H:24225.75 L:24203.15 C:24207.05 -> no_pattern
[2026-04-19 01:09:32] O:24207.85 H:24210.85 L:24176.35 C:24183.25 -> no_pattern
[2026-04-19 01:09:32] O:24182.55 H:24187.15 L:24164.15 C:24168.90 -> no_pattern
[2026-04-19 01:09:32] O:24168.05 H:24179.85 L:24147.90 C:24147.95 -> no_pattern
[2026-04-19 01:09:32] O:24147.70 H:24189.95 L:24146.70 C:24187.15 -> no_pattern
[2026-04-19 01:09:32] O:24187.00 H:24225.20 L:24186.40 C:24223.05 -> no_pattern
[2026-04-19 01:09:32] O:24223.05 H:24224.90 L:24186.70 C:24188.65 -> no_pattern
[2026-04-19 01:09:32] O:24188.00 H:24219.90 L:24188.00 C:24212.65 -> no_pattern
[2026-04-19 01:09:32] O:24213.15 H:24224.55 L:24205.05 C:24208.80 -> inverted_hammer
[2026-04-19 01:09:32] O:24147.70 H:24189.95 L:24146.70 C:24187.15 -> no_pattern
[2026-04-19 01:09:32] O:24187.00 H:24225.20 L:24186.40 C:24223.05 -> no_pattern
[2026-04-19 01:09:32] O:24223.05 H:24224.90 L:24186.70 C:24188.65 -> no_pattern
[2026-04-19 01:09:32] O:24188.00 H:24219.90 L:24188.00 C:24212.65 -> no_pattern
[2026-04-19 01:09:32] O:24213.15 H:24224.55 L:24205.05 C:24208.80 -> inverted_hammer
[2026-04-19 01:09:32] O:24208.50 H:24230.60 L:24207.80 C:24216.00 -> no_pattern
[2026-04-19 01:09:32] O:24216.55 H:24242.80 L:24216.55 C:24242.70 -> marubozu
[2026-04-19 01:09:32] O:24243.10 H:24251.40 L:24233.00 C:24251.10 -> no_pattern
[2026-04-19 01:09:32] O:24251.20 H:24253.35 L:24239.65 C:24241.65 -> no_pattern
[2026-04-19 01:09:32] O:24241.55 H:24257.65 L:24241.55 C:24254.95 -> no_pattern
[2026-04-19 01:09:32] O:24255.95 H:24265.50 L:24249.85 C:24261.05 -> no_pattern
[2026-04-19 01:09:32] O:24261.95 H:24272.55 L:24255.65 C:24260.50 -> doji
[2026-04-19 01:09:32] O:24260.35 H:24273.15 L:24256.00 C:24271.40 -> no_pattern
[2026-04-19 01:09:32] O:24270.95 H:24271.45 L:24256.20 C:24259.45 -> no_pattern
[2026-04-19 01:09:32] O:24260.15 H:24263.00 L:24244.90 C:24252.05 -> no_pattern
[2026-04-19 01:09:32] O:24252.05 H:24253.00 L:24242.10 C:24249.95 -> pinbar
[2026-04-19 01:09:32] O:24250.05 H:24251.45 L:24235.45 C:24247.60 -> pinbar
[2026-04-19 01:09:32] O:24260.35 H:24273.15 L:24256.00 C:24271.40 -> no_pattern
[2026-04-19 01:09:32] O:24270.95 H:24271.45 L:24256.20 C:24259.45 -> no_pattern
[2026-04-19 01:09:32] O:24260.15 H:24263.00 L:24244.90 C:24252.05 -> no_pattern
[2026-04-19 01:09:32] O:24252.05 H:24253.00 L:24242.10 C:24249.95 -> pinbar
[2026-04-19 01:09:32] O:24250.05 H:24251.45 L:24235.45 C:24247.60 -> pinbar
[2026-04-19 01:09:32] O:24247.00 H:24255.75 L:24226.60 C:24227.75 -> no_pattern
[2026-04-19 01:09:32] O:24227.05 H:24230.85 L:24208.80 C:24223.40 -> spinning_top
[2026-04-19 01:09:32] O:24223.50 H:24233.80 L:24219.40 C:24221.50 -> spinning_top
[2026-04-19 01:09:32] O:24222.15 H:24224.65 L:24203.80 C:24212.40 -> no_pattern
[2026-04-19 01:09:32] O:24212.35 H:24212.35 L:24195.65 C:24198.75 -> no_pattern
[2026-04-19 01:09:32] O:24198.30 H:24201.65 L:24178.60 C:24179.60 -> no_pattern
[2026-04-19 01:09:32] O:24179.00 H:24192.90 L:24177.60 C:24184.25 -> no_pattern
[2026-04-19 01:09:32] O:24184.50 H:24207.50 L:24174.50 C:24195.50 -> no_pattern
[2026-04-19 01:09:32] O:24195.55 H:24206.50 L:24185.95 C:24196.80 -> doji
[2026-04-19 01:09:32] O:24196.90 H:24202.25 L:24178.80 C:24178.85 -> no_pattern
[2026-04-19 01:09:32] O:24180.05 H:24196.10 L:24179.50 C:24188.85 -> no_pattern
[2026-04-19 01:09:32] O:24189.15 H:24191.65 L:24184.65 C:24189.00 -> doji
[2026-04-19 01:09:32] O:24184.50 H:24207.50 L:24174.50 C:24195.50 -> no_pattern
[2026-04-19 01:09:32] O:24195.55 H:24206.50 L:24185.95 C:24196.80 -> doji
[2026-04-19 01:09:32] O:24196.90 H:24202.25 L:24178.80 C:24178.85 -> no_pattern
[2026-04-19 01:09:33] O:24180.05 H:24196.10 L:24179.50 C:24188.85 -> no_pattern
[2026-04-19 01:09:33] O:24189.15 H:24191.65 L:24184.65 C:24189.00 -> doji
[2026-04-19 01:09:33] O:24189.10 H:24202.80 L:24188.75 C:24200.00 -> no_pattern
[2026-04-19 01:09:33] O:24199.70 H:24206.45 L:24194.05 C:24203.55 -> no_pattern
[2026-04-19 01:09:33] O:24203.75 H:24213.05 L:24202.45 C:24204.40 -> doji
[2026-04-19 01:09:33] O:24205.25 H:24223.05 L:24202.15 C:24219.60 -> no_pattern
[2026-04-19 01:09:33] O:24219.65 H:24226.25 L:24215.45 C:24222.60 -> spinning_top
[2026-04-19 01:09:33] O:24221.90 H:24224.30 L:24214.05 C:24214.85 -> no_pattern
[2026-04-19 01:09:33] O:24214.85 H:24226.95 L:24214.30 C:24225.15 -> no_pattern
[2026-04-19 01:09:33] O:24224.65 H:24232.90 L:24220.70 C:24224.75 -> doji
[2026-04-19 01:09:33] O:24224.95 H:24233.30 L:24220.75 C:24232.40 -> no_pattern
[2026-04-19 01:09:33] O:24232.20 H:24234.95 L:24224.10 C:24226.85 -> no_pattern
[2026-04-19 01:09:33] O:24227.00 H:24235.65 L:24215.85 C:24217.65 -> no_pattern
[2026-04-19 01:09:33] O:24217.70 H:24222.80 L:24200.40 C:24203.80 -> no_pattern
[2026-04-19 01:09:33] O:24203.25 H:24225.75 L:24202.70 C:24223.70 -> no_pattern
[2026-04-19 01:09:33] O:24223.70 H:24230.80 L:24214.10 C:24214.55 -> no_pattern
[2026-04-19 01:09:33] O:24214.60 H:24220.70 L:24213.05 C:24217.60 -> no_pattern
[2026-04-19 01:09:33] O:24227.00 H:24235.65 L:24215.85 C:24217.65 -> no_pattern
[2026-04-19 01:09:33] O:24217.70 H:24222.80 L:24200.40 C:24203.80 -> no_pattern
[2026-04-19 01:09:33] O:24203.25 H:24225.75 L:24202.70 C:24223.70 -> no_pattern
[2026-04-19 01:09:33] O:24223.70 H:24230.80 L:24214.10 C:24214.55 -> no_pattern
[2026-04-19 01:09:33] O:24214.60 H:24220.70 L:24213.05 C:24217.60 -> no_pattern
[2026-04-19 01:09:33] O:24217.40 H:24235.10 L:24215.15 C:24234.45 -> no_pattern
[2026-04-19 01:09:33] O:24260.35 H:24273.15 L:24256.00 C:24271.40 -> no_pattern
[2026-04-19 01:09:33] O:24270.95 H:24271.45 L:24256.20 C:24259.45 -> no_pattern
[2026-04-19 01:09:33] O:24260.15 H:24263.00 L:24244.90 C:24252.05 -> no_pattern
[2026-04-19 01:09:33] O:24252.05 H:24253.00 L:24242.10 C:24249.95 -> pinbar
[2026-04-19 01:09:33] O:24250.05 H:24251.45 L:24235.45 C:24247.60 -> pinbar
[2026-04-19 01:09:33] O:24247.00 H:24255.75 L:24226.60 C:24227.75 -> no_pattern
[2026-04-19 01:09:33] O:24227.05 H:24230.85 L:24208.80 C:24223.40 -> spinning_top
[2026-04-19 01:09:33] O:24223.50 H:24233.80 L:24219.40 C:24221.50 -> spinning_top
[2026-04-19 01:09:33] O:24222.15 H:24224.65 L:24203.80 C:24212.40 -> no_pattern
[2026-04-19 01:09:33] O:24212.35 H:24212.35 L:24195.65 C:24198.75 -> no_pattern
[2026-04-19 01:09:33] O:24198.30 H:24201.65 L:24178.60 C:24179.60 -> no_pattern
[2026-04-19 01:09:33] O:24179.00 H:24192.90 L:24177.60 C:24184.25 -> no_pattern
[2026-04-19 01:09:33] O:24184.50 H:24207.50 L:24174.50 C:24195.50 -> no_pattern
[2026-04-19 01:09:33] O:24195.55 H:24206.50 L:24185.95 C:24196.80 -> doji
[2026-04-19 01:09:33] O:24196.90 H:24202.25 L:24178.80 C:24178.85 -> no_pattern
[2026-04-19 01:09:33] O:24180.05 H:24196.10 L:24179.50 C:24188.85 -> no_pattern
[2026-04-19 01:09:33] O:24189.15 H:24191.65 L:24184.65 C:24189.00 -> doji
[2026-04-19 01:09:33] O:24189.10 H:24202.80 L:24188.75 C:24200.00 -> no_pattern
[2026-04-19 01:09:33] O:24199.70 H:24206.45 L:24194.05 C:24203.55 -> no_pattern
[2026-04-19 01:09:33] O:24203.75 H:24213.05 L:24202.45 C:24204.40 -> doji
[2026-04-19 01:09:33] O:24205.25 H:24223.05 L:24202.15 C:24219.60 -> no_pattern
[2026-04-19 01:09:33] O:24219.65 H:24226.25 L:24215.45 C:24222.60 -> spinning_top
[2026-04-19 01:09:33] O:24221.90 H:24224.30 L:24214.05 C:24214.85 -> no_pattern
[2026-04-19 01:09:33] O:24214.85 H:24226.95 L:24214.30 C:24225.15 -> no_pattern
[2026-04-19 01:09:33] O:24224.65 H:24232.90 L:24220.70 C:24224.75 -> doji
[2026-04-19 01:09:33] O:24224.95 H:24233.30 L:24220.75 C:24232.40 -> no_pattern
[2026-04-19 01:09:33] O:24232.20 H:24234.95 L:24224.10 C:24226.85 -> no_pattern
[2026-04-19 01:09:33] O:24227.00 H:24235.65 L:24215.85 C:24217.65 -> no_pattern
[2026-04-19 01:09:33] O:24217.70 H:24222.80 L:24200.40 C:24203.80 -> no_pattern
[2026-04-19 01:09:33] O:24203.25 H:24225.75 L:24202.70 C:24223.70 -> no_pattern
[2026-04-19 01:09:33] O:24223.70 H:24230.80 L:24214.10 C:24214.55 -> no_pattern
[2026-04-19 01:09:33] O:24214.60 H:24220.70 L:24213.05 C:24217.60 -> no_pattern
[2026-04-19 01:09:33] O:24217.40 H:24235.10 L:24215.15 C:24234.45 -> no_pattern
[2026-04-19 01:09:33] O:24234.25 H:24236.65 L:24217.80 C:24218.25 -> no_pattern
[2026-04-19 01:09:33] O:24218.50 H:24234.85 L:24216.10 C:24228.00 -> no_pattern
[2026-04-19 01:09:33] O:24228.05 H:24230.15 L:24210.00 C:24220.35 -> no_pattern
[2026-04-19 01:09:33] O:24220.55 H:24234.80 L:24203.95 C:24214.30 -> spinning_top
[2026-04-19 01:09:33] O:24213.65 H:24219.10 L:24208.10 C:24208.75 -> no_pattern
[2026-04-19 01:09:33] O:24234.25 H:24236.65 L:24217.80 C:24218.25 -> no_pattern
[2026-04-19 01:09:33] O:24218.50 H:24234.85 L:24216.10 C:24228.00 -> no_pattern
[2026-04-19 01:09:33] O:24228.05 H:24230.15 L:24210.00 C:24220.35 -> no_pattern
[2026-04-19 01:09:33] O:24220.55 H:24234.80 L:24203.95 C:24214.30 -> spinning_top
[2026-04-19 01:09:33] O:24213.65 H:24219.10 L:24208.10 C:24208.75 -> no_pattern
[2026-04-19 01:09:33] O:24209.65 H:24217.10 L:24200.20 C:24216.55 -> no_pattern
[2026-04-19 01:09:33] O:24216.75 H:24217.75 L:24206.40 C:24207.25 -> no_pattern
[2026-04-19 01:09:33] O:24207.00 H:24214.85 L:24203.35 C:24214.50 -> no_pattern
[2026-04-19 01:09:33] O:24214.75 H:24222.75 L:24213.25 C:24220.55 -> no_pattern
[2026-04-19 01:09:33] O:24220.65 H:24231.95 L:24215.95 C:24228.30 -> no_pattern
[2026-04-19 01:09:33] O:24260.35 H:24273.15 L:24256.00 C:24271.40 -> no_pattern
[2026-04-19 01:09:33] O:24270.95 H:24271.45 L:24256.20 C:24259.45 -> no_pattern
[2026-04-19 01:09:33] O:24260.15 H:24263.00 L:24244.90 C:24252.05 -> no_pattern
[2026-04-19 01:09:33] O:24252.05 H:24253.00 L:24242.10 C:24249.95 -> pinbar
[2026-04-19 01:09:33] O:24250.05 H:24251.45 L:24235.45 C:24247.60 -> pinbar
[2026-04-19 01:09:33] O:24247.00 H:24255.75 L:24226.60 C:24227.75 -> no_pattern
[2026-04-19 01:09:33] O:24227.05 H:24230.85 L:24208.80 C:24223.40 -> spinning_top
[2026-04-19 01:09:33] O:24223.50 H:24233.80 L:24219.40 C:24221.50 -> spinning_top
[2026-04-19 01:09:33] O:24222.15 H:24224.65 L:24203.80 C:24212.40 -> no_pattern
[2026-04-19 01:09:33] O:24212.35 H:24212.35 L:24195.65 C:24198.75 -> no_pattern
[2026-04-19 01:09:33] O:24198.30 H:24201.65 L:24178.60 C:24179.60 -> no_pattern
[2026-04-19 01:09:33] O:24179.00 H:24192.90 L:24177.60 C:24184.25 -> no_pattern
[2026-04-19 01:09:33] O:24184.50 H:24207.50 L:24174.50 C:24195.50 -> no_pattern
[2026-04-19 01:09:33] O:24195.55 H:24206.50 L:24185.95 C:24196.80 -> doji
[2026-04-19 01:09:33] O:24196.90 H:24202.25 L:24178.80 C:24178.85 -> no_pattern
[2026-04-19 01:09:34] O:24180.05 H:24196.10 L:24179.50 C:24188.85 -> no_pattern
[2026-04-19 01:09:34] O:24189.15 H:24191.65 L:24184.65 C:24189.00 -> doji
[2026-04-19 01:09:34] O:24189.10 H:24202.80 L:24188.75 C:24200.00 -> no_pattern
[2026-04-19 01:09:34] O:24199.70 H:24206.45 L:24194.05 C:24203.55 -> no_pattern
[2026-04-19 01:09:34] O:24203.75 H:24213.05 L:24202.45 C:24204.40 -> doji
[2026-04-19 01:09:34] O:24205.25 H:24223.05 L:24202.15 C:24219.60 -> no_pattern
[2026-04-19 01:09:34] O:24219.65 H:24226.25 L:24215.45 C:24222.60 -> spinning_top
[2026-04-19 01:09:34] O:24221.90 H:24224.30 L:24214.05 C:24214.85 -> no_pattern
[2026-04-19 01:09:34] O:24214.85 H:24226.95 L:24214.30 C:24225.15 -> no_pattern
[2026-04-19 01:09:34] O:24224.65 H:24232.90 L:24220.70 C:24224.75 -> doji
[2026-04-19 01:09:34] O:24224.95 H:24233.30 L:24220.75 C:24232.40 -> no_pattern
[2026-04-19 01:09:34] O:24232.20 H:24234.95 L:24224.10 C:24226.85 -> no_pattern
[2026-04-19 01:09:34] O:24227.00 H:24235.65 L:24215.85 C:24217.65 -> no_pattern
[2026-04-19 01:09:34] O:24217.70 H:24222.80 L:24200.40 C:24203.80 -> no_pattern
[2026-04-19 01:09:34] O:24203.25 H:24225.75 L:24202.70 C:24223.70 -> no_pattern
[2026-04-19 01:09:34] O:24223.70 H:24230.80 L:24214.10 C:24214.55 -> no_pattern
[2026-04-19 01:09:34] O:24214.60 H:24220.70 L:24213.05 C:24217.60 -> no_pattern
[2026-04-19 01:09:34] O:24217.40 H:24235.10 L:24215.15 C:24234.45 -> no_pattern
[2026-04-19 01:09:34] O:24234.25 H:24236.65 L:24217.80 C:24218.25 -> no_pattern
[2026-04-19 01:09:34] O:24218.50 H:24234.85 L:24216.10 C:24228.00 -> no_pattern
[2026-04-19 01:09:34] O:24228.05 H:24230.15 L:24210.00 C:24220.35 -> no_pattern
[2026-04-19 01:09:34] O:24220.55 H:24234.80 L:24203.95 C:24214.30 -> spinning_top
[2026-04-19 01:09:34] O:24213.65 H:24219.10 L:24208.10 C:24208.75 -> no_pattern
[2026-04-19 01:09:34] O:24209.65 H:24217.10 L:24200.20 C:24216.55 -> no_pattern
[2026-04-19 01:09:34] O:24216.75 H:24217.75 L:24206.40 C:24207.25 -> no_pattern
[2026-04-19 01:09:34] O:24207.00 H:24214.85 L:24203.35 C:24214.50 -> no_pattern
[2026-04-19 01:09:34] O:24214.75 H:24222.75 L:24213.25 C:24220.55 -> no_pattern
[2026-04-19 01:09:34] O:24220.65 H:24231.95 L:24215.95 C:24228.30 -> no_pattern
[2026-04-19 01:09:34] O:24228.05 H:24238.55 L:24205.45 C:24208.20 -> no_pattern
[2026-04-19 01:09:34] O:24208.15 H:24214.10 L:24187.75 C:24198.70 -> no_pattern
[2026-04-19 01:09:34] O:24199.15 H:24203.90 L:24191.50 C:24192.55 -> no_pattern
[2026-04-19 01:09:34] O:24192.95 H:24222.45 L:24192.95 C:24213.30 -> no_pattern
[2026-04-19 01:09:34] O:24213.20 H:24223.30 L:24207.90 C:24209.05 -> shooting_star
[2026-04-19 01:09:34] O:24228.05 H:24238.55 L:24205.45 C:24208.20 -> no_pattern
[2026-04-19 01:09:34] O:24208.15 H:24214.10 L:24187.75 C:24198.70 -> no_pattern
[2026-04-19 01:09:34] O:24199.15 H:24203.90 L:24191.50 C:24192.55 -> no_pattern
[2026-04-19 01:09:34] O:24192.95 H:24222.45 L:24192.95 C:24213.30 -> no_pattern
[2026-04-19 01:09:34] O:24213.20 H:24223.30 L:24207.90 C:24209.05 -> shooting_star
[2026-04-19 01:09:34] O:24209.25 H:24217.35 L:24191.25 C:24214.00 -> pinbar
[2026-04-19 01:09:34] O:24208.15 H:24214.10 L:24187.75 C:24198.70 -> no_pattern
[2026-04-19 01:09:34] O:24199.15 H:24203.90 L:24191.50 C:24192.55 -> no_pattern
[2026-04-19 01:09:34] O:24192.95 H:24222.45 L:24192.95 C:24213.30 -> no_pattern
[2026-04-19 01:09:34] O:24213.20 H:24223.30 L:24207.90 C:24209.05 -> shooting_star
[2026-04-19 01:09:34] O:24209.25 H:24217.35 L:24191.25 C:24214.00 -> pinbar
[2026-04-19 01:09:34] O:24213.90 H:24221.30 L:24209.15 C:24209.60 -> no_pattern
[2026-04-19 01:09:34] O:24209.75 H:24210.55 L:24199.05 C:24209.50 -> doji
[2026-04-19 01:09:34] O:24209.80 H:24211.60 L:24194.35 C:24201.10 -> no_pattern
[2026-04-19 01:09:34] O:24200.40 H:24218.20 L:24199.40 C:24216.40 -> no_pattern
[2026-04-19 01:09:34] O:24216.70 H:24228.00 L:24215.95 C:24224.55 -> no_pattern
[2026-04-19 01:09:34] O:24224.30 H:24230.40 L:24221.45 C:24227.10 -> no_pattern
[2026-04-19 01:09:34] O:24226.75 H:24230.90 L:24220.20 C:24222.05 -> no_pattern
[2026-04-19 01:09:34] O:24222.75 H:24238.10 L:24219.50 C:24226.60 -> shooting_star
[2026-04-19 01:09:34] O:24227.05 H:24231.60 L:24219.20 C:24222.45 -> no_pattern
[2026-04-19 01:09:34] O:24260.35 H:24273.15 L:24256.00 C:24271.40 -> no_pattern
[2026-04-19 01:09:34] O:24270.95 H:24271.45 L:24256.20 C:24259.45 -> no_pattern
[2026-04-19 01:09:34] O:24260.15 H:24263.00 L:24244.90 C:24252.05 -> no_pattern
[2026-04-19 01:09:34] O:24252.05 H:24253.00 L:24242.10 C:24249.95 -> pinbar
[2026-04-19 01:09:34] O:24250.05 H:24251.45 L:24235.45 C:24247.60 -> pinbar
[2026-04-19 01:09:34] O:24247.00 H:24255.75 L:24226.60 C:24227.75 -> no_pattern
[2026-04-19 01:09:34] O:24227.05 H:24230.85 L:24208.80 C:24223.40 -> spinning_top
[2026-04-19 01:09:34] O:24223.50 H:24233.80 L:24219.40 C:24221.50 -> spinning_top
[2026-04-19 01:09:34] O:24222.15 H:24224.65 L:24203.80 C:24212.40 -> no_pattern
[2026-04-19 01:09:34] O:24212.35 H:24212.35 L:24195.65 C:24198.75 -> no_pattern
[2026-04-19 01:09:34] O:24198.30 H:24201.65 L:24178.60 C:24179.60 -> no_pattern
[2026-04-19 01:09:34] O:24179.00 H:24192.90 L:24177.60 C:24184.25 -> no_pattern
[2026-04-19 01:09:34] O:24184.50 H:24207.50 L:24174.50 C:24195.50 -> no_pattern
[2026-04-19 01:09:34] O:24195.55 H:24206.50 L:24185.95 C:24196.80 -> doji
[2026-04-19 01:09:34] O:24196.90 H:24202.25 L:24178.80 C:24178.85 -> no_pattern
[2026-04-19 01:09:34] O:24180.05 H:24196.10 L:24179.50 C:24188.85 -> no_pattern
[2026-04-19 01:09:34] O:24189.15 H:24191.65 L:24184.65 C:24189.00 -> doji
[2026-04-19 01:09:34] O:24189.10 H:24202.80 L:24188.75 C:24200.00 -> no_pattern
[2026-04-19 01:09:34] O:24199.70 H:24206.45 L:24194.05 C:24203.55 -> no_pattern
[2026-04-19 01:09:34] O:24203.75 H:24213.05 L:24202.45 C:24204.40 -> doji
[2026-04-19 01:09:34] O:24205.25 H:24223.05 L:24202.15 C:24219.60 -> no_pattern
[2026-04-19 01:09:34] O:24219.65 H:24226.25 L:24215.45 C:24222.60 -> spinning_top
[2026-04-19 01:09:34] O:24221.90 H:24224.30 L:24214.05 C:24214.85 -> no_pattern
[2026-04-19 01:09:34] O:24214.85 H:24226.95 L:24214.30 C:24225.15 -> no_pattern
[2026-04-19 01:09:34] O:24224.65 H:24232.90 L:24220.70 C:24224.75 -> doji
[2026-04-19 01:09:34] O:24224.95 H:24233.30 L:24220.75 C:24232.40 -> no_pattern
[2026-04-19 01:09:34] O:24232.20 H:24234.95 L:24224.10 C:24226.85 -> no_pattern
[2026-04-19 01:09:34] O:24227.00 H:24235.65 L:24215.85 C:24217.65 -> no_pattern
[2026-04-19 01:09:34] O:24217.70 H:24222.80 L:24200.40 C:24203.80 -> no_pattern
[2026-04-19 01:09:34] O:24203.25 H:24225.75 L:24202.70 C:24223.70 -> no_pattern
[2026-04-19 01:09:34] O:24223.70 H:24230.80 L:24214.10 C:24214.55 -> no_pattern
[2026-04-19 01:09:34] O:24214.60 H:24220.70 L:24213.05 C:24217.60 -> no_pattern
[2026-04-19 01:09:34] O:24217.40 H:24235.10 L:24215.15 C:24234.45 -> no_pattern
[2026-04-19 01:09:34] O:24234.25 H:24236.65 L:24217.80 C:24218.25 -> no_pattern
[2026-04-19 01:09:34] O:24218.50 H:24234.85 L:24216.10 C:24228.00 -> no_pattern
[2026-04-19 01:09:34] O:24228.05 H:24230.15 L:24210.00 C:24220.35 -> no_pattern
[2026-04-19 01:09:34] O:24220.55 H:24234.80 L:24203.95 C:24214.30 -> spinning_top
[2026-04-19 01:09:34] O:24213.65 H:24219.10 L:24208.10 C:24208.75 -> no_pattern
[2026-04-19 01:09:34] O:24209.65 H:24217.10 L:24200.20 C:24216.55 -> no_pattern
[2026-04-19 01:09:34] O:24216.75 H:24217.75 L:24206.40 C:24207.25 -> no_pattern
[2026-04-19 01:09:34] O:24207.00 H:24214.85 L:24203.35 C:24214.50 -> no_pattern
[2026-04-19 01:09:34] O:24214.75 H:24222.75 L:24213.25 C:24220.55 -> no_pattern
[2026-04-19 01:09:34] O:24220.65 H:24231.95 L:24215.95 C:24228.30 -> no_pattern
[2026-04-19 01:09:34] O:24228.05 H:24238.55 L:24205.45 C:24208.20 -> no_pattern
[2026-04-19 01:09:34] O:24208.15 H:24214.10 L:24187.75 C:24198.70 -> no_pattern
[2026-04-19 01:09:34] O:24199.15 H:24203.90 L:24191.50 C:24192.55 -> no_pattern
[2026-04-19 01:09:34] O:24192.95 H:24222.45 L:24192.95 C:24213.30 -> no_pattern
[2026-04-19 01:09:34] O:24213.20 H:24223.30 L:24207.90 C:24209.05 -> shooting_star
[2026-04-19 01:09:34] O:24209.25 H:24217.35 L:24191.25 C:24214.00 -> pinbar
[2026-04-19 01:09:34] O:24213.90 H:24221.30 L:24209.15 C:24209.60 -> no_pattern
[2026-04-19 01:09:34] O:24209.75 H:24210.55 L:24199.05 C:24209.50 -> doji
[2026-04-19 01:09:34] O:24209.80 H:24211.60 L:24194.35 C:24201.10 -> no_pattern
[2026-04-19 01:09:34] O:24200.40 H:24218.20 L:24199.40 C:24216.40 -> no_pattern
[2026-04-19 01:09:34] O:24216.70 H:24228.00 L:24215.95 C:24224.55 -> no_pattern
[2026-04-19 01:09:34] O:24224.30 H:24230.40 L:24221.45 C:24227.10 -> no_pattern
[2026-04-19 01:09:34] O:24226.75 H:24230.90 L:24220.20 C:24222.05 -> no_pattern
[2026-04-19 01:09:34] O:24222.75 H:24238.10 L:24219.50 C:24226.60 -> shooting_star
[2026-04-19 01:09:35] O:24227.05 H:24231.60 L:24219.20 C:24222.45 -> no_pattern
[2026-04-19 01:09:35] O:24222.50 H:24242.25 L:24222.20 C:24231.25 -> no_pattern
[2026-04-19 01:09:35] O:24230.55 H:24232.70 L:24214.40 C:24232.70 -> pinbar
[2026-04-19 01:09:35] O:24232.00 H:24237.90 L:24226.95 C:24233.80 -> spinning_top
[2026-04-19 01:09:35] O:24233.60 H:24236.95 L:24229.15 C:24234.65 -> spinning_top
[2026-04-19 01:09:35] O:24235.10 H:24236.55 L:24220.15 C:24220.65 -> no_pattern
[2026-04-19 01:09:35] O:24222.50 H:24242.25 L:24222.20 C:24231.25 -> no_pattern
[2026-04-19 01:09:35] O:24230.55 H:24232.70 L:24214.40 C:24232.70 -> pinbar
[2026-04-19 01:09:35] O:24232.00 H:24237.90 L:24226.95 C:24233.80 -> spinning_top
[2026-04-19 01:09:35] O:24233.60 H:24236.95 L:24229.15 C:24234.65 -> spinning_top
[2026-04-19 01:09:35] O:24235.10 H:24236.55 L:24220.15 C:24220.65 -> no_pattern
[2026-04-19 01:09:35] O:24220.25 H:24235.35 L:24220.25 C:24233.85 -> no_pattern
[2026-04-19 01:09:35] O:24230.55 H:24232.70 L:24214.40 C:24232.70 -> pinbar
[2026-04-19 01:09:35] O:24232.00 H:24237.90 L:24226.95 C:24233.80 -> spinning_top
[2026-04-19 01:09:35] O:24233.60 H:24236.95 L:24229.15 C:24234.65 -> spinning_top
[2026-04-19 01:09:35] O:24235.10 H:24236.55 L:24220.15 C:24220.65 -> no_pattern
[2026-04-19 01:09:35] O:24220.25 H:24235.35 L:24220.25 C:24233.85 -> no_pattern
[2026-04-19 01:09:35] O:24233.85 H:24237.40 L:24230.75 C:24234.25 -> doji
[2026-04-19 01:09:35] O:24260.35 H:24273.15 L:24256.00 C:24271.40 -> no_pattern
[2026-04-19 01:09:35] O:24270.95 H:24271.45 L:24256.20 C:24259.45 -> no_pattern
[2026-04-19 01:09:35] O:24260.15 H:24263.00 L:24244.90 C:24252.05 -> no_pattern
[2026-04-19 01:09:35] O:24252.05 H:24253.00 L:24242.10 C:24249.95 -> pinbar
[2026-04-19 01:09:35] O:24250.05 H:24251.45 L:24235.45 C:24247.60 -> pinbar
[2026-04-19 01:09:35] O:24247.00 H:24255.75 L:24226.60 C:24227.75 -> no_pattern
[2026-04-19 01:09:35] O:24227.05 H:24230.85 L:24208.80 C:24223.40 -> spinning_top
[2026-04-19 01:09:35] O:24223.50 H:24233.80 L:24219.40 C:24221.50 -> spinning_top
[2026-04-19 01:09:35] O:24222.15 H:24224.65 L:24203.80 C:24212.40 -> no_pattern
[2026-04-19 01:09:35] O:24212.35 H:24212.35 L:24195.65 C:24198.75 -> no_pattern
[2026-04-19 01:09:35] O:24198.30 H:24201.65 L:24178.60 C:24179.60 -> no_pattern
[2026-04-19 01:09:35] O:24179.00 H:24192.90 L:24177.60 C:24184.25 -> no_pattern
[2026-04-19 01:09:35] O:24184.50 H:24207.50 L:24174.50 C:24195.50 -> no_pattern
[2026-04-19 01:09:35] O:24195.55 H:24206.50 L:24185.95 C:24196.80 -> doji
[2026-04-19 01:09:35] O:24196.90 H:24202.25 L:24178.80 C:24178.85 -> no_pattern
[2026-04-19 01:09:35] O:24180.05 H:24196.10 L:24179.50 C:24188.85 -> no_pattern
[2026-04-19 01:09:35] O:24189.15 H:24191.65 L:24184.65 C:24189.00 -> doji
[2026-04-19 01:09:35] O:24189.10 H:24202.80 L:24188.75 C:24200.00 -> no_pattern
[2026-04-19 01:09:35] O:24199.70 H:24206.45 L:24194.05 C:24203.55 -> no_pattern
[2026-04-19 01:09:35] O:24203.75 H:24213.05 L:24202.45 C:24204.40 -> doji
[2026-04-19 01:09:35] O:24205.25 H:24223.05 L:24202.15 C:24219.60 -> no_pattern
[2026-04-19 01:09:35] O:24219.65 H:24226.25 L:24215.45 C:24222.60 -> spinning_top
[2026-04-19 01:09:35] O:24221.90 H:24224.30 L:24214.05 C:24214.85 -> no_pattern
[2026-04-19 01:09:35] O:24214.85 H:24226.95 L:24214.30 C:24225.15 -> no_pattern
[2026-04-19 01:09:35] O:24224.65 H:24232.90 L:24220.70 C:24224.75 -> doji
[2026-04-19 01:09:35] O:24224.95 H:24233.30 L:24220.75 C:24232.40 -> no_pattern
[2026-04-19 01:09:35] O:24232.20 H:24234.95 L:24224.10 C:24226.85 -> no_pattern
[2026-04-19 01:09:35] O:24227.00 H:24235.65 L:24215.85 C:24217.65 -> no_pattern
[2026-04-19 01:09:35] O:24217.70 H:24222.80 L:24200.40 C:24203.80 -> no_pattern
[2026-04-19 01:09:35] O:24203.25 H:24225.75 L:24202.70 C:24223.70 -> no_pattern
[2026-04-19 01:09:35] O:24223.70 H:24230.80 L:24214.10 C:24214.55 -> no_pattern
[2026-04-19 01:09:35] O:24214.60 H:24220.70 L:24213.05 C:24217.60 -> no_pattern
[2026-04-19 01:09:35] O:24217.40 H:24235.10 L:24215.15 C:24234.45 -> no_pattern
[2026-04-19 01:09:35] O:24234.25 H:24236.65 L:24217.80 C:24218.25 -> no_pattern
[2026-04-19 01:09:35] O:24218.50 H:24234.85 L:24216.10 C:24228.00 -> no_pattern
[2026-04-19 01:09:35] O:24228.05 H:24230.15 L:24210.00 C:24220.35 -> no_pattern
[2026-04-19 01:09:35] O:24220.55 H:24234.80 L:24203.95 C:24214.30 -> spinning_top
[2026-04-19 01:09:35] O:24213.65 H:24219.10 L:24208.10 C:24208.75 -> no_pattern
[2026-04-19 01:09:35] O:24209.65 H:24217.10 L:24200.20 C:24216.55 -> no_pattern
[2026-04-19 01:09:35] O:24216.75 H:24217.75 L:24206.40 C:24207.25 -> no_pattern
[2026-04-19 01:09:35] O:24207.00 H:24214.85 L:24203.35 C:24214.50 -> no_pattern
[2026-04-19 01:09:35] O:24214.75 H:24222.75 L:24213.25 C:24220.55 -> no_pattern
[2026-04-19 01:09:35] O:24220.65 H:24231.95 L:24215.95 C:24228.30 -> no_pattern
[2026-04-19 01:09:35] O:24228.05 H:24238.55 L:24205.45 C:24208.20 -> no_pattern
[2026-04-19 01:09:35] O:24208.15 H:24214.10 L:24187.75 C:24198.70 -> no_pattern
[2026-04-19 01:09:35] O:24199.15 H:24203.90 L:24191.50 C:24192.55 -> no_pattern
[2026-04-19 01:09:35] O:24192.95 H:24222.45 L:24192.95 C:24213.30 -> no_pattern
[2026-04-19 01:09:35] O:24213.20 H:24223.30 L:24207.90 C:24209.05 -> shooting_star
[2026-04-19 01:09:35] O:24209.25 H:24217.35 L:24191.25 C:24214.00 -> pinbar
[2026-04-19 01:09:35] O:24213.90 H:24221.30 L:24209.15 C:24209.60 -> no_pattern
[2026-04-19 01:09:35] O:24209.75 H:24210.55 L:24199.05 C:24209.50 -> doji
[2026-04-19 01:09:35] O:24209.80 H:24211.60 L:24194.35 C:24201.10 -> no_pattern
[2026-04-19 01:09:35] O:24200.40 H:24218.20 L:24199.40 C:24216.40 -> no_pattern
[2026-04-19 01:09:35] O:24216.70 H:24228.00 L:24215.95 C:24224.55 -> no_pattern
[2026-04-19 01:09:35] O:24224.30 H:24230.40 L:24221.45 C:24227.10 -> no_pattern
[2026-04-19 01:09:35] O:24226.75 H:24230.90 L:24220.20 C:24222.05 -> no_pattern
[2026-04-19 01:09:35] O:24222.75 H:24238.10 L:24219.50 C:24226.60 -> shooting_star
[2026-04-19 01:09:35] O:24227.05 H:24231.60 L:24219.20 C:24222.45 -> no_pattern
[2026-04-19 01:09:35] O:24222.50 H:24242.25 L:24222.20 C:24231.25 -> no_pattern
[2026-04-19 01:09:35] O:24230.55 H:24232.70 L:24214.40 C:24232.70 -> pinbar
[2026-04-19 01:09:35] O:24232.00 H:24237.90 L:24226.95 C:24233.80 -> spinning_top
[2026-04-19 01:09:35] O:24233.60 H:24236.95 L:24229.15 C:24234.65 -> spinning_top
[2026-04-19 01:09:35] O:24235.10 H:24236.55 L:24220.15 C:24220.65 -> no_pattern
[2026-04-19 01:09:35] O:24220.25 H:24235.35 L:24220.25 C:24233.85 -> no_pattern
[2026-04-19 01:09:35] O:24233.85 H:24237.40 L:24230.75 C:24234.25 -> doji
[2026-04-19 01:09:35] O:24234.35 H:24245.65 L:24233.45 C:24238.25 -> no_pattern
[2026-04-19 01:09:35] O:24238.05 H:24262.75 L:24238.05 C:24250.45 -> no_pattern
[2026-04-19 01:09:35] O:24250.50 H:24256.90 L:24240.20 C:24256.10 -> no_pattern
[2026-04-19 01:09:35] O:24256.80 H:24265.75 L:24235.65 C:24243.05 -> no_pattern
[2026-04-19 01:09:35] O:24244.40 H:24249.55 L:24241.85 C:24246.20 -> spinning_top
[2026-04-19 01:09:35] O:24246.40 H:24246.95 L:24229.50 C:24240.75 -> no_pattern
[2026-04-19 01:09:35] O:24241.40 H:24242.50 L:24223.95 C:24227.85 -> no_pattern
[2026-04-19 01:09:35] O:24228.70 H:24230.35 L:24221.45 C:24227.55 -> spinning_top
[2026-04-19 01:09:35] O:24256.80 H:24265.75 L:24235.65 C:24243.05 -> no_pattern
[2026-04-19 01:09:35] O:24244.40 H:24249.55 L:24241.85 C:24246.20 -> spinning_top
[2026-04-19 01:09:35] O:24246.40 H:24246.95 L:24229.50 C:24240.75 -> no_pattern
[2026-04-19 01:09:35] O:24241.40 H:24242.50 L:24223.95 C:24227.85 -> no_pattern
[2026-04-19 01:09:35] O:24228.70 H:24230.35 L:24221.45 C:24227.55 -> spinning_top
[2026-04-19 01:09:35] O:24227.90 H:24229.60 L:24222.10 C:24223.90 -> no_pattern
[2026-04-19 01:09:35] O:24224.60 H:24229.25 L:24215.35 C:24217.55 -> no_pattern
[2026-04-19 01:09:35] O:24184.50 H:24207.50 L:24174.50 C:24195.50 -> no_pattern
[2026-04-19 01:09:36] O:24195.55 H:24206.50 L:24185.95 C:24196.80 -> doji
[2026-04-19 01:09:36] O:24196.90 H:24202.25 L:24178.80 C:24178.85 -> no_pattern
[2026-04-19 01:09:36] O:24180.05 H:24196.10 L:24179.50 C:24188.85 -> no_pattern
[2026-04-19 01:09:36] O:24189.15 H:24191.65 L:24184.65 C:24189.00 -> doji
[2026-04-19 01:09:36] O:24189.10 H:24202.80 L:24188.75 C:24200.00 -> no_pattern
[2026-04-19 01:09:36] O:24199.70 H:24206.45 L:24194.05 C:24203.55 -> no_pattern
[2026-04-19 01:09:36] O:24203.75 H:24213.05 L:24202.45 C:24204.40 -> doji
[2026-04-19 01:09:36] O:24205.25 H:24223.05 L:24202.15 C:24219.60 -> no_pattern
[2026-04-19 01:09:36] O:24219.65 H:24226.25 L:24215.45 C:24222.60 -> spinning_top
[2026-04-19 01:09:36] O:24221.90 H:24224.30 L:24214.05 C:24214.85 -> no_pattern
[2026-04-19 01:09:36] O:24214.85 H:24226.95 L:24214.30 C:24225.15 -> no_pattern
[2026-04-19 01:09:36] O:24224.65 H:24232.90 L:24220.70 C:24224.75 -> doji
[2026-04-19 01:09:36] O:24224.95 H:24233.30 L:24220.75 C:24232.40 -> no_pattern
[2026-04-19 01:09:36] O:24232.20 H:24234.95 L:24224.10 C:24226.85 -> no_pattern
[2026-04-19 01:09:36] O:24227.00 H:24235.65 L:24215.85 C:24217.65 -> no_pattern
[2026-04-19 01:09:36] O:24217.70 H:24222.80 L:24200.40 C:24203.80 -> no_pattern
[2026-04-19 01:09:36] O:24203.25 H:24225.75 L:24202.70 C:24223.70 -> no_pattern
[2026-04-19 01:09:36] O:24223.70 H:24230.80 L:24214.10 C:24214.55 -> no_pattern
[2026-04-19 01:09:36] O:24214.60 H:24220.70 L:24213.05 C:24217.60 -> no_pattern
[2026-04-19 01:09:36] O:24217.40 H:24235.10 L:24215.15 C:24234.45 -> no_pattern
[2026-04-19 01:09:36] O:24234.25 H:24236.65 L:24217.80 C:24218.25 -> no_pattern
[2026-04-19 01:09:36] O:24218.50 H:24234.85 L:24216.10 C:24228.00 -> no_pattern
[2026-04-19 01:09:36] O:24228.05 H:24230.15 L:24210.00 C:24220.35 -> no_pattern
[2026-04-19 01:09:36] O:24220.55 H:24234.80 L:24203.95 C:24214.30 -> spinning_top
[2026-04-19 01:09:36] O:24213.65 H:24219.10 L:24208.10 C:24208.75 -> no_pattern
[2026-04-19 01:09:36] O:24209.65 H:24217.10 L:24200.20 C:24216.55 -> no_pattern
[2026-04-19 01:09:36] O:24216.75 H:24217.75 L:24206.40 C:24207.25 -> no_pattern
[2026-04-19 01:09:36] O:24207.00 H:24214.85 L:24203.35 C:24214.50 -> no_pattern
[2026-04-19 01:09:36] O:24214.75 H:24222.75 L:24213.25 C:24220.55 -> no_pattern
[2026-04-19 01:09:36] O:24220.65 H:24231.95 L:24215.95 C:24228.30 -> no_pattern
[2026-04-19 01:09:36] O:24228.05 H:24238.55 L:24205.45 C:24208.20 -> no_pattern
[2026-04-19 01:09:36] O:24208.15 H:24214.10 L:24187.75 C:24198.70 -> no_pattern
[2026-04-19 01:09:36] O:24199.15 H:24203.90 L:24191.50 C:24192.55 -> no_pattern
[2026-04-19 01:09:36] O:24192.95 H:24222.45 L:24192.95 C:24213.30 -> no_pattern
[2026-04-19 01:09:36] O:24213.20 H:24223.30 L:24207.90 C:24209.05 -> shooting_star
[2026-04-19 01:09:36] O:24209.25 H:24217.35 L:24191.25 C:24214.00 -> pinbar
[2026-04-19 01:09:36] O:24213.90 H:24221.30 L:24209.15 C:24209.60 -> no_pattern
[2026-04-19 01:09:36] O:24209.75 H:24210.55 L:24199.05 C:24209.50 -> doji
[2026-04-19 01:09:36] O:24209.80 H:24211.60 L:24194.35 C:24201.10 -> no_pattern
[2026-04-19 01:09:36] O:24200.40 H:24218.20 L:24199.40 C:24216.40 -> no_pattern
[2026-04-19 01:09:36] O:24216.70 H:24228.00 L:24215.95 C:24224.55 -> no_pattern
[2026-04-19 01:09:36] O:24224.30 H:24230.40 L:24221.45 C:24227.10 -> no_pattern
[2026-04-19 01:09:36] O:24226.75 H:24230.90 L:24220.20 C:24222.05 -> no_pattern
[2026-04-19 01:09:36] O:24222.75 H:24238.10 L:24219.50 C:24226.60 -> shooting_star
[2026-04-19 01:09:36] O:24227.05 H:24231.60 L:24219.20 C:24222.45 -> no_pattern
[2026-04-19 01:09:36] O:24222.50 H:24242.25 L:24222.20 C:24231.25 -> no_pattern
[2026-04-19 01:09:36] O:24230.55 H:24232.70 L:24214.40 C:24232.70 -> pinbar
[2026-04-19 01:09:36] O:24232.00 H:24237.90 L:24226.95 C:24233.80 -> spinning_top
[2026-04-19 01:09:36] O:24233.60 H:24236.95 L:24229.15 C:24234.65 -> spinning_top
[2026-04-19 01:09:36] O:24235.10 H:24236.55 L:24220.15 C:24220.65 -> no_pattern
[2026-04-19 01:09:36] O:24220.25 H:24235.35 L:24220.25 C:24233.85 -> no_pattern
[2026-04-19 01:09:36] O:24233.85 H:24237.40 L:24230.75 C:24234.25 -> doji
[2026-04-19 01:09:36] O:24234.35 H:24245.65 L:24233.45 C:24238.25 -> no_pattern
[2026-04-19 01:09:36] O:24238.05 H:24262.75 L:24238.05 C:24250.45 -> no_pattern
[2026-04-19 01:09:36] O:24250.50 H:24256.90 L:24240.20 C:24256.10 -> no_pattern
[2026-04-19 01:09:36] O:24256.80 H:24265.75 L:24235.65 C:24243.05 -> no_pattern
[2026-04-19 01:09:36] O:24244.40 H:24249.55 L:24241.85 C:24246.20 -> spinning_top
[2026-04-19 01:09:36] O:24246.40 H:24246.95 L:24229.50 C:24240.75 -> no_pattern
[2026-04-19 01:09:36] O:24241.40 H:24242.50 L:24223.95 C:24227.85 -> no_pattern
[2026-04-19 01:09:36] O:24228.70 H:24230.35 L:24221.45 C:24227.55 -> spinning_top
[2026-04-19 01:09:36] O:24227.90 H:24229.60 L:24222.10 C:24223.90 -> no_pattern
[2026-04-19 01:09:36] O:24224.60 H:24229.25 L:24215.35 C:24217.55 -> no_pattern
[2026-04-19 01:09:36] O:24216.15 H:24220.15 L:24206.50 C:24211.90 -> no_pattern
[2026-04-19 01:09:36] O:24380.25 H:24384.75 L:24337.70 C:24376.20 -> doji
[2026-04-19 01:09:36] O:24373.05 H:24397.55 L:24373.05 C:24388.20 -> no_pattern
[2026-04-19 01:09:36] O:24387.75 H:24400.10 L:24372.70 C:24386.75 -> doji
[2026-04-19 01:09:36] O:24386.40 H:24398.25 L:24376.00 C:24388.90 -> spinning_top
[2026-04-19 01:09:36] O:24389.35 H:24390.35 L:24353.70 C:24358.30 -> no_pattern
[2026-04-19 01:09:36] O:24358.15 H:24364.05 L:24312.00 C:24314.90 -> no_pattern
[2026-04-19 01:09:36] O:24314.05 H:24335.35 L:24301.90 C:24303.70 -> shooting_star
[2026-04-19 01:09:36] O:24387.75 H:24400.10 L:24372.70 C:24386.75 -> doji
[2026-04-19 01:09:36] O:24386.40 H:24398.25 L:24376.00 C:24388.90 -> spinning_top
[2026-04-19 01:09:36] O:24389.35 H:24390.35 L:24353.70 C:24358.30 -> no_pattern
[2026-04-19 01:09:36] O:24358.15 H:24364.05 L:24312.00 C:24314.90 -> no_pattern
[2026-04-19 01:09:36] O:24314.05 H:24335.35 L:24301.90 C:24303.70 -> shooting_star
[2026-04-19 01:09:36] O:24303.00 H:24329.30 L:24293.15 C:24328.60 -> no_pattern
[2026-04-19 01:09:36] O:24328.00 H:24334.65 L:24315.30 C:24330.35 -> spinning_top
[2026-04-19 01:09:36] O:24331.10 H:24337.05 L:24301.50 C:24316.55 -> no_pattern
[2026-04-19 01:09:36] O:24316.85 H:24316.85 L:24275.45 C:24283.35 -> no_pattern
[2026-04-19 01:09:36] O:24282.70 H:24290.75 L:24266.50 C:24288.50 -> pinbar
[2026-04-19 01:09:36] O:24288.70 H:24304.05 L:24279.65 C:24283.30 -> shooting_star
[2026-04-19 01:09:36] O:24281.90 H:24318.65 L:24280.90 C:24318.65 -> marubozu
[2026-04-19 01:09:36] O:24318.15 H:24319.85 L:24295.30 C:24307.60 -> no_pattern
[2026-04-19 01:09:36] O:24306.15 H:24324.55 L:24292.85 C:24323.40 -> no_pattern
[2026-04-19 01:09:36] O:24282.70 H:24290.75 L:24266.50 C:24288.50 -> pinbar
[2026-04-19 01:09:36] O:24288.70 H:24304.05 L:24279.65 C:24283.30 -> shooting_star
[2026-04-19 01:09:36] O:24281.90 H:24318.65 L:24280.90 C:24318.65 -> marubozu
[2026-04-19 01:09:36] O:24318.15 H:24319.85 L:24295.30 C:24307.60 -> no_pattern
[2026-04-19 01:09:36] O:24306.15 H:24324.55 L:24292.85 C:24323.40 -> no_pattern
[2026-04-19 01:09:36] O:24323.65 H:24328.80 L:24300.05 C:24306.45 -> no_pattern
[2026-04-19 01:09:36] O:24305.75 H:24315.20 L:24302.50 C:24312.35 -> no_pattern
[2026-04-19 01:09:36] O:24312.00 H:24317.20 L:24292.50 C:24308.80 -> spinning_top
[2026-04-19 01:09:37] O:24308.85 H:24321.25 L:24305.70 C:24312.70 -> inverted_hammer
[2026-04-19 01:09:37] O:24312.80 H:24325.85 L:24308.60 C:24310.65 -> shooting_star
[2026-04-19 01:09:37] O:24323.65 H:24328.80 L:24300.05 C:24306.45 -> no_pattern
[2026-04-19 01:09:37] O:24305.75 H:24315.20 L:24302.50 C:24312.35 -> no_pattern
[2026-04-19 01:09:37] O:24312.00 H:24317.20 L:24292.50 C:24308.80 -> spinning_top
[2026-04-19 01:09:37] O:24308.85 H:24321.25 L:24305.70 C:24312.70 -> inverted_hammer
[2026-04-19 01:09:37] O:24312.80 H:24325.85 L:24308.60 C:24310.65 -> shooting_star
[2026-04-19 01:09:37] O:24311.20 H:24317.10 L:24292.45 C:24311.75 -> doji
[2026-04-19 01:09:37] O:24312.10 H:24320.50 L:24306.90 C:24320.35 -> no_pattern
[2026-04-19 01:09:37] O:24320.00 H:24327.90 L:24311.75 C:24315.80 -> no_pattern
[2026-04-19 01:09:37] O:24316.00 H:24319.10 L:24311.50 C:24314.70 -> spinning_top
[2026-04-19 01:09:37] O:24315.25 H:24315.95 L:24302.15 C:24306.50 -> no_pattern
[2026-04-19 01:09:37] O:24311.20 H:24317.10 L:24292.45 C:24311.75 -> doji
[2026-04-19 01:09:37] O:24312.10 H:24320.50 L:24306.90 C:24320.35 -> no_pattern
[2026-04-19 01:09:37] O:24320.00 H:24327.90 L:24311.75 C:24315.80 -> no_pattern
[2026-04-19 01:09:37] O:24316.00 H:24319.10 L:24311.50 C:24314.70 -> spinning_top
[2026-04-19 01:09:37] O:24315.25 H:24315.95 L:24302.15 C:24306.50 -> no_pattern
[2026-04-19 01:09:37] O:24306.00 H:24322.70 L:24303.55 C:24320.50 -> no_pattern
[2026-04-19 01:09:37] O:24387.75 H:24400.10 L:24372.70 C:24386.75 -> doji
[2026-04-19 01:09:37] O:24386.40 H:24398.25 L:24376.00 C:24388.90 -> spinning_top
[2026-04-19 01:09:37] O:24389.35 H:24390.35 L:24353.70 C:24358.30 -> no_pattern
[2026-04-19 01:09:37] O:24358.15 H:24364.05 L:24312.00 C:24314.90 -> no_pattern
[2026-04-19 01:09:37] O:24314.05 H:24335.35 L:24301.90 C:24303.70 -> shooting_star
[2026-04-19 01:09:37] O:24303.00 H:24329.30 L:24293.15 C:24328.60 -> no_pattern
[2026-04-19 01:09:37] O:24328.00 H:24334.65 L:24315.30 C:24330.35 -> spinning_top
[2026-04-19 01:09:37] O:24331.10 H:24337.05 L:24301.50 C:24316.55 -> no_pattern
[2026-04-19 01:09:37] O:24316.85 H:24316.85 L:24275.45 C:24283.35 -> no_pattern
[2026-04-19 01:09:37] O:24282.70 H:24290.75 L:24266.50 C:24288.50 -> pinbar
[2026-04-19 01:09:37] O:24288.70 H:24304.05 L:24279.65 C:24283.30 -> shooting_star
[2026-04-19 01:09:37] O:24281.90 H:24318.65 L:24280.90 C:24318.65 -> marubozu
[2026-04-19 01:09:37] O:24318.15 H:24319.85 L:24295.30 C:24307.60 -> no_pattern
[2026-04-19 01:09:37] O:24306.15 H:24324.55 L:24292.85 C:24323.40 -> no_pattern
[2026-04-19 01:09:37] O:24323.65 H:24328.80 L:24300.05 C:24306.45 -> no_pattern
[2026-04-19 01:09:37] O:24305.75 H:24315.20 L:24302.50 C:24312.35 -> no_pattern
[2026-04-19 01:09:37] O:24312.00 H:24317.20 L:24292.50 C:24308.80 -> spinning_top
[2026-04-19 01:09:37] O:24308.85 H:24321.25 L:24305.70 C:24312.70 -> inverted_hammer
[2026-04-19 01:09:37] O:24312.80 H:24325.85 L:24308.60 C:24310.65 -> shooting_star
[2026-04-19 01:09:37] O:24311.20 H:24317.10 L:24292.45 C:24311.75 -> doji
[2026-04-19 01:09:37] O:24312.10 H:24320.50 L:24306.90 C:24320.35 -> no_pattern
[2026-04-19 01:09:37] O:24320.00 H:24327.90 L:24311.75 C:24315.80 -> no_pattern
[2026-04-19 01:09:37] O:24316.00 H:24319.10 L:24311.50 C:24314.70 -> spinning_top
[2026-04-19 01:09:37] O:24315.25 H:24315.95 L:24302.15 C:24306.50 -> no_pattern
[2026-04-19 01:09:37] O:24306.00 H:24322.70 L:24303.55 C:24320.50 -> no_pattern
[2026-04-19 01:09:37] O:24320.65 H:24330.70 L:24319.15 C:24323.05 -> shooting_star
[2026-04-19 01:09:37] O:24323.60 H:24333.20 L:24308.60 C:24313.55 -> no_pattern
[2026-04-19 01:09:37] O:24313.05 H:24318.75 L:24303.65 C:24313.90 -> doji
[2026-04-19 01:09:37] O:24313.20 H:24321.00 L:24294.10 C:24311.40 -> doji
[2026-04-19 01:09:37] O:24308.15 H:24328.95 L:24298.55 C:24301.15 -> shooting_star
[2026-04-19 01:09:37] O:24301.10 H:24302.40 L:24282.75 C:24288.25 -> no_pattern
[2026-04-19 01:09:37] O:24323.60 H:24333.20 L:24308.60 C:24313.55 -> no_pattern
[2026-04-19 01:09:37] O:24313.05 H:24318.75 L:24303.65 C:24313.90 -> doji
[2026-04-19 01:09:37] O:24313.20 H:24321.00 L:24294.10 C:24311.40 -> doji
[2026-04-19 01:09:37] O:24308.15 H:24328.95 L:24298.55 C:24301.15 -> shooting_star
[2026-04-19 01:09:37] O:24301.10 H:24302.40 L:24282.75 C:24288.25 -> no_pattern
[2026-04-19 01:09:37] O:24288.00 H:24304.25 L:24284.70 C:24300.95 -> no_pattern
[2026-04-19 01:09:37] O:24301.40 H:24303.40 L:24290.10 C:24299.70 -> spinning_top
[2026-04-19 01:09:37] O:24299.85 H:24301.05 L:24279.75 C:24284.10 -> no_pattern
[2026-04-19 01:09:37] O:24387.75 H:24400.10 L:24372.70 C:24386.75 -> doji
[2026-04-19 01:09:37] O:24386.40 H:24398.25 L:24376.00 C:24388.90 -> spinning_top
[2026-04-19 01:09:37] O:24389.35 H:24390.35 L:24353.70 C:24358.30 -> no_pattern
[2026-04-19 01:09:37] O:24358.15 H:24364.05 L:24312.00 C:24314.90 -> no_pattern
[2026-04-19 01:09:37] O:24314.05 H:24335.35 L:24301.90 C:24303.70 -> shooting_star
[2026-04-19 01:09:37] O:24303.00 H:24329.30 L:24293.15 C:24328.60 -> no_pattern
[2026-04-19 01:09:37] O:24328.00 H:24334.65 L:24315.30 C:24330.35 -> spinning_top
[2026-04-19 01:09:37] O:24331.10 H:24337.05 L:24301.50 C:24316.55 -> no_pattern
[2026-04-19 01:09:37] O:24316.85 H:24316.85 L:24275.45 C:24283.35 -> no_pattern
[2026-04-19 01:09:37] O:24282.70 H:24290.75 L:24266.50 C:24288.50 -> pinbar
[2026-04-19 01:09:37] O:24288.70 H:24304.05 L:24279.65 C:24283.30 -> shooting_star
[2026-04-19 01:09:37] O:24281.90 H:24318.65 L:24280.90 C:24318.65 -> marubozu
[2026-04-19 01:09:37] O:24318.15 H:24319.85 L:24295.30 C:24307.60 -> no_pattern
[2026-04-19 01:09:37] O:24306.15 H:24324.55 L:24292.85 C:24323.40 -> no_pattern
[2026-04-19 01:09:37] O:24323.65 H:24328.80 L:24300.05 C:24306.45 -> no_pattern
[2026-04-19 01:09:37] O:24305.75 H:24315.20 L:24302.50 C:24312.35 -> no_pattern
[2026-04-19 01:09:37] O:24312.00 H:24317.20 L:24292.50 C:24308.80 -> spinning_top
[2026-04-19 01:09:37] O:24308.85 H:24321.25 L:24305.70 C:24312.70 -> inverted_hammer
[2026-04-19 01:09:37] O:24312.80 H:24325.85 L:24308.60 C:24310.65 -> shooting_star
[2026-04-19 01:09:37] O:24311.20 H:24317.10 L:24292.45 C:24311.75 -> doji
[2026-04-19 01:09:37] O:24312.10 H:24320.50 L:24306.90 C:24320.35 -> no_pattern
[2026-04-19 01:09:37] O:24320.00 H:24327.90 L:24311.75 C:24315.80 -> no_pattern
[2026-04-19 01:09:37] O:24316.00 H:24319.10 L:24311.50 C:24314.70 -> spinning_top
[2026-04-19 01:09:37] O:24315.25 H:24315.95 L:24302.15 C:24306.50 -> no_pattern
[2026-04-19 01:09:37] O:24306.00 H:24322.70 L:24303.55 C:24320.50 -> no_pattern
[2026-04-19 01:09:37] O:24320.65 H:24330.70 L:24319.15 C:24323.05 -> shooting_star
[2026-04-19 01:09:37] O:24323.60 H:24333.20 L:24308.60 C:24313.55 -> no_pattern
[2026-04-19 01:09:37] O:24313.05 H:24318.75 L:24303.65 C:24313.90 -> doji
[2026-04-19 01:09:37] O:24313.20 H:24321.00 L:24294.10 C:24311.40 -> doji
[2026-04-19 01:09:37] O:24308.15 H:24328.95 L:24298.55 C:24301.15 -> shooting_star
[2026-04-19 01:09:38] O:24301.10 H:24302.40 L:24282.75 C:24288.25 -> no_pattern
[2026-04-19 01:09:38] O:24288.00 H:24304.25 L:24284.70 C:24300.95 -> no_pattern
[2026-04-19 01:09:38] O:24301.40 H:24303.40 L:24290.10 C:24299.70 -> spinning_top
[2026-04-19 01:09:38] O:24299.85 H:24301.05 L:24279.75 C:24284.10 -> no_pattern
[2026-04-19 01:09:38] O:24284.10 H:24284.10 L:24261.60 C:24262.50 -> marubozu
[2026-04-19 01:09:38] O:24262.15 H:24268.85 L:24233.05 C:24233.05 -> no_pattern
[2026-04-19 01:09:38] O:24233.30 H:24246.10 L:24216.45 C:24226.95 -> spinning_top
[2026-04-19 01:09:38] O:24226.90 H:24238.05 L:24218.40 C:24237.25 -> no_pattern
[2026-04-19 01:09:38] O:24387.75 H:24400.10 L:24372.70 C:24386.75 -> doji
[2026-04-19 01:09:38] O:24386.40 H:24398.25 L:24376.00 C:24388.90 -> spinning_top
[2026-04-19 01:09:38] O:24389.35 H:24390.35 L:24353.70 C:24358.30 -> no_pattern
[2026-04-19 01:09:38] O:24358.15 H:24364.05 L:24312.00 C:24314.90 -> no_pattern
[2026-04-19 01:09:38] O:24314.05 H:24335.35 L:24301.90 C:24303.70 -> shooting_star
[2026-04-19 01:09:38] O:24303.00 H:24329.30 L:24293.15 C:24328.60 -> no_pattern
[2026-04-19 01:09:38] O:24328.00 H:24334.65 L:24315.30 C:24330.35 -> spinning_top
[2026-04-19 01:09:38] O:24331.10 H:24337.05 L:24301.50 C:24316.55 -> no_pattern
[2026-04-19 01:09:38] O:24316.85 H:24316.85 L:24275.45 C:24283.35 -> no_pattern
[2026-04-19 01:09:38] O:24282.70 H:24290.75 L:24266.50 C:24288.50 -> pinbar
[2026-04-19 01:09:38] O:24288.70 H:24304.05 L:24279.65 C:24283.30 -> shooting_star
[2026-04-19 01:09:38] O:24281.90 H:24318.65 L:24280.90 C:24318.65 -> marubozu
[2026-04-19 01:09:38] O:24318.15 H:24319.85 L:24295.30 C:24307.60 -> no_pattern
[2026-04-19 01:09:38] O:24306.15 H:24324.55 L:24292.85 C:24323.40 -> no_pattern
[2026-04-19 01:09:38] O:24323.65 H:24328.80 L:24300.05 C:24306.45 -> no_pattern
[2026-04-19 01:09:38] O:24305.75 H:24315.20 L:24302.50 C:24312.35 -> no_pattern
[2026-04-19 01:09:38] O:24312.00 H:24317.20 L:24292.50 C:24308.80 -> spinning_top
[2026-04-19 01:09:38] O:24308.85 H:24321.25 L:24305.70 C:24312.70 -> inverted_hammer
[2026-04-19 01:09:38] O:24312.80 H:24325.85 L:24308.60 C:24310.65 -> shooting_star
[2026-04-19 01:09:38] O:24311.20 H:24317.10 L:24292.45 C:24311.75 -> doji
[2026-04-19 01:09:38] O:24312.10 H:24320.50 L:24306.90 C:24320.35 -> no_pattern
[2026-04-19 01:09:38] O:24320.00 H:24327.90 L:24311.75 C:24315.80 -> no_pattern
[2026-04-19 01:09:38] O:24316.00 H:24319.10 L:24311.50 C:24314.70 -> spinning_top
[2026-04-19 01:09:38] O:24315.25 H:24315.95 L:24302.15 C:24306.50 -> no_pattern
[2026-04-19 01:09:38] O:24306.00 H:24322.70 L:24303.55 C:24320.50 -> no_pattern
[2026-04-19 01:09:38] O:24320.65 H:24330.70 L:24319.15 C:24323.05 -> shooting_star
[2026-04-19 01:09:38] O:24323.60 H:24333.20 L:24308.60 C:24313.55 -> no_pattern
[2026-04-19 01:09:38] O:24313.05 H:24318.75 L:24303.65 C:24313.90 -> doji
[2026-04-19 01:09:38] O:24313.20 H:24321.00 L:24294.10 C:24311.40 -> doji
[2026-04-19 01:09:38] O:24308.15 H:24328.95 L:24298.55 C:24301.15 -> shooting_star
[2026-04-19 01:09:38] O:24301.10 H:24302.40 L:24282.75 C:24288.25 -> no_pattern
[2026-04-19 01:09:38] O:24288.00 H:24304.25 L:24284.70 C:24300.95 -> no_pattern
[2026-04-19 01:09:38] O:24301.40 H:24303.40 L:24290.10 C:24299.70 -> spinning_top
[2026-04-19 01:09:38] O:24299.85 H:24301.05 L:24279.75 C:24284.10 -> no_pattern
[2026-04-19 01:09:38] O:24284.10 H:24284.10 L:24261.60 C:24262.50 -> marubozu
[2026-04-19 01:09:38] O:24262.15 H:24268.85 L:24233.05 C:24233.05 -> no_pattern
[2026-04-19 01:09:38] O:24233.30 H:24246.10 L:24216.45 C:24226.95 -> spinning_top
[2026-04-19 01:09:38] O:24226.90 H:24238.05 L:24218.40 C:24237.25 -> no_pattern
[2026-04-19 01:09:38] O:24237.75 H:24237.75 L:24198.55 C:24205.35 -> no_pattern
[2026-04-19 01:09:38] O:24387.75 H:24400.10 L:24372.70 C:24386.75 -> doji
[2026-04-19 01:09:38] O:24386.40 H:24398.25 L:24376.00 C:24388.90 -> spinning_top
[2026-04-19 01:09:38] O:24389.35 H:24390.35 L:24353.70 C:24358.30 -> no_pattern
[2026-04-19 01:09:38] O:24358.15 H:24364.05 L:24312.00 C:24314.90 -> no_pattern
[2026-04-19 01:09:38] O:24314.05 H:24335.35 L:24301.90 C:24303.70 -> shooting_star
[2026-04-19 01:09:38] O:24303.00 H:24329.30 L:24293.15 C:24328.60 -> no_pattern
[2026-04-19 01:09:38] O:24328.00 H:24334.65 L:24315.30 C:24330.35 -> spinning_top
[2026-04-19 01:09:38] O:24331.10 H:24337.05 L:24301.50 C:24316.55 -> no_pattern
[2026-04-19 01:09:38] O:24316.85 H:24316.85 L:24275.45 C:24283.35 -> no_pattern
[2026-04-19 01:09:38] O:24282.70 H:24290.75 L:24266.50 C:24288.50 -> pinbar
[2026-04-19 01:09:38] O:24288.70 H:24304.05 L:24279.65 C:24283.30 -> shooting_star
[2026-04-19 01:09:38] O:24281.90 H:24318.65 L:24280.90 C:24318.65 -> marubozu
[2026-04-19 01:09:38] O:24318.15 H:24319.85 L:24295.30 C:24307.60 -> no_pattern
[2026-04-19 01:09:38] O:24306.15 H:24324.55 L:24292.85 C:24323.40 -> no_pattern
[2026-04-19 01:09:38] O:24323.65 H:24328.80 L:24300.05 C:24306.45 -> no_pattern
[2026-04-19 01:09:38] O:24305.75 H:24315.20 L:24302.50 C:24312.35 -> no_pattern
[2026-04-19 01:09:38] O:24312.00 H:24317.20 L:24292.50 C:24308.80 -> spinning_top
[2026-04-19 01:09:38] O:24308.85 H:24321.25 L:24305.70 C:24312.70 -> inverted_hammer
[2026-04-19 01:09:38] O:24312.80 H:24325.85 L:24308.60 C:24310.65 -> shooting_star
[2026-04-19 01:09:38] O:24311.20 H:24317.10 L:24292.45 C:24311.75 -> doji
[2026-04-19 01:09:38] O:24312.10 H:24320.50 L:24306.90 C:24320.35 -> no_pattern
[2026-04-19 01:09:38] O:24320.00 H:24327.90 L:24311.75 C:24315.80 -> no_pattern
[2026-04-19 01:09:38] O:24316.00 H:24319.10 L:24311.50 C:24314.70 -> spinning_top
[2026-04-19 01:09:38] O:24315.25 H:24315.95 L:24302.15 C:24306.50 -> no_pattern
[2026-04-19 01:09:38] O:24306.00 H:24322.70 L:24303.55 C:24320.50 -> no_pattern
[2026-04-19 01:09:38] O:24320.65 H:24330.70 L:24319.15 C:24323.05 -> shooting_star
[2026-04-19 01:09:38] O:24323.60 H:24333.20 L:24308.60 C:24313.55 -> no_pattern
[2026-04-19 01:09:38] O:24313.05 H:24318.75 L:24303.65 C:24313.90 -> doji
[2026-04-19 01:09:38] O:24313.20 H:24321.00 L:24294.10 C:24311.40 -> doji
[2026-04-19 01:09:38] O:24308.15 H:24328.95 L:24298.55 C:24301.15 -> shooting_star
[2026-04-19 01:09:38] O:24301.10 H:24302.40 L:24282.75 C:24288.25 -> no_pattern
[2026-04-19 01:09:38] O:24288.00 H:24304.25 L:24284.70 C:24300.95 -> no_pattern
[2026-04-19 01:09:38] O:24301.40 H:24303.40 L:24290.10 C:24299.70 -> spinning_top
[2026-04-19 01:09:38] O:24299.85 H:24301.05 L:24279.75 C:24284.10 -> no_pattern
[2026-04-19 01:09:38] O:24284.10 H:24284.10 L:24261.60 C:24262.50 -> marubozu
[2026-04-19 01:09:38] O:24262.15 H:24268.85 L:24233.05 C:24233.05 -> no_pattern
[2026-04-19 01:09:38] O:24233.30 H:24246.10 L:24216.45 C:24226.95 -> spinning_top
[2026-04-19 01:09:38] O:24226.90 H:24238.05 L:24218.40 C:24237.25 -> no_pattern
[2026-04-19 01:09:38] O:24237.75 H:24237.75 L:24198.55 C:24205.35 -> no_pattern
[2026-04-19 01:09:38] O:24205.05 H:24211.25 L:24163.00 C:24164.75 -> no_pattern
[2026-04-19 01:09:38] O:24164.85 H:24173.45 L:24153.55 C:24169.95 -> pinbar
[2026-04-19 01:09:38] O:24169.45 H:24178.95 L:24153.55 C:24178.95 -> no_pattern
[2026-04-19 01:09:38] O:24178.90 H:24190.75 L:24172.15 C:24184.80 -> no_pattern
[2026-04-19 01:09:38] O:24182.95 H:24189.70 L:24159.40 C:24175.10 -> pinbar
[2026-04-19 01:09:38] O:24175.30 H:24184.35 L:24166.80 C:24167.95 -> no_pattern
[2026-04-19 01:09:38] O:24168.00 H:24174.25 L:24152.70 C:24168.10 -> doji
[2026-04-19 01:09:38] O:24168.00 H:24168.00 L:24153.20 C:24155.60 -> no_pattern
[2026-04-19 01:09:38] O:24387.75 H:24400.10 L:24372.70 C:24386.75 -> doji
[2026-04-19 01:09:38] O:24386.40 H:24398.25 L:24376.00 C:24388.90 -> spinning_top
[2026-04-19 01:09:38] O:24389.35 H:24390.35 L:24353.70 C:24358.30 -> no_pattern
[2026-04-19 01:09:38] O:24358.15 H:24364.05 L:24312.00 C:24314.90 -> no_pattern
[2026-04-19 01:09:38] O:24314.05 H:24335.35 L:24301.90 C:24303.70 -> shooting_star
[2026-04-19 01:09:38] O:24303.00 H:24329.30 L:24293.15 C:24328.60 -> no_pattern
[2026-04-19 01:09:38] O:24328.00 H:24334.65 L:24315.30 C:24330.35 -> spinning_top
[2026-04-19 01:09:38] O:24331.10 H:24337.05 L:24301.50 C:24316.55 -> no_pattern
[2026-04-19 01:09:38] O:24316.85 H:24316.85 L:24275.45 C:24283.35 -> no_pattern
[2026-04-19 01:09:38] O:24282.70 H:24290.75 L:24266.50 C:24288.50 -> pinbar
[2026-04-19 01:09:38] O:24288.70 H:24304.05 L:24279.65 C:24283.30 -> shooting_star
[2026-04-19 01:09:38] O:24281.90 H:24318.65 L:24280.90 C:24318.65 -> marubozu
[2026-04-19 01:09:38] O:24318.15 H:24319.85 L:24295.30 C:24307.60 -> no_pattern
[2026-04-19 01:09:38] O:24306.15 H:24324.55 L:24292.85 C:24323.40 -> no_pattern
[2026-04-19 01:09:38] O:24323.65 H:24328.80 L:24300.05 C:24306.45 -> no_pattern
[2026-04-19 01:09:38] O:24305.75 H:24315.20 L:24302.50 C:24312.35 -> no_pattern
[2026-04-19 01:09:38] O:24312.00 H:24317.20 L:24292.50 C:24308.80 -> spinning_top
[2026-04-19 01:09:38] O:24308.85 H:24321.25 L:24305.70 C:24312.70 -> inverted_hammer
[2026-04-19 01:09:38] O:24312.80 H:24325.85 L:24308.60 C:24310.65 -> shooting_star
[2026-04-19 01:09:38] O:24311.20 H:24317.10 L:24292.45 C:24311.75 -> doji
[2026-04-19 01:09:38] O:24312.10 H:24320.50 L:24306.90 C:24320.35 -> no_pattern
[2026-04-19 01:09:38] O:24320.00 H:24327.90 L:24311.75 C:24315.80 -> no_pattern
[2026-04-19 01:09:38] O:24316.00 H:24319.10 L:24311.50 C:24314.70 -> spinning_top
[2026-04-19 01:09:38] O:24315.25 H:24315.95 L:24302.15 C:24306.50 -> no_pattern
[2026-04-19 01:09:38] O:24306.00 H:24322.70 L:24303.55 C:24320.50 -> no_pattern
[2026-04-19 01:09:38] O:24320.65 H:24330.70 L:24319.15 C:24323.05 -> shooting_star
[2026-04-19 01:09:38] O:24323.60 H:24333.20 L:24308.60 C:24313.55 -> no_pattern
[2026-04-19 01:09:38] O:24313.05 H:24318.75 L:24303.65 C:24313.90 -> doji
[2026-04-19 01:09:38] O:24313.20 H:24321.00 L:24294.10 C:24311.40 -> doji
[2026-04-19 01:09:38] O:24308.15 H:24328.95 L:24298.55 C:24301.15 -> shooting_star
[2026-04-19 01:09:38] O:24301.10 H:24302.40 L:24282.75 C:24288.25 -> no_pattern
[2026-04-19 01:09:39] O:24288.00 H:24304.25 L:24284.70 C:24300.95 -> no_pattern
[2026-04-19 01:09:39] O:24301.40 H:24303.40 L:24290.10 C:24299.70 -> spinning_top
[2026-04-19 01:09:39] O:24299.85 H:24301.05 L:24279.75 C:24284.10 -> no_pattern
[2026-04-19 01:09:39] O:24284.10 H:24284.10 L:24261.60 C:24262.50 -> marubozu
[2026-04-19 01:09:39] O:24262.15 H:24268.85 L:24233.05 C:24233.05 -> no_pattern
[2026-04-19 01:09:39] O:24233.30 H:24246.10 L:24216.45 C:24226.95 -> spinning_top
[2026-04-19 01:09:39] O:24226.90 H:24238.05 L:24218.40 C:24237.25 -> no_pattern
[2026-04-19 01:09:39] O:24237.75 H:24237.75 L:24198.55 C:24205.35 -> no_pattern
[2026-04-19 01:09:39] O:24205.05 H:24211.25 L:24163.00 C:24164.75 -> no_pattern
[2026-04-19 01:09:39] O:24164.85 H:24173.45 L:24153.55 C:24169.95 -> pinbar
[2026-04-19 01:09:39] O:24169.45 H:24178.95 L:24153.55 C:24178.95 -> no_pattern
[2026-04-19 01:09:39] O:24178.90 H:24190.75 L:24172.15 C:24184.80 -> no_pattern
[2026-04-19 01:09:39] O:24182.95 H:24189.70 L:24159.40 C:24175.10 -> pinbar
[2026-04-19 01:09:39] O:24175.30 H:24184.35 L:24166.80 C:24167.95 -> no_pattern
[2026-04-19 01:09:39] O:24168.00 H:24174.25 L:24152.70 C:24168.10 -> doji
[2026-04-19 01:09:39] O:24168.00 H:24168.00 L:24153.20 C:24155.60 -> no_pattern
[2026-04-19 01:09:39] O:24154.05 H:24169.75 L:24137.85 C:24137.90 -> no_pattern
[2026-04-19 01:09:39] O:24138.05 H:24148.40 L:24132.20 C:24147.95 -> no_pattern
[2026-04-19 01:09:39] O:24147.80 H:24168.30 L:24147.15 C:24167.40 -> marubozu
[2026-04-19 01:09:39] O:24167.05 H:24169.25 L:24129.75 C:24152.10 -> no_pattern
[2026-04-19 01:09:39] O:24151.70 H:24152.45 L:24131.05 C:24132.40 -> no_pattern
[2026-04-19 01:09:39] O:24132.55 H:24157.10 L:24123.60 C:24123.90 -> shooting_star
[2026-04-19 01:09:39] O:24124.05 H:24129.90 L:24117.20 C:24128.60 -> no_pattern
[2026-04-19 01:09:39] O:24129.05 H:24152.80 L:24128.85 C:24140.35 -> no_pattern
[2026-04-19 01:09:39] O:24140.85 H:24160.20 L:24127.70 C:24131.75 -> inverted_hammer
[2026-04-19 01:09:39] O:24131.30 H:24134.25 L:24108.10 C:24110.05 -> no_pattern
[2026-04-19 01:09:39] O:24111.90 H:24125.85 L:24109.65 C:24122.30 -> no_pattern
[2026-04-19 01:09:39] O:24122.60 H:24135.00 L:24111.80 C:24130.35 -> no_pattern
[2026-04-19 01:09:39] O:24130.30 H:24142.45 L:24128.40 C:24132.60 -> shooting_star
[2026-04-19 01:09:39] O:24133.00 H:24133.00 L:24103.10 C:24111.85 -> no_pattern
[2026-04-19 01:09:39] O:24111.40 H:24123.25 L:24104.70 C:24119.50 -> no_pattern
[2026-04-19 01:09:39] O:24120.20 H:24128.45 L:24115.30 C:24124.05 -> spinning_top
[2026-04-19 01:09:39] O:24123.85 H:24125.35 L:24118.10 C:24121.75 -> no_pattern
[2026-04-19 01:09:39] O:24121.95 H:24136.10 L:24120.00 C:24135.35 -> no_pattern
[2026-04-19 01:09:39] O:24133.00 H:24133.00 L:24103.10 C:24111.85 -> no_pattern
[2026-04-19 01:09:39] O:24111.40 H:24123.25 L:24104.70 C:24119.50 -> no_pattern
[2026-04-19 01:09:39] O:24120.20 H:24128.45 L:24115.30 C:24124.05 -> spinning_top
[2026-04-19 01:09:39] O:24123.85 H:24125.35 L:24118.10 C:24121.75 -> no_pattern
[2026-04-19 01:09:39] O:24121.95 H:24136.10 L:24120.00 C:24135.35 -> no_pattern
[2026-04-19 01:09:39] O:24135.30 H:24149.85 L:24133.90 C:24149.40 -> no_pattern
[2026-04-19 01:09:39] O:24149.65 H:24181.30 L:24140.75 C:24180.45 -> no_pattern
[2026-04-19 01:09:39] O:24178.85 H:24184.75 L:24162.90 C:24183.45 -> pinbar
[2026-04-19 01:09:39] O:24184.25 H:24190.50 L:24165.55 C:24170.55 -> no_pattern
[2026-04-19 01:09:39] O:24170.40 H:24183.95 L:24162.35 C:24162.95 -> no_pattern
[2026-04-19 01:09:39] O:24159.65 H:24163.45 L:24132.45 C:24146.05 -> no_pattern
[2026-04-19 01:09:39] O:24146.45 H:24158.30 L:24144.55 C:24154.70 -> no_pattern
[2026-04-19 01:09:40] O:24155.05 H:24175.35 L:24155.05 C:24166.70 -> no_pattern
[2026-04-19 01:09:40] O:24184.25 H:24190.50 L:24165.55 C:24170.55 -> no_pattern
[2026-04-19 01:09:40] O:24170.40 H:24183.95 L:24162.35 C:24162.95 -> no_pattern
[2026-04-19 01:09:40] O:24159.65 H:24163.45 L:24132.45 C:24146.05 -> no_pattern
[2026-04-19 01:09:40] O:24146.45 H:24158.30 L:24144.55 C:24154.70 -> no_pattern
[2026-04-19 01:09:40] O:24155.05 H:24175.35 L:24155.05 C:24166.70 -> no_pattern
[2026-04-19 01:09:40] O:24166.70 H:24168.85 L:24158.90 C:24162.40 -> no_pattern
[2026-04-19 01:09:40] O:24162.50 H:24171.30 L:24159.75 C:24170.65 -> no_pattern
[2026-04-19 01:09:40] O:24159.65 H:24163.45 L:24132.45 C:24146.05 -> no_pattern
[2026-04-19 01:09:40] O:24146.45 H:24158.30 L:24144.55 C:24154.70 -> no_pattern
[2026-04-19 01:09:40] O:24155.05 H:24175.35 L:24155.05 C:24166.70 -> no_pattern
[2026-04-19 01:09:40] O:24166.70 H:24168.85 L:24158.90 C:24162.40 -> no_pattern
[2026-04-19 01:09:40] O:24162.50 H:24171.30 L:24159.75 C:24170.65 -> no_pattern
[2026-04-19 01:09:40] O:24170.40 H:24181.45 L:24153.75 C:24180.70 -> no_pattern
[2026-04-19 01:09:40] O:24387.75 H:24400.10 L:24372.70 C:24386.75 -> doji
[2026-04-19 01:09:40] O:24386.40 H:24398.25 L:24376.00 C:24388.90 -> spinning_top
[2026-04-19 01:09:40] O:24389.35 H:24390.35 L:24353.70 C:24358.30 -> no_pattern
[2026-04-19 01:09:40] O:24358.15 H:24364.05 L:24312.00 C:24314.90 -> no_pattern
[2026-04-19 01:09:40] O:24314.05 H:24335.35 L:24301.90 C:24303.70 -> shooting_star
[2026-04-19 01:09:40] O:24303.00 H:24329.30 L:24293.15 C:24328.60 -> no_pattern
[2026-04-19 01:09:40] O:24328.00 H:24334.65 L:24315.30 C:24330.35 -> spinning_top
[2026-04-19 01:09:40] O:24331.10 H:24337.05 L:24301.50 C:24316.55 -> no_pattern
[2026-04-19 01:09:40] O:24316.85 H:24316.85 L:24275.45 C:24283.35 -> no_pattern
[2026-04-19 01:09:40] O:24282.70 H:24290.75 L:24266.50 C:24288.50 -> pinbar
[2026-04-19 01:09:40] O:24288.70 H:24304.05 L:24279.65 C:24283.30 -> shooting_star
[2026-04-19 01:09:40] O:24281.90 H:24318.65 L:24280.90 C:24318.65 -> marubozu
[2026-04-19 01:09:40] O:24318.15 H:24319.85 L:24295.30 C:24307.60 -> no_pattern
[2026-04-19 01:09:40] O:24306.15 H:24324.55 L:24292.85 C:24323.40 -> no_pattern
[2026-04-19 01:09:40] O:24323.65 H:24328.80 L:24300.05 C:24306.45 -> no_pattern
[2026-04-19 01:09:40] O:24305.75 H:24315.20 L:24302.50 C:24312.35 -> no_pattern
[2026-04-19 01:09:40] O:24312.00 H:24317.20 L:24292.50 C:24308.80 -> spinning_top
[2026-04-19 01:09:40] O:24308.85 H:24321.25 L:24305.70 C:24312.70 -> inverted_hammer
[2026-04-19 01:09:40] O:24312.80 H:24325.85 L:24308.60 C:24310.65 -> shooting_star
[2026-04-19 01:09:40] O:24311.20 H:24317.10 L:24292.45 C:24311.75 -> doji
[2026-04-19 01:09:40] O:24312.10 H:24320.50 L:24306.90 C:24320.35 -> no_pattern
[2026-04-19 01:09:40] O:24320.00 H:24327.90 L:24311.75 C:24315.80 -> no_pattern
[2026-04-19 01:09:40] O:24316.00 H:24319.10 L:24311.50 C:24314.70 -> spinning_top
[2026-04-19 01:09:40] O:24315.25 H:24315.95 L:24302.15 C:24306.50 -> no_pattern
[2026-04-19 01:09:40] O:24306.00 H:24322.70 L:24303.55 C:24320.50 -> no_pattern
[2026-04-19 01:09:40] O:24320.65 H:24330.70 L:24319.15 C:24323.05 -> shooting_star
[2026-04-19 01:09:40] O:24323.60 H:24333.20 L:24308.60 C:24313.55 -> no_pattern
[2026-04-19 01:09:40] O:24313.05 H:24318.75 L:24303.65 C:24313.90 -> doji
[2026-04-19 01:09:40] O:24313.20 H:24321.00 L:24294.10 C:24311.40 -> doji
[2026-04-19 01:09:40] O:24308.15 H:24328.95 L:24298.55 C:24301.15 -> shooting_star
[2026-04-19 01:09:40] O:24301.10 H:24302.40 L:24282.75 C:24288.25 -> no_pattern
[2026-04-19 01:09:40] O:24288.00 H:24304.25 L:24284.70 C:24300.95 -> no_pattern
[2026-04-19 01:09:40] O:24301.40 H:24303.40 L:24290.10 C:24299.70 -> spinning_top
[2026-04-19 01:09:40] O:24299.85 H:24301.05 L:24279.75 C:24284.10 -> no_pattern
[2026-04-19 01:09:40] O:24284.10 H:24284.10 L:24261.60 C:24262.50 -> marubozu
[2026-04-19 01:09:40] O:24262.15 H:24268.85 L:24233.05 C:24233.05 -> no_pattern
[2026-04-19 01:09:40] O:24233.30 H:24246.10 L:24216.45 C:24226.95 -> spinning_top
[2026-04-19 01:09:40] O:24226.90 H:24238.05 L:24218.40 C:24237.25 -> no_pattern
[2026-04-19 01:09:40] O:24237.75 H:24237.75 L:24198.55 C:24205.35 -> no_pattern
[2026-04-19 01:09:40] O:24205.05 H:24211.25 L:24163.00 C:24164.75 -> no_pattern
[2026-04-19 01:09:40] O:24164.85 H:24173.45 L:24153.55 C:24169.95 -> pinbar
[2026-04-19 01:09:40] O:24169.45 H:24178.95 L:24153.55 C:24178.95 -> no_pattern
[2026-04-19 01:09:40] O:24178.90 H:24190.75 L:24172.15 C:24184.80 -> no_pattern
[2026-04-19 01:09:40] O:24182.95 H:24189.70 L:24159.40 C:24175.10 -> pinbar
[2026-04-19 01:09:40] O:24175.30 H:24184.35 L:24166.80 C:24167.95 -> no_pattern
[2026-04-19 01:09:40] O:24168.00 H:24174.25 L:24152.70 C:24168.10 -> doji
[2026-04-19 01:09:40] O:24168.00 H:24168.00 L:24153.20 C:24155.60 -> no_pattern
[2026-04-19 01:09:40] O:24154.05 H:24169.75 L:24137.85 C:24137.90 -> no_pattern
[2026-04-19 01:09:40] O:24138.05 H:24148.40 L:24132.20 C:24147.95 -> no_pattern
[2026-04-19 01:09:40] O:24147.80 H:24168.30 L:24147.15 C:24167.40 -> marubozu
[2026-04-19 01:09:40] O:24167.05 H:24169.25 L:24129.75 C:24152.10 -> no_pattern
[2026-04-19 01:09:40] O:24151.70 H:24152.45 L:24131.05 C:24132.40 -> no_pattern
[2026-04-19 01:09:40] O:24132.55 H:24157.10 L:24123.60 C:24123.90 -> shooting_star
[2026-04-19 01:09:40] O:24124.05 H:24129.90 L:24117.20 C:24128.60 -> no_pattern
[2026-04-19 01:09:40] O:24129.05 H:24152.80 L:24128.85 C:24140.35 -> no_pattern
[2026-04-19 01:09:40] O:24140.85 H:24160.20 L:24127.70 C:24131.75 -> inverted_hammer
[2026-04-19 01:09:40] O:24131.30 H:24134.25 L:24108.10 C:24110.05 -> no_pattern
[2026-04-19 01:09:40] O:24111.90 H:24125.85 L:24109.65 C:24122.30 -> no_pattern
[2026-04-19 01:09:40] O:24122.60 H:24135.00 L:24111.80 C:24130.35 -> no_pattern
[2026-04-19 01:09:40] O:24130.30 H:24142.45 L:24128.40 C:24132.60 -> shooting_star
[2026-04-19 01:09:40] O:24133.00 H:24133.00 L:24103.10 C:24111.85 -> no_pattern
[2026-04-19 01:09:40] O:24111.40 H:24123.25 L:24104.70 C:24119.50 -> no_pattern
[2026-04-19 01:09:40] O:24120.20 H:24128.45 L:24115.30 C:24124.05 -> spinning_top
[2026-04-19 01:09:40] O:24123.85 H:24125.35 L:24118.10 C:24121.75 -> no_pattern
[2026-04-19 01:09:40] O:24121.95 H:24136.10 L:24120.00 C:24135.35 -> no_pattern
[2026-04-19 01:09:40] O:24135.30 H:24149.85 L:24133.90 C:24149.40 -> no_pattern
[2026-04-19 01:09:40] O:24149.65 H:24181.30 L:24140.75 C:24180.45 -> no_pattern
[2026-04-19 01:09:40] O:24178.85 H:24184.75 L:24162.90 C:24183.45 -> pinbar
[2026-04-19 01:09:40] O:24184.25 H:24190.50 L:24165.55 C:24170.55 -> no_pattern
[2026-04-19 01:09:40] O:24170.40 H:24183.95 L:24162.35 C:24162.95 -> no_pattern
[2026-04-19 01:09:40] O:24159.65 H:24163.45 L:24132.45 C:24146.05 -> no_pattern
[2026-04-19 01:09:40] O:24146.45 H:24158.30 L:24144.55 C:24154.70 -> no_pattern
[2026-04-19 01:09:40] O:24155.05 H:24175.35 L:24155.05 C:24166.70 -> no_pattern
[2026-04-19 01:09:40] O:24166.70 H:24168.85 L:24158.90 C:24162.40 -> no_pattern
[2026-04-19 01:09:40] O:24162.50 H:24171.30 L:24159.75 C:24170.65 -> no_pattern
[2026-04-19 01:09:40] O:24170.40 H:24181.45 L:24153.75 C:24180.70 -> no_pattern
[2026-04-19 01:09:40] O:24180.45 H:24196.30 L:24171.50 C:24196.30 -> no_pattern
[2026-04-19 01:09:40] O:24196.35 H:24221.35 L:24195.95 C:24221.20 -> marubozu
[2026-04-19 01:09:40] O:24221.35 H:24228.65 L:24211.00 C:24221.15 -> doji
[2026-04-19 01:09:40] O:24220.55 H:24231.80 L:24211.90 C:24225.90 -> spinning_top
[2026-04-19 01:09:40] O:24225.70 H:24240.15 L:24212.50 C:24231.70 -> spinning_top
[2026-04-19 01:09:40] O:24231.40 H:24245.00 L:24224.95 C:24239.90 -> no_pattern
[2026-04-19 01:09:40] O:24239.65 H:24244.00 L:24226.95 C:24240.75 -> doji
[2026-04-19 01:09:40] O:24241.00 H:24241.15 L:24214.60 C:24227.90 -> no_pattern
[2026-04-19 01:09:40] O:24228.60 H:24238.30 L:24187.90 C:24210.90 -> no_pattern
[2026-04-19 01:09:40] O:24211.80 H:24230.70 L:24192.50 C:24196.50 -> no_pattern
[2026-04-19 01:09:40] O:24231.40 H:24245.00 L:24224.95 C:24239.90 -> no_pattern
[2026-04-19 01:09:40] O:24239.65 H:24244.00 L:24226.95 C:24240.75 -> doji
[2026-04-19 01:09:40] O:24241.00 H:24241.15 L:24214.60 C:24227.90 -> no_pattern
[2026-04-19 01:09:40] O:24228.60 H:24238.30 L:24187.90 C:24210.90 -> no_pattern
[2026-04-19 01:09:40] O:24211.80 H:24230.70 L:24192.50 C:24196.50 -> no_pattern
[2026-04-19 01:09:40] O:24196.40 H:24199.20 L:24163.45 C:24190.60 -> pinbar
[2026-04-19 01:09:41] O:24189.90 H:24202.50 L:24183.90 C:24183.90 -> shooting_star
[2026-04-19 01:09:41] O:24184.25 H:24203.25 L:24177.80 C:24178.90 -> shooting_star
[2026-04-19 01:09:41] O:24179.90 H:24199.30 L:24178.35 C:24196.20 -> no_pattern
[2026-04-19 01:09:41] O:24197.65 H:24199.95 L:24189.20 C:24194.05 -> no_pattern
[2026-04-19 01:09:41] O:24196.40 H:24199.20 L:24163.45 C:24190.60 -> pinbar
[2026-04-19 01:09:41] O:24189.90 H:24202.50 L:24183.90 C:24183.90 -> shooting_star
[2026-04-19 01:09:41] O:24184.25 H:24203.25 L:24177.80 C:24178.90 -> shooting_star
[2026-04-19 01:09:41] O:24179.90 H:24199.30 L:24178.35 C:24196.20 -> no_pattern
[2026-04-19 01:09:41] O:24197.65 H:24199.95 L:24189.20 C:24194.05 -> no_pattern
[2026-04-19 01:09:41] O:24195.15 H:24195.40 L:24178.85 C:24188.40 -> no_pattern
[2026-04-19 01:09:41] O:24133.00 H:24133.00 L:24103.10 C:24111.85 -> no_pattern
[2026-04-19 01:09:41] O:24111.40 H:24123.25 L:24104.70 C:24119.50 -> no_pattern
[2026-04-19 01:09:41] O:24120.20 H:24128.45 L:24115.30 C:24124.05 -> spinning_top
[2026-04-19 01:09:41] O:24123.85 H:24125.35 L:24118.10 C:24121.75 -> no_pattern
[2026-04-19 01:09:41] O:24121.95 H:24136.10 L:24120.00 C:24135.35 -> no_pattern
[2026-04-19 01:09:41] O:24135.30 H:24149.85 L:24133.90 C:24149.40 -> no_pattern
[2026-04-19 01:09:41] O:24149.65 H:24181.30 L:24140.75 C:24180.45 -> no_pattern
[2026-04-19 01:09:41] O:24178.85 H:24184.75 L:24162.90 C:24183.45 -> pinbar
[2026-04-19 01:09:41] O:24184.25 H:24190.50 L:24165.55 C:24170.55 -> no_pattern
[2026-04-19 01:09:41] O:24170.40 H:24183.95 L:24162.35 C:24162.95 -> no_pattern
[2026-04-19 01:09:41] O:24159.65 H:24163.45 L:24132.45 C:24146.05 -> no_pattern
[2026-04-19 01:09:41] O:24146.45 H:24158.30 L:24144.55 C:24154.70 -> no_pattern
[2026-04-19 01:09:41] O:24155.05 H:24175.35 L:24155.05 C:24166.70 -> no_pattern
[2026-04-19 01:09:41] O:24166.70 H:24168.85 L:24158.90 C:24162.40 -> no_pattern
[2026-04-19 01:09:41] O:24162.50 H:24171.30 L:24159.75 C:24170.65 -> no_pattern
[2026-04-19 01:09:41] O:24170.40 H:24181.45 L:24153.75 C:24180.70 -> no_pattern
[2026-04-19 01:09:41] O:24180.45 H:24196.30 L:24171.50 C:24196.30 -> no_pattern
[2026-04-19 01:09:41] O:24196.35 H:24221.35 L:24195.95 C:24221.20 -> marubozu
[2026-04-19 01:09:41] O:24221.35 H:24228.65 L:24211.00 C:24221.15 -> doji
[2026-04-19 01:09:41] O:24220.55 H:24231.80 L:24211.90 C:24225.90 -> spinning_top
[2026-04-19 01:09:41] O:24225.70 H:24240.15 L:24212.50 C:24231.70 -> spinning_top
[2026-04-19 01:09:41] O:24231.40 H:24245.00 L:24224.95 C:24239.90 -> no_pattern
[2026-04-19 01:09:41] O:24239.65 H:24244.00 L:24226.95 C:24240.75 -> doji
[2026-04-19 01:09:41] O:24241.00 H:24241.15 L:24214.60 C:24227.90 -> no_pattern
[2026-04-19 01:09:41] O:24228.60 H:24238.30 L:24187.90 C:24210.90 -> no_pattern
[2026-04-19 01:09:41] O:24211.80 H:24230.70 L:24192.50 C:24196.50 -> no_pattern
[2026-04-19 01:09:41] O:24196.40 H:24199.20 L:24163.45 C:24190.60 -> pinbar
[2026-04-19 01:09:41] O:24189.90 H:24202.50 L:24183.90 C:24183.90 -> shooting_star
[2026-04-19 01:09:41] O:24184.25 H:24203.25 L:24177.80 C:24178.90 -> shooting_star
[2026-04-19 01:09:41] O:24179.90 H:24199.30 L:24178.35 C:24196.20 -> no_pattern
[2026-04-19 01:09:41] O:24197.65 H:24199.95 L:24189.20 C:24194.05 -> no_pattern
[2026-04-19 01:09:41] O:24195.15 H:24195.40 L:24178.85 C:24188.40 -> no_pattern
[2026-04-19 01:09:41] O:24173.60 H:24222.60 L:24109.45 C:24212.75 -> no_pattern
[2026-04-19 01:09:41] O:24215.00 H:24230.10 L:24197.05 C:24223.80 -> pinbar
[2026-04-19 01:09:41] O:24223.70 H:24232.95 L:24195.10 C:24228.70 -> pinbar
[2026-04-19 01:09:41] O:24228.95 H:24234.75 L:24208.15 C:24208.90 -> no_pattern
[2026-04-19 01:09:41] O:24208.70 H:24218.85 L:24192.50 C:24196.55 -> no_pattern
[2026-04-19 01:09:41] O:24173.60 H:24222.60 L:24109.45 C:24212.75 -> no_pattern
[2026-04-19 01:09:41] O:24215.00 H:24230.10 L:24197.05 C:24223.80 -> pinbar
[2026-04-19 01:09:41] O:24223.70 H:24232.95 L:24195.10 C:24228.70 -> pinbar
[2026-04-19 01:09:41] O:24228.95 H:24234.75 L:24208.15 C:24208.90 -> no_pattern
[2026-04-19 01:09:41] O:24208.70 H:24218.85 L:24192.50 C:24196.55 -> no_pattern
[2026-04-19 01:09:41] O:24195.05 H:24215.20 L:24166.90 C:24213.90 -> no_pattern
[2026-04-19 01:09:41] O:24214.50 H:24223.45 L:24187.40 C:24188.35 -> no_pattern
[2026-04-19 01:09:41] O:24187.20 H:24201.10 L:24178.70 C:24199.30 -> no_pattern
[2026-04-19 01:09:41] O:24228.95 H:24234.75 L:24208.15 C:24208.90 -> no_pattern
[2026-04-19 01:09:41] O:24208.70 H:24218.85 L:24192.50 C:24196.55 -> no_pattern
[2026-04-19 01:09:41] O:24195.05 H:24215.20 L:24166.90 C:24213.90 -> no_pattern
[2026-04-19 01:09:41] O:24214.50 H:24223.45 L:24187.40 C:24188.35 -> no_pattern
[2026-04-19 01:09:41] O:24187.20 H:24201.10 L:24178.70 C:24199.30 -> no_pattern
[2026-04-19 01:09:41] O:24199.45 H:24227.30 L:24199.45 C:24222.80 -> no_pattern
[2026-04-19 01:09:41] O:24222.40 H:24231.95 L:24219.20 C:24223.00 -> doji
[2026-04-19 01:09:41] O:24133.00 H:24133.00 L:24103.10 C:24111.85 -> no_pattern
[2026-04-19 01:09:41] O:24111.40 H:24123.25 L:24104.70 C:24119.50 -> no_pattern
[2026-04-19 01:09:41] O:24120.20 H:24128.45 L:24115.30 C:24124.05 -> spinning_top
[2026-04-19 01:09:41] O:24123.85 H:24125.35 L:24118.10 C:24121.75 -> no_pattern
[2026-04-19 01:09:41] O:24121.95 H:24136.10 L:24120.00 C:24135.35 -> no_pattern
[2026-04-19 01:09:41] O:24135.30 H:24149.85 L:24133.90 C:24149.40 -> no_pattern
[2026-04-19 01:09:41] O:24149.65 H:24181.30 L:24140.75 C:24180.45 -> no_pattern
[2026-04-19 01:09:41] O:24178.85 H:24184.75 L:24162.90 C:24183.45 -> pinbar
[2026-04-19 01:09:41] O:24184.25 H:24190.50 L:24165.55 C:24170.55 -> no_pattern
[2026-04-19 01:09:41] O:24170.40 H:24183.95 L:24162.35 C:24162.95 -> no_pattern
[2026-04-19 01:09:41] O:24159.65 H:24163.45 L:24132.45 C:24146.05 -> no_pattern
[2026-04-19 01:09:42] O:24146.45 H:24158.30 L:24144.55 C:24154.70 -> no_pattern
[2026-04-19 01:09:42] O:24155.05 H:24175.35 L:24155.05 C:24166.70 -> no_pattern
[2026-04-19 01:09:42] O:24166.70 H:24168.85 L:24158.90 C:24162.40 -> no_pattern
[2026-04-19 01:09:42] O:24162.50 H:24171.30 L:24159.75 C:24170.65 -> no_pattern
[2026-04-19 01:09:42] O:24170.40 H:24181.45 L:24153.75 C:24180.70 -> no_pattern
[2026-04-19 01:09:42] O:24180.45 H:24196.30 L:24171.50 C:24196.30 -> no_pattern
[2026-04-19 01:09:42] O:24196.35 H:24221.35 L:24195.95 C:24221.20 -> marubozu
[2026-04-19 01:09:42] O:24221.35 H:24228.65 L:24211.00 C:24221.15 -> doji
[2026-04-19 01:09:42] O:24220.55 H:24231.80 L:24211.90 C:24225.90 -> spinning_top
[2026-04-19 01:09:42] O:24225.70 H:24240.15 L:24212.50 C:24231.70 -> spinning_top
[2026-04-19 01:09:42] O:24231.40 H:24245.00 L:24224.95 C:24239.90 -> no_pattern
[2026-04-19 01:09:42] O:24239.65 H:24244.00 L:24226.95 C:24240.75 -> doji
[2026-04-19 01:09:42] O:24241.00 H:24241.15 L:24214.60 C:24227.90 -> no_pattern
[2026-04-19 01:09:42] O:24228.60 H:24238.30 L:24187.90 C:24210.90 -> no_pattern
[2026-04-19 01:09:42] O:24211.80 H:24230.70 L:24192.50 C:24196.50 -> no_pattern
[2026-04-19 01:09:42] O:24196.40 H:24199.20 L:24163.45 C:24190.60 -> pinbar
[2026-04-19 01:09:42] O:24189.90 H:24202.50 L:24183.90 C:24183.90 -> shooting_star
[2026-04-19 01:09:42] O:24184.25 H:24203.25 L:24177.80 C:24178.90 -> shooting_star
[2026-04-19 01:09:42] O:24179.90 H:24199.30 L:24178.35 C:24196.20 -> no_pattern
[2026-04-19 01:09:42] O:24197.65 H:24199.95 L:24189.20 C:24194.05 -> no_pattern
[2026-04-19 01:09:42] O:24195.15 H:24195.40 L:24178.85 C:24188.40 -> no_pattern
[2026-04-19 01:09:42] O:24173.60 H:24222.60 L:24109.45 C:24212.75 -> no_pattern
[2026-04-19 01:09:42] O:24215.00 H:24230.10 L:24197.05 C:24223.80 -> pinbar
[2026-04-19 01:09:42] O:24223.70 H:24232.95 L:24195.10 C:24228.70 -> pinbar
[2026-04-19 01:09:42] O:24228.95 H:24234.75 L:24208.15 C:24208.90 -> no_pattern
[2026-04-19 01:09:42] O:24208.70 H:24218.85 L:24192.50 C:24196.55 -> no_pattern
[2026-04-19 01:09:42] O:24195.05 H:24215.20 L:24166.90 C:24213.90 -> no_pattern
[2026-04-19 01:09:42] O:24214.50 H:24223.45 L:24187.40 C:24188.35 -> no_pattern
[2026-04-19 01:09:42] O:24187.20 H:24201.10 L:24178.70 C:24199.30 -> no_pattern
[2026-04-19 01:09:42] O:24199.45 H:24227.30 L:24199.45 C:24222.80 -> no_pattern
[2026-04-19 01:09:42] O:24222.40 H:24231.95 L:24219.20 C:24223.00 -> doji
[2026-04-19 01:09:42] O:24223.70 H:24237.75 L:24214.65 C:24223.10 -> doji
[2026-04-19 01:09:42] O:24222.75 H:24238.90 L:24205.40 C:24230.05 -> spinning_top
[2026-04-19 01:09:42] O:24387.75 H:24400.10 L:24372.70 C:24386.75 -> doji
[2026-04-19 01:09:42] O:24386.40 H:24398.25 L:24376.00 C:24388.90 -> spinning_top
[2026-04-19 01:09:42] O:24389.35 H:24390.35 L:24353.70 C:24358.30 -> no_pattern
[2026-04-19 01:09:42] O:24358.15 H:24364.05 L:24312.00 C:24314.90 -> no_pattern
[2026-04-19 01:09:42] O:24314.05 H:24335.35 L:24301.90 C:24303.70 -> shooting_star
[2026-04-19 01:09:42] O:24303.00 H:24329.30 L:24293.15 C:24328.60 -> no_pattern
[2026-04-19 01:09:42] O:24328.00 H:24334.65 L:24315.30 C:24330.35 -> spinning_top
[2026-04-19 01:09:42] O:24331.10 H:24337.05 L:24301.50 C:24316.55 -> no_pattern
[2026-04-19 01:09:42] O:24316.85 H:24316.85 L:24275.45 C:24283.35 -> no_pattern
[2026-04-19 01:09:42] O:24282.70 H:24290.75 L:24266.50 C:24288.50 -> pinbar
[2026-04-19 01:09:42] O:24288.70 H:24304.05 L:24279.65 C:24283.30 -> shooting_star
[2026-04-19 01:09:42] O:24281.90 H:24318.65 L:24280.90 C:24318.65 -> marubozu
[2026-04-19 01:09:42] O:24318.15 H:24319.85 L:24295.30 C:24307.60 -> no_pattern
[2026-04-19 01:09:42] O:24306.15 H:24324.55 L:24292.85 C:24323.40 -> no_pattern
[2026-04-19 01:09:42] O:24323.65 H:24328.80 L:24300.05 C:24306.45 -> no_pattern
[2026-04-19 01:09:42] O:24305.75 H:24315.20 L:24302.50 C:24312.35 -> no_pattern
[2026-04-19 01:09:42] O:24312.00 H:24317.20 L:24292.50 C:24308.80 -> spinning_top
[2026-04-19 01:09:42] O:24308.85 H:24321.25 L:24305.70 C:24312.70 -> inverted_hammer
[2026-04-19 01:09:42] O:24312.80 H:24325.85 L:24308.60 C:24310.65 -> shooting_star
[2026-04-19 01:09:42] O:24311.20 H:24317.10 L:24292.45 C:24311.75 -> doji
[2026-04-19 01:09:42] O:24312.10 H:24320.50 L:24306.90 C:24320.35 -> no_pattern
[2026-04-19 01:09:42] O:24320.00 H:24327.90 L:24311.75 C:24315.80 -> no_pattern
[2026-04-19 01:09:42] O:24316.00 H:24319.10 L:24311.50 C:24314.70 -> spinning_top
[2026-04-19 01:09:42] O:24315.25 H:24315.95 L:24302.15 C:24306.50 -> no_pattern
[2026-04-19 01:09:42] O:24306.00 H:24322.70 L:24303.55 C:24320.50 -> no_pattern
[2026-04-19 01:09:42] O:24320.65 H:24330.70 L:24319.15 C:24323.05 -> shooting_star
[2026-04-19 01:09:42] O:24323.60 H:24333.20 L:24308.60 C:24313.55 -> no_pattern
[2026-04-19 01:09:42] O:24313.05 H:24318.75 L:24303.65 C:24313.90 -> doji
[2026-04-19 01:09:42] O:24313.20 H:24321.00 L:24294.10 C:24311.40 -> doji
[2026-04-19 01:09:42] O:24308.15 H:24328.95 L:24298.55 C:24301.15 -> shooting_star
[2026-04-19 01:09:42] O:24301.10 H:24302.40 L:24282.75 C:24288.25 -> no_pattern
[2026-04-19 01:09:42] O:24288.00 H:24304.25 L:24284.70 C:24300.95 -> no_pattern
[2026-04-19 01:09:42] O:24301.40 H:24303.40 L:24290.10 C:24299.70 -> spinning_top
[2026-04-19 01:09:42] O:24299.85 H:24301.05 L:24279.75 C:24284.10 -> no_pattern
[2026-04-19 01:09:42] O:24284.10 H:24284.10 L:24261.60 C:24262.50 -> marubozu
[2026-04-19 01:09:42] O:24262.15 H:24268.85 L:24233.05 C:24233.05 -> no_pattern
[2026-04-19 01:09:42] O:24233.30 H:24246.10 L:24216.45 C:24226.95 -> spinning_top
[2026-04-19 01:09:42] O:24226.90 H:24238.05 L:24218.40 C:24237.25 -> no_pattern
[2026-04-19 01:09:42] O:24237.75 H:24237.75 L:24198.55 C:24205.35 -> no_pattern
[2026-04-19 01:09:42] O:24205.05 H:24211.25 L:24163.00 C:24164.75 -> no_pattern
[2026-04-19 01:09:42] O:24164.85 H:24173.45 L:24153.55 C:24169.95 -> pinbar
[2026-04-19 01:09:42] O:24169.45 H:24178.95 L:24153.55 C:24178.95 -> no_pattern
[2026-04-19 01:09:42] O:24178.90 H:24190.75 L:24172.15 C:24184.80 -> no_pattern
[2026-04-19 01:09:42] O:24182.95 H:24189.70 L:24159.40 C:24175.10 -> pinbar
[2026-04-19 01:09:42] O:24175.30 H:24184.35 L:24166.80 C:24167.95 -> no_pattern
[2026-04-19 01:09:42] O:24168.00 H:24174.25 L:24152.70 C:24168.10 -> doji
[2026-04-19 01:09:42] O:24168.00 H:24168.00 L:24153.20 C:24155.60 -> no_pattern
[2026-04-19 01:09:42] O:24154.05 H:24169.75 L:24137.85 C:24137.90 -> no_pattern
[2026-04-19 01:09:42] O:24138.05 H:24148.40 L:24132.20 C:24147.95 -> no_pattern
[2026-04-19 01:09:42] O:24147.80 H:24168.30 L:24147.15 C:24167.40 -> marubozu
[2026-04-19 01:09:42] O:24167.05 H:24169.25 L:24129.75 C:24152.10 -> no_pattern
[2026-04-19 01:09:42] O:24151.70 H:24152.45 L:24131.05 C:24132.40 -> no_pattern
[2026-04-19 01:09:42] O:24132.55 H:24157.10 L:24123.60 C:24123.90 -> shooting_star
[2026-04-19 01:09:42] O:24124.05 H:24129.90 L:24117.20 C:24128.60 -> no_pattern
[2026-04-19 01:09:42] O:24129.05 H:24152.80 L:24128.85 C:24140.35 -> no_pattern
[2026-04-19 01:09:42] O:24140.85 H:24160.20 L:24127.70 C:24131.75 -> inverted_hammer
[2026-04-19 01:09:42] O:24131.30 H:24134.25 L:24108.10 C:24110.05 -> no_pattern
[2026-04-19 01:09:42] O:24111.90 H:24125.85 L:24109.65 C:24122.30 -> no_pattern
[2026-04-19 01:09:42] O:24122.60 H:24135.00 L:24111.80 C:24130.35 -> no_pattern
[2026-04-19 01:09:42] O:24130.30 H:24142.45 L:24128.40 C:24132.60 -> shooting_star
[2026-04-19 01:09:42] O:24133.00 H:24133.00 L:24103.10 C:24111.85 -> no_pattern
[2026-04-19 01:09:42] O:24111.40 H:24123.25 L:24104.70 C:24119.50 -> no_pattern
[2026-04-19 01:09:42] O:24120.20 H:24128.45 L:24115.30 C:24124.05 -> spinning_top
[2026-04-19 01:09:42] O:24123.85 H:24125.35 L:24118.10 C:24121.75 -> no_pattern
[2026-04-19 01:09:42] O:24121.95 H:24136.10 L:24120.00 C:24135.35 -> no_pattern
[2026-04-19 01:09:42] O:24135.30 H:24149.85 L:24133.90 C:24149.40 -> no_pattern
[2026-04-19 01:09:42] O:24149.65 H:24181.30 L:24140.75 C:24180.45 -> no_pattern
[2026-04-19 01:09:42] O:24178.85 H:24184.75 L:24162.90 C:24183.45 -> pinbar
[2026-04-19 01:09:42] O:24184.25 H:24190.50 L:24165.55 C:24170.55 -> no_pattern
[2026-04-19 01:09:42] O:24170.40 H:24183.95 L:24162.35 C:24162.95 -> no_pattern
[2026-04-19 01:09:42] O:24159.65 H:24163.45 L:24132.45 C:24146.05 -> no_pattern
[2026-04-19 01:09:42] O:24146.45 H:24158.30 L:24144.55 C:24154.70 -> no_pattern
[2026-04-19 01:09:42] O:24155.05 H:24175.35 L:24155.05 C:24166.70 -> no_pattern
[2026-04-19 01:09:42] O:24166.70 H:24168.85 L:24158.90 C:24162.40 -> no_pattern
[2026-04-19 01:09:42] O:24162.50 H:24171.30 L:24159.75 C:24170.65 -> no_pattern
[2026-04-19 01:09:42] O:24170.40 H:24181.45 L:24153.75 C:24180.70 -> no_pattern
[2026-04-19 01:09:42] O:24180.45 H:24196.30 L:24171.50 C:24196.30 -> no_pattern
[2026-04-19 01:09:42] O:24196.35 H:24221.35 L:24195.95 C:24221.20 -> marubozu
[2026-04-19 01:09:42] O:24221.35 H:24228.65 L:24211.00 C:24221.15 -> doji
[2026-04-19 01:09:42] O:24220.55 H:24231.80 L:24211.90 C:24225.90 -> spinning_top
[2026-04-19 01:09:42] O:24225.70 H:24240.15 L:24212.50 C:24231.70 -> spinning_top
[2026-04-19 01:09:42] O:24231.40 H:24245.00 L:24224.95 C:24239.90 -> no_pattern
[2026-04-19 01:09:42] O:24239.65 H:24244.00 L:24226.95 C:24240.75 -> doji
[2026-04-19 01:09:42] O:24241.00 H:24241.15 L:24214.60 C:24227.90 -> no_pattern
[2026-04-19 01:09:42] O:24228.60 H:24238.30 L:24187.90 C:24210.90 -> no_pattern
[2026-04-19 01:09:42] O:24211.80 H:24230.70 L:24192.50 C:24196.50 -> no_pattern
[2026-04-19 01:09:42] O:24196.40 H:24199.20 L:24163.45 C:24190.60 -> pinbar
[2026-04-19 01:09:42] O:24189.90 H:24202.50 L:24183.90 C:24183.90 -> shooting_star
[2026-04-19 01:09:42] O:24184.25 H:24203.25 L:24177.80 C:24178.90 -> shooting_star
[2026-04-19 01:09:42] O:24179.90 H:24199.30 L:24178.35 C:24196.20 -> no_pattern
[2026-04-19 01:09:42] O:24197.65 H:24199.95 L:24189.20 C:24194.05 -> no_pattern
[2026-04-19 01:09:42] O:24195.15 H:24195.40 L:24178.85 C:24188.40 -> no_pattern
[2026-04-19 01:09:42] O:24173.60 H:24222.60 L:24109.45 C:24212.75 -> no_pattern
[2026-04-19 01:09:42] O:24215.00 H:24230.10 L:24197.05 C:24223.80 -> pinbar
[2026-04-19 01:09:42] O:24223.70 H:24232.95 L:24195.10 C:24228.70 -> pinbar
[2026-04-19 01:09:42] O:24228.95 H:24234.75 L:24208.15 C:24208.90 -> no_pattern
[2026-04-19 01:09:42] O:24208.70 H:24218.85 L:24192.50 C:24196.55 -> no_pattern
[2026-04-19 01:09:42] O:24195.05 H:24215.20 L:24166.90 C:24213.90 -> no_pattern
[2026-04-19 01:09:42] O:24214.50 H:24223.45 L:24187.40 C:24188.35 -> no_pattern
[2026-04-19 01:09:42] O:24187.20 H:24201.10 L:24178.70 C:24199.30 -> no_pattern
[2026-04-19 01:09:42] O:24199.45 H:24227.30 L:24199.45 C:24222.80 -> no_pattern
[2026-04-19 01:09:42] O:24222.40 H:24231.95 L:24219.20 C:24223.00 -> doji
[2026-04-19 01:09:42] O:24223.70 H:24237.75 L:24214.65 C:24223.10 -> doji
[2026-04-19 01:09:42] O:24222.75 H:24238.90 L:24205.40 C:24230.05 -> spinning_top
[2026-04-19 01:09:42] O:24231.20 H:24274.65 L:24226.05 C:24274.65 -> no_pattern
[2026-04-19 01:09:42] O:24274.70 H:24279.40 L:24255.15 C:24257.40 -> no_pattern
[2026-04-19 01:09:42] O:24257.95 H:24274.10 L:24256.75 C:24272.95 -> no_pattern
[2026-04-19 01:09:42] O:24273.45 H:24289.15 L:24273.45 C:24284.60 -> no_pattern
[2026-04-19 01:09:42] O:24285.25 H:24290.20 L:24280.00 C:24290.20 -> no_pattern
[2026-04-19 01:09:43] O:24290.40 H:24298.10 L:24283.85 C:24296.55 -> no_pattern
[2026-04-19 01:09:43] O:24296.50 H:24303.85 L:24284.95 C:24287.00 -> no_pattern
[2026-04-19 01:09:43] O:24286.10 H:24286.35 L:24260.05 C:24265.00 -> no_pattern
[2026-04-19 01:09:43] O:24265.40 H:24278.70 L:24256.90 C:24258.55 -> no_pattern
[2026-04-19 01:09:43] O:24259.25 H:24265.50 L:24244.05 C:24261.25 -> doji
[2026-04-19 01:09:43] O:24260.70 H:24270.00 L:24255.05 C:24263.45 -> spinning_top
[2026-04-19 01:09:43] O:24296.50 H:24303.85 L:24284.95 C:24287.00 -> no_pattern
[2026-04-19 01:09:43] O:24286.10 H:24286.35 L:24260.05 C:24265.00 -> no_pattern
[2026-04-19 01:09:43] O:24265.40 H:24278.70 L:24256.90 C:24258.55 -> no_pattern
[2026-04-19 01:09:43] O:24259.25 H:24265.50 L:24244.05 C:24261.25 -> doji
[2026-04-19 01:09:43] O:24260.70 H:24270.00 L:24255.05 C:24263.45 -> spinning_top
[2026-04-19 01:09:43] O:24263.05 H:24267.00 L:24256.85 C:24261.35 -> spinning_top
[2026-04-19 01:09:43] O:24262.35 H:24262.40 L:24252.80 C:24256.35 -> no_pattern
[2026-04-19 01:09:43] O:24256.35 H:24263.80 L:24255.40 C:24256.20 -> doji
[2026-04-19 01:09:43] O:24259.25 H:24265.50 L:24244.05 C:24261.25 -> doji
[2026-04-19 01:09:43] O:24260.70 H:24270.00 L:24255.05 C:24263.45 -> spinning_top
[2026-04-19 01:09:43] O:24263.05 H:24267.00 L:24256.85 C:24261.35 -> spinning_top
[2026-04-19 01:09:43] O:24262.35 H:24262.40 L:24252.80 C:24256.35 -> no_pattern
[2026-04-19 01:09:43] O:24256.35 H:24263.80 L:24255.40 C:24256.20 -> doji
[2026-04-19 01:09:43] O:24256.70 H:24261.35 L:24247.85 C:24254.80 -> spinning_top
[2026-04-19 01:09:43] O:24133.00 H:24133.00 L:24103.10 C:24111.85 -> no_pattern
[2026-04-19 01:09:43] O:24111.40 H:24123.25 L:24104.70 C:24119.50 -> no_pattern
[2026-04-19 01:09:43] O:24120.20 H:24128.45 L:24115.30 C:24124.05 -> spinning_top
[2026-04-19 01:09:43] O:24123.85 H:24125.35 L:24118.10 C:24121.75 -> no_pattern
[2026-04-19 01:09:43] O:24121.95 H:24136.10 L:24120.00 C:24135.35 -> no_pattern
[2026-04-19 01:09:43] O:24135.30 H:24149.85 L:24133.90 C:24149.40 -> no_pattern
[2026-04-19 01:09:43] O:24149.65 H:24181.30 L:24140.75 C:24180.45 -> no_pattern
[2026-04-19 01:09:43] O:24178.85 H:24184.75 L:24162.90 C:24183.45 -> pinbar
[2026-04-19 01:09:43] O:24184.25 H:24190.50 L:24165.55 C:24170.55 -> no_pattern
[2026-04-19 01:09:43] O:24170.40 H:24183.95 L:24162.35 C:24162.95 -> no_pattern
[2026-04-19 01:09:43] O:24159.65 H:24163.45 L:24132.45 C:24146.05 -> no_pattern
[2026-04-19 01:09:43] O:24146.45 H:24158.30 L:24144.55 C:24154.70 -> no_pattern
[2026-04-19 01:09:43] O:24155.05 H:24175.35 L:24155.05 C:24166.70 -> no_pattern
[2026-04-19 01:09:43] O:24166.70 H:24168.85 L:24158.90 C:24162.40 -> no_pattern
[2026-04-19 01:09:43] O:24162.50 H:24171.30 L:24159.75 C:24170.65 -> no_pattern
[2026-04-19 01:09:43] O:24170.40 H:24181.45 L:24153.75 C:24180.70 -> no_pattern
[2026-04-19 01:09:43] O:24180.45 H:24196.30 L:24171.50 C:24196.30 -> no_pattern
[2026-04-19 01:09:43] O:24196.35 H:24221.35 L:24195.95 C:24221.20 -> marubozu
[2026-04-19 01:09:43] O:24221.35 H:24228.65 L:24211.00 C:24221.15 -> doji
[2026-04-19 01:09:43] O:24220.55 H:24231.80 L:24211.90 C:24225.90 -> spinning_top
[2026-04-19 01:09:43] O:24225.70 H:24240.15 L:24212.50 C:24231.70 -> spinning_top
[2026-04-19 01:09:43] O:24231.40 H:24245.00 L:24224.95 C:24239.90 -> no_pattern
[2026-04-19 01:09:43] O:24239.65 H:24244.00 L:24226.95 C:24240.75 -> doji
[2026-04-19 01:09:43] O:24241.00 H:24241.15 L:24214.60 C:24227.90 -> no_pattern
[2026-04-19 01:09:43] O:24228.60 H:24238.30 L:24187.90 C:24210.90 -> no_pattern
[2026-04-19 01:09:43] O:24211.80 H:24230.70 L:24192.50 C:24196.50 -> no_pattern
[2026-04-19 01:09:43] O:24196.40 H:24199.20 L:24163.45 C:24190.60 -> pinbar
[2026-04-19 01:09:43] O:24189.90 H:24202.50 L:24183.90 C:24183.90 -> shooting_star
[2026-04-19 01:09:43] O:24184.25 H:24203.25 L:24177.80 C:24178.90 -> shooting_star
[2026-04-19 01:09:43] O:24179.90 H:24199.30 L:24178.35 C:24196.20 -> no_pattern
[2026-04-19 01:09:43] O:24197.65 H:24199.95 L:24189.20 C:24194.05 -> no_pattern
[2026-04-19 01:09:43] O:24195.15 H:24195.40 L:24178.85 C:24188.40 -> no_pattern
[2026-04-19 01:09:43] O:24173.60 H:24222.60 L:24109.45 C:24212.75 -> no_pattern
[2026-04-19 01:09:43] O:24215.00 H:24230.10 L:24197.05 C:24223.80 -> pinbar
[2026-04-19 01:09:43] O:24223.70 H:24232.95 L:24195.10 C:24228.70 -> pinbar
[2026-04-19 01:09:43] O:24228.95 H:24234.75 L:24208.15 C:24208.90 -> no_pattern
[2026-04-19 01:09:43] O:24208.70 H:24218.85 L:24192.50 C:24196.55 -> no_pattern
[2026-04-19 01:09:43] O:24195.05 H:24215.20 L:24166.90 C:24213.90 -> no_pattern
[2026-04-19 01:09:43] O:24214.50 H:24223.45 L:24187.40 C:24188.35 -> no_pattern
[2026-04-19 01:09:43] O:24187.20 H:24201.10 L:24178.70 C:24199.30 -> no_pattern
[2026-04-19 01:09:43] O:24199.45 H:24227.30 L:24199.45 C:24222.80 -> no_pattern
[2026-04-19 01:09:43] O:24222.40 H:24231.95 L:24219.20 C:24223.00 -> doji
[2026-04-19 01:09:43] O:24223.70 H:24237.75 L:24214.65 C:24223.10 -> doji
[2026-04-19 01:09:43] O:24222.75 H:24238.90 L:24205.40 C:24230.05 -> spinning_top
[2026-04-19 01:09:43] O:24231.20 H:24274.65 L:24226.05 C:24274.65 -> no_pattern
[2026-04-19 01:09:43] O:24274.70 H:24279.40 L:24255.15 C:24257.40 -> no_pattern
[2026-04-19 01:09:43] O:24257.95 H:24274.10 L:24256.75 C:24272.95 -> no_pattern
[2026-04-19 01:09:43] O:24273.45 H:24289.15 L:24273.45 C:24284.60 -> no_pattern
[2026-04-19 01:09:43] O:24285.25 H:24290.20 L:24280.00 C:24290.20 -> no_pattern
[2026-04-19 01:09:43] O:24290.40 H:24298.10 L:24283.85 C:24296.55 -> no_pattern
[2026-04-19 01:09:43] O:24296.50 H:24303.85 L:24284.95 C:24287.00 -> no_pattern
[2026-04-19 01:09:43] O:24286.10 H:24286.35 L:24260.05 C:24265.00 -> no_pattern
[2026-04-19 01:09:43] O:24265.40 H:24278.70 L:24256.90 C:24258.55 -> no_pattern
[2026-04-19 01:09:43] O:24259.25 H:24265.50 L:24244.05 C:24261.25 -> doji
[2026-04-19 01:09:43] O:24260.70 H:24270.00 L:24255.05 C:24263.45 -> spinning_top
[2026-04-19 01:09:43] O:24263.05 H:24267.00 L:24256.85 C:24261.35 -> spinning_top
[2026-04-19 01:09:43] O:24262.35 H:24262.40 L:24252.80 C:24256.35 -> no_pattern
[2026-04-19 01:09:43] O:24256.35 H:24263.80 L:24255.40 C:24256.20 -> doji
[2026-04-19 01:09:43] O:24256.70 H:24261.35 L:24247.85 C:24254.80 -> spinning_top
[2026-04-19 01:09:43] O:24254.75 H:24257.30 L:24237.75 C:24249.20 -> pinbar
[2026-04-19 01:09:43] O:24249.20 H:24269.50 L:24248.20 C:24268.80 -> marubozu
[2026-04-19 01:09:43] O:24269.30 H:24275.15 L:24263.35 C:24265.10 -> no_pattern
[2026-04-19 01:09:43] O:24264.65 H:24277.35 L:24264.65 C:24275.55 -> no_pattern
[2026-04-19 01:09:43] O:24275.50 H:24281.35 L:24272.25 C:24279.15 -> no_pattern
[2026-04-19 01:09:43] O:24254.75 H:24257.30 L:24237.75 C:24249.20 -> pinbar
[2026-04-19 01:09:43] O:24249.20 H:24269.50 L:24248.20 C:24268.80 -> marubozu
[2026-04-19 01:09:43] O:24269.30 H:24275.15 L:24263.35 C:24265.10 -> no_pattern
[2026-04-19 01:09:43] O:24264.65 H:24277.35 L:24264.65 C:24275.55 -> no_pattern
[2026-04-19 01:09:44] O:24275.50 H:24281.35 L:24272.25 C:24279.15 -> no_pattern
[2026-04-19 01:09:44] O:24278.50 H:24282.15 L:24272.10 C:24276.45 -> spinning_top
[2026-04-19 01:09:44] O:24276.45 H:24284.60 L:24266.25 C:24277.75 -> doji
[2026-04-19 01:09:44] O:24276.15 H:24287.65 L:24273.50 C:24287.00 -> no_pattern
[2026-04-19 01:09:44] O:24287.25 H:24293.90 L:24283.25 C:24290.10 -> spinning_top
[2026-04-19 01:09:44] O:24289.95 H:24293.80 L:24286.20 C:24292.20 -> no_pattern
[2026-04-19 01:09:44] O:24292.45 H:24302.60 L:24288.75 C:24291.65 -> doji
[2026-04-19 01:09:44] O:24291.95 H:24297.25 L:24278.45 C:24296.95 -> pinbar
[2026-04-19 01:09:44] O:24387.75 H:24400.10 L:24372.70 C:24386.75 -> doji
[2026-04-19 01:09:44] O:24386.40 H:24398.25 L:24376.00 C:24388.90 -> spinning_top
[2026-04-19 01:09:44] O:24389.35 H:24390.35 L:24353.70 C:24358.30 -> no_pattern
[2026-04-19 01:09:44] O:24358.15 H:24364.05 L:24312.00 C:24314.90 -> no_pattern
[2026-04-19 01:09:44] O:24314.05 H:24335.35 L:24301.90 C:24303.70 -> shooting_star
[2026-04-19 01:09:44] O:24303.00 H:24329.30 L:24293.15 C:24328.60 -> no_pattern
[2026-04-19 01:09:44] O:24328.00 H:24334.65 L:24315.30 C:24330.35 -> spinning_top
[2026-04-19 01:09:44] O:24331.10 H:24337.05 L:24301.50 C:24316.55 -> no_pattern
[2026-04-19 01:09:44] O:24316.85 H:24316.85 L:24275.45 C:24283.35 -> no_pattern
[2026-04-19 01:09:44] O:24282.70 H:24290.75 L:24266.50 C:24288.50 -> pinbar
[2026-04-19 01:09:44] O:24288.70 H:24304.05 L:24279.65 C:24283.30 -> shooting_star
[2026-04-19 01:09:44] O:24281.90 H:24318.65 L:24280.90 C:24318.65 -> marubozu
[2026-04-19 01:09:44] O:24318.15 H:24319.85 L:24295.30 C:24307.60 -> no_pattern
[2026-04-19 01:09:44] O:24306.15 H:24324.55 L:24292.85 C:24323.40 -> no_pattern
[2026-04-19 01:09:44] O:24323.65 H:24328.80 L:24300.05 C:24306.45 -> no_pattern
[2026-04-19 01:09:44] O:24305.75 H:24315.20 L:24302.50 C:24312.35 -> no_pattern
[2026-04-19 01:09:44] O:24312.00 H:24317.20 L:24292.50 C:24308.80 -> spinning_top
[2026-04-19 01:09:44] O:24308.85 H:24321.25 L:24305.70 C:24312.70 -> inverted_hammer
[2026-04-19 01:09:44] O:24312.80 H:24325.85 L:24308.60 C:24310.65 -> shooting_star
[2026-04-19 01:09:44] O:24311.20 H:24317.10 L:24292.45 C:24311.75 -> doji
[2026-04-19 01:09:44] O:24312.10 H:24320.50 L:24306.90 C:24320.35 -> no_pattern
[2026-04-19 01:09:44] O:24320.00 H:24327.90 L:24311.75 C:24315.80 -> no_pattern
[2026-04-19 01:09:44] O:24316.00 H:24319.10 L:24311.50 C:24314.70 -> spinning_top
[2026-04-19 01:09:44] O:24315.25 H:24315.95 L:24302.15 C:24306.50 -> no_pattern
[2026-04-19 01:09:44] O:24306.00 H:24322.70 L:24303.55 C:24320.50 -> no_pattern
[2026-04-19 01:09:44] O:24320.65 H:24330.70 L:24319.15 C:24323.05 -> shooting_star
[2026-04-19 01:09:44] O:24323.60 H:24333.20 L:24308.60 C:24313.55 -> no_pattern
[2026-04-19 01:09:44] O:24313.05 H:24318.75 L:24303.65 C:24313.90 -> doji
[2026-04-19 01:09:44] O:24313.20 H:24321.00 L:24294.10 C:24311.40 -> doji
[2026-04-19 01:09:44] O:24308.15 H:24328.95 L:24298.55 C:24301.15 -> shooting_star
[2026-04-19 01:09:44] O:24301.10 H:24302.40 L:24282.75 C:24288.25 -> no_pattern
[2026-04-19 01:09:44] O:24288.00 H:24304.25 L:24284.70 C:24300.95 -> no_pattern
[2026-04-19 01:09:44] O:24301.40 H:24303.40 L:24290.10 C:24299.70 -> spinning_top
[2026-04-19 01:09:44] O:24299.85 H:24301.05 L:24279.75 C:24284.10 -> no_pattern
[2026-04-19 01:09:44] O:24284.10 H:24284.10 L:24261.60 C:24262.50 -> marubozu
[2026-04-19 01:09:44] O:24262.15 H:24268.85 L:24233.05 C:24233.05 -> no_pattern
[2026-04-19 01:09:44] O:24233.30 H:24246.10 L:24216.45 C:24226.95 -> spinning_top
[2026-04-19 01:09:44] O:24226.90 H:24238.05 L:24218.40 C:24237.25 -> no_pattern
[2026-04-19 01:09:44] O:24237.75 H:24237.75 L:24198.55 C:24205.35 -> no_pattern
[2026-04-19 01:09:44] O:24205.05 H:24211.25 L:24163.00 C:24164.75 -> no_pattern
[2026-04-19 01:09:44] O:24164.85 H:24173.45 L:24153.55 C:24169.95 -> pinbar
[2026-04-19 01:09:44] O:24169.45 H:24178.95 L:24153.55 C:24178.95 -> no_pattern
[2026-04-19 01:09:44] O:24178.90 H:24190.75 L:24172.15 C:24184.80 -> no_pattern
[2026-04-19 01:09:44] O:24182.95 H:24189.70 L:24159.40 C:24175.10 -> pinbar
[2026-04-19 01:09:44] O:24175.30 H:24184.35 L:24166.80 C:24167.95 -> no_pattern
[2026-04-19 01:09:44] O:24168.00 H:24174.25 L:24152.70 C:24168.10 -> doji
[2026-04-19 01:09:44] O:24168.00 H:24168.00 L:24153.20 C:24155.60 -> no_pattern
[2026-04-19 01:09:44] O:24154.05 H:24169.75 L:24137.85 C:24137.90 -> no_pattern
[2026-04-19 01:09:44] O:24138.05 H:24148.40 L:24132.20 C:24147.95 -> no_pattern
[2026-04-19 01:09:44] O:24147.80 H:24168.30 L:24147.15 C:24167.40 -> marubozu
[2026-04-19 01:09:44] O:24167.05 H:24169.25 L:24129.75 C:24152.10 -> no_pattern
[2026-04-19 01:09:44] O:24151.70 H:24152.45 L:24131.05 C:24132.40 -> no_pattern
[2026-04-19 01:09:44] O:24132.55 H:24157.10 L:24123.60 C:24123.90 -> shooting_star
[2026-04-19 01:09:44] O:24124.05 H:24129.90 L:24117.20 C:24128.60 -> no_pattern
[2026-04-19 01:09:44] O:24129.05 H:24152.80 L:24128.85 C:24140.35 -> no_pattern
[2026-04-19 01:09:44] O:24140.85 H:24160.20 L:24127.70 C:24131.75 -> inverted_hammer
[2026-04-19 01:09:44] O:24131.30 H:24134.25 L:24108.10 C:24110.05 -> no_pattern
[2026-04-19 01:09:44] O:24111.90 H:24125.85 L:24109.65 C:24122.30 -> no_pattern
[2026-04-19 01:09:44] O:24122.60 H:24135.00 L:24111.80 C:24130.35 -> no_pattern
[2026-04-19 01:09:44] O:24130.30 H:24142.45 L:24128.40 C:24132.60 -> shooting_star
[2026-04-19 01:09:44] O:24133.00 H:24133.00 L:24103.10 C:24111.85 -> no_pattern
[2026-04-19 01:09:44] O:24111.40 H:24123.25 L:24104.70 C:24119.50 -> no_pattern
[2026-04-19 01:09:44] O:24120.20 H:24128.45 L:24115.30 C:24124.05 -> spinning_top
[2026-04-19 01:09:44] O:24123.85 H:24125.35 L:24118.10 C:24121.75 -> no_pattern
[2026-04-19 01:09:44] O:24121.95 H:24136.10 L:24120.00 C:24135.35 -> no_pattern
[2026-04-19 01:09:44] O:24135.30 H:24149.85 L:24133.90 C:24149.40 -> no_pattern
[2026-04-19 01:09:44] O:24149.65 H:24181.30 L:24140.75 C:24180.45 -> no_pattern
[2026-04-19 01:09:44] O:24178.85 H:24184.75 L:24162.90 C:24183.45 -> pinbar
[2026-04-19 01:09:44] O:24184.25 H:24190.50 L:24165.55 C:24170.55 -> no_pattern
[2026-04-19 01:09:44] O:24170.40 H:24183.95 L:24162.35 C:24162.95 -> no_pattern
[2026-04-19 01:09:44] O:24159.65 H:24163.45 L:24132.45 C:24146.05 -> no_pattern
[2026-04-19 01:09:44] O:24146.45 H:24158.30 L:24144.55 C:24154.70 -> no_pattern
[2026-04-19 01:09:44] O:24155.05 H:24175.35 L:24155.05 C:24166.70 -> no_pattern
[2026-04-19 01:09:44] O:24166.70 H:24168.85 L:24158.90 C:24162.40 -> no_pattern
[2026-04-19 01:09:44] O:24162.50 H:24171.30 L:24159.75 C:24170.65 -> no_pattern
[2026-04-19 01:09:44] O:24170.40 H:24181.45 L:24153.75 C:24180.70 -> no_pattern
[2026-04-19 01:09:44] O:24180.45 H:24196.30 L:24171.50 C:24196.30 -> no_pattern
[2026-04-19 01:09:44] O:24196.35 H:24221.35 L:24195.95 C:24221.20 -> marubozu
[2026-04-19 01:09:44] O:24221.35 H:24228.65 L:24211.00 C:24221.15 -> doji
[2026-04-19 01:09:44] O:24220.55 H:24231.80 L:24211.90 C:24225.90 -> spinning_top
[2026-04-19 01:09:44] O:24225.70 H:24240.15 L:24212.50 C:24231.70 -> spinning_top
[2026-04-19 01:09:44] O:24231.40 H:24245.00 L:24224.95 C:24239.90 -> no_pattern
[2026-04-19 01:09:44] O:24239.65 H:24244.00 L:24226.95 C:24240.75 -> doji
[2026-04-19 01:09:44] O:24241.00 H:24241.15 L:24214.60 C:24227.90 -> no_pattern
[2026-04-19 01:09:44] O:24228.60 H:24238.30 L:24187.90 C:24210.90 -> no_pattern
[2026-04-19 01:09:44] O:24211.80 H:24230.70 L:24192.50 C:24196.50 -> no_pattern
[2026-04-19 01:09:44] O:24196.40 H:24199.20 L:24163.45 C:24190.60 -> pinbar
[2026-04-19 01:09:44] O:24189.90 H:24202.50 L:24183.90 C:24183.90 -> shooting_star
[2026-04-19 01:09:44] O:24184.25 H:24203.25 L:24177.80 C:24178.90 -> shooting_star
[2026-04-19 01:09:44] O:24179.90 H:24199.30 L:24178.35 C:24196.20 -> no_pattern
[2026-04-19 01:09:44] O:24197.65 H:24199.95 L:24189.20 C:24194.05 -> no_pattern
[2026-04-19 01:09:44] O:24195.15 H:24195.40 L:24178.85 C:24188.40 -> no_pattern
[2026-04-19 01:09:44] O:24173.60 H:24222.60 L:24109.45 C:24212.75 -> no_pattern
[2026-04-19 01:09:44] O:24215.00 H:24230.10 L:24197.05 C:24223.80 -> pinbar
[2026-04-19 01:09:44] O:24223.70 H:24232.95 L:24195.10 C:24228.70 -> pinbar
[2026-04-19 01:09:44] O:24228.95 H:24234.75 L:24208.15 C:24208.90 -> no_pattern
[2026-04-19 01:09:44] O:24208.70 H:24218.85 L:24192.50 C:24196.55 -> no_pattern
[2026-04-19 01:09:44] O:24195.05 H:24215.20 L:24166.90 C:24213.90 -> no_pattern
[2026-04-19 01:09:44] O:24214.50 H:24223.45 L:24187.40 C:24188.35 -> no_pattern
[2026-04-19 01:09:44] O:24187.20 H:24201.10 L:24178.70 C:24199.30 -> no_pattern
[2026-04-19 01:09:44] O:24199.45 H:24227.30 L:24199.45 C:24222.80 -> no_pattern
[2026-04-19 01:09:44] O:24222.40 H:24231.95 L:24219.20 C:24223.00 -> doji
[2026-04-19 01:09:44] O:24223.70 H:24237.75 L:24214.65 C:24223.10 -> doji
[2026-04-19 01:09:44] O:24222.75 H:24238.90 L:24205.40 C:24230.05 -> spinning_top
[2026-04-19 01:09:44] O:24231.20 H:24274.65 L:24226.05 C:24274.65 -> no_pattern
[2026-04-19 01:09:44] O:24274.70 H:24279.40 L:24255.15 C:24257.40 -> no_pattern
[2026-04-19 01:09:44] O:24257.95 H:24274.10 L:24256.75 C:24272.95 -> no_pattern
[2026-04-19 01:09:44] O:24273.45 H:24289.15 L:24273.45 C:24284.60 -> no_pattern
[2026-04-19 01:09:44] O:24285.25 H:24290.20 L:24280.00 C:24290.20 -> no_pattern
[2026-04-19 01:09:44] O:24290.40 H:24298.10 L:24283.85 C:24296.55 -> no_pattern
[2026-04-19 01:09:44] O:24296.50 H:24303.85 L:24284.95 C:24287.00 -> no_pattern
[2026-04-19 01:09:44] O:24286.10 H:24286.35 L:24260.05 C:24265.00 -> no_pattern
[2026-04-19 01:09:44] O:24265.40 H:24278.70 L:24256.90 C:24258.55 -> no_pattern
[2026-04-19 01:09:44] O:24259.25 H:24265.50 L:24244.05 C:24261.25 -> doji
[2026-04-19 01:09:44] O:24260.70 H:24270.00 L:24255.05 C:24263.45 -> spinning_top
[2026-04-19 01:09:44] O:24263.05 H:24267.00 L:24256.85 C:24261.35 -> spinning_top
[2026-04-19 01:09:44] O:24262.35 H:24262.40 L:24252.80 C:24256.35 -> no_pattern
[2026-04-19 01:09:44] O:24256.35 H:24263.80 L:24255.40 C:24256.20 -> doji
[2026-04-19 01:09:44] O:24256.70 H:24261.35 L:24247.85 C:24254.80 -> spinning_top
[2026-04-19 01:09:44] O:24254.75 H:24257.30 L:24237.75 C:24249.20 -> pinbar
[2026-04-19 01:09:44] O:24249.20 H:24269.50 L:24248.20 C:24268.80 -> marubozu
[2026-04-19 01:09:44] O:24269.30 H:24275.15 L:24263.35 C:24265.10 -> no_pattern
[2026-04-19 01:09:44] O:24264.65 H:24277.35 L:24264.65 C:24275.55 -> no_pattern
[2026-04-19 01:09:44] O:24275.50 H:24281.35 L:24272.25 C:24279.15 -> no_pattern
[2026-04-19 01:09:44] O:24278.50 H:24282.15 L:24272.10 C:24276.45 -> spinning_top
[2026-04-19 01:09:44] O:24276.45 H:24284.60 L:24266.25 C:24277.75 -> doji
[2026-04-19 01:09:44] O:24276.15 H:24287.65 L:24273.50 C:24287.00 -> no_pattern
[2026-04-19 01:09:44] O:24287.25 H:24293.90 L:24283.25 C:24290.10 -> spinning_top
[2026-04-19 01:09:44] O:24289.95 H:24293.80 L:24286.20 C:24292.20 -> no_pattern
[2026-04-19 01:09:44] O:24292.45 H:24302.60 L:24288.75 C:24291.65 -> doji
[2026-04-19 01:09:44] O:24291.95 H:24297.25 L:24278.45 C:24296.95 -> pinbar
[2026-04-19 01:09:44] O:24297.15 H:24318.75 L:24294.10 C:24316.45 -> no_pattern
[2026-04-19 01:09:45] O:24316.05 H:24322.25 L:24284.10 C:24284.10 -> no_pattern
[2026-04-19 01:09:45] O:24285.75 H:24288.05 L:24253.15 C:24271.00 -> no_pattern
[2026-04-19 01:09:45] O:24270.85 H:24274.90 L:24255.75 C:24274.20 -> pinbar
[2026-04-19 01:09:45] O:24274.25 H:24292.55 L:24274.10 C:24281.35 -> no_pattern
[2026-04-19 01:09:45] O:24282.00 H:24287.95 L:24277.65 C:24285.60 -> no_pattern
[2026-04-19 01:09:45] O:24316.05 H:24322.25 L:24284.10 C:24284.10 -> no_pattern
[2026-04-19 01:09:45] O:24285.75 H:24288.05 L:24253.15 C:24271.00 -> no_pattern
[2026-04-19 01:09:45] O:24270.85 H:24274.90 L:24255.75 C:24274.20 -> pinbar
[2026-04-19 01:09:45] O:24274.25 H:24292.55 L:24274.10 C:24281.35 -> no_pattern
[2026-04-19 01:09:45] O:24282.00 H:24287.95 L:24277.65 C:24285.60 -> no_pattern
[2026-04-19 01:09:45] O:24286.20 H:24293.70 L:24281.60 C:24287.90 -> spinning_top
[2026-04-19 01:09:45] O:24285.75 H:24288.05 L:24253.15 C:24271.00 -> no_pattern
[2026-04-19 01:09:45] O:24270.85 H:24274.90 L:24255.75 C:24274.20 -> pinbar
[2026-04-19 01:09:45] O:24274.25 H:24292.55 L:24274.10 C:24281.35 -> no_pattern
[2026-04-19 01:09:45] O:24282.00 H:24287.95 L:24277.65 C:24285.60 -> no_pattern
[2026-04-19 01:09:45] O:24286.20 H:24293.70 L:24281.60 C:24287.90 -> spinning_top
[2026-04-19 01:09:45] O:24288.65 H:24291.10 L:24280.70 C:24285.30 -> no_pattern
[2026-04-19 01:09:45] O:24285.10 H:24290.50 L:24283.90 C:24290.05 -> no_pattern
[2026-04-19 01:09:45] O:24289.95 H:24291.65 L:24279.50 C:24279.75 -> no_pattern
[2026-04-19 01:09:45] O:24279.35 H:24281.35 L:24264.80 C:24265.35 -> no_pattern
[2026-04-19 01:09:45] O:24265.05 H:24272.65 L:24263.75 C:24269.15 -> no_pattern
[2026-04-19 01:09:45] O:24268.40 H:24275.20 L:24260.25 C:24274.95 -> no_pattern
[2026-04-19 01:09:45] O:24274.55 H:24277.00 L:24262.65 C:24276.00 -> pinbar
[2026-04-19 01:09:45] O:24275.60 H:24277.95 L:24266.20 C:24272.65 -> pinbar
[2026-04-19 01:09:45] O:24271.70 H:24273.00 L:24259.95 C:24265.35 -> no_pattern
[2026-04-19 01:09:45] O:24264.95 H:24269.15 L:24261.05 C:24263.30 -> spinning_top
[2026-04-19 01:09:45] O:24262.35 H:24275.30 L:24259.90 C:24271.60 -> no_pattern
[2026-04-19 01:09:45] O:24271.70 H:24279.30 L:24266.45 C:24276.25 -> no_pattern
[2026-04-19 01:09:45] O:24276.40 H:24289.15 L:24274.60 C:24288.55 -> no_pattern
[2026-04-19 01:09:45] O:24288.50 H:24292.95 L:24283.75 C:24285.05 -> no_pattern
[2026-04-19 01:09:45] O:24284.30 H:24287.05 L:24273.45 C:24274.05 -> no_pattern
[2026-04-19 01:09:45] O:24272.50 H:24275.95 L:24268.05 C:24274.15 -> spinning_top
[2026-04-19 01:09:46] O:24273.80 H:24284.05 L:24265.40 C:24273.70 -> doji
[2026-04-19 01:09:46] O:24272.65 H:24291.15 L:24272.05 C:24290.30 -> marubozu
[2026-04-19 01:09:46] O:24289.55 H:24296.30 L:24288.05 C:24296.30 -> no_pattern
[2026-04-19 01:09:46] O:24296.30 H:24297.20 L:24289.25 C:24296.50 -> doji
[2026-04-19 01:09:46] O:24296.40 H:24312.80 L:24296.05 C:24312.35 -> marubozu
[2026-04-19 01:09:46] O:24312.35 H:24312.80 L:24301.30 C:24306.10 -> no_pattern
[2026-04-19 01:09:46] O:24305.80 H:24309.10 L:24303.00 C:24304.50 -> spinning_top
[2026-04-19 01:09:46] O:24304.25 H:24307.40 L:24299.75 C:24304.00 -> doji
[2026-04-19 01:09:46] O:24304.25 H:24308.30 L:24294.05 C:24304.55 -> doji
[2026-04-19 01:09:46] O:24303.70 H:24311.00 L:24302.30 C:24309.20 -> no_pattern
[2026-04-19 01:09:46] O:24309.35 H:24311.70 L:24300.85 C:24308.30 -> doji
[2026-04-19 01:09:46] O:24308.25 H:24316.00 L:24307.15 C:24313.60 -> no_pattern
[2026-04-19 01:09:46] O:24313.60 H:24317.75 L:24305.45 C:24306.85 -> no_pattern
[2026-04-19 01:09:46] O:24307.50 H:24320.10 L:24306.65 C:24317.15 -> no_pattern
[2026-04-19 01:09:46] O:24387.75 H:24400.10 L:24372.70 C:24386.75 -> doji
[2026-04-19 01:09:46] O:24386.40 H:24398.25 L:24376.00 C:24388.90 -> spinning_top
[2026-04-19 01:09:46] O:24389.35 H:24390.35 L:24353.70 C:24358.30 -> no_pattern
[2026-04-19 01:09:46] O:24358.15 H:24364.05 L:24312.00 C:24314.90 -> no_pattern
[2026-04-19 01:09:46] O:24314.05 H:24335.35 L:24301.90 C:24303.70 -> shooting_star
[2026-04-19 01:09:46] O:24303.00 H:24329.30 L:24293.15 C:24328.60 -> no_pattern
[2026-04-19 01:09:46] O:24328.00 H:24334.65 L:24315.30 C:24330.35 -> spinning_top
[2026-04-19 01:09:46] O:24331.10 H:24337.05 L:24301.50 C:24316.55 -> no_pattern
[2026-04-19 01:09:46] O:24316.85 H:24316.85 L:24275.45 C:24283.35 -> no_pattern
[2026-04-19 01:09:46] O:24282.70 H:24290.75 L:24266.50 C:24288.50 -> pinbar
[2026-04-19 01:09:46] O:24288.70 H:24304.05 L:24279.65 C:24283.30 -> shooting_star
[2026-04-19 01:09:46] O:24281.90 H:24318.65 L:24280.90 C:24318.65 -> marubozu
[2026-04-19 01:09:46] O:24318.15 H:24319.85 L:24295.30 C:24307.60 -> no_pattern
[2026-04-19 01:09:46] O:24306.15 H:24324.55 L:24292.85 C:24323.40 -> no_pattern
[2026-04-19 01:09:46] O:24323.65 H:24328.80 L:24300.05 C:24306.45 -> no_pattern
[2026-04-19 01:09:46] O:24305.75 H:24315.20 L:24302.50 C:24312.35 -> no_pattern
[2026-04-19 01:09:46] O:24312.00 H:24317.20 L:24292.50 C:24308.80 -> spinning_top
[2026-04-19 01:09:46] O:24308.85 H:24321.25 L:24305.70 C:24312.70 -> inverted_hammer
[2026-04-19 01:09:46] O:24312.80 H:24325.85 L:24308.60 C:24310.65 -> shooting_star
[2026-04-19 01:09:46] O:24311.20 H:24317.10 L:24292.45 C:24311.75 -> doji
[2026-04-19 01:09:46] O:24312.10 H:24320.50 L:24306.90 C:24320.35 -> no_pattern
[2026-04-19 01:09:46] O:24320.00 H:24327.90 L:24311.75 C:24315.80 -> no_pattern
[2026-04-19 01:09:46] O:24316.00 H:24319.10 L:24311.50 C:24314.70 -> spinning_top
[2026-04-19 01:09:46] O:24315.25 H:24315.95 L:24302.15 C:24306.50 -> no_pattern
[2026-04-19 01:09:46] O:24306.00 H:24322.70 L:24303.55 C:24320.50 -> no_pattern
[2026-04-19 01:09:46] O:24320.65 H:24330.70 L:24319.15 C:24323.05 -> shooting_star
[2026-04-19 01:09:46] O:24323.60 H:24333.20 L:24308.60 C:24313.55 -> no_pattern
[2026-04-19 01:09:46] O:24313.05 H:24318.75 L:24303.65 C:24313.90 -> doji
[2026-04-19 01:09:46] O:24313.20 H:24321.00 L:24294.10 C:24311.40 -> doji
[2026-04-19 01:09:46] O:24308.15 H:24328.95 L:24298.55 C:24301.15 -> shooting_star
[2026-04-19 01:09:46] O:24301.10 H:24302.40 L:24282.75 C:24288.25 -> no_pattern
[2026-04-19 01:09:46] O:24288.00 H:24304.25 L:24284.70 C:24300.95 -> no_pattern
[2026-04-19 01:09:46] O:24301.40 H:24303.40 L:24290.10 C:24299.70 -> spinning_top
[2026-04-19 01:09:46] O:24299.85 H:24301.05 L:24279.75 C:24284.10 -> no_pattern
[2026-04-19 01:09:46] O:24284.10 H:24284.10 L:24261.60 C:24262.50 -> marubozu
[2026-04-19 01:09:46] O:24262.15 H:24268.85 L:24233.05 C:24233.05 -> no_pattern
[2026-04-19 01:09:46] O:24233.30 H:24246.10 L:24216.45 C:24226.95 -> spinning_top
[2026-04-19 01:09:46] O:24226.90 H:24238.05 L:24218.40 C:24237.25 -> no_pattern
[2026-04-19 01:09:46] O:24237.75 H:24237.75 L:24198.55 C:24205.35 -> no_pattern
[2026-04-19 01:09:46] O:24205.05 H:24211.25 L:24163.00 C:24164.75 -> no_pattern
[2026-04-19 01:09:46] O:24164.85 H:24173.45 L:24153.55 C:24169.95 -> pinbar
[2026-04-19 01:09:46] O:24169.45 H:24178.95 L:24153.55 C:24178.95 -> no_pattern
[2026-04-19 01:09:46] O:24178.90 H:24190.75 L:24172.15 C:24184.80 -> no_pattern
[2026-04-19 01:09:46] O:24182.95 H:24189.70 L:24159.40 C:24175.10 -> pinbar
[2026-04-19 01:09:46] O:24175.30 H:24184.35 L:24166.80 C:24167.95 -> no_pattern
[2026-04-19 01:09:46] O:24168.00 H:24174.25 L:24152.70 C:24168.10 -> doji
[2026-04-19 01:09:46] O:24168.00 H:24168.00 L:24153.20 C:24155.60 -> no_pattern
[2026-04-19 01:09:46] O:24154.05 H:24169.75 L:24137.85 C:24137.90 -> no_pattern
[2026-04-19 01:09:46] O:24138.05 H:24148.40 L:24132.20 C:24147.95 -> no_pattern
[2026-04-19 01:09:46] O:24147.80 H:24168.30 L:24147.15 C:24167.40 -> marubozu
[2026-04-19 01:09:46] O:24167.05 H:24169.25 L:24129.75 C:24152.10 -> no_pattern
[2026-04-19 01:09:46] O:24151.70 H:24152.45 L:24131.05 C:24132.40 -> no_pattern
[2026-04-19 01:09:46] O:24132.55 H:24157.10 L:24123.60 C:24123.90 -> shooting_star
[2026-04-19 01:09:46] O:24124.05 H:24129.90 L:24117.20 C:24128.60 -> no_pattern
[2026-04-19 01:09:46] O:24129.05 H:24152.80 L:24128.85 C:24140.35 -> no_pattern
[2026-04-19 01:09:46] O:24140.85 H:24160.20 L:24127.70 C:24131.75 -> inverted_hammer
[2026-04-19 01:09:46] O:24131.30 H:24134.25 L:24108.10 C:24110.05 -> no_pattern
[2026-04-19 01:09:46] O:24111.90 H:24125.85 L:24109.65 C:24122.30 -> no_pattern
[2026-04-19 01:09:46] O:24122.60 H:24135.00 L:24111.80 C:24130.35 -> no_pattern
[2026-04-19 01:09:46] O:24130.30 H:24142.45 L:24128.40 C:24132.60 -> shooting_star
[2026-04-19 01:09:46] O:24133.00 H:24133.00 L:24103.10 C:24111.85 -> no_pattern
[2026-04-19 01:09:46] O:24111.40 H:24123.25 L:24104.70 C:24119.50 -> no_pattern
[2026-04-19 01:09:46] O:24120.20 H:24128.45 L:24115.30 C:24124.05 -> spinning_top
[2026-04-19 01:09:46] O:24123.85 H:24125.35 L:24118.10 C:24121.75 -> no_pattern
[2026-04-19 01:09:46] O:24121.95 H:24136.10 L:24120.00 C:24135.35 -> no_pattern
[2026-04-19 01:09:46] O:24135.30 H:24149.85 L:24133.90 C:24149.40 -> no_pattern
[2026-04-19 01:09:46] O:24149.65 H:24181.30 L:24140.75 C:24180.45 -> no_pattern
[2026-04-19 01:09:46] O:24178.85 H:24184.75 L:24162.90 C:24183.45 -> pinbar
[2026-04-19 01:09:46] O:24184.25 H:24190.50 L:24165.55 C:24170.55 -> no_pattern
[2026-04-19 01:09:46] O:24170.40 H:24183.95 L:24162.35 C:24162.95 -> no_pattern
[2026-04-19 01:09:46] O:24159.65 H:24163.45 L:24132.45 C:24146.05 -> no_pattern
[2026-04-19 01:09:46] O:24146.45 H:24158.30 L:24144.55 C:24154.70 -> no_pattern
[2026-04-19 01:09:46] O:24155.05 H:24175.35 L:24155.05 C:24166.70 -> no_pattern
[2026-04-19 01:09:46] O:24166.70 H:24168.85 L:24158.90 C:24162.40 -> no_pattern
[2026-04-19 01:09:46] O:24162.50 H:24171.30 L:24159.75 C:24170.65 -> no_pattern
[2026-04-19 01:09:46] O:24170.40 H:24181.45 L:24153.75 C:24180.70 -> no_pattern
[2026-04-19 01:09:46] O:24180.45 H:24196.30 L:24171.50 C:24196.30 -> no_pattern
[2026-04-19 01:09:46] O:24196.35 H:24221.35 L:24195.95 C:24221.20 -> marubozu
[2026-04-19 01:09:46] O:24221.35 H:24228.65 L:24211.00 C:24221.15 -> doji
[2026-04-19 01:09:46] O:24220.55 H:24231.80 L:24211.90 C:24225.90 -> spinning_top
[2026-04-19 01:09:46] O:24225.70 H:24240.15 L:24212.50 C:24231.70 -> spinning_top
[2026-04-19 01:09:46] O:24231.40 H:24245.00 L:24224.95 C:24239.90 -> no_pattern
[2026-04-19 01:09:46] O:24239.65 H:24244.00 L:24226.95 C:24240.75 -> doji
[2026-04-19 01:09:46] O:24241.00 H:24241.15 L:24214.60 C:24227.90 -> no_pattern
[2026-04-19 01:09:46] O:24228.60 H:24238.30 L:24187.90 C:24210.90 -> no_pattern
[2026-04-19 01:09:46] O:24211.80 H:24230.70 L:24192.50 C:24196.50 -> no_pattern
[2026-04-19 01:09:46] O:24196.40 H:24199.20 L:24163.45 C:24190.60 -> pinbar
[2026-04-19 01:09:46] O:24189.90 H:24202.50 L:24183.90 C:24183.90 -> shooting_star
[2026-04-19 01:09:46] O:24184.25 H:24203.25 L:24177.80 C:24178.90 -> shooting_star
[2026-04-19 01:09:46] O:24179.90 H:24199.30 L:24178.35 C:24196.20 -> no_pattern
[2026-04-19 01:09:46] O:24197.65 H:24199.95 L:24189.20 C:24194.05 -> no_pattern
[2026-04-19 01:09:46] O:24195.15 H:24195.40 L:24178.85 C:24188.40 -> no_pattern
[2026-04-19 01:09:47] O:24173.60 H:24222.60 L:24109.45 C:24212.75 -> no_pattern
[2026-04-19 01:09:47] O:24215.00 H:24230.10 L:24197.05 C:24223.80 -> pinbar
[2026-04-19 01:09:47] O:24223.70 H:24232.95 L:24195.10 C:24228.70 -> pinbar
[2026-04-19 01:09:47] O:24228.95 H:24234.75 L:24208.15 C:24208.90 -> no_pattern
[2026-04-19 01:09:47] O:24208.70 H:24218.85 L:24192.50 C:24196.55 -> no_pattern
[2026-04-19 01:09:47] O:24195.05 H:24215.20 L:24166.90 C:24213.90 -> no_pattern
[2026-04-19 01:09:47] O:24214.50 H:24223.45 L:24187.40 C:24188.35 -> no_pattern
[2026-04-19 01:09:47] O:24187.20 H:24201.10 L:24178.70 C:24199.30 -> no_pattern
[2026-04-19 01:09:47] O:24199.45 H:24227.30 L:24199.45 C:24222.80 -> no_pattern
[2026-04-19 01:09:47] O:24222.40 H:24231.95 L:24219.20 C:24223.00 -> doji
[2026-04-19 01:09:47] O:24223.70 H:24237.75 L:24214.65 C:24223.10 -> doji
[2026-04-19 01:09:47] O:24222.75 H:24238.90 L:24205.40 C:24230.05 -> spinning_top
[2026-04-19 01:09:47] O:24231.20 H:24274.65 L:24226.05 C:24274.65 -> no_pattern
[2026-04-19 01:09:47] O:24274.70 H:24279.40 L:24255.15 C:24257.40 -> no_pattern
[2026-04-19 01:09:47] O:24257.95 H:24274.10 L:24256.75 C:24272.95 -> no_pattern
[2026-04-19 01:09:47] O:24273.45 H:24289.15 L:24273.45 C:24284.60 -> no_pattern
[2026-04-19 01:09:47] O:24285.25 H:24290.20 L:24280.00 C:24290.20 -> no_pattern
[2026-04-19 01:09:47] O:24290.40 H:24298.10 L:24283.85 C:24296.55 -> no_pattern
[2026-04-19 01:09:47] O:24296.50 H:24303.85 L:24284.95 C:24287.00 -> no_pattern
[2026-04-19 01:09:47] O:24286.10 H:24286.35 L:24260.05 C:24265.00 -> no_pattern
[2026-04-19 01:09:47] O:24265.40 H:24278.70 L:24256.90 C:24258.55 -> no_pattern
[2026-04-19 01:09:47] O:24259.25 H:24265.50 L:24244.05 C:24261.25 -> doji
[2026-04-19 01:09:47] O:24260.70 H:24270.00 L:24255.05 C:24263.45 -> spinning_top
[2026-04-19 01:09:47] O:24263.05 H:24267.00 L:24256.85 C:24261.35 -> spinning_top
[2026-04-19 01:09:47] O:24262.35 H:24262.40 L:24252.80 C:24256.35 -> no_pattern
[2026-04-19 01:09:47] O:24256.35 H:24263.80 L:24255.40 C:24256.20 -> doji
[2026-04-19 01:09:47] O:24256.70 H:24261.35 L:24247.85 C:24254.80 -> spinning_top
[2026-04-19 01:09:47] O:24254.75 H:24257.30 L:24237.75 C:24249.20 -> pinbar
[2026-04-19 01:09:47] O:24249.20 H:24269.50 L:24248.20 C:24268.80 -> marubozu
[2026-04-19 01:09:47] O:24269.30 H:24275.15 L:24263.35 C:24265.10 -> no_pattern
[2026-04-19 01:09:47] O:24264.65 H:24277.35 L:24264.65 C:24275.55 -> no_pattern
[2026-04-19 01:09:47] O:24275.50 H:24281.35 L:24272.25 C:24279.15 -> no_pattern
[2026-04-19 01:09:47] O:24278.50 H:24282.15 L:24272.10 C:24276.45 -> spinning_top
[2026-04-19 01:09:47] O:24276.45 H:24284.60 L:24266.25 C:24277.75 -> doji
[2026-04-19 01:09:47] O:24276.15 H:24287.65 L:24273.50 C:24287.00 -> no_pattern
[2026-04-19 01:09:47] O:24287.25 H:24293.90 L:24283.25 C:24290.10 -> spinning_top
[2026-04-19 01:09:47] O:24289.95 H:24293.80 L:24286.20 C:24292.20 -> no_pattern
[2026-04-19 01:09:47] O:24292.45 H:24302.60 L:24288.75 C:24291.65 -> doji
[2026-04-19 01:09:47] O:24291.95 H:24297.25 L:24278.45 C:24296.95 -> pinbar
[2026-04-19 01:09:47] O:24297.15 H:24318.75 L:24294.10 C:24316.45 -> no_pattern
[2026-04-19 01:09:47] O:24316.05 H:24322.25 L:24284.10 C:24284.10 -> no_pattern
[2026-04-19 01:09:47] O:24285.75 H:24288.05 L:24253.15 C:24271.00 -> no_pattern
[2026-04-19 01:09:47] O:24270.85 H:24274.90 L:24255.75 C:24274.20 -> pinbar
[2026-04-19 01:09:47] O:24274.25 H:24292.55 L:24274.10 C:24281.35 -> no_pattern
[2026-04-19 01:09:47] O:24282.00 H:24287.95 L:24277.65 C:24285.60 -> no_pattern
[2026-04-19 01:09:47] O:24286.20 H:24293.70 L:24281.60 C:24287.90 -> spinning_top
[2026-04-19 01:09:47] O:24288.65 H:24291.10 L:24280.70 C:24285.30 -> no_pattern
[2026-04-19 01:09:47] O:24285.10 H:24290.50 L:24283.90 C:24290.05 -> no_pattern
[2026-04-19 01:09:47] O:24289.95 H:24291.65 L:24279.50 C:24279.75 -> no_pattern
[2026-04-19 01:09:47] O:24279.35 H:24281.35 L:24264.80 C:24265.35 -> no_pattern
[2026-04-19 01:09:47] O:24265.05 H:24272.65 L:24263.75 C:24269.15 -> no_pattern
[2026-04-19 01:09:47] O:24268.40 H:24275.20 L:24260.25 C:24274.95 -> no_pattern
[2026-04-19 01:09:47] O:24274.55 H:24277.00 L:24262.65 C:24276.00 -> pinbar
[2026-04-19 01:09:47] O:24275.60 H:24277.95 L:24266.20 C:24272.65 -> pinbar
[2026-04-19 01:09:47] O:24271.70 H:24273.00 L:24259.95 C:24265.35 -> no_pattern
[2026-04-19 01:09:47] O:24264.95 H:24269.15 L:24261.05 C:24263.30 -> spinning_top
[2026-04-19 01:09:47] O:24262.35 H:24275.30 L:24259.90 C:24271.60 -> no_pattern
[2026-04-19 01:09:47] O:24271.70 H:24279.30 L:24266.45 C:24276.25 -> no_pattern
[2026-04-19 01:09:47] O:24276.40 H:24289.15 L:24274.60 C:24288.55 -> no_pattern
[2026-04-19 01:09:47] O:24288.50 H:24292.95 L:24283.75 C:24285.05 -> no_pattern
[2026-04-19 01:09:47] O:24284.30 H:24287.05 L:24273.45 C:24274.05 -> no_pattern
[2026-04-19 01:09:47] O:24272.50 H:24275.95 L:24268.05 C:24274.15 -> spinning_top
[2026-04-19 01:09:47] O:24273.80 H:24284.05 L:24265.40 C:24273.70 -> doji
[2026-04-19 01:09:47] O:24272.65 H:24291.15 L:24272.05 C:24290.30 -> marubozu
[2026-04-19 01:09:47] O:24289.55 H:24296.30 L:24288.05 C:24296.30 -> no_pattern
[2026-04-19 01:09:47] O:24296.30 H:24297.20 L:24289.25 C:24296.50 -> doji
[2026-04-19 01:09:47] O:24296.40 H:24312.80 L:24296.05 C:24312.35 -> marubozu
[2026-04-19 01:09:47] O:24312.35 H:24312.80 L:24301.30 C:24306.10 -> no_pattern
[2026-04-19 01:09:47] O:24305.80 H:24309.10 L:24303.00 C:24304.50 -> spinning_top
[2026-04-19 01:09:47] O:24304.25 H:24307.40 L:24299.75 C:24304.00 -> doji
[2026-04-19 01:09:47] O:24304.25 H:24308.30 L:24294.05 C:24304.55 -> doji
[2026-04-19 01:09:47] O:24303.70 H:24311.00 L:24302.30 C:24309.20 -> no_pattern
[2026-04-19 01:09:47] O:24309.35 H:24311.70 L:24300.85 C:24308.30 -> doji
[2026-04-19 01:09:47] O:24308.25 H:24316.00 L:24307.15 C:24313.60 -> no_pattern
[2026-04-19 01:09:47] O:24313.60 H:24317.75 L:24305.45 C:24306.85 -> no_pattern
[2026-04-19 01:09:47] O:24307.50 H:24320.10 L:24306.65 C:24317.15 -> no_pattern
[2026-04-19 01:09:47] O:24317.05 H:24326.55 L:24313.00 C:24316.80 -> doji
[2026-04-19 01:09:47] O:24317.40 H:24326.25 L:24312.65 C:24313.95 -> shooting_star
[2026-04-19 01:09:47] O:24313.70 H:24315.50 L:24304.75 C:24309.40 -> no_pattern
[2026-04-19 01:09:47] O:24309.80 H:24315.85 L:24307.95 C:24314.20 -> no_pattern
[2026-04-19 01:09:47] O:24314.30 H:24326.50 L:24308.20 C:24325.30 -> no_pattern
[2026-04-19 01:09:47] O:24387.75 H:24400.10 L:24372.70 C:24386.75 -> doji
[2026-04-19 01:09:47] O:24386.40 H:24398.25 L:24376.00 C:24388.90 -> spinning_top
[2026-04-19 01:09:47] O:24389.35 H:24390.35 L:24353.70 C:24358.30 -> no_pattern
[2026-04-19 01:09:47] O:24358.15 H:24364.05 L:24312.00 C:24314.90 -> no_pattern
[2026-04-19 01:09:47] O:24314.05 H:24335.35 L:24301.90 C:24303.70 -> shooting_star
[2026-04-19 01:09:47] O:24303.00 H:24329.30 L:24293.15 C:24328.60 -> no_pattern
[2026-04-19 01:09:47] O:24328.00 H:24334.65 L:24315.30 C:24330.35 -> spinning_top
[2026-04-19 01:09:47] O:24331.10 H:24337.05 L:24301.50 C:24316.55 -> no_pattern
[2026-04-19 01:09:47] O:24316.85 H:24316.85 L:24275.45 C:24283.35 -> no_pattern
[2026-04-19 01:09:47] O:24282.70 H:24290.75 L:24266.50 C:24288.50 -> pinbar
[2026-04-19 01:09:47] O:24288.70 H:24304.05 L:24279.65 C:24283.30 -> shooting_star
[2026-04-19 01:09:47] O:24281.90 H:24318.65 L:24280.90 C:24318.65 -> marubozu
[2026-04-19 01:09:47] O:24318.15 H:24319.85 L:24295.30 C:24307.60 -> no_pattern
[2026-04-19 01:09:47] O:24306.15 H:24324.55 L:24292.85 C:24323.40 -> no_pattern
[2026-04-19 01:09:47] O:24323.65 H:24328.80 L:24300.05 C:24306.45 -> no_pattern
[2026-04-19 01:09:47] O:24305.75 H:24315.20 L:24302.50 C:24312.35 -> no_pattern
[2026-04-19 01:09:47] O:24312.00 H:24317.20 L:24292.50 C:24308.80 -> spinning_top
[2026-04-19 01:09:47] O:24308.85 H:24321.25 L:24305.70 C:24312.70 -> inverted_hammer
[2026-04-19 01:09:47] O:24312.80 H:24325.85 L:24308.60 C:24310.65 -> shooting_star
[2026-04-19 01:09:47] O:24311.20 H:24317.10 L:24292.45 C:24311.75 -> doji
[2026-04-19 01:09:47] O:24312.10 H:24320.50 L:24306.90 C:24320.35 -> no_pattern
[2026-04-19 01:09:47] O:24320.00 H:24327.90 L:24311.75 C:24315.80 -> no_pattern
[2026-04-19 01:09:47] O:24316.00 H:24319.10 L:24311.50 C:24314.70 -> spinning_top
[2026-04-19 01:09:47] O:24315.25 H:24315.95 L:24302.15 C:24306.50 -> no_pattern
[2026-04-19 01:09:47] O:24306.00 H:24322.70 L:24303.55 C:24320.50 -> no_pattern
[2026-04-19 01:09:47] O:24320.65 H:24330.70 L:24319.15 C:24323.05 -> shooting_star
[2026-04-19 01:09:47] O:24323.60 H:24333.20 L:24308.60 C:24313.55 -> no_pattern
[2026-04-19 01:09:47] O:24313.05 H:24318.75 L:24303.65 C:24313.90 -> doji
[2026-04-19 01:09:47] O:24313.20 H:24321.00 L:24294.10 C:24311.40 -> doji
[2026-04-19 01:09:47] O:24308.15 H:24328.95 L:24298.55 C:24301.15 -> shooting_star
[2026-04-19 01:09:47] O:24301.10 H:24302.40 L:24282.75 C:24288.25 -> no_pattern
[2026-04-19 01:09:47] O:24288.00 H:24304.25 L:24284.70 C:24300.95 -> no_pattern
[2026-04-19 01:09:47] O:24301.40 H:24303.40 L:24290.10 C:24299.70 -> spinning_top
[2026-04-19 01:09:47] O:24299.85 H:24301.05 L:24279.75 C:24284.10 -> no_pattern
[2026-04-19 01:09:47] O:24284.10 H:24284.10 L:24261.60 C:24262.50 -> marubozu
[2026-04-19 01:09:47] O:24262.15 H:24268.85 L:24233.05 C:24233.05 -> no_pattern
[2026-04-19 01:09:47] O:24233.30 H:24246.10 L:24216.45 C:24226.95 -> spinning_top
[2026-04-19 01:09:47] O:24226.90 H:24238.05 L:24218.40 C:24237.25 -> no_pattern
[2026-04-19 01:09:47] O:24237.75 H:24237.75 L:24198.55 C:24205.35 -> no_pattern
[2026-04-19 01:09:47] O:24205.05 H:24211.25 L:24163.00 C:24164.75 -> no_pattern
[2026-04-19 01:09:47] O:24164.85 H:24173.45 L:24153.55 C:24169.95 -> pinbar
[2026-04-19 01:09:47] O:24169.45 H:24178.95 L:24153.55 C:24178.95 -> no_pattern
[2026-04-19 01:09:47] O:24178.90 H:24190.75 L:24172.15 C:24184.80 -> no_pattern
[2026-04-19 01:09:47] O:24182.95 H:24189.70 L:24159.40 C:24175.10 -> pinbar
[2026-04-19 01:09:47] O:24175.30 H:24184.35 L:24166.80 C:24167.95 -> no_pattern
[2026-04-19 01:09:47] O:24168.00 H:24174.25 L:24152.70 C:24168.10 -> doji
[2026-04-19 01:09:47] O:24168.00 H:24168.00 L:24153.20 C:24155.60 -> no_pattern
[2026-04-19 01:09:47] O:24154.05 H:24169.75 L:24137.85 C:24137.90 -> no_pattern
[2026-04-19 01:09:47] O:24138.05 H:24148.40 L:24132.20 C:24147.95 -> no_pattern
[2026-04-19 01:09:47] O:24147.80 H:24168.30 L:24147.15 C:24167.40 -> marubozu
[2026-04-19 01:09:47] O:24167.05 H:24169.25 L:24129.75 C:24152.10 -> no_pattern
[2026-04-19 01:09:47] O:24151.70 H:24152.45 L:24131.05 C:24132.40 -> no_pattern
[2026-04-19 01:09:47] O:24132.55 H:24157.10 L:24123.60 C:24123.90 -> shooting_star
[2026-04-19 01:09:47] O:24124.05 H:24129.90 L:24117.20 C:24128.60 -> no_pattern
[2026-04-19 01:09:47] O:24129.05 H:24152.80 L:24128.85 C:24140.35 -> no_pattern
[2026-04-19 01:09:47] O:24140.85 H:24160.20 L:24127.70 C:24131.75 -> inverted_hammer
[2026-04-19 01:09:47] O:24131.30 H:24134.25 L:24108.10 C:24110.05 -> no_pattern
[2026-04-19 01:09:47] O:24111.90 H:24125.85 L:24109.65 C:24122.30 -> no_pattern
[2026-04-19 01:09:47] O:24122.60 H:24135.00 L:24111.80 C:24130.35 -> no_pattern
[2026-04-19 01:09:47] O:24130.30 H:24142.45 L:24128.40 C:24132.60 -> shooting_star
[2026-04-19 01:09:47] O:24133.00 H:24133.00 L:24103.10 C:24111.85 -> no_pattern
[2026-04-19 01:09:47] O:24111.40 H:24123.25 L:24104.70 C:24119.50 -> no_pattern
[2026-04-19 01:09:47] O:24120.20 H:24128.45 L:24115.30 C:24124.05 -> spinning_top
[2026-04-19 01:09:47] O:24123.85 H:24125.35 L:24118.10 C:24121.75 -> no_pattern
[2026-04-19 01:09:47] O:24121.95 H:24136.10 L:24120.00 C:24135.35 -> no_pattern
[2026-04-19 01:09:47] O:24135.30 H:24149.85 L:24133.90 C:24149.40 -> no_pattern
[2026-04-19 01:09:47] O:24149.65 H:24181.30 L:24140.75 C:24180.45 -> no_pattern
[2026-04-19 01:09:47] O:24178.85 H:24184.75 L:24162.90 C:24183.45 -> pinbar
[2026-04-19 01:09:47] O:24184.25 H:24190.50 L:24165.55 C:24170.55 -> no_pattern
[2026-04-19 01:09:47] O:24170.40 H:24183.95 L:24162.35 C:24162.95 -> no_pattern
[2026-04-19 01:09:47] O:24159.65 H:24163.45 L:24132.45 C:24146.05 -> no_pattern
[2026-04-19 01:09:47] O:24146.45 H:24158.30 L:24144.55 C:24154.70 -> no_pattern
[2026-04-19 01:09:47] O:24155.05 H:24175.35 L:24155.05 C:24166.70 -> no_pattern
[2026-04-19 01:09:47] O:24166.70 H:24168.85 L:24158.90 C:24162.40 -> no_pattern
[2026-04-19 01:09:47] O:24162.50 H:24171.30 L:24159.75 C:24170.65 -> no_pattern
[2026-04-19 01:09:47] O:24170.40 H:24181.45 L:24153.75 C:24180.70 -> no_pattern
[2026-04-19 01:09:47] O:24180.45 H:24196.30 L:24171.50 C:24196.30 -> no_pattern
[2026-04-19 01:09:47] O:24196.35 H:24221.35 L:24195.95 C:24221.20 -> marubozu
[2026-04-19 01:09:47] O:24221.35 H:24228.65 L:24211.00 C:24221.15 -> doji
[2026-04-19 01:09:47] O:24220.55 H:24231.80 L:24211.90 C:24225.90 -> spinning_top
[2026-04-19 01:09:48] O:24225.70 H:24240.15 L:24212.50 C:24231.70 -> spinning_top
[2026-04-19 01:09:48] O:24231.40 H:24245.00 L:24224.95 C:24239.90 -> no_pattern
[2026-04-19 01:09:48] O:24239.65 H:24244.00 L:24226.95 C:24240.75 -> doji
[2026-04-19 01:09:48] O:24241.00 H:24241.15 L:24214.60 C:24227.90 -> no_pattern
[2026-04-19 01:09:48] O:24228.60 H:24238.30 L:24187.90 C:24210.90 -> no_pattern
[2026-04-19 01:09:48] O:24211.80 H:24230.70 L:24192.50 C:24196.50 -> no_pattern
[2026-04-19 01:09:48] O:24196.40 H:24199.20 L:24163.45 C:24190.60 -> pinbar
[2026-04-19 01:09:48] O:24189.90 H:24202.50 L:24183.90 C:24183.90 -> shooting_star
[2026-04-19 01:09:48] O:24184.25 H:24203.25 L:24177.80 C:24178.90 -> shooting_star
[2026-04-19 01:09:48] O:24179.90 H:24199.30 L:24178.35 C:24196.20 -> no_pattern
[2026-04-19 01:09:48] O:24197.65 H:24199.95 L:24189.20 C:24194.05 -> no_pattern
[2026-04-19 01:09:48] O:24195.15 H:24195.40 L:24178.85 C:24188.40 -> no_pattern
[2026-04-19 01:09:48] O:24173.60 H:24222.60 L:24109.45 C:24212.75 -> no_pattern
[2026-04-19 01:09:48] O:24215.00 H:24230.10 L:24197.05 C:24223.80 -> pinbar
[2026-04-19 01:09:48] O:24223.70 H:24232.95 L:24195.10 C:24228.70 -> pinbar
[2026-04-19 01:09:48] O:24228.95 H:24234.75 L:24208.15 C:24208.90 -> no_pattern
[2026-04-19 01:09:48] O:24208.70 H:24218.85 L:24192.50 C:24196.55 -> no_pattern
[2026-04-19 01:09:48] O:24195.05 H:24215.20 L:24166.90 C:24213.90 -> no_pattern
[2026-04-19 01:09:48] O:24214.50 H:24223.45 L:24187.40 C:24188.35 -> no_pattern
[2026-04-19 01:09:48] O:24187.20 H:24201.10 L:24178.70 C:24199.30 -> no_pattern
[2026-04-19 01:09:48] O:24199.45 H:24227.30 L:24199.45 C:24222.80 -> no_pattern
[2026-04-19 01:09:48] O:24222.40 H:24231.95 L:24219.20 C:24223.00 -> doji
[2026-04-19 01:09:48] O:24223.70 H:24237.75 L:24214.65 C:24223.10 -> doji
[2026-04-19 01:09:48] O:24222.75 H:24238.90 L:24205.40 C:24230.05 -> spinning_top
[2026-04-19 01:09:48] O:24231.20 H:24274.65 L:24226.05 C:24274.65 -> no_pattern
[2026-04-19 01:09:48] O:24274.70 H:24279.40 L:24255.15 C:24257.40 -> no_pattern
[2026-04-19 01:09:48] O:24257.95 H:24274.10 L:24256.75 C:24272.95 -> no_pattern
[2026-04-19 01:09:48] O:24273.45 H:24289.15 L:24273.45 C:24284.60 -> no_pattern
[2026-04-19 01:09:48] O:24285.25 H:24290.20 L:24280.00 C:24290.20 -> no_pattern
[2026-04-19 01:09:48] O:24290.40 H:24298.10 L:24283.85 C:24296.55 -> no_pattern
[2026-04-19 01:09:48] O:24296.50 H:24303.85 L:24284.95 C:24287.00 -> no_pattern
[2026-04-19 01:09:48] O:24286.10 H:24286.35 L:24260.05 C:24265.00 -> no_pattern
[2026-04-19 01:09:48] O:24265.40 H:24278.70 L:24256.90 C:24258.55 -> no_pattern
[2026-04-19 01:09:48] O:24259.25 H:24265.50 L:24244.05 C:24261.25 -> doji
[2026-04-19 01:09:48] O:24260.70 H:24270.00 L:24255.05 C:24263.45 -> spinning_top
[2026-04-19 01:09:48] O:24263.05 H:24267.00 L:24256.85 C:24261.35 -> spinning_top
[2026-04-19 01:09:48] O:24262.35 H:24262.40 L:24252.80 C:24256.35 -> no_pattern
[2026-04-19 01:09:48] O:24256.35 H:24263.80 L:24255.40 C:24256.20 -> doji
[2026-04-19 01:09:48] O:24256.70 H:24261.35 L:24247.85 C:24254.80 -> spinning_top
[2026-04-19 01:09:48] O:24254.75 H:24257.30 L:24237.75 C:24249.20 -> pinbar
[2026-04-19 01:09:48] O:24249.20 H:24269.50 L:24248.20 C:24268.80 -> marubozu
[2026-04-19 01:09:48] O:24269.30 H:24275.15 L:24263.35 C:24265.10 -> no_pattern
[2026-04-19 01:09:48] O:24264.65 H:24277.35 L:24264.65 C:24275.55 -> no_pattern
[2026-04-19 01:09:48] O:24275.50 H:24281.35 L:24272.25 C:24279.15 -> no_pattern
[2026-04-19 01:09:48] O:24278.50 H:24282.15 L:24272.10 C:24276.45 -> spinning_top
[2026-04-19 01:09:48] O:24276.45 H:24284.60 L:24266.25 C:24277.75 -> doji
[2026-04-19 01:09:48] O:24276.15 H:24287.65 L:24273.50 C:24287.00 -> no_pattern
[2026-04-19 01:09:48] O:24287.25 H:24293.90 L:24283.25 C:24290.10 -> spinning_top
[2026-04-19 01:09:48] O:24289.95 H:24293.80 L:24286.20 C:24292.20 -> no_pattern
[2026-04-19 01:09:48] O:24292.45 H:24302.60 L:24288.75 C:24291.65 -> doji
[2026-04-19 01:09:48] O:24291.95 H:24297.25 L:24278.45 C:24296.95 -> pinbar
[2026-04-19 01:09:48] O:24297.15 H:24318.75 L:24294.10 C:24316.45 -> no_pattern
[2026-04-19 01:09:48] O:24316.05 H:24322.25 L:24284.10 C:24284.10 -> no_pattern
[2026-04-19 01:09:48] O:24285.75 H:24288.05 L:24253.15 C:24271.00 -> no_pattern
[2026-04-19 01:09:48] O:24270.85 H:24274.90 L:24255.75 C:24274.20 -> pinbar
[2026-04-19 01:09:48] O:24274.25 H:24292.55 L:24274.10 C:24281.35 -> no_pattern
[2026-04-19 01:09:48] O:24282.00 H:24287.95 L:24277.65 C:24285.60 -> no_pattern
[2026-04-19 01:09:48] O:24286.20 H:24293.70 L:24281.60 C:24287.90 -> spinning_top
[2026-04-19 01:09:48] O:24288.65 H:24291.10 L:24280.70 C:24285.30 -> no_pattern
[2026-04-19 01:09:48] O:24285.10 H:24290.50 L:24283.90 C:24290.05 -> no_pattern
[2026-04-19 01:09:48] O:24289.95 H:24291.65 L:24279.50 C:24279.75 -> no_pattern
[2026-04-19 01:09:48] O:24279.35 H:24281.35 L:24264.80 C:24265.35 -> no_pattern
[2026-04-19 01:09:48] O:24265.05 H:24272.65 L:24263.75 C:24269.15 -> no_pattern
[2026-04-19 01:09:48] O:24268.40 H:24275.20 L:24260.25 C:24274.95 -> no_pattern
[2026-04-19 01:09:48] O:24274.55 H:24277.00 L:24262.65 C:24276.00 -> pinbar
[2026-04-19 01:09:48] O:24275.60 H:24277.95 L:24266.20 C:24272.65 -> pinbar
[2026-04-19 01:09:48] O:24271.70 H:24273.00 L:24259.95 C:24265.35 -> no_pattern
[2026-04-19 01:09:48] O:24264.95 H:24269.15 L:24261.05 C:24263.30 -> spinning_top
[2026-04-19 01:09:48] O:24262.35 H:24275.30 L:24259.90 C:24271.60 -> no_pattern
[2026-04-19 01:09:48] O:24271.70 H:24279.30 L:24266.45 C:24276.25 -> no_pattern
[2026-04-19 01:09:48] O:24276.40 H:24289.15 L:24274.60 C:24288.55 -> no_pattern
[2026-04-19 01:09:48] O:24288.50 H:24292.95 L:24283.75 C:24285.05 -> no_pattern
[2026-04-19 01:09:48] O:24284.30 H:24287.05 L:24273.45 C:24274.05 -> no_pattern
[2026-04-19 01:09:48] O:24272.50 H:24275.95 L:24268.05 C:24274.15 -> spinning_top
[2026-04-19 01:09:48] O:24273.80 H:24284.05 L:24265.40 C:24273.70 -> doji
[2026-04-19 01:09:48] O:24272.65 H:24291.15 L:24272.05 C:24290.30 -> marubozu
[2026-04-19 01:09:48] O:24289.55 H:24296.30 L:24288.05 C:24296.30 -> no_pattern
[2026-04-19 01:09:48] O:24296.30 H:24297.20 L:24289.25 C:24296.50 -> doji
[2026-04-19 01:09:48] O:24296.40 H:24312.80 L:24296.05 C:24312.35 -> marubozu
[2026-04-19 01:09:48] O:24312.35 H:24312.80 L:24301.30 C:24306.10 -> no_pattern
[2026-04-19 01:09:48] O:24305.80 H:24309.10 L:24303.00 C:24304.50 -> spinning_top
[2026-04-19 01:09:48] O:24304.25 H:24307.40 L:24299.75 C:24304.00 -> doji
[2026-04-19 01:09:48] O:24304.25 H:24308.30 L:24294.05 C:24304.55 -> doji
[2026-04-19 01:09:48] O:24303.70 H:24311.00 L:24302.30 C:24309.20 -> no_pattern
[2026-04-19 01:09:48] O:24309.35 H:24311.70 L:24300.85 C:24308.30 -> doji
[2026-04-19 01:09:48] O:24308.25 H:24316.00 L:24307.15 C:24313.60 -> no_pattern
[2026-04-19 01:09:48] O:24313.60 H:24317.75 L:24305.45 C:24306.85 -> no_pattern
[2026-04-19 01:09:48] O:24307.50 H:24320.10 L:24306.65 C:24317.15 -> no_pattern
[2026-04-19 01:09:48] O:24317.05 H:24326.55 L:24313.00 C:24316.80 -> doji
[2026-04-19 01:09:48] O:24317.40 H:24326.25 L:24312.65 C:24313.95 -> shooting_star
[2026-04-19 01:09:48] O:24313.70 H:24315.50 L:24304.75 C:24309.40 -> no_pattern
[2026-04-19 01:09:48] O:24309.80 H:24315.85 L:24307.95 C:24314.20 -> no_pattern
[2026-04-19 01:09:48] O:24314.30 H:24326.50 L:24308.20 C:24325.30 -> no_pattern
[2026-04-19 01:09:48] O:24325.85 H:24334.75 L:24323.35 C:24334.15 -> no_pattern
[2026-04-19 01:09:48] O:24333.90 H:24356.00 L:24333.30 C:24354.55 -> no_pattern
[2026-04-19 01:09:48] O:24355.10 H:24356.40 L:24338.00 C:24349.05 -> no_pattern
[2026-04-19 01:09:48] O:24349.45 H:24356.55 L:24348.40 C:24351.05 -> shooting_star
[2026-04-19 01:09:48] O:24349.10 H:24351.75 L:24342.20 C:24349.50 -> doji
[2026-04-19 01:09:48] O:24349.15 H:24356.80 L:24320.10 C:24328.25 -> no_pattern
[2026-04-19 01:09:48] O:24327.05 H:24357.90 L:24327.05 C:24347.50 -> no_pattern
[2026-04-19 01:09:48] O:24346.25 H:24356.20 L:24343.95 C:24355.60 -> no_pattern
[2026-04-19 01:09:48] O:24353.00 H:24356.25 L:24350.80 C:24354.55 -> spinning_top
[2026-04-19 01:09:48] O:24353.65 H:24359.00 L:24348.10 C:24358.70 -> no_pattern
[2026-04-19 01:09:48] O:24356.95 H:24366.70 L:24356.00 C:24365.80 -> no_pattern
[2026-04-19 01:09:48] O:24364.45 H:24369.15 L:24358.60 C:24362.40 -> spinning_top
[2026-04-19 01:09:49] O:24361.95 H:24370.25 L:24359.25 C:24366.90 -> no_pattern
[2026-04-19 01:33:00] O:22834.80 H:22834.80 L:22720.45 C:22766.60 -> no_pattern
[2026-04-19 01:48:45] O:22767.65 H:22820.60 L:22758.75 C:22818.10 -> no_pattern
[2026-04-19 01:48:45] O:22817.65 H:22872.55 L:22794.85 C:22869.90 -> no_pattern
[2026-04-19 01:48:45] O:22871.55 H:22900.65 L:22863.00 C:22897.75 -> no_pattern
[2026-04-19 01:48:46] O:22900.05 H:22900.05 L:22856.75 C:22858.35 -> marubozu
[2026-04-19 01:48:46] O:22860.20 H:22880.35 L:22837.65 C:22846.05 -> no_pattern
[2026-04-19 01:48:47] O:22847.35 H:22868.50 L:22825.30 C:22832.15 -> no_pattern
[2026-04-19 01:48:47] O:22832.40 H:22844.35 L:22793.00 C:22831.90 -> doji
[2026-04-19 01:48:47] O:22833.35 H:22863.00 L:22811.25 C:22835.35 -> doji
[2026-04-19 01:48:48] O:22837.10 H:22853.85 L:22818.50 C:22841.40 -> spinning_top
[2026-04-19 01:48:48] O:22843.95 H:22883.45 L:22842.45 C:22878.55 -> no_pattern
[2026-04-19 01:48:48] O:22880.30 H:22923.20 L:22873.20 C:22898.95 -> no_pattern
[2026-04-19 01:48:49] O:22900.55 H:22928.35 L:22885.90 C:22906.30 -> spinning_top
[2026-04-19 01:48:49] O:22907.00 H:22912.25 L:22887.00 C:22903.15 -> spinning_top
[2026-04-19 01:48:50] O:22905.10 H:22923.55 L:22899.75 C:22920.00 -> no_pattern
[2026-04-19 01:48:50] O:22921.80 H:22950.75 L:22917.45 C:22928.95 -> shooting_star
[2026-04-19 01:48:50] O:22929.85 H:22966.40 L:22915.85 C:22922.70 -> shooting_star
[2026-04-19 01:48:51] O:22924.10 H:22943.65 L:22916.25 C:22936.30 -> no_pattern
[2026-04-19 01:48:51] O:22937.40 H:22945.70 L:22933.60 C:22934.20 -> shooting_star
[2026-04-19 01:48:51] O:22934.70 H:22947.90 L:22910.45 C:22913.70 -> no_pattern
[2026-04-19 01:48:52] O:22915.90 H:22925.55 L:22887.60 C:22924.30 -> pinbar
[2026-04-19 01:48:52] O:22929.85 H:22966.40 L:22915.85 C:22922.70 -> shooting_star
[2026-04-19 01:48:52] O:22924.10 H:22943.65 L:22916.25 C:22936.30 -> no_pattern
[2026-04-19 01:48:52] O:22937.40 H:22945.70 L:22933.60 C:22934.20 -> shooting_star
[2026-04-19 01:48:52] O:22934.70 H:22947.90 L:22910.45 C:22913.70 -> no_pattern
[2026-04-19 01:48:52] O:22915.90 H:22925.55 L:22887.60 C:22924.30 -> pinbar
[2026-04-19 01:48:52] O:22926.25 H:22963.05 L:22920.85 C:22962.40 -> no_pattern
[2026-04-19 01:48:53] O:22963.35 H:22965.25 L:22945.75 C:22953.60 -> no_pattern
[2026-04-19 02:12:26] O:22834.80 H:22834.80 L:22720.45 C:22766.60 -> no_pattern
[2026-04-19 02:12:26] O:22834.80 H:22834.80 L:22720.45 C:22766.60 -> no_pattern
[2026-04-19 02:12:30] O:22767.65 H:22820.60 L:22758.75 C:22818.10 -> no_pattern
[2026-04-19 02:12:30] O:22767.65 H:22820.60 L:22758.75 C:22818.10 -> no_pattern
[2026-04-19 02:12:31] O:22817.65 H:22872.55 L:22794.85 C:22869.90 -> no_pattern
[2026-04-19 02:12:31] O:22817.65 H:22872.55 L:22794.85 C:22869.90 -> no_pattern
[2026-04-19 02:12:31] O:22871.55 H:22900.65 L:22863.00 C:22897.75 -> no_pattern
[2026-04-19 02:12:31] O:22871.55 H:22900.65 L:22863.00 C:22897.75 -> no_pattern
[2026-04-19 02:12:32] O:22900.05 H:22900.05 L:22856.75 C:22858.35 -> marubozu
[2026-04-19 02:12:32] O:22900.05 H:22900.05 L:22856.75 C:22858.35 -> marubozu
[2026-04-19 02:12:32] O:22860.20 H:22880.35 L:22837.65 C:22846.05 -> no_pattern
[2026-04-19 02:12:32] O:22860.20 H:22880.35 L:22837.65 C:22846.05 -> no_pattern
[2026-04-19 02:12:33] O:22847.35 H:22868.50 L:22825.30 C:22832.15 -> no_pattern
[2026-04-19 02:12:33] O:22847.35 H:22868.50 L:22825.30 C:22832.15 -> no_pattern
[2026-04-19 02:12:33] O:22832.40 H:22844.35 L:22793.00 C:22831.90 -> doji
[2026-04-19 02:12:33] O:22832.40 H:22844.35 L:22793.00 C:22831.90 -> doji
[2026-04-19 02:12:34] O:22833.35 H:22863.00 L:22811.25 C:22835.35 -> doji
[2026-04-19 02:12:34] O:22833.35 H:22863.00 L:22811.25 C:22835.35 -> doji
[2026-04-19 02:12:34] O:22837.10 H:22853.85 L:22818.50 C:22841.40 -> spinning_top
[2026-04-19 02:12:34] O:22837.10 H:22853.85 L:22818.50 C:22841.40 -> spinning_top
[2026-04-19 02:12:35] O:22843.95 H:22883.45 L:22842.45 C:22878.55 -> no_pattern
[2026-04-19 02:12:35] O:22843.95 H:22883.45 L:22842.45 C:22878.55 -> no_pattern
[2026-04-19 02:12:35] O:22880.30 H:22923.20 L:22873.20 C:22898.95 -> no_pattern
[2026-04-19 02:12:35] O:22880.30 H:22923.20 L:22873.20 C:22898.95 -> no_pattern
[2026-04-19 02:12:36] O:22900.55 H:22928.35 L:22885.90 C:22906.30 -> spinning_top
[2026-04-19 02:12:36] O:22900.55 H:22928.35 L:22885.90 C:22906.30 -> spinning_top
[2026-04-19 02:12:36] O:22907.00 H:22912.25 L:22887.00 C:22903.15 -> spinning_top
[2026-04-19 02:12:36] O:22907.00 H:22912.25 L:22887.00 C:22903.15 -> spinning_top
[2026-04-19 02:12:37] O:22905.10 H:22923.55 L:22899.75 C:22920.00 -> no_pattern
[2026-04-19 02:12:37] O:22905.10 H:22923.55 L:22899.75 C:22920.00 -> no_pattern
[2026-04-19 02:12:37] O:22921.80 H:22950.75 L:22917.45 C:22928.95 -> shooting_star
[2026-04-19 02:12:37] O:22921.80 H:22950.75 L:22917.45 C:22928.95 -> shooting_star
[2026-04-19 02:12:38] O:22929.85 H:22966.40 L:22915.85 C:22922.70 -> shooting_star
[2026-04-19 02:12:38] O:22929.85 H:22966.40 L:22915.85 C:22922.70 -> shooting_star
[2026-04-19 02:12:39] O:22924.10 H:22943.65 L:22916.25 C:22936.30 -> no_pattern
[2026-04-19 02:12:39] O:22924.10 H:22943.65 L:22916.25 C:22936.30 -> no_pattern
[2026-04-19 02:12:41] O:22937.40 H:22945.70 L:22933.60 C:22934.20 -> shooting_star
[2026-04-19 02:12:41] O:22937.40 H:22945.70 L:22933.60 C:22934.20 -> shooting_star
[2026-04-19 02:12:41] O:22934.70 H:22947.90 L:22910.45 C:22913.70 -> no_pattern
[2026-04-19 02:12:41] O:22934.70 H:22947.90 L:22910.45 C:22913.70 -> no_pattern
[2026-04-19 11:10:53] O:22834.80 H:22834.80 L:22720.45 C:22766.60 -> no_pattern
[2026-04-19 11:10:53] O:22834.80 H:22834.80 L:22720.45 C:22766.60 -> no_pattern
[2026-04-19 11:10:58] O:22767.65 H:22820.60 L:22758.75 C:22818.10 -> no_pattern
[2026-04-19 11:10:58] O:22767.65 H:22820.60 L:22758.75 C:22818.10 -> no_pattern
[2026-04-19 11:10:58] O:22817.65 H:22872.55 L:22794.85 C:22869.90 -> no_pattern
[2026-04-19 11:10:58] O:22817.65 H:22872.55 L:22794.85 C:22869.90 -> no_pattern
[2026-04-19 11:10:59] O:22871.55 H:22900.65 L:22863.00 C:22897.75 -> no_pattern
[2026-04-19 11:10:59] O:22871.55 H:22900.65 L:22863.00 C:22897.75 -> no_pattern
[2026-04-19 11:10:59] O:22900.05 H:22900.05 L:22856.75 C:22858.35 -> marubozu
[2026-04-19 11:10:59] O:22900.05 H:22900.05 L:22856.75 C:22858.35 -> marubozu
[2026-04-19 11:11:00] O:22860.20 H:22880.35 L:22837.65 C:22846.05 -> no_pattern
[2026-04-19 11:11:00] O:22860.20 H:22880.35 L:22837.65 C:22846.05 -> no_pattern
[2026-04-19 11:11:00] O:22847.35 H:22868.50 L:22825.30 C:22832.15 -> no_pattern
[2026-04-19 11:11:00] O:22847.35 H:22868.50 L:22825.30 C:22832.15 -> no_pattern
[2026-04-19 11:11:01] O:22832.40 H:22844.35 L:22793.00 C:22831.90 -> doji
[2026-04-19 11:11:01] O:22832.40 H:22844.35 L:22793.00 C:22831.90 -> doji
[2026-04-19 11:11:01] O:22833.35 H:22863.00 L:22811.25 C:22835.35 -> doji
[2026-04-19 11:11:01] O:22833.35 H:22863.00 L:22811.25 C:22835.35 -> doji
[2026-04-19 11:11:02] O:22837.10 H:22853.85 L:22818.50 C:22841.40 -> spinning_top
[2026-04-19 11:11:02] O:22837.10 H:22853.85 L:22818.50 C:22841.40 -> spinning_top
[2026-04-19 11:11:02] O:22843.95 H:22883.45 L:22842.45 C:22878.55 -> no_pattern
[2026-04-19 11:11:02] O:22843.95 H:22883.45 L:22842.45 C:22878.55 -> no_pattern
[2026-04-19 11:11:03] O:22880.30 H:22923.20 L:22873.20 C:22898.95 -> no_pattern
[2026-04-19 11:11:03] O:22880.30 H:22923.20 L:22873.20 C:22898.95 -> no_pattern
[2026-04-19 11:11:03] O:22900.55 H:22928.35 L:22885.90 C:22906.30 -> spinning_top
[2026-04-19 11:11:03] O:22900.55 H:22928.35 L:22885.90 C:22906.30 -> spinning_top
[2026-04-19 11:11:03] O:22907.00 H:22912.25 L:22887.00 C:22903.15 -> spinning_top
[2026-04-19 11:11:03] O:22907.00 H:22912.25 L:22887.00 C:22903.15 -> spinning_top
[2026-04-19 11:11:04] O:22905.10 H:22923.55 L:22899.75 C:22920.00 -> no_pattern
[2026-04-19 11:11:04] O:22905.10 H:22923.55 L:22899.75 C:22920.00 -> no_pattern
[2026-04-19 11:11:04] O:22921.80 H:22950.75 L:22917.45 C:22928.95 -> shooting_star
[2026-04-19 11:11:04] O:22921.80 H:22950.75 L:22917.45 C:22928.95 -> shooting_star
[2026-04-19 11:11:06] O:22929.85 H:22966.40 L:22915.85 C:22922.70 -> shooting_star
[2026-04-19 11:11:06] O:22929.85 H:22966.40 L:22915.85 C:22922.70 -> shooting_star
[2026-04-19 11:11:07] O:22924.10 H:22943.65 L:22916.25 C:22936.30 -> no_pattern
[2026-04-19 11:11:07] O:22924.10 H:22943.65 L:22916.25 C:22936.30 -> no_pattern
[2026-04-19 11:11:08] O:22937.40 H:22945.70 L:22933.60 C:22934.20 -> shooting_star
[2026-04-19 11:11:08] O:22937.40 H:22945.70 L:22933.60 C:22934.20 -> shooting_star
[2026-04-19 11:13:56] O:22934.70 H:22947.90 L:22910.45 C:22913.70 -> no_pattern
[2026-04-19 11:13:56] O:22934.70 H:22947.90 L:22910.45 C:22913.70 -> no_pattern
[2026-04-19 11:13:57] O:22915.90 H:22925.55 L:22887.60 C:22924.30 -> pinbar
[2026-04-19 11:13:57] O:22915.90 H:22925.55 L:22887.60 C:22924.30 -> pinbar
[2026-04-19 11:13:57] O:22926.25 H:22963.05 L:22920.85 C:22962.40 -> no_pattern
[2026-04-19 11:13:57] O:22929.85 H:22966.40 L:22915.85 C:22922.70 -> shooting_star
[2026-04-19 11:13:57] O:22924.10 H:22943.65 L:22916.25 C:22936.30 -> no_pattern
[2026-04-19 11:13:57] O:22937.40 H:22945.70 L:22933.60 C:22934.20 -> shooting_star
[2026-04-19 11:13:57] O:22934.70 H:22947.90 L:22910.45 C:22913.70 -> no_pattern
[2026-04-19 11:13:57] O:22915.90 H:22925.55 L:22887.60 C:22924.30 -> pinbar
[2026-04-19 11:13:57] O:22926.25 H:22963.05 L:22920.85 C:22962.40 -> no_pattern
[2026-04-19 11:32:52] O:22834.80 H:22834.80 L:22720.45 C:22766.60 -> no_pattern
[2026-04-19 11:32:52] O:22834.80 H:22834.80 L:22720.45 C:22766.60 -> no_pattern
[2026-04-19 11:32:58] O:22767.65 H:22820.60 L:22758.75 C:22818.10 -> no_pattern
[2026-04-19 11:32:58] O:22767.65 H:22820.60 L:22758.75 C:22818.10 -> no_pattern
[2026-04-19 11:32:59] O:22817.65 H:22872.55 L:22794.85 C:22869.90 -> no_pattern
[2026-04-19 11:32:59] O:22817.65 H:22872.55 L:22794.85 C:22869.90 -> no_pattern
[2026-04-19 11:33:00] O:22871.55 H:22900.65 L:22863.00 C:22897.75 -> no_pattern
[2026-04-19 11:33:00] O:22871.55 H:22900.65 L:22863.00 C:22897.75 -> no_pattern
[2026-04-19 11:33:00] O:22900.05 H:22900.05 L:22856.75 C:22858.35 -> marubozu
[2026-04-19 11:33:00] O:22900.05 H:22900.05 L:22856.75 C:22858.35 -> marubozu
[2026-04-19 11:33:01] O:22860.20 H:22880.35 L:22837.65 C:22846.05 -> no_pattern
[2026-04-19 11:33:01] O:22860.20 H:22880.35 L:22837.65 C:22846.05 -> no_pattern
[2026-04-19 11:33:01] O:22847.35 H:22868.50 L:22825.30 C:22832.15 -> no_pattern
[2026-04-19 11:33:01] O:22847.35 H:22868.50 L:22825.30 C:22832.15 -> no_pattern
[2026-04-19 11:33:02] O:22832.40 H:22844.35 L:22793.00 C:22831.90 -> doji
[2026-04-19 11:33:02] O:22832.40 H:22844.35 L:22793.00 C:22831.90 -> doji
[2026-04-19 11:33:17] O:22833.35 H:22863.00 L:22811.25 C:22835.35 -> doji
[2026-04-19 11:33:17] O:22833.35 H:22863.00 L:22811.25 C:22835.35 -> doji
[2026-04-19 11:33:17] O:22837.10 H:22853.85 L:22818.50 C:22841.40 -> spinning_top
[2026-04-19 11:33:17] O:22837.10 H:22853.85 L:22818.50 C:22841.40 -> spinning_top
[2026-04-19 11:33:43] O:22843.95 H:22883.45 L:22842.45 C:22878.55 -> no_pattern
[2026-04-19 11:33:43] O:22843.95 H:22883.45 L:22842.45 C:22878.55 -> no_pattern
[2026-04-19 11:33:44] O:22880.30 H:22923.20 L:22873.20 C:22898.95 -> no_pattern
[2026-04-19 11:33:44] O:22880.30 H:22923.20 L:22873.20 C:22898.95 -> no_pattern
[2026-04-19 11:33:46] O:22900.55 H:22928.35 L:22885.90 C:22906.30 -> spinning_top
[2026-04-19 11:33:46] O:22900.55 H:22928.35 L:22885.90 C:22906.30 -> spinning_top
[2026-04-19 11:35:35] O:22907.00 H:22912.25 L:22887.00 C:22903.15 -> spinning_top
[2026-04-19 11:35:35] O:22907.00 H:22912.25 L:22887.00 C:22903.15 -> spinning_top
[2026-04-19 11:35:35] O:22905.10 H:22923.55 L:22899.75 C:22920.00 -> no_pattern
[2026-04-19 11:35:35] O:22905.10 H:22923.55 L:22899.75 C:22920.00 -> no_pattern
[2026-04-19 11:35:36] O:22921.80 H:22950.75 L:22917.45 C:22928.95 -> shooting_star
[2026-04-19 11:35:36] O:22921.80 H:22950.75 L:22917.45 C:22928.95 -> shooting_star
[2026-04-19 11:35:36] O:22929.85 H:22966.40 L:22915.85 C:22922.70 -> shooting_star
[2026-04-19 11:35:36] O:22929.85 H:22966.40 L:22915.85 C:22922.70 -> shooting_star
[2026-04-19 11:35:37] O:22924.10 H:22943.65 L:22916.25 C:22936.30 -> no_pattern
[2026-04-19 11:35:37] O:22924.10 H:22943.65 L:22916.25 C:22936.30 -> no_pattern
[2026-04-19 11:35:38] O:22937.40 H:22945.70 L:22933.60 C:22934.20 -> shooting_star
[2026-04-19 11:35:38] O:22937.40 H:22945.70 L:22933.60 C:22934.20 -> shooting_star
[2026-04-19 11:35:39] O:22934.70 H:22947.90 L:22910.45 C:22913.70 -> no_pattern
[2026-04-19 11:35:39] O:22934.70 H:22947.90 L:22910.45 C:22913.70 -> no_pattern
[2026-04-19 11:35:39] O:22915.90 H:22925.55 L:22887.60 C:22924.30 -> pinbar
[2026-04-19 11:35:39] O:22915.90 H:22925.55 L:22887.60 C:22924.30 -> pinbar
[2026-04-19 11:35:42] O:22926.25 H:22963.05 L:22920.85 C:22962.40 -> no_pattern
[2026-04-19 11:35:42] O:22929.85 H:22966.40 L:22915.85 C:22922.70 -> shooting_star
[2026-04-19 11:35:42] O:22924.10 H:22943.65 L:22916.25 C:22936.30 -> no_pattern
[2026-04-19 11:35:42] O:22937.40 H:22945.70 L:22933.60 C:22934.20 -> shooting_star
[2026-04-19 11:35:42] O:22934.70 H:22947.90 L:22910.45 C:22913.70 -> no_pattern
[2026-04-19 11:35:42] O:22915.90 H:22925.55 L:22887.60 C:22924.30 -> pinbar
[2026-04-19 11:35:42] O:22926.25 H:22963.05 L:22920.85 C:22962.40 -> no_pattern
[2026-04-19 11:35:55] O:22963.35 H:22965.25 L:22945.75 C:22953.60 -> no_pattern
[2026-04-19 11:35:55] O:22963.35 H:22965.25 L:22945.75 C:22953.60 -> no_pattern
[2026-04-19 11:35:56] O:22954.35 H:22955.15 L:22913.95 C:22932.10 -> no_pattern
[2026-04-19 11:35:56] O:22954.35 H:22955.15 L:22913.95 C:22932.10 -> no_pattern
[2026-04-19 11:35:57] O:22932.95 H:22932.95 L:22862.40 C:22879.20 -> no_pattern
[2026-04-19 11:35:57] O:22932.95 H:22932.95 L:22862.40 C:22879.20 -> no_pattern
[2026-04-19 11:36:00] O:22881.10 H:22904.05 L:22844.30 C:22846.30 -> no_pattern
[2026-04-19 11:36:00] O:22881.10 H:22904.05 L:22844.30 C:22846.30 -> no_pattern
[2026-04-19 11:36:01] O:22847.10 H:22861.50 L:22827.75 C:22849.70 -> doji
[2026-04-19 11:36:01] O:22847.10 H:22861.50 L:22827.75 C:22849.70 -> doji
[2026-04-19 11:36:03] O:22850.75 H:22875.95 L:22844.80 C:22861.40 -> no_pattern
[2026-04-19 11:36:03] O:22850.75 H:22875.95 L:22844.80 C:22861.40 -> no_pattern
[2026-04-19 11:36:05] O:22863.40 H:22886.70 L:22859.45 C:22863.95 -> doji
[2026-04-19 11:36:05] O:22863.40 H:22886.70 L:22859.45 C:22863.95 -> doji
[2026-04-19 11:36:08] O:22864.95 H:22869.45 L:22848.40 C:22862.50 -> spinning_top
[2026-04-19 11:36:08] O:22864.95 H:22869.45 L:22848.40 C:22862.50 -> spinning_top
[2026-04-19 11:36:12] O:22866.05 H:22903.15 L:22852.15 C:22887.15 -> no_pattern
[2026-04-19 11:36:12] O:22866.05 H:22903.15 L:22852.15 C:22887.15 -> no_pattern
[2026-04-19 11:36:13] O:22889.10 H:22927.40 L:22886.35 C:22923.50 -> no_pattern
[2026-04-19 11:36:13] O:22847.10 H:22861.50 L:22827.75 C:22849.70 -> doji
[2026-04-19 11:36:13] O:22850.75 H:22875.95 L:22844.80 C:22861.40 -> no_pattern
[2026-04-19 11:36:13] O:22863.40 H:22886.70 L:22859.45 C:22863.95 -> doji
[2026-04-19 11:36:13] O:22864.95 H:22869.45 L:22848.40 C:22862.50 -> spinning_top
[2026-04-19 11:36:13] O:22866.05 H:22903.15 L:22852.15 C:22887.15 -> no_pattern
[2026-04-19 11:36:13] O:22889.10 H:22927.40 L:22886.35 C:22923.50 -> no_pattern
[2026-04-19 13:06:02] O:22834.80 H:22834.80 L:22720.45 C:22766.60 -> no_pattern
[2026-04-19 13:06:02] O:22834.80 H:22834.80 L:22720.45 C:22766.60 -> no_pattern
[2026-04-19 13:06:07] O:22767.65 H:22820.60 L:22758.75 C:22818.10 -> no_pattern
[2026-04-19 13:06:07] O:22767.65 H:22820.60 L:22758.75 C:22818.10 -> no_pattern
[2026-04-19 13:06:08] O:22817.65 H:22872.55 L:22794.85 C:22869.90 -> no_pattern
[2026-04-19 13:06:08] O:22817.65 H:22872.55 L:22794.85 C:22869.90 -> no_pattern
[2026-04-19 13:06:08] O:22871.55 H:22900.65 L:22863.00 C:22897.75 -> no_pattern
[2026-04-19 13:06:08] O:22871.55 H:22900.65 L:22863.00 C:22897.75 -> no_pattern
[2026-04-19 13:06:09] O:22900.05 H:22900.05 L:22856.75 C:22858.35 -> marubozu
[2026-04-19 13:06:09] O:22900.05 H:22900.05 L:22856.75 C:22858.35 -> marubozu
[2026-04-19 13:31:04] O:22834.80 H:22834.80 L:22720.45 C:22766.60 -> no_pattern
[2026-04-19 13:31:04] O:22834.80 H:22834.80 L:22720.45 C:22766.60 -> no_pattern
[2026-04-19 13:31:10] O:22767.65 H:22820.60 L:22758.75 C:22818.10 -> no_pattern
[2026-04-19 13:31:10] O:22767.65 H:22820.60 L:22758.75 C:22818.10 -> no_pattern
[2026-04-19 13:31:10] O:22817.65 H:22872.55 L:22794.85 C:22869.90 -> no_pattern
[2026-04-19 13:31:10] O:22817.65 H:22872.55 L:22794.85 C:22869.90 -> no_pattern
[2026-04-19 13:31:10] O:22871.55 H:22900.65 L:22863.00 C:22897.75 -> no_pattern
[2026-04-19 13:31:10] O:22871.55 H:22900.65 L:22863.00 C:22897.75 -> no_pattern
[2026-04-19 13:31:11] O:22900.05 H:22900.05 L:22856.75 C:22858.35 -> marubozu
[2026-04-19 13:31:11] O:22900.05 H:22900.05 L:22856.75 C:22858.35 -> marubozu
[2026-04-19 13:45:16] O:22834.80 H:22834.80 L:22720.45 C:22766.60 -> no_pattern
[2026-04-19 13:45:16] O:22834.80 H:22834.80 L:22720.45 C:22766.60 -> no_pattern
[2026-04-19 13:45:22] O:22767.65 H:22820.60 L:22758.75 C:22818.10 -> no_pattern
[2026-04-19 13:45:22] O:22767.65 H:22820.60 L:22758.75 C:22818.10 -> no_pattern
[2026-04-19 13:45:23] O:22817.65 H:22872.55 L:22794.85 C:22869.90 -> no_pattern
[2026-04-19 13:45:23] O:22817.65 H:22872.55 L:22794.85 C:22869.90 -> no_pattern
[2026-04-19 13:45:24] O:22871.55 H:22900.65 L:22863.00 C:22897.75 -> no_pattern
[2026-04-19 13:45:24] O:22871.55 H:22900.65 L:22863.00 C:22897.75 -> no_pattern
[2026-04-19 13:45:25] O:22900.05 H:22900.05 L:22856.75 C:22858.35 -> marubozu
[2026-04-19 13:45:25] O:22900.05 H:22900.05 L:22856.75 C:22858.35 -> marubozu
[2026-04-19 13:45:27] O:22860.20 H:22880.35 L:22837.65 C:22846.05 -> no_pattern
[2026-04-19 13:45:27] O:22860.20 H:22880.35 L:22837.65 C:22846.05 -> no_pattern
[2026-04-19 13:45:28] O:22847.35 H:22868.50 L:22825.30 C:22832.15 -> no_pattern
[2026-04-19 13:45:28] O:22847.35 H:22868.50 L:22825.30 C:22832.15 -> no_pattern
[2026-04-19 13:45:29] O:22832.40 H:22844.35 L:22793.00 C:22831.90 -> doji
[2026-04-19 13:45:29] O:22832.40 H:22844.35 L:22793.00 C:22831.90 -> doji
[2026-04-19 13:45:30] O:22833.35 H:22863.00 L:22811.25 C:22835.35 -> doji
[2026-04-19 13:45:30] O:22833.35 H:22863.00 L:22811.25 C:22835.35 -> doji
[2026-04-19 13:50:57] O:22834.80 H:22834.80 L:22720.45 C:22766.60 -> no_pattern
[2026-04-19 13:50:57] O:22834.80 H:22834.80 L:22720.45 C:22766.60 -> no_pattern
[2026-04-19 13:51:01] O:22767.65 H:22820.60 L:22758.75 C:22818.10 -> no_pattern
[2026-04-19 13:51:01] O:22767.65 H:22820.60 L:22758.75 C:22818.10 -> no_pattern
[2026-04-19 13:51:01] O:22817.65 H:22872.55 L:22794.85 C:22869.90 -> no_pattern
[2026-04-19 13:51:01] O:22817.65 H:22872.55 L:22794.85 C:22869.90 -> no_pattern
[2026-04-19 13:51:02] O:22871.55 H:22900.65 L:22863.00 C:22897.75 -> no_pattern
[2026-04-19 13:51:02] O:22871.55 H:22900.65 L:22863.00 C:22897.75 -> no_pattern
[2026-04-19 13:51:02] O:22900.05 H:22900.05 L:22856.75 C:22858.35 -> marubozu
[2026-04-19 13:51:02] O:22900.05 H:22900.05 L:22856.75 C:22858.35 -> marubozu
[2026-04-19 14:07:08] O:22834.80 H:22834.80 L:22720.45 C:22766.60 -> no_pattern
[2026-04-19 14:07:08] O:22834.80 H:22834.80 L:22720.45 C:22766.60 -> no_pattern
[2026-04-19 14:07:12] O:22767.65 H:22820.60 L:22758.75 C:22818.10 -> no_pattern
[2026-04-19 14:07:12] O:22767.65 H:22820.60 L:22758.75 C:22818.10 -> no_pattern
[2026-04-19 14:07:13] O:22817.65 H:22872.55 L:22794.85 C:22869.90 -> no_pattern
[2026-04-19 14:07:13] O:22817.65 H:22872.55 L:22794.85 C:22869.90 -> no_pattern
[2026-04-19 14:07:13] O:22871.55 H:22900.65 L:22863.00 C:22897.75 -> no_pattern
[2026-04-19 14:07:13] O:22871.55 H:22900.65 L:22863.00 C:22897.75 -> no_pattern
[2026-04-19 14:07:14] O:22900.05 H:22900.05 L:22856.75 C:22858.35 -> marubozu
[2026-04-19 14:07:14] O:22900.05 H:22900.05 L:22856.75 C:22858.35 -> marubozu
[2026-04-19 14:41:41] O:22834.80 H:22834.80 L:22720.45 C:22766.60 -> no_pattern
[2026-04-19 14:41:41] O:22834.80 H:22834.80 L:22720.45 C:22766.60 -> no_pattern
[2026-04-19 14:41:45] O:22767.65 H:22820.60 L:22758.75 C:22818.10 -> no_pattern
[2026-04-19 14:41:45] O:22767.65 H:22820.60 L:22758.75 C:22818.10 -> no_pattern
[2026-04-19 14:41:45] O:22817.65 H:22872.55 L:22794.85 C:22869.90 -> no_pattern
[2026-04-19 14:41:45] O:22817.65 H:22872.55 L:22794.85 C:22869.90 -> no_pattern
[2026-04-19 14:41:45] O:22871.55 H:22900.65 L:22863.00 C:22897.75 -> no_pattern
[2026-04-19 14:41:45] O:22871.55 H:22900.65 L:22863.00 C:22897.75 -> no_pattern
[2026-04-19 14:41:46] O:22900.05 H:22900.05 L:22856.75 C:22858.35 -> marubozu
[2026-04-19 14:41:46] O:22900.05 H:22900.05 L:22856.75 C:22858.35 -> marubozu
[2026-04-19 14:42:13] O:22834.80 H:22834.80 L:22720.45 C:22766.60 -> no_pattern
[2026-04-19 14:42:13] O:22834.80 H:22834.80 L:22720.45 C:22766.60 -> no_pattern
[2026-04-19 14:42:18] O:22767.65 H:22820.60 L:22758.75 C:22818.10 -> no_pattern
[2026-04-19 14:42:18] O:22767.65 H:22820.60 L:22758.75 C:22818.10 -> no_pattern
[2026-04-19 14:42:18] O:22817.65 H:22872.55 L:22794.85 C:22869.90 -> no_pattern
[2026-04-19 14:42:18] O:22817.65 H:22872.55 L:22794.85 C:22869.90 -> no_pattern
[2026-04-19 14:42:19] O:22871.55 H:22900.65 L:22863.00 C:22897.75 -> no_pattern
[2026-04-19 14:42:19] O:22871.55 H:22900.65 L:22863.00 C:22897.75 -> no_pattern
[2026-04-19 14:42:19] O:22900.05 H:22900.05 L:22856.75 C:22858.35 -> marubozu
[2026-04-19 14:42:19] O:22900.05 H:22900.05 L:22856.75 C:22858.35 -> marubozu
[2026-04-19 14:42:20] O:22860.20 H:22880.35 L:22837.65 C:22846.05 -> no_pattern
[2026-04-19 14:42:20] O:22860.20 H:22880.35 L:22837.65 C:22846.05 -> no_pattern
[2026-04-19 14:42:20] O:22847.35 H:22868.50 L:22825.30 C:22832.15 -> no_pattern
[2026-04-19 14:42:20] O:22847.35 H:22868.50 L:22825.30 C:22832.15 -> no_pattern
[2026-04-19 15:37:28] O:22834.80 H:22834.80 L:22720.45 C:22766.60 -> no_pattern
[2026-04-19 15:37:28] O:22834.80 H:22834.80 L:22720.45 C:22766.60 -> no_pattern
[2026-04-19 15:37:32] O:22767.65 H:22820.60 L:22758.75 C:22818.10 -> no_pattern
[2026-04-19 15:37:32] O:22767.65 H:22820.60 L:22758.75 C:22818.10 -> no_pattern
[2026-04-19 15:37:33] O:22817.65 H:22872.55 L:22794.85 C:22869.90 -> no_pattern
[2026-04-19 15:37:33] O:22817.65 H:22872.55 L:22794.85 C:22869.90 -> no_pattern
[2026-04-19 15:37:33] O:22871.55 H:22900.65 L:22863.00 C:22897.75 -> no_pattern
[2026-04-19 15:37:33] O:22871.55 H:22900.65 L:22863.00 C:22897.75 -> no_pattern
[2026-04-19 15:37:34] O:22900.05 H:22900.05 L:22856.75 C:22858.35 -> marubozu
[2026-04-19 15:37:34] O:22900.05 H:22900.05 L:22856.75 C:22858.35 -> marubozu
[2026-04-19 15:37:35] O:22860.20 H:22880.35 L:22837.65 C:22846.05 -> no_pattern
[2026-04-19 15:37:35] O:22860.20 H:22880.35 L:22837.65 C:22846.05 -> no_pattern
[2026-04-19 15:37:35] O:22847.35 H:22868.50 L:22825.30 C:22832.15 -> no_pattern
[2026-04-19 15:37:35] O:22847.35 H:22868.50 L:22825.30 C:22832.15 -> no_pattern
[2026-04-19 15:37:36] O:22832.40 H:22844.35 L:22793.00 C:22831.90 -> doji
[2026-04-19 15:37:36] O:22832.40 H:22844.35 L:22793.00 C:22831.90 -> doji
[2026-04-19 15:37:37] O:22833.35 H:22863.00 L:22811.25 C:22835.35 -> doji
[2026-04-19 15:37:37] O:22833.35 H:22863.00 L:22811.25 C:22835.35 -> doji
[2026-04-19 15:37:37] O:22837.10 H:22853.85 L:22818.50 C:22841.40 -> spinning_top
[2026-04-19 15:37:37] O:22837.10 H:22853.85 L:22818.50 C:22841.40 -> spinning_top
[2026-04-19 15:37:46] O:22843.95 H:22883.45 L:22842.45 C:22878.55 -> no_pattern
[2026-04-19 15:37:46] O:22843.95 H:22883.45 L:22842.45 C:22878.55 -> no_pattern
[2026-04-19 15:37:47] O:22880.30 H:22923.20 L:22873.20 C:22898.95 -> no_pattern
[2026-04-19 15:37:47] O:22880.30 H:22923.20 L:22873.20 C:22898.95 -> no_pattern
[2026-04-19 15:37:48] O:22900.55 H:22928.35 L:22885.90 C:22906.30 -> spinning_top
[2026-04-19 15:37:48] O:22900.55 H:22928.35 L:22885.90 C:22906.30 -> spinning_top
[2026-04-19 15:37:48] O:22907.00 H:22912.25 L:22887.00 C:22903.15 -> spinning_top
[2026-04-19 15:37:48] O:22907.00 H:22912.25 L:22887.00 C:22903.15 -> spinning_top
[2026-04-19 15:37:49] O:22905.10 H:22923.55 L:22899.75 C:22920.00 -> no_pattern
[2026-04-19 15:37:49] O:22905.10 H:22923.55 L:22899.75 C:22920.00 -> no_pattern
[2026-04-19 15:37:53] O:22921.80 H:22950.75 L:22917.45 C:22928.95 -> shooting_star
[2026-04-19 15:37:53] O:22921.80 H:22950.75 L:22917.45 C:22928.95 -> shooting_star
[2026-04-19 15:37:54] O:22929.85 H:22966.40 L:22915.85 C:22922.70 -> shooting_star
[2026-04-19 15:37:54] O:22929.85 H:22966.40 L:22915.85 C:22922.70 -> shooting_star
[2026-04-19 15:37:54] O:22924.10 H:22943.65 L:22916.25 C:22936.30 -> no_pattern
[2026-04-19 15:37:54] O:22924.10 H:22943.65 L:22916.25 C:22936.30 -> no_pattern
[2026-04-19 15:37:55] O:22937.40 H:22945.70 L:22933.60 C:22934.20 -> shooting_star
[2026-04-19 15:37:55] O:22937.40 H:22945.70 L:22933.60 C:22934.20 -> shooting_star
[2026-04-19 15:37:55] O:22934.70 H:22947.90 L:22910.45 C:22913.70 -> no_pattern
[2026-04-19 15:37:55] O:22934.70 H:22947.90 L:22910.45 C:22913.70 -> no_pattern
[2026-04-19 15:37:56] O:22915.90 H:22925.55 L:22887.60 C:22924.30 -> pinbar
[2026-04-19 15:37:56] O:22915.90 H:22925.55 L:22887.60 C:22924.30 -> pinbar
[2026-04-19 15:37:57] O:22926.25 H:22963.05 L:22920.85 C:22962.40 -> no_pattern
[2026-04-19 15:37:57] O:22929.85 H:22966.40 L:22915.85 C:22922.70 -> shooting_star
[2026-04-19 15:37:57] O:22924.10 H:22943.65 L:22916.25 C:22936.30 -> no_pattern
[2026-04-19 15:37:57] O:22937.40 H:22945.70 L:22933.60 C:22934.20 -> shooting_star
[2026-04-19 15:37:57] O:22934.70 H:22947.90 L:22910.45 C:22913.70 -> no_pattern
[2026-04-19 15:37:57] O:22915.90 H:22925.55 L:22887.60 C:22924.30 -> pinbar
[2026-04-19 15:37:57] O:22926.25 H:22963.05 L:22920.85 C:22962.40 -> no_pattern
[2026-04-19 15:38:43] O:22963.35 H:22965.25 L:22945.75 C:22953.60 -> no_pattern
[2026-04-19 15:38:43] O:22963.35 H:22965.25 L:22945.75 C:22953.60 -> no_pattern
[2026-04-19 15:38:43] O:22954.35 H:22955.15 L:22913.95 C:22932.10 -> no_pattern
[2026-04-19 15:38:43] O:22954.35 H:22955.15 L:22913.95 C:22932.10 -> no_pattern
[2026-04-19 15:38:44] O:22932.95 H:22932.95 L:22862.40 C:22879.20 -> no_pattern
[2026-04-19 15:38:44] O:22932.95 H:22932.95 L:22862.40 C:22879.20 -> no_pattern
[2026-04-19 15:38:49] O:22881.10 H:22904.05 L:22844.30 C:22846.30 -> no_pattern
[2026-04-19 15:38:49] O:22881.10 H:22904.05 L:22844.30 C:22846.30 -> no_pattern
[2026-04-19 15:38:52] O:22847.10 H:22861.50 L:22827.75 C:22849.70 -> doji
[2026-04-19 15:38:52] O:22847.10 H:22861.50 L:22827.75 C:22849.70 -> doji
[2026-04-19 15:39:17] O:22850.75 H:22875.95 L:22844.80 C:22861.40 -> no_pattern
[2026-04-19 15:39:17] O:22850.75 H:22875.95 L:22844.80 C:22861.40 -> no_pattern
[2026-04-19 15:39:19] O:22863.40 H:22886.70 L:22859.45 C:22863.95 -> doji
[2026-04-19 15:39:19] O:22863.40 H:22886.70 L:22859.45 C:22863.95 -> doji
[2026-04-19 15:39:25] O:22864.95 H:22869.45 L:22848.40 C:22862.50 -> spinning_top
[2026-04-19 15:39:25] O:22864.95 H:22869.45 L:22848.40 C:22862.50 -> spinning_top
[2026-04-19 15:39:31] O:22866.05 H:22903.15 L:22852.15 C:22887.15 -> no_pattern
[2026-04-19 15:39:31] O:22866.05 H:22903.15 L:22852.15 C:22887.15 -> no_pattern
[2026-04-19 15:39:34] O:22889.10 H:22927.40 L:22886.35 C:22923.50 -> no_pattern
[2026-04-19 15:39:34] O:22847.10 H:22861.50 L:22827.75 C:22849.70 -> doji
[2026-04-19 15:39:34] O:22850.75 H:22875.95 L:22844.80 C:22861.40 -> no_pattern
[2026-04-19 15:39:34] O:22863.40 H:22886.70 L:22859.45 C:22863.95 -> doji
[2026-04-19 15:39:34] O:22864.95 H:22869.45 L:22848.40 C:22862.50 -> spinning_top
[2026-04-19 15:39:34] O:22866.05 H:22903.15 L:22852.15 C:22887.15 -> no_pattern
[2026-04-19 15:39:34] O:22889.10 H:22927.40 L:22886.35 C:22923.50 -> no_pattern
[2026-04-19 15:39:45] O:22924.95 H:22934.70 L:22911.80 C:22932.60 -> no_pattern
[2026-04-19 15:39:45] O:22924.95 H:22934.70 L:22911.80 C:22932.60 -> no_pattern
[2026-04-19 15:39:47] O:22934.05 H:22947.00 L:22924.65 C:22943.40 -> no_pattern
[2026-04-19 15:39:48] O:22934.05 H:22947.00 L:22924.65 C:22943.40 -> no_pattern
[2026-04-19 15:39:49] O:22945.25 H:22945.25 L:22933.10 C:22943.95 -> pinbar
[2026-04-19 15:39:49] O:22945.25 H:22945.25 L:22933.10 C:22943.95 -> pinbar
[2026-04-19 15:39:50] O:22944.50 H:22953.75 L:22927.60 C:22953.70 -> no_pattern
[2026-04-19 15:39:50] O:22944.50 H:22953.75 L:22927.60 C:22953.70 -> no_pattern
[2026-04-19 16:30:52] O:22955.85 H:22960.25 L:22912.35 C:22928.10 -> no_pattern
[2026-04-19 16:30:52] O:22955.85 H:22960.25 L:22912.35 C:22928.10 -> no_pattern
[2026-04-19 16:30:55] O:22930.00 H:22933.35 L:22907.10 C:22907.35 -> no_pattern
[2026-04-19 16:30:55] O:22930.00 H:22933.35 L:22907.10 C:22907.35 -> no_pattern
[2026-04-19 16:30:56] O:22909.10 H:22926.30 L:22903.80 C:22918.75 -> no_pattern
[2026-04-19 16:30:56] O:22909.10 H:22926.30 L:22903.80 C:22918.75 -> no_pattern
[2026-04-19 16:30:58] O:22919.15 H:22943.10 L:22917.10 C:22942.95 -> no_pattern
[2026-04-19 16:30:58] O:22919.15 H:22943.10 L:22917.10 C:22942.95 -> no_pattern
[2026-04-19 16:30:59] O:22944.35 H:22991.55 L:22943.45 C:22983.10 -> no_pattern
[2026-04-19 16:30:59] O:22944.35 H:22991.55 L:22943.45 C:22983.10 -> no_pattern
[2026-04-19 16:38:02] O:22834.80 H:22834.80 L:22720.45 C:22766.60 -> no_pattern
[2026-04-19 16:38:02] O:22834.80 H:22834.80 L:22720.45 C:22766.60 -> no_pattern
[2026-04-19 17:03:04] O:22767.65 H:22820.60 L:22758.75 C:22818.10 -> no_pattern
[2026-04-19 17:03:04] O:22767.65 H:22820.60 L:22758.75 C:22818.10 -> no_pattern
[2026-04-19 17:03:04] O:22817.65 H:22872.55 L:22794.85 C:22869.90 -> no_pattern
[2026-04-19 17:03:04] O:22817.65 H:22872.55 L:22794.85 C:22869.90 -> no_pattern
[2026-04-19 17:03:04] O:22871.55 H:22900.65 L:22863.00 C:22897.75 -> no_pattern
[2026-04-19 17:03:04] O:22871.55 H:22900.65 L:22863.00 C:22897.75 -> no_pattern
[2026-04-19 17:03:06] O:22900.05 H:22900.05 L:22856.75 C:22858.35 -> marubozu
[2026-04-19 17:03:06] O:22900.05 H:22900.05 L:22856.75 C:22858.35 -> marubozu
[2026-04-19 17:03:06] O:22860.20 H:22880.35 L:22837.65 C:22846.05 -> no_pattern
[2026-04-19 17:03:06] O:22860.20 H:22880.35 L:22837.65 C:22846.05 -> no_pattern
[2026-04-19 17:03:08] O:22847.35 H:22868.50 L:22825.30 C:22832.15 -> no_pattern
[2026-04-19 17:03:08] O:22847.35 H:22868.50 L:22825.30 C:22832.15 -> no_pattern
[2026-04-19 17:03:09] O:22832.40 H:22844.35 L:22793.00 C:22831.90 -> doji
[2026-04-19 17:03:09] O:22832.40 H:22844.35 L:22793.00 C:22831.90 -> doji
[2026-04-19 17:03:15] O:22833.35 H:22863.00 L:22811.25 C:22835.35 -> doji
[2026-04-19 17:03:15] O:22833.35 H:22863.00 L:22811.25 C:22835.35 -> doji
[2026-04-19 17:03:22] O:22837.10 H:22853.85 L:22818.50 C:22841.40 -> spinning_top
[2026-04-19 17:03:22] O:22837.10 H:22853.85 L:22818.50 C:22841.40 -> spinning_top
[2026-04-19 17:03:24] O:22843.95 H:22883.45 L:22842.45 C:22878.55 -> no_pattern
[2026-04-19 17:03:24] O:22843.95 H:22883.45 L:22842.45 C:22878.55 -> no_pattern
[2026-04-19 17:03:27] O:22880.30 H:22923.20 L:22873.20 C:22898.95 -> no_pattern
[2026-04-19 17:03:27] O:22880.30 H:22923.20 L:22873.20 C:22898.95 -> no_pattern
[2026-04-19 17:03:28] O:22900.55 H:22928.35 L:22885.90 C:22906.30 -> spinning_top
[2026-04-19 17:03:28] O:22900.55 H:22928.35 L:22885.90 C:22906.30 -> spinning_top
[2026-04-19 17:03:32] O:22907.00 H:22912.25 L:22887.00 C:22903.15 -> spinning_top
[2026-04-19 17:03:32] O:22907.00 H:22912.25 L:22887.00 C:22903.15 -> spinning_top
[2026-04-19 17:03:33] O:22905.10 H:22923.55 L:22899.75 C:22920.00 -> no_pattern
[2026-04-19 17:03:33] O:22905.10 H:22923.55 L:22899.75 C:22920.00 -> no_pattern
[2026-04-19 17:03:34] O:22921.80 H:22950.75 L:22917.45 C:22928.95 -> shooting_star
[2026-04-19 17:03:34] O:22921.80 H:22950.75 L:22917.45 C:22928.95 -> shooting_star
[2026-04-19 17:03:36] O:22929.85 H:22966.40 L:22915.85 C:22922.70 -> shooting_star
[2026-04-19 17:03:36] O:22929.85 H:22966.40 L:22915.85 C:22922.70 -> shooting_star
[2026-04-19 17:03:37] O:22924.10 H:22943.65 L:22916.25 C:22936.30 -> no_pattern
[2026-04-19 17:03:37] O:22924.10 H:22943.65 L:22916.25 C:22936.30 -> no_pattern
[2026-04-19 17:03:37] O:22937.40 H:22945.70 L:22933.60 C:22934.20 -> shooting_star
[2026-04-19 17:03:37] O:22937.40 H:22945.70 L:22933.60 C:22934.20 -> shooting_star
[2026-04-19 17:03:38] O:22934.70 H:22947.90 L:22910.45 C:22913.70 -> no_pattern
[2026-04-19 17:03:38] O:22934.70 H:22947.90 L:22910.45 C:22913.70 -> no_pattern
[2026-04-19 17:03:38] O:22915.90 H:22925.55 L:22887.60 C:22924.30 -> pinbar
[2026-04-19 17:03:38] O:22915.90 H:22925.55 L:22887.60 C:22924.30 -> pinbar
[2026-04-19 17:03:39] O:22926.25 H:22963.05 L:22920.85 C:22962.40 -> no_pattern
[2026-04-19 17:03:39] O:22929.85 H:22966.40 L:22915.85 C:22922.70 -> shooting_star
[2026-04-19 17:03:39] O:22924.10 H:22943.65 L:22916.25 C:22936.30 -> no_pattern
[2026-04-19 17:03:39] O:22937.40 H:22945.70 L:22933.60 C:22934.20 -> shooting_star
[2026-04-19 17:03:39] O:22934.70 H:22947.90 L:22910.45 C:22913.70 -> no_pattern
[2026-04-19 17:03:39] O:22915.90 H:22925.55 L:22887.60 C:22924.30 -> pinbar
[2026-04-19 17:03:39] O:22926.25 H:22963.05 L:22920.85 C:22962.40 -> no_pattern
[2026-04-19 17:04:12] O:22963.35 H:22965.25 L:22945.75 C:22953.60 -> no_pattern
[2026-04-19 17:04:12] O:22963.35 H:22965.25 L:22945.75 C:22953.60 -> no_pattern
[2026-04-19 17:04:13] O:22954.35 H:22955.15 L:22913.95 C:22932.10 -> no_pattern
[2026-04-19 17:04:13] O:22954.35 H:22955.15 L:22913.95 C:22932.10 -> no_pattern
[2026-04-19 17:04:19] O:22932.95 H:22932.95 L:22862.40 C:22879.20 -> no_pattern
[2026-04-19 17:04:19] O:22932.95 H:22932.95 L:22862.40 C:22879.20 -> no_pattern
[2026-04-19 17:54:31] O:22834.80 H:22834.80 L:22720.45 C:22766.60 -> no_pattern
[2026-04-19 17:54:31] O:22834.80 H:22834.80 L:22720.45 C:22766.60 -> no_pattern
[2026-04-19 17:54:46] O:22767.65 H:22820.60 L:22758.75 C:22818.10 -> no_pattern
[2026-04-19 17:54:46] O:22767.65 H:22820.60 L:22758.75 C:22818.10 -> no_pattern
[2026-04-19 17:54:46] O:22817.65 H:22872.55 L:22794.85 C:22869.90 -> no_pattern
[2026-04-19 17:54:46] O:22817.65 H:22872.55 L:22794.85 C:22869.90 -> no_pattern
[2026-04-19 17:54:47] O:22871.55 H:22900.65 L:22863.00 C:22897.75 -> no_pattern
[2026-04-19 17:54:47] O:22871.55 H:22900.65 L:22863.00 C:22897.75 -> no_pattern
[2026-04-19 17:54:47] O:22900.05 H:22900.05 L:22856.75 C:22858.35 -> marubozu
[2026-04-19 17:54:47] O:22900.05 H:22900.05 L:22856.75 C:22858.35 -> marubozu
[2026-04-19 17:54:48] O:22860.20 H:22880.35 L:22837.65 C:22846.05 -> no_pattern
[2026-04-19 17:54:48] O:22860.20 H:22880.35 L:22837.65 C:22846.05 -> no_pattern
[2026-04-19 17:54:48] O:22847.35 H:22868.50 L:22825.30 C:22832.15 -> no_pattern
[2026-04-19 17:54:48] O:22847.35 H:22868.50 L:22825.30 C:22832.15 -> no_pattern
[2026-04-19 17:54:49] O:22832.40 H:22844.35 L:22793.00 C:22831.90 -> doji
[2026-04-19 17:54:49] O:22832.40 H:22844.35 L:22793.00 C:22831.90 -> doji
[2026-04-19 17:54:49] O:22833.35 H:22863.00 L:22811.25 C:22835.35 -> doji
[2026-04-19 17:54:49] O:22833.35 H:22863.00 L:22811.25 C:22835.35 -> doji
[2026-04-19 17:54:49] O:22837.10 H:22853.85 L:22818.50 C:22841.40 -> spinning_top
[2026-04-19 17:54:49] O:22837.10 H:22853.85 L:22818.50 C:22841.40 -> spinning_top
[2026-04-19 17:54:50] O:22843.95 H:22883.45 L:22842.45 C:22878.55 -> no_pattern
[2026-04-19 17:54:50] O:22843.95 H:22883.45 L:22842.45 C:22878.55 -> no_pattern
[2026-04-19 17:54:50] O:22880.30 H:22923.20 L:22873.20 C:22898.95 -> no_pattern
[2026-04-19 17:54:50] O:22880.30 H:22923.20 L:22873.20 C:22898.95 -> no_pattern
[2026-04-19 17:54:51] O:22900.55 H:22928.35 L:22885.90 C:22906.30 -> spinning_top
[2026-04-19 17:54:51] O:22900.55 H:22928.35 L:22885.90 C:22906.30 -> spinning_top
[2026-04-19 17:54:51] O:22907.00 H:22912.25 L:22887.00 C:22903.15 -> spinning_top
[2026-04-19 17:54:51] O:22907.00 H:22912.25 L:22887.00 C:22903.15 -> spinning_top
[2026-04-19 17:54:51] O:22905.10 H:22923.55 L:22899.75 C:22920.00 -> no_pattern
[2026-04-19 17:54:51] O:22905.10 H:22923.55 L:22899.75 C:22920.00 -> no_pattern
[2026-04-19 17:54:52] O:22921.80 H:22950.75 L:22917.45 C:22928.95 -> shooting_star
[2026-04-19 17:54:52] O:22921.80 H:22950.75 L:22917.45 C:22928.95 -> shooting_star
[2026-04-19 17:54:52] O:22929.85 H:22966.40 L:22915.85 C:22922.70 -> shooting_star
[2026-04-19 17:54:52] O:22929.85 H:22966.40 L:22915.85 C:22922.70 -> shooting_star
[2026-04-19 17:54:53] O:22924.10 H:22943.65 L:22916.25 C:22936.30 -> no_pattern
[2026-04-19 17:54:53] O:22924.10 H:22943.65 L:22916.25 C:22936.30 -> no_pattern
[2026-04-19 17:54:55] O:22937.40 H:22945.70 L:22933.60 C:22934.20 -> shooting_star
[2026-04-19 17:54:55] O:22937.40 H:22945.70 L:22933.60 C:22934.20 -> shooting_star
[2026-04-19 17:54:55] O:22934.70 H:22947.90 L:22910.45 C:22913.70 -> no_pattern
[2026-04-19 17:54:55] O:22934.70 H:22947.90 L:22910.45 C:22913.70 -> no_pattern
[2026-04-19 17:54:56] O:22915.90 H:22925.55 L:22887.60 C:22924.30 -> pinbar
[2026-04-19 17:54:56] O:22915.90 H:22925.55 L:22887.60 C:22924.30 -> pinbar
[2026-04-19 17:54:56] O:22926.25 H:22963.05 L:22920.85 C:22962.40 -> no_pattern
[2026-04-19 17:54:56] O:22929.85 H:22966.40 L:22915.85 C:22922.70 -> shooting_star
[2026-04-19 17:54:56] O:22924.10 H:22943.65 L:22916.25 C:22936.30 -> no_pattern
[2026-04-19 17:54:56] O:22937.40 H:22945.70 L:22933.60 C:22934.20 -> shooting_star
[2026-04-19 17:54:56] O:22934.70 H:22947.90 L:22910.45 C:22913.70 -> no_pattern
[2026-04-19 17:54:56] O:22915.90 H:22925.55 L:22887.60 C:22924.30 -> pinbar
[2026-04-19 17:54:56] O:22926.25 H:22963.05 L:22920.85 C:22962.40 -> no_pattern
[2026-04-19 17:54:57] O:22963.35 H:22965.25 L:22945.75 C:22953.60 -> no_pattern
[2026-04-19 17:54:57] O:22963.35 H:22965.25 L:22945.75 C:22953.60 -> no_pattern
[2026-04-19 18:47:17] O:22834.80 H:22834.80 L:22720.45 C:22766.60 -> no_pattern
[2026-04-19 18:47:17] O:22834.80 H:22834.80 L:22720.45 C:22766.60 -> no_pattern
[2026-04-19 18:47:22] O:22767.65 H:22820.60 L:22758.75 C:22818.10 -> no_pattern
[2026-04-19 18:47:22] O:22767.65 H:22820.60 L:22758.75 C:22818.10 -> no_pattern
[2026-04-19 18:47:23] O:22817.65 H:22872.55 L:22794.85 C:22869.90 -> no_pattern
[2026-04-19 18:47:23] O:22817.65 H:22872.55 L:22794.85 C:22869.90 -> no_pattern
[2026-04-19 18:47:23] O:22871.55 H:22900.65 L:22863.00 C:22897.75 -> no_pattern
[2026-04-19 18:47:23] O:22871.55 H:22900.65 L:22863.00 C:22897.75 -> no_pattern
[2026-04-19 18:47:24] O:22900.05 H:22900.05 L:22856.75 C:22858.35 -> marubozu
[2026-04-19 18:47:24] O:22900.05 H:22900.05 L:22856.75 C:22858.35 -> marubozu
[2026-04-19 18:47:24] O:22860.20 H:22880.35 L:22837.65 C:22846.05 -> no_pattern
[2026-04-19 18:47:24] O:22860.20 H:22880.35 L:22837.65 C:22846.05 -> no_pattern
[2026-04-19 18:47:25] O:22847.35 H:22868.50 L:22825.30 C:22832.15 -> no_pattern
[2026-04-19 18:47:25] O:22847.35 H:22868.50 L:22825.30 C:22832.15 -> no_pattern
[2026-04-19 18:47:25] O:22832.40 H:22844.35 L:22793.00 C:22831.90 -> doji
[2026-04-19 18:47:25] O:22832.40 H:22844.35 L:22793.00 C:22831.90 -> doji
[2026-04-19 18:47:26] O:22833.35 H:22863.00 L:22811.25 C:22835.35 -> doji
[2026-04-19 18:47:26] O:22833.35 H:22863.00 L:22811.25 C:22835.35 -> doji
[2026-04-19 18:47:26] O:22837.10 H:22853.85 L:22818.50 C:22841.40 -> spinning_top
[2026-04-19 18:47:26] O:22837.10 H:22853.85 L:22818.50 C:22841.40 -> spinning_top
[2026-04-19 18:47:27] O:22843.95 H:22883.45 L:22842.45 C:22878.55 -> no_pattern
[2026-04-19 18:47:27] O:22843.95 H:22883.45 L:22842.45 C:22878.55 -> no_pattern
[2026-04-19 18:47:27] O:22880.30 H:22923.20 L:22873.20 C:22898.95 -> no_pattern
[2026-04-19 18:47:27] O:22880.30 H:22923.20 L:22873.20 C:22898.95 -> no_pattern
[2026-04-19 18:47:27] O:22900.55 H:22928.35 L:22885.90 C:22906.30 -> spinning_top
[2026-04-19 18:47:27] O:22900.55 H:22928.35 L:22885.90 C:22906.30 -> spinning_top
[2026-04-19 18:47:28] O:22907.00 H:22912.25 L:22887.00 C:22903.15 -> spinning_top
[2026-04-19 18:47:28] O:22907.00 H:22912.25 L:22887.00 C:22903.15 -> spinning_top
[2026-04-19 18:47:28] O:22905.10 H:22923.55 L:22899.75 C:22920.00 -> no_pattern
[2026-04-19 18:47:28] O:22905.10 H:22923.55 L:22899.75 C:22920.00 -> no_pattern
[2026-04-19 18:47:29] O:22921.80 H:22950.75 L:22917.45 C:22928.95 -> shooting_star
[2026-04-19 18:47:29] O:22921.80 H:22950.75 L:22917.45 C:22928.95 -> shooting_star
[2026-04-19 18:47:29] O:22929.85 H:22966.40 L:22915.85 C:22922.70 -> shooting_star
[2026-04-19 18:47:29] O:22929.85 H:22966.40 L:22915.85 C:22922.70 -> shooting_star
[2026-04-19 18:47:29] O:22924.10 H:22943.65 L:22916.25 C:22936.30 -> no_pattern
[2026-04-19 18:47:29] O:22924.10 H:22943.65 L:22916.25 C:22936.30 -> no_pattern
[2026-04-19 18:47:30] O:22937.40 H:22945.70 L:22933.60 C:22934.20 -> shooting_star
[2026-04-19 18:47:30] O:22937.40 H:22945.70 L:22933.60 C:22934.20 -> shooting_star
[2026-04-19 18:47:30] O:22934.70 H:22947.90 L:22910.45 C:22913.70 -> no_pattern
[2026-04-19 18:47:30] O:22934.70 H:22947.90 L:22910.45 C:22913.70 -> no_pattern
[2026-04-19 18:47:31] O:22915.90 H:22925.55 L:22887.60 C:22924.30 -> pinbar
[2026-04-19 18:47:31] O:22915.90 H:22925.55 L:22887.60 C:22924.30 -> pinbar
[2026-04-19 18:47:31] O:22926.25 H:22963.05 L:22920.85 C:22962.40 -> no_pattern
[2026-04-19 18:47:31] O:22929.85 H:22966.40 L:22915.85 C:22922.70 -> shooting_star
[2026-04-19 18:47:31] O:22924.10 H:22943.65 L:22916.25 C:22936.30 -> no_pattern
[2026-04-19 18:47:31] O:22937.40 H:22945.70 L:22933.60 C:22934.20 -> shooting_star
[2026-04-19 18:47:31] O:22934.70 H:22947.90 L:22910.45 C:22913.70 -> no_pattern
[2026-04-19 18:47:31] O:22915.90 H:22925.55 L:22887.60 C:22924.30 -> pinbar
[2026-04-19 18:47:31] O:22926.25 H:22963.05 L:22920.85 C:22962.40 -> no_pattern
[2026-04-19 19:18:13] O:22834.80 H:22834.80 L:22720.45 C:22766.60 -> no_pattern
[2026-04-19 19:18:13] O:22834.80 H:22834.80 L:22720.45 C:22766.60 -> no_pattern
[2026-04-19 19:18:20] O:22767.65 H:22820.60 L:22758.75 C:22818.10 -> no_pattern
[2026-04-19 19:18:20] O:22767.65 H:22820.60 L:22758.75 C:22818.10 -> no_pattern
[2026-04-19 19:18:21] O:22817.65 H:22872.55 L:22794.85 C:22869.90 -> no_pattern
[2026-04-19 19:18:21] O:22817.65 H:22872.55 L:22794.85 C:22869.90 -> no_pattern
[2026-04-19 19:18:22] O:22871.55 H:22900.65 L:22863.00 C:22897.75 -> no_pattern
[2026-04-19 19:18:22] O:22871.55 H:22900.65 L:22863.00 C:22897.75 -> no_pattern
[2026-04-19 19:18:22] O:22900.05 H:22900.05 L:22856.75 C:22858.35 -> marubozu
[2026-04-19 19:18:22] O:22900.05 H:22900.05 L:22856.75 C:22858.35 -> marubozu
[2026-04-19 19:18:23] O:22860.20 H:22880.35 L:22837.65 C:22846.05 -> no_pattern
[2026-04-19 19:18:23] O:22860.20 H:22880.35 L:22837.65 C:22846.05 -> no_pattern
[2026-04-19 19:18:23] O:22847.35 H:22868.50 L:22825.30 C:22832.15 -> no_pattern
[2026-04-19 19:18:23] O:22847.35 H:22868.50 L:22825.30 C:22832.15 -> no_pattern
[2026-04-19 19:18:23] O:22832.40 H:22844.35 L:22793.00 C:22831.90 -> doji
[2026-04-19 19:18:23] O:22832.40 H:22844.35 L:22793.00 C:22831.90 -> doji
[2026-04-19 19:18:24] O:22833.35 H:22863.00 L:22811.25 C:22835.35 -> doji
[2026-04-19 19:18:24] O:22833.35 H:22863.00 L:22811.25 C:22835.35 -> doji
[2026-04-19 19:18:24] O:22837.10 H:22853.85 L:22818.50 C:22841.40 -> spinning_top
[2026-04-19 19:18:24] O:22837.10 H:22853.85 L:22818.50 C:22841.40 -> spinning_top
[2026-04-19 19:18:24] O:22843.95 H:22883.45 L:22842.45 C:22878.55 -> no_pattern
[2026-04-19 19:18:24] O:22843.95 H:22883.45 L:22842.45 C:22878.55 -> no_pattern
[2026-04-19 19:18:25] O:22880.30 H:22923.20 L:22873.20 C:22898.95 -> no_pattern
[2026-04-19 19:18:25] O:22880.30 H:22923.20 L:22873.20 C:22898.95 -> no_pattern
[2026-04-19 19:18:25] O:22900.55 H:22928.35 L:22885.90 C:22906.30 -> spinning_top
[2026-04-19 19:18:25] O:22900.55 H:22928.35 L:22885.90 C:22906.30 -> spinning_top
[2026-04-19 19:18:25] O:22907.00 H:22912.25 L:22887.00 C:22903.15 -> spinning_top
[2026-04-19 19:18:25] O:22907.00 H:22912.25 L:22887.00 C:22903.15 -> spinning_top
[2026-04-19 19:18:26] O:22905.10 H:22923.55 L:22899.75 C:22920.00 -> no_pattern
[2026-04-19 19:18:26] O:22905.10 H:22923.55 L:22899.75 C:22920.00 -> no_pattern
[2026-04-19 19:18:26] O:22921.80 H:22950.75 L:22917.45 C:22928.95 -> shooting_star
[2026-04-19 19:18:26] O:22921.80 H:22950.75 L:22917.45 C:22928.95 -> shooting_star
[2026-04-19 19:18:27] O:22929.85 H:22966.40 L:22915.85 C:22922.70 -> shooting_star
[2026-04-19 19:18:27] O:22929.85 H:22966.40 L:22915.85 C:22922.70 -> shooting_star
[2026-04-19 19:18:27] O:22924.10 H:22943.65 L:22916.25 C:22936.30 -> no_pattern
[2026-04-19 19:18:27] O:22924.10 H:22943.65 L:22916.25 C:22936.30 -> no_pattern
[2026-04-19 19:18:28] O:22937.40 H:22945.70 L:22933.60 C:22934.20 -> shooting_star
[2026-04-19 19:18:28] O:22937.40 H:22945.70 L:22933.60 C:22934.20 -> shooting_star
[2026-04-19 19:18:28] O:22934.70 H:22947.90 L:22910.45 C:22913.70 -> no_pattern
[2026-04-19 19:18:28] O:22934.70 H:22947.90 L:22910.45 C:22913.70 -> no_pattern
[2026-04-19 19:18:29] O:22915.90 H:22925.55 L:22887.60 C:22924.30 -> pinbar
[2026-04-19 19:18:29] O:22915.90 H:22925.55 L:22887.60 C:22924.30 -> pinbar
[2026-04-19 19:18:29] O:22926.25 H:22963.05 L:22920.85 C:22962.40 -> no_pattern
[2026-04-19 19:18:29] O:22929.85 H:22966.40 L:22915.85 C:22922.70 -> shooting_star
[2026-04-19 19:18:29] O:22924.10 H:22943.65 L:22916.25 C:22936.30 -> no_pattern
[2026-04-19 19:18:29] O:22937.40 H:22945.70 L:22933.60 C:22934.20 -> shooting_star
[2026-04-19 19:18:29] O:22934.70 H:22947.90 L:22910.45 C:22913.70 -> no_pattern
[2026-04-19 19:18:29] O:22915.90 H:22925.55 L:22887.60 C:22924.30 -> pinbar
[2026-04-19 19:18:29] O:22926.25 H:22963.05 L:22920.85 C:22962.40 -> no_pattern
[2026-04-19 19:30:42] O:22834.80 H:22834.80 L:22720.45 C:22766.60 -> no_pattern
[2026-04-19 19:30:42] O:22834.80 H:22834.80 L:22720.45 C:22766.60 -> no_pattern
[2026-04-19 19:30:47] O:22767.65 H:22820.60 L:22758.75 C:22818.10 -> no_pattern
[2026-04-19 19:30:47] O:22767.65 H:22820.60 L:22758.75 C:22818.10 -> no_pattern
[2026-04-19 19:30:47] O:22817.65 H:22872.55 L:22794.85 C:22869.90 -> no_pattern
[2026-04-19 19:30:47] O:22817.65 H:22872.55 L:22794.85 C:22869.90 -> no_pattern
[2026-04-19 19:30:48] O:22871.55 H:22900.65 L:22863.00 C:22897.75 -> no_pattern
[2026-04-19 19:30:48] O:22871.55 H:22900.65 L:22863.00 C:22897.75 -> no_pattern
[2026-04-19 19:30:48] O:22900.05 H:22900.05 L:22856.75 C:22858.35 -> marubozu
[2026-04-19 19:30:48] O:22900.05 H:22900.05 L:22856.75 C:22858.35 -> marubozu
[2026-04-19 19:30:51] O:22860.20 H:22880.35 L:22837.65 C:22846.05 -> no_pattern
[2026-04-19 19:30:51] O:22860.20 H:22880.35 L:22837.65 C:22846.05 -> no_pattern
[2026-04-19 19:30:51] O:22847.35 H:22868.50 L:22825.30 C:22832.15 -> no_pattern
[2026-04-19 19:30:51] O:22847.35 H:22868.50 L:22825.30 C:22832.15 -> no_pattern
[2026-04-19 19:30:51] O:22832.40 H:22844.35 L:22793.00 C:22831.90 -> doji
[2026-04-19 19:30:51] O:22832.40 H:22844.35 L:22793.00 C:22831.90 -> doji
[2026-04-19 19:30:52] O:22833.35 H:22863.00 L:22811.25 C:22835.35 -> doji
[2026-04-19 19:30:52] O:22833.35 H:22863.00 L:22811.25 C:22835.35 -> doji
[2026-04-19 19:30:52] O:22837.10 H:22853.85 L:22818.50 C:22841.40 -> spinning_top
[2026-04-19 19:30:52] O:22837.10 H:22853.85 L:22818.50 C:22841.40 -> spinning_top
[2026-04-19 19:30:53] O:22843.95 H:22883.45 L:22842.45 C:22878.55 -> no_pattern
[2026-04-19 19:30:53] O:22843.95 H:22883.45 L:22842.45 C:22878.55 -> no_pattern
[2026-04-19 19:30:53] O:22880.30 H:22923.20 L:22873.20 C:22898.95 -> no_pattern
[2026-04-19 19:30:53] O:22880.30 H:22923.20 L:22873.20 C:22898.95 -> no_pattern
[2026-04-19 19:30:53] O:22900.55 H:22928.35 L:22885.90 C:22906.30 -> spinning_top
[2026-04-19 19:30:53] O:22900.55 H:22928.35 L:22885.90 C:22906.30 -> spinning_top
[2026-04-19 19:30:54] O:22907.00 H:22912.25 L:22887.00 C:22903.15 -> spinning_top
[2026-04-19 19:30:54] O:22907.00 H:22912.25 L:22887.00 C:22903.15 -> spinning_top
[2026-04-19 19:30:54] O:22905.10 H:22923.55 L:22899.75 C:22920.00 -> no_pattern
[2026-04-19 19:30:54] O:22905.10 H:22923.55 L:22899.75 C:22920.00 -> no_pattern
[2026-04-19 19:30:55] O:22921.80 H:22950.75 L:22917.45 C:22928.95 -> shooting_star
[2026-04-19 19:30:55] O:22921.80 H:22950.75 L:22917.45 C:22928.95 -> shooting_star
[2026-04-19 19:30:55] O:22929.85 H:22966.40 L:22915.85 C:22922.70 -> shooting_star
[2026-04-19 19:30:55] O:22929.85 H:22966.40 L:22915.85 C:22922.70 -> shooting_star
[2026-04-19 19:31:11] O:22924.10 H:22943.65 L:22916.25 C:22936.30 -> no_pattern
[2026-04-19 19:31:11] O:22924.10 H:22943.65 L:22916.25 C:22936.30 -> no_pattern
[2026-04-19 19:31:11] O:22937.40 H:22945.70 L:22933.60 C:22934.20 -> shooting_star
[2026-04-19 19:31:11] O:22937.40 H:22945.70 L:22933.60 C:22934.20 -> shooting_star
[2026-04-19 19:31:12] O:22934.70 H:22947.90 L:22910.45 C:22913.70 -> no_pattern
[2026-04-19 19:31:12] O:22934.70 H:22947.90 L:22910.45 C:22913.70 -> no_pattern
[2026-04-19 19:31:12] O:22915.90 H:22925.55 L:22887.60 C:22924.30 -> pinbar
[2026-04-19 19:31:12] O:22915.90 H:22925.55 L:22887.60 C:22924.30 -> pinbar
[2026-04-19 19:31:13] O:22926.25 H:22963.05 L:22920.85 C:22962.40 -> no_pattern
[2026-04-19 19:31:13] O:22929.85 H:22966.40 L:22915.85 C:22922.70 -> shooting_star
[2026-04-19 19:31:13] O:22924.10 H:22943.65 L:22916.25 C:22936.30 -> no_pattern
[2026-04-19 19:31:13] O:22937.40 H:22945.70 L:22933.60 C:22934.20 -> shooting_star
[2026-04-19 19:31:13] O:22934.70 H:22947.90 L:22910.45 C:22913.70 -> no_pattern
[2026-04-19 19:31:13] O:22915.90 H:22925.55 L:22887.60 C:22924.30 -> pinbar
[2026-04-19 19:31:13] O:22926.25 H:22963.05 L:22920.85 C:22962.40 -> no_pattern
[2026-04-19 19:40:47] O:22834.80 H:22834.80 L:22720.45 C:22766.60 -> no_pattern
[2026-04-19 19:40:47] O:22834.80 H:22834.80 L:22720.45 C:22766.60 -> no_pattern
[2026-04-19 19:40:51] O:22767.65 H:22820.60 L:22758.75 C:22818.10 -> no_pattern
[2026-04-19 19:40:51] O:22767.65 H:22820.60 L:22758.75 C:22818.10 -> no_pattern
[2026-04-19 19:40:51] O:22817.65 H:22872.55 L:22794.85 C:22869.90 -> no_pattern
[2026-04-19 19:40:51] O:22817.65 H:22872.55 L:22794.85 C:22869.90 -> no_pattern
[2026-04-19 19:40:53] O:22871.55 H:22900.65 L:22863.00 C:22897.75 -> no_pattern
[2026-04-19 19:40:53] O:22871.55 H:22900.65 L:22863.00 C:22897.75 -> no_pattern
[2026-04-19 19:40:54] O:22900.05 H:22900.05 L:22856.75 C:22858.35 -> marubozu
[2026-04-19 19:40:54] O:22900.05 H:22900.05 L:22856.75 C:22858.35 -> marubozu
[2026-04-19 19:40:54] O:22860.20 H:22880.35 L:22837.65 C:22846.05 -> no_pattern
[2026-04-19 19:40:54] O:22860.20 H:22880.35 L:22837.65 C:22846.05 -> no_pattern
[2026-04-19 19:40:55] O:22847.35 H:22868.50 L:22825.30 C:22832.15 -> no_pattern
[2026-04-19 19:40:55] O:22847.35 H:22868.50 L:22825.30 C:22832.15 -> no_pattern
[2026-04-19 19:40:55] O:22832.40 H:22844.35 L:22793.00 C:22831.90 -> doji
[2026-04-19 19:40:55] O:22832.40 H:22844.35 L:22793.00 C:22831.90 -> doji
[2026-04-19 19:40:56] O:22833.35 H:22863.00 L:22811.25 C:22835.35 -> doji
[2026-04-19 19:40:56] O:22833.35 H:22863.00 L:22811.25 C:22835.35 -> doji
[2026-04-19 19:40:56] O:22837.10 H:22853.85 L:22818.50 C:22841.40 -> spinning_top
[2026-04-19 19:40:56] O:22837.10 H:22853.85 L:22818.50 C:22841.40 -> spinning_top
[2026-04-19 19:40:57] O:22843.95 H:22883.45 L:22842.45 C:22878.55 -> no_pattern
[2026-04-19 19:40:57] O:22843.95 H:22883.45 L:22842.45 C:22878.55 -> no_pattern
[2026-04-19 19:40:57] O:22880.30 H:22923.20 L:22873.20 C:22898.95 -> no_pattern
[2026-04-19 19:40:57] O:22880.30 H:22923.20 L:22873.20 C:22898.95 -> no_pattern
[2026-04-19 19:40:57] O:22900.55 H:22928.35 L:22885.90 C:22906.30 -> spinning_top
[2026-04-19 19:40:57] O:22900.55 H:22928.35 L:22885.90 C:22906.30 -> spinning_top
[2026-04-19 19:40:58] O:22907.00 H:22912.25 L:22887.00 C:22903.15 -> spinning_top
[2026-04-19 19:40:58] O:22907.00 H:22912.25 L:22887.00 C:22903.15 -> spinning_top
[2026-04-19 19:40:58] O:22905.10 H:22923.55 L:22899.75 C:22920.00 -> no_pattern
[2026-04-19 19:40:58] O:22905.10 H:22923.55 L:22899.75 C:22920.00 -> no_pattern
[2026-04-19 19:40:59] O:22921.80 H:22950.75 L:22917.45 C:22928.95 -> shooting_star
[2026-04-19 19:40:59] O:22921.80 H:22950.75 L:22917.45 C:22928.95 -> shooting_star
[2026-04-19 19:40:59] O:22929.85 H:22966.40 L:22915.85 C:22922.70 -> shooting_star
[2026-04-19 19:40:59] O:22929.85 H:22966.40 L:22915.85 C:22922.70 -> shooting_star
[2026-04-19 19:41:00] O:22924.10 H:22943.65 L:22916.25 C:22936.30 -> no_pattern
[2026-04-19 19:41:00] O:22924.10 H:22943.65 L:22916.25 C:22936.30 -> no_pattern
[2026-04-19 19:41:00] O:22937.40 H:22945.70 L:22933.60 C:22934.20 -> shooting_star
[2026-04-19 19:41:00] O:22937.40 H:22945.70 L:22933.60 C:22934.20 -> shooting_star
[2026-04-19 19:41:01] O:22934.70 H:22947.90 L:22910.45 C:22913.70 -> no_pattern
[2026-04-19 19:41:01] O:22934.70 H:22947.90 L:22910.45 C:22913.70 -> no_pattern
[2026-04-19 19:41:01] O:22915.90 H:22925.55 L:22887.60 C:22924.30 -> pinbar
[2026-04-19 19:41:01] O:22915.90 H:22925.55 L:22887.60 C:22924.30 -> pinbar
[2026-04-19 19:41:01] O:22926.25 H:22963.05 L:22920.85 C:22962.40 -> no_pattern
[2026-04-19 19:41:01] O:22929.85 H:22966.40 L:22915.85 C:22922.70 -> shooting_star
[2026-04-19 19:41:01] O:22924.10 H:22943.65 L:22916.25 C:22936.30 -> no_pattern
[2026-04-19 19:41:01] O:22937.40 H:22945.70 L:22933.60 C:22934.20 -> shooting_star
[2026-04-19 19:41:01] O:22934.70 H:22947.90 L:22910.45 C:22913.70 -> no_pattern
[2026-04-19 19:41:01] O:22915.90 H:22925.55 L:22887.60 C:22924.30 -> pinbar
[2026-04-19 19:41:01] O:22926.25 H:22963.05 L:22920.85 C:22962.40 -> no_pattern
[2026-04-19 19:46:20] O:22834.80 H:22834.80 L:22720.45 C:22766.60 -> no_pattern
[2026-04-19 19:46:20] O:22834.80 H:22834.80 L:22720.45 C:22766.60 -> no_pattern
[2026-04-19 19:46:28] O:22767.65 H:22820.60 L:22758.75 C:22818.10 -> no_pattern
[2026-04-19 19:46:28] O:22767.65 H:22820.60 L:22758.75 C:22818.10 -> no_pattern
[2026-04-19 19:46:29] O:22817.65 H:22872.55 L:22794.85 C:22869.90 -> no_pattern
[2026-04-19 19:46:29] O:22817.65 H:22872.55 L:22794.85 C:22869.90 -> no_pattern
[2026-04-19 19:46:29] O:22871.55 H:22900.65 L:22863.00 C:22897.75 -> no_pattern
[2026-04-19 19:46:29] O:22871.55 H:22900.65 L:22863.00 C:22897.75 -> no_pattern
[2026-04-19 19:46:30] O:22900.05 H:22900.05 L:22856.75 C:22858.35 -> marubozu
[2026-04-19 19:46:30] O:22900.05 H:22900.05 L:22856.75 C:22858.35 -> marubozu
[2026-04-19 19:46:30] O:22860.20 H:22880.35 L:22837.65 C:22846.05 -> no_pattern
[2026-04-19 19:46:30] O:22860.20 H:22880.35 L:22837.65 C:22846.05 -> no_pattern
[2026-04-19 19:46:31] O:22847.35 H:22868.50 L:22825.30 C:22832.15 -> no_pattern
[2026-04-19 19:46:31] O:22847.35 H:22868.50 L:22825.30 C:22832.15 -> no_pattern
[2026-04-19 19:46:31] O:22832.40 H:22844.35 L:22793.00 C:22831.90 -> doji
[2026-04-19 19:46:31] O:22832.40 H:22844.35 L:22793.00 C:22831.90 -> doji
[2026-04-19 19:46:32] O:22833.35 H:22863.00 L:22811.25 C:22835.35 -> doji
[2026-04-19 19:46:32] O:22833.35 H:22863.00 L:22811.25 C:22835.35 -> doji
[2026-04-19 19:46:32] O:22837.10 H:22853.85 L:22818.50 C:22841.40 -> spinning_top
[2026-04-19 19:46:32] O:22837.10 H:22853.85 L:22818.50 C:22841.40 -> spinning_top
[2026-04-19 19:46:33] O:22843.95 H:22883.45 L:22842.45 C:22878.55 -> no_pattern
[2026-04-19 19:46:33] O:22843.95 H:22883.45 L:22842.45 C:22878.55 -> no_pattern
[2026-04-19 19:46:33] O:22880.30 H:22923.20 L:22873.20 C:22898.95 -> no_pattern
[2026-04-19 19:46:33] O:22880.30 H:22923.20 L:22873.20 C:22898.95 -> no_pattern
[2026-04-19 19:46:33] O:22900.55 H:22928.35 L:22885.90 C:22906.30 -> spinning_top
[2026-04-19 19:46:33] O:22900.55 H:22928.35 L:22885.90 C:22906.30 -> spinning_top
[2026-04-19 19:46:34] O:22907.00 H:22912.25 L:22887.00 C:22903.15 -> spinning_top
[2026-04-19 19:46:34] O:22907.00 H:22912.25 L:22887.00 C:22903.15 -> spinning_top
[2026-04-19 19:46:34] O:22905.10 H:22923.55 L:22899.75 C:22920.00 -> no_pattern
[2026-04-19 19:46:34] O:22905.10 H:22923.55 L:22899.75 C:22920.00 -> no_pattern
[2026-04-19 19:46:35] O:22921.80 H:22950.75 L:22917.45 C:22928.95 -> shooting_star
[2026-04-19 19:46:35] O:22921.80 H:22950.75 L:22917.45 C:22928.95 -> shooting_star
[2026-04-19 19:46:36] O:22929.85 H:22966.40 L:22915.85 C:22922.70 -> shooting_star
[2026-04-19 19:46:36] O:22929.85 H:22966.40 L:22915.85 C:22922.70 -> shooting_star
[2026-04-19 19:46:36] O:22924.10 H:22943.65 L:22916.25 C:22936.30 -> no_pattern
[2026-04-19 19:46:36] O:22924.10 H:22943.65 L:22916.25 C:22936.30 -> no_pattern
[2026-04-19 19:46:38] O:22937.40 H:22945.70 L:22933.60 C:22934.20 -> shooting_star
[2026-04-19 19:46:38] O:22937.40 H:22945.70 L:22933.60 C:22934.20 -> shooting_star
[2026-04-19 19:46:38] O:22934.70 H:22947.90 L:22910.45 C:22913.70 -> no_pattern
[2026-04-19 19:46:38] O:22934.70 H:22947.90 L:22910.45 C:22913.70 -> no_pattern
[2026-04-19 19:46:39] O:22915.90 H:22925.55 L:22887.60 C:22924.30 -> pinbar
[2026-04-19 19:46:39] O:22915.90 H:22925.55 L:22887.60 C:22924.30 -> pinbar
[2026-04-19 19:46:39] O:22926.25 H:22963.05 L:22920.85 C:22962.40 -> no_pattern
[2026-04-19 19:46:39] O:22929.85 H:22966.40 L:22915.85 C:22922.70 -> shooting_star
[2026-04-19 19:46:39] O:22924.10 H:22943.65 L:22916.25 C:22936.30 -> no_pattern
[2026-04-19 19:46:39] O:22937.40 H:22945.70 L:22933.60 C:22934.20 -> shooting_star
[2026-04-19 19:46:39] O:22934.70 H:22947.90 L:22910.45 C:22913.70 -> no_pattern
[2026-04-19 19:46:39] O:22915.90 H:22925.55 L:22887.60 C:22924.30 -> pinbar
[2026-04-19 19:46:39] O:22926.25 H:22963.05 L:22920.85 C:22962.40 -> no_pattern
[2026-04-19 20:29:25] O:22834.80 H:22834.80 L:22720.45 C:22766.60 -> no_pattern
[2026-04-19 20:29:25] O:22834.80 H:22834.80 L:22720.45 C:22766.60 -> no_pattern
[2026-04-19 20:29:30] O:22767.65 H:22820.60 L:22758.75 C:22818.10 -> no_pattern
[2026-04-19 20:29:30] O:22767.65 H:22820.60 L:22758.75 C:22818.10 -> no_pattern
[2026-04-19 20:29:30] O:22817.65 H:22872.55 L:22794.85 C:22869.90 -> no_pattern
[2026-04-19 20:29:30] O:22817.65 H:22872.55 L:22794.85 C:22869.90 -> no_pattern
[2026-04-19 20:29:31] O:22871.55 H:22900.65 L:22863.00 C:22897.75 -> no_pattern
[2026-04-19 20:29:31] O:22871.55 H:22900.65 L:22863.00 C:22897.75 -> no_pattern
[2026-04-19 20:29:31] O:22900.05 H:22900.05 L:22856.75 C:22858.35 -> marubozu
[2026-04-19 20:29:31] O:22900.05 H:22900.05 L:22856.75 C:22858.35 -> marubozu
[2026-04-19 20:29:32] O:22860.20 H:22880.35 L:22837.65 C:22846.05 -> no_pattern
[2026-04-19 20:29:32] O:22860.20 H:22880.35 L:22837.65 C:22846.05 -> no_pattern
[2026-04-19 20:29:32] O:22847.35 H:22868.50 L:22825.30 C:22832.15 -> no_pattern
[2026-04-19 20:29:32] O:22847.35 H:22868.50 L:22825.30 C:22832.15 -> no_pattern
[2026-04-19 20:29:33] O:22832.40 H:22844.35 L:22793.00 C:22831.90 -> doji
[2026-04-19 20:29:33] O:22832.40 H:22844.35 L:22793.00 C:22831.90 -> doji
[2026-04-19 20:29:33] O:22833.35 H:22863.00 L:22811.25 C:22835.35 -> doji
[2026-04-19 20:29:33] O:22833.35 H:22863.00 L:22811.25 C:22835.35 -> doji
[2026-04-19 20:29:34] O:22837.10 H:22853.85 L:22818.50 C:22841.40 -> spinning_top
[2026-04-19 20:29:34] O:22837.10 H:22853.85 L:22818.50 C:22841.40 -> spinning_top
[2026-04-19 20:29:34] O:22843.95 H:22883.45 L:22842.45 C:22878.55 -> no_pattern
[2026-04-19 20:29:34] O:22843.95 H:22883.45 L:22842.45 C:22878.55 -> no_pattern
[2026-04-19 20:29:34] O:22880.30 H:22923.20 L:22873.20 C:22898.95 -> no_pattern
[2026-04-19 20:29:34] O:22880.30 H:22923.20 L:22873.20 C:22898.95 -> no_pattern
[2026-04-19 20:29:35] O:22900.55 H:22928.35 L:22885.90 C:22906.30 -> spinning_top
[2026-04-19 20:29:35] O:22900.55 H:22928.35 L:22885.90 C:22906.30 -> spinning_top
[2026-04-19 20:29:35] O:22907.00 H:22912.25 L:22887.00 C:22903.15 -> spinning_top
[2026-04-19 20:29:35] O:22907.00 H:22912.25 L:22887.00 C:22903.15 -> spinning_top
[2026-04-19 20:29:37] O:22905.10 H:22923.55 L:22899.75 C:22920.00 -> no_pattern
[2026-04-19 20:29:37] O:22905.10 H:22923.55 L:22899.75 C:22920.00 -> no_pattern
[2026-04-19 20:29:38] O:22921.80 H:22950.75 L:22917.45 C:22928.95 -> shooting_star
[2026-04-19 20:29:38] O:22921.80 H:22950.75 L:22917.45 C:22928.95 -> shooting_star
[2026-04-19 20:29:38] O:22929.85 H:22966.40 L:22915.85 C:22922.70 -> shooting_star
[2026-04-19 20:29:38] O:22929.85 H:22966.40 L:22915.85 C:22922.70 -> shooting_star
[2026-04-19 20:29:38] O:22924.10 H:22943.65 L:22916.25 C:22936.30 -> no_pattern
[2026-04-19 20:29:38] O:22924.10 H:22943.65 L:22916.25 C:22936.30 -> no_pattern
[2026-04-19 20:29:39] O:22937.40 H:22945.70 L:22933.60 C:22934.20 -> shooting_star
[2026-04-19 20:29:39] O:22937.40 H:22945.70 L:22933.60 C:22934.20 -> shooting_star
[2026-04-19 20:29:39] O:22934.70 H:22947.90 L:22910.45 C:22913.70 -> no_pattern
[2026-04-19 20:29:39] O:22934.70 H:22947.90 L:22910.45 C:22913.70 -> no_pattern
[2026-04-19 20:29:40] O:22915.90 H:22925.55 L:22887.60 C:22924.30 -> pinbar
[2026-04-19 20:29:40] O:22915.90 H:22925.55 L:22887.60 C:22924.30 -> pinbar
[2026-04-19 20:29:40] O:22926.25 H:22963.05 L:22920.85 C:22962.40 -> no_pattern
[2026-04-19 20:29:40] O:22929.85 H:22966.40 L:22915.85 C:22922.70 -> shooting_star
[2026-04-19 20:29:40] O:22924.10 H:22943.65 L:22916.25 C:22936.30 -> no_pattern
[2026-04-19 20:29:40] O:22937.40 H:22945.70 L:22933.60 C:22934.20 -> shooting_star
[2026-04-19 20:29:40] O:22934.70 H:22947.90 L:22910.45 C:22913.70 -> no_pattern
[2026-04-19 20:29:40] O:22915.90 H:22925.55 L:22887.60 C:22924.30 -> pinbar
[2026-04-19 20:29:40] O:22926.25 H:22963.05 L:22920.85 C:22962.40 -> no_pattern
[2026-04-19 20:41:37] O:22834.80 H:22834.80 L:22720.45 C:22766.60 -> no_pattern
[2026-04-19 20:41:37] O:22834.80 H:22834.80 L:22720.45 C:22766.60 -> no_pattern
[2026-04-19 20:41:42] O:22767.65 H:22820.60 L:22758.75 C:22818.10 -> no_pattern
[2026-04-19 20:41:42] O:22767.65 H:22820.60 L:22758.75 C:22818.10 -> no_pattern
[2026-04-19 20:41:43] O:22817.65 H:22872.55 L:22794.85 C:22869.90 -> no_pattern
[2026-04-19 20:41:43] O:22817.65 H:22872.55 L:22794.85 C:22869.90 -> no_pattern
[2026-04-19 20:41:43] O:22871.55 H:22900.65 L:22863.00 C:22897.75 -> no_pattern
[2026-04-19 20:41:43] O:22871.55 H:22900.65 L:22863.00 C:22897.75 -> no_pattern
[2026-04-19 20:41:44] O:22900.05 H:22900.05 L:22856.75 C:22858.35 -> marubozu
[2026-04-19 20:41:44] O:22900.05 H:22900.05 L:22856.75 C:22858.35 -> marubozu
[2026-04-19 20:41:47] O:22860.20 H:22880.35 L:22837.65 C:22846.05 -> no_pattern
[2026-04-19 20:41:47] O:22860.20 H:22880.35 L:22837.65 C:22846.05 -> no_pattern
[2026-04-19 20:41:48] O:22847.35 H:22868.50 L:22825.30 C:22832.15 -> no_pattern
[2026-04-19 20:41:48] O:22847.35 H:22868.50 L:22825.30 C:22832.15 -> no_pattern
[2026-04-19 20:41:48] O:22832.40 H:22844.35 L:22793.00 C:22831.90 -> doji
[2026-04-19 20:41:48] O:22832.40 H:22844.35 L:22793.00 C:22831.90 -> doji
[2026-04-19 20:41:49] O:22833.35 H:22863.00 L:22811.25 C:22835.35 -> doji
[2026-04-19 20:41:49] O:22833.35 H:22863.00 L:22811.25 C:22835.35 -> doji
[2026-04-19 20:55:28] O:22834.80 H:22834.80 L:22720.45 C:22766.60 -> no_pattern
[2026-04-19 20:55:28] O:22834.80 H:22834.80 L:22720.45 C:22766.60 -> no_pattern
[2026-04-19 20:55:33] O:22767.65 H:22820.60 L:22758.75 C:22818.10 -> no_pattern
[2026-04-19 20:55:33] O:22767.65 H:22820.60 L:22758.75 C:22818.10 -> no_pattern
[2026-04-19 20:55:33] O:22817.65 H:22872.55 L:22794.85 C:22869.90 -> no_pattern
[2026-04-19 20:55:33] O:22817.65 H:22872.55 L:22794.85 C:22869.90 -> no_pattern
[2026-04-19 20:55:34] O:22871.55 H:22900.65 L:22863.00 C:22897.75 -> no_pattern
[2026-04-19 20:55:34] O:22871.55 H:22900.65 L:22863.00 C:22897.75 -> no_pattern
[2026-04-19 20:55:35] O:22900.05 H:22900.05 L:22856.75 C:22858.35 -> marubozu
[2026-04-19 20:55:35] O:22900.05 H:22900.05 L:22856.75 C:22858.35 -> marubozu
[2026-04-19 20:55:35] O:22860.20 H:22880.35 L:22837.65 C:22846.05 -> no_pattern
[2026-04-19 20:55:35] O:22860.20 H:22880.35 L:22837.65 C:22846.05 -> no_pattern
[2026-04-19 20:55:36] O:22847.35 H:22868.50 L:22825.30 C:22832.15 -> no_pattern
[2026-04-19 20:55:36] O:22847.35 H:22868.50 L:22825.30 C:22832.15 -> no_pattern
[2026-04-19 20:55:36] O:22832.40 H:22844.35 L:22793.00 C:22831.90 -> doji
[2026-04-19 20:55:36] O:22832.40 H:22844.35 L:22793.00 C:22831.90 -> doji
[2026-04-19 20:55:36] O:22833.35 H:22863.00 L:22811.25 C:22835.35 -> doji
[2026-04-19 20:55:36] O:22833.35 H:22863.00 L:22811.25 C:22835.35 -> doji
[2026-04-19 20:55:39] O:22837.10 H:22853.85 L:22818.50 C:22841.40 -> spinning_top
[2026-04-19 20:55:39] O:22837.10 H:22853.85 L:22818.50 C:22841.40 -> spinning_top
[2026-04-19 20:55:39] O:22843.95 H:22883.45 L:22842.45 C:22878.55 -> no_pattern
[2026-04-19 20:55:39] O:22843.95 H:22883.45 L:22842.45 C:22878.55 -> no_pattern
[2026-04-19 20:55:39] O:22880.30 H:22923.20 L:22873.20 C:22898.95 -> no_pattern
[2026-04-19 20:55:39] O:22880.30 H:22923.20 L:22873.20 C:22898.95 -> no_pattern
[2026-04-19 20:55:39] O:22900.55 H:22928.35 L:22885.90 C:22906.30 -> spinning_top
[2026-04-19 20:55:39] O:22900.55 H:22928.35 L:22885.90 C:22906.30 -> spinning_top
[2026-04-19 20:55:45] O:22907.00 H:22912.25 L:22887.00 C:22903.15 -> spinning_top
[2026-04-19 20:55:45] O:22907.00 H:22912.25 L:22887.00 C:22903.15 -> spinning_top
[2026-04-19 20:55:45] O:22905.10 H:22923.55 L:22899.75 C:22920.00 -> no_pattern
[2026-04-19 20:55:45] O:22905.10 H:22923.55 L:22899.75 C:22920.00 -> no_pattern
[2026-04-19 20:55:46] O:22921.80 H:22950.75 L:22917.45 C:22928.95 -> shooting_star
[2026-04-19 20:55:46] O:22921.80 H:22950.75 L:22917.45 C:22928.95 -> shooting_star
[2026-04-19 20:55:46] O:22929.85 H:22966.40 L:22915.85 C:22922.70 -> shooting_star
[2026-04-19 20:55:46] O:22929.85 H:22966.40 L:22915.85 C:22922.70 -> shooting_star
[2026-04-19 20:55:47] O:22924.10 H:22943.65 L:22916.25 C:22936.30 -> no_pattern
[2026-04-19 20:55:47] O:22924.10 H:22943.65 L:22916.25 C:22936.30 -> no_pattern
[2026-04-19 20:55:47] O:22937.40 H:22945.70 L:22933.60 C:22934.20 -> shooting_star
[2026-04-19 20:55:47] O:22937.40 H:22945.70 L:22933.60 C:22934.20 -> shooting_star
[2026-04-19 20:55:48] O:22934.70 H:22947.90 L:22910.45 C:22913.70 -> no_pattern
[2026-04-19 20:55:48] O:22934.70 H:22947.90 L:22910.45 C:22913.70 -> no_pattern
[2026-04-19 20:55:48] O:22915.90 H:22925.55 L:22887.60 C:22924.30 -> pinbar
[2026-04-19 20:55:48] O:22915.90 H:22925.55 L:22887.60 C:22924.30 -> pinbar
[2026-04-19 20:55:49] O:22926.25 H:22963.05 L:22920.85 C:22962.40 -> no_pattern
[2026-04-19 20:55:49] O:22929.85 H:22966.40 L:22915.85 C:22922.70 -> shooting_star
[2026-04-19 20:55:49] O:22924.10 H:22943.65 L:22916.25 C:22936.30 -> no_pattern
[2026-04-19 20:55:49] O:22937.40 H:22945.70 L:22933.60 C:22934.20 -> shooting_star
[2026-04-19 20:55:49] O:22934.70 H:22947.90 L:22910.45 C:22913.70 -> no_pattern
[2026-04-19 20:55:49] O:22915.90 H:22925.55 L:22887.60 C:22924.30 -> pinbar
[2026-04-19 20:55:49] O:22926.25 H:22963.05 L:22920.85 C:22962.40 -> no_pattern
[2026-04-19 21:19:29] O:22834.80 H:22834.80 L:22720.45 C:22766.60 -> no_pattern
[2026-04-19 21:19:29] O:22834.80 H:22834.80 L:22720.45 C:22766.60 -> no_pattern
[2026-04-19 21:19:33] O:22767.65 H:22820.60 L:22758.75 C:22818.10 -> no_pattern
[2026-04-19 21:19:33] O:22767.65 H:22820.60 L:22758.75 C:22818.10 -> no_pattern
[2026-04-19 21:19:34] O:22817.65 H:22872.55 L:22794.85 C:22869.90 -> no_pattern
[2026-04-19 21:19:34] O:22817.65 H:22872.55 L:22794.85 C:22869.90 -> no_pattern
[2026-04-19 21:19:34] O:22871.55 H:22900.65 L:22863.00 C:22897.75 -> no_pattern
[2026-04-19 21:19:34] O:22871.55 H:22900.65 L:22863.00 C:22897.75 -> no_pattern
[2026-04-19 21:19:34] O:22900.05 H:22900.05 L:22856.75 C:22858.35 -> marubozu
[2026-04-19 21:19:34] O:22900.05 H:22900.05 L:22856.75 C:22858.35 -> marubozu
[2026-04-19 21:19:43] O:22860.20 H:22880.35 L:22837.65 C:22846.05 -> no_pattern
[2026-04-19 21:19:43] O:22860.20 H:22880.35 L:22837.65 C:22846.05 -> no_pattern
[2026-04-19 21:19:43] O:22847.35 H:22868.50 L:22825.30 C:22832.15 -> no_pattern
[2026-04-19 21:19:43] O:22847.35 H:22868.50 L:22825.30 C:22832.15 -> no_pattern
[2026-04-19 21:19:43] O:22832.40 H:22844.35 L:22793.00 C:22831.90 -> doji
[2026-04-19 21:19:43] O:22832.40 H:22844.35 L:22793.00 C:22831.90 -> doji
[2026-04-19 21:19:44] O:22833.35 H:22863.00 L:22811.25 C:22835.35 -> doji
[2026-04-19 21:19:44] O:22833.35 H:22863.00 L:22811.25 C:22835.35 -> doji
[2026-04-19 21:19:44] O:22837.10 H:22853.85 L:22818.50 C:22841.40 -> spinning_top
[2026-04-19 21:19:44] O:22837.10 H:22853.85 L:22818.50 C:22841.40 -> spinning_top
[2026-04-19 21:19:45] O:22843.95 H:22883.45 L:22842.45 C:22878.55 -> no_pattern
[2026-04-19 21:19:45] O:22843.95 H:22883.45 L:22842.45 C:22878.55 -> no_pattern
[2026-04-19 21:19:46] O:22880.30 H:22923.20 L:22873.20 C:22898.95 -> no_pattern
[2026-04-19 21:19:46] O:22880.30 H:22923.20 L:22873.20 C:22898.95 -> no_pattern
[2026-04-19 21:19:46] O:22900.55 H:22928.35 L:22885.90 C:22906.30 -> spinning_top
[2026-04-19 21:19:46] O:22900.55 H:22928.35 L:22885.90 C:22906.30 -> spinning_top
[2026-04-19 21:31:56] O:22834.80 H:22834.80 L:22720.45 C:22766.60 -> no_pattern
[2026-04-19 21:31:56] O:22834.80 H:22834.80 L:22720.45 C:22766.60 -> no_pattern
[2026-04-19 21:32:02] O:22767.65 H:22820.60 L:22758.75 C:22818.10 -> no_pattern
[2026-04-19 21:32:02] O:22767.65 H:22820.60 L:22758.75 C:22818.10 -> no_pattern
[2026-04-19 21:32:02] O:22817.65 H:22872.55 L:22794.85 C:22869.90 -> no_pattern
[2026-04-19 21:32:02] O:22817.65 H:22872.55 L:22794.85 C:22869.90 -> no_pattern
[2026-04-19 21:32:03] O:22871.55 H:22900.65 L:22863.00 C:22897.75 -> no_pattern
[2026-04-19 21:32:03] O:22871.55 H:22900.65 L:22863.00 C:22897.75 -> no_pattern
[2026-04-19 21:32:03] O:22900.05 H:22900.05 L:22856.75 C:22858.35 -> marubozu
[2026-04-19 21:32:03] O:22900.05 H:22900.05 L:22856.75 C:22858.35 -> marubozu
[2026-04-19 21:32:04] O:22860.20 H:22880.35 L:22837.65 C:22846.05 -> no_pattern
[2026-04-19 21:32:04] O:22860.20 H:22880.35 L:22837.65 C:22846.05 -> no_pattern
[2026-04-19 21:32:05] O:22847.35 H:22868.50 L:22825.30 C:22832.15 -> no_pattern
[2026-04-19 21:32:05] O:22847.35 H:22868.50 L:22825.30 C:22832.15 -> no_pattern
[2026-04-19 21:32:05] O:22832.40 H:22844.35 L:22793.00 C:22831.90 -> doji
[2026-04-19 21:32:05] O:22832.40 H:22844.35 L:22793.00 C:22831.90 -> doji
[2026-04-19 21:32:05] O:22833.35 H:22863.00 L:22811.25 C:22835.35 -> doji
[2026-04-19 21:32:05] O:22833.35 H:22863.00 L:22811.25 C:22835.35 -> doji
[2026-04-19 21:32:06] O:22837.10 H:22853.85 L:22818.50 C:22841.40 -> spinning_top
[2026-04-19 21:32:06] O:22837.10 H:22853.85 L:22818.50 C:22841.40 -> spinning_top
[2026-04-19 21:32:07] O:22843.95 H:22883.45 L:22842.45 C:22878.55 -> no_pattern
[2026-04-19 21:32:07] O:22843.95 H:22883.45 L:22842.45 C:22878.55 -> no_pattern
[2026-04-19 21:32:07] O:22880.30 H:22923.20 L:22873.20 C:22898.95 -> no_pattern
[2026-04-19 21:32:07] O:22880.30 H:22923.20 L:22873.20 C:22898.95 -> no_pattern
[2026-04-19 21:32:08] O:22900.55 H:22928.35 L:22885.90 C:22906.30 -> spinning_top
[2026-04-19 21:32:08] O:22900.55 H:22928.35 L:22885.90 C:22906.30 -> spinning_top
[2026-04-19 21:32:08] O:22907.00 H:22912.25 L:22887.00 C:22903.15 -> spinning_top
[2026-04-19 21:32:08] O:22907.00 H:22912.25 L:22887.00 C:22903.15 -> spinning_top
[2026-04-19 21:32:09] O:22905.10 H:22923.55 L:22899.75 C:22920.00 -> no_pattern
[2026-04-19 21:32:09] O:22905.10 H:22923.55 L:22899.75 C:22920.00 -> no_pattern
[2026-04-19 21:32:09] O:22921.80 H:22950.75 L:22917.45 C:22928.95 -> shooting_star
[2026-04-19 21:32:09] O:22921.80 H:22950.75 L:22917.45 C:22928.95 -> shooting_star
[2026-04-19 21:32:09] O:22929.85 H:22966.40 L:22915.85 C:22922.70 -> shooting_star
[2026-04-19 21:32:09] O:22929.85 H:22966.40 L:22915.85 C:22922.70 -> shooting_star
[2026-04-19 21:32:10] O:22924.10 H:22943.65 L:22916.25 C:22936.30 -> no_pattern
[2026-04-19 21:32:10] O:22924.10 H:22943.65 L:22916.25 C:22936.30 -> no_pattern
[2026-04-19 21:32:10] O:22937.40 H:22945.70 L:22933.60 C:22934.20 -> shooting_star
[2026-04-19 21:32:10] O:22937.40 H:22945.70 L:22933.60 C:22934.20 -> shooting_star
[2026-04-19 21:32:11] O:22934.70 H:22947.90 L:22910.45 C:22913.70 -> no_pattern
[2026-04-19 21:32:11] O:22934.70 H:22947.90 L:22910.45 C:22913.70 -> no_pattern
[2026-04-19 21:32:11] O:22915.90 H:22925.55 L:22887.60 C:22924.30 -> pinbar
[2026-04-19 21:32:11] O:22915.90 H:22925.55 L:22887.60 C:22924.30 -> pinbar
[2026-04-19 21:32:11] O:22926.25 H:22963.05 L:22920.85 C:22962.40 -> no_pattern
[2026-04-19 21:32:11] O:22929.85 H:22966.40 L:22915.85 C:22922.70 -> shooting_star
[2026-04-19 21:32:12] O:22924.10 H:22943.65 L:22916.25 C:22936.30 -> no_pattern
[2026-04-19 21:32:12] O:22937.40 H:22945.70 L:22933.60 C:22934.20 -> shooting_star
[2026-04-19 21:32:12] O:22934.70 H:22947.90 L:22910.45 C:22913.70 -> no_pattern
[2026-04-19 21:32:12] O:22915.90 H:22925.55 L:22887.60 C:22924.30 -> pinbar
[2026-04-19 21:32:12] O:22926.25 H:22963.05 L:22920.85 C:22962.40 -> no_pattern
[2026-04-19 22:48:11] O:22834.80 H:22834.80 L:22720.45 C:22766.60 -> no_pattern
[2026-04-19 22:48:11] O:22834.80 H:22834.80 L:22720.45 C:22766.60 -> no_pattern
[2026-04-19 22:48:17] O:22767.65 H:22820.60 L:22758.75 C:22818.10 -> no_pattern
[2026-04-19 22:48:17] O:22767.65 H:22820.60 L:22758.75 C:22818.10 -> no_pattern
[2026-04-19 22:48:17] O:22817.65 H:22872.55 L:22794.85 C:22869.90 -> no_pattern
[2026-04-19 22:48:17] O:22817.65 H:22872.55 L:22794.85 C:22869.90 -> no_pattern
[2026-04-19 22:48:17] O:22871.55 H:22900.65 L:22863.00 C:22897.75 -> no_pattern
[2026-04-19 22:48:17] O:22871.55 H:22900.65 L:22863.00 C:22897.75 -> no_pattern
[2026-04-19 22:48:18] O:22900.05 H:22900.05 L:22856.75 C:22858.35 -> marubozu
[2026-04-19 22:48:18] O:22900.05 H:22900.05 L:22856.75 C:22858.35 -> marubozu
[2026-04-19 22:48:19] O:22860.20 H:22880.35 L:22837.65 C:22846.05 -> no_pattern
[2026-04-19 22:48:19] O:22860.20 H:22880.35 L:22837.65 C:22846.05 -> no_pattern
[2026-04-19 22:48:19] O:22847.35 H:22868.50 L:22825.30 C:22832.15 -> no_pattern
[2026-04-19 22:48:19] O:22847.35 H:22868.50 L:22825.30 C:22832.15 -> no_pattern
[2026-04-19 22:48:20] O:22832.40 H:22844.35 L:22793.00 C:22831.90 -> doji
[2026-04-19 22:48:20] O:22832.40 H:22844.35 L:22793.00 C:22831.90 -> doji
[2026-04-19 22:48:20] O:22833.35 H:22863.00 L:22811.25 C:22835.35 -> doji
[2026-04-19 22:48:20] O:22833.35 H:22863.00 L:22811.25 C:22835.35 -> doji
[2026-04-19 22:48:21] O:22837.10 H:22853.85 L:22818.50 C:22841.40 -> spinning_top
[2026-04-19 22:48:21] O:22837.10 H:22853.85 L:22818.50 C:22841.40 -> spinning_top
[2026-04-19 22:48:21] O:22843.95 H:22883.45 L:22842.45 C:22878.55 -> no_pattern
[2026-04-19 22:48:21] O:22843.95 H:22883.45 L:22842.45 C:22878.55 -> no_pattern
[2026-04-19 22:48:23] O:22880.30 H:22923.20 L:22873.20 C:22898.95 -> no_pattern
[2026-04-19 22:48:23] O:22880.30 H:22923.20 L:22873.20 C:22898.95 -> no_pattern
[2026-04-19 22:48:23] O:22900.55 H:22928.35 L:22885.90 C:22906.30 -> spinning_top
[2026-04-19 22:48:23] O:22900.55 H:22928.35 L:22885.90 C:22906.30 -> spinning_top
[2026-04-19 22:48:24] O:22907.00 H:22912.25 L:22887.00 C:22903.15 -> spinning_top
[2026-04-19 22:48:24] O:22907.00 H:22912.25 L:22887.00 C:22903.15 -> spinning_top
[2026-04-19 22:48:24] O:22905.10 H:22923.55 L:22899.75 C:22920.00 -> no_pattern
[2026-04-19 22:48:24] O:22905.10 H:22923.55 L:22899.75 C:22920.00 -> no_pattern
[2026-04-19 22:48:25] O:22921.80 H:22950.75 L:22917.45 C:22928.95 -> shooting_star
[2026-04-19 22:48:25] O:22921.80 H:22950.75 L:22917.45 C:22928.95 -> shooting_star
[2026-04-19 22:48:25] O:22929.85 H:22966.40 L:22915.85 C:22922.70 -> shooting_star
[2026-04-19 22:48:25] O:22929.85 H:22966.40 L:22915.85 C:22922.70 -> shooting_star
[2026-04-19 22:48:26] O:22924.10 H:22943.65 L:22916.25 C:22936.30 -> no_pattern
[2026-04-19 22:48:26] O:22924.10 H:22943.65 L:22916.25 C:22936.30 -> no_pattern
[2026-04-19 22:48:27] O:22937.40 H:22945.70 L:22933.60 C:22934.20 -> shooting_star
[2026-04-19 22:48:27] O:22937.40 H:22945.70 L:22933.60 C:22934.20 -> shooting_star
[2026-04-19 22:48:27] O:22934.70 H:22947.90 L:22910.45 C:22913.70 -> no_pattern
[2026-04-19 22:48:27] O:22934.70 H:22947.90 L:22910.45 C:22913.70 -> no_pattern
[2026-04-19 22:48:28] O:22915.90 H:22925.55 L:22887.60 C:22924.30 -> pinbar
[2026-04-19 22:48:28] O:22915.90 H:22925.55 L:22887.60 C:22924.30 -> pinbar
[2026-04-19 22:48:28] O:22926.25 H:22963.05 L:22920.85 C:22962.40 -> no_pattern
[2026-04-19 22:48:28] O:22929.85 H:22966.40 L:22915.85 C:22922.70 -> shooting_star
[2026-04-19 22:48:28] O:22924.10 H:22943.65 L:22916.25 C:22936.30 -> no_pattern
[2026-04-19 22:48:28] O:22937.40 H:22945.70 L:22933.60 C:22934.20 -> shooting_star
[2026-04-19 22:48:28] O:22934.70 H:22947.90 L:22910.45 C:22913.70 -> no_pattern
[2026-04-19 22:48:28] O:22915.90 H:22925.55 L:22887.60 C:22924.30 -> pinbar
[2026-04-19 22:48:28] O:22926.25 H:22963.05 L:22920.85 C:22962.40 -> no_pattern
[2026-04-19 22:51:00] O:22834.80 H:22834.80 L:22720.45 C:22766.60 -> no_pattern
[2026-04-19 22:51:00] O:22834.80 H:22834.80 L:22720.45 C:22766.60 -> no_pattern
[2026-04-19 22:51:05] O:22767.65 H:22820.60 L:22758.75 C:22818.10 -> no_pattern
[2026-04-19 22:51:05] O:22767.65 H:22820.60 L:22758.75 C:22818.10 -> no_pattern
[2026-04-19 22:51:05] O:22817.65 H:22872.55 L:22794.85 C:22869.90 -> no_pattern
[2026-04-19 22:51:05] O:22817.65 H:22872.55 L:22794.85 C:22869.90 -> no_pattern
[2026-04-19 22:51:06] O:22871.55 H:22900.65 L:22863.00 C:22897.75 -> no_pattern
[2026-04-19 22:51:06] O:22871.55 H:22900.65 L:22863.00 C:22897.75 -> no_pattern
[2026-04-19 22:51:06] O:22900.05 H:22900.05 L:22856.75 C:22858.35 -> marubozu
[2026-04-19 22:51:06] O:22900.05 H:22900.05 L:22856.75 C:22858.35 -> marubozu
[2026-04-19 22:51:07] O:22860.20 H:22880.35 L:22837.65 C:22846.05 -> no_pattern
[2026-04-19 22:51:07] O:22860.20 H:22880.35 L:22837.65 C:22846.05 -> no_pattern
[2026-04-19 22:51:07] O:22847.35 H:22868.50 L:22825.30 C:22832.15 -> no_pattern
[2026-04-19 22:51:07] O:22847.35 H:22868.50 L:22825.30 C:22832.15 -> no_pattern
[2026-04-19 22:51:08] O:22832.40 H:22844.35 L:22793.00 C:22831.90 -> doji
[2026-04-19 22:51:08] O:22832.40 H:22844.35 L:22793.00 C:22831.90 -> doji
[2026-04-19 22:51:08] O:22833.35 H:22863.00 L:22811.25 C:22835.35 -> doji
[2026-04-19 22:51:08] O:22833.35 H:22863.00 L:22811.25 C:22835.35 -> doji
[2026-04-19 22:51:09] O:22837.10 H:22853.85 L:22818.50 C:22841.40 -> spinning_top
[2026-04-19 22:51:09] O:22837.10 H:22853.85 L:22818.50 C:22841.40 -> spinning_top
[2026-04-19 22:51:09] O:22843.95 H:22883.45 L:22842.45 C:22878.55 -> no_pattern
[2026-04-19 22:51:09] O:22843.95 H:22883.45 L:22842.45 C:22878.55 -> no_pattern
[2026-04-19 22:51:10] O:22880.30 H:22923.20 L:22873.20 C:22898.95 -> no_pattern
[2026-04-19 22:51:10] O:22880.30 H:22923.20 L:22873.20 C:22898.95 -> no_pattern
[2026-04-19 22:51:10] O:22900.55 H:22928.35 L:22885.90 C:22906.30 -> spinning_top
[2026-04-19 22:51:10] O:22900.55 H:22928.35 L:22885.90 C:22906.30 -> spinning_top
[2026-04-19 22:51:10] O:22907.00 H:22912.25 L:22887.00 C:22903.15 -> spinning_top
[2026-04-19 22:51:10] O:22907.00 H:22912.25 L:22887.00 C:22903.15 -> spinning_top
[2026-04-19 22:51:11] O:22905.10 H:22923.55 L:22899.75 C:22920.00 -> no_pattern
[2026-04-19 22:51:11] O:22905.10 H:22923.55 L:22899.75 C:22920.00 -> no_pattern
[2026-04-19 22:51:11] O:22921.80 H:22950.75 L:22917.45 C:22928.95 -> shooting_star
[2026-04-19 22:51:11] O:22921.80 H:22950.75 L:22917.45 C:22928.95 -> shooting_star
[2026-04-19 22:51:12] O:22929.85 H:22966.40 L:22915.85 C:22922.70 -> shooting_star
[2026-04-19 22:51:12] O:22929.85 H:22966.40 L:22915.85 C:22922.70 -> shooting_star
[2026-04-19 22:51:12] O:22924.10 H:22943.65 L:22916.25 C:22936.30 -> no_pattern
[2026-04-19 22:51:13] O:22924.10 H:22943.65 L:22916.25 C:22936.30 -> no_pattern
[2026-04-19 22:51:13] O:22937.40 H:22945.70 L:22933.60 C:22934.20 -> shooting_star
[2026-04-19 22:51:13] O:22937.40 H:22945.70 L:22933.60 C:22934.20 -> shooting_star
[2026-04-19 22:51:13] O:22934.70 H:22947.90 L:22910.45 C:22913.70 -> no_pattern
[2026-04-19 22:51:13] O:22934.70 H:22947.90 L:22910.45 C:22913.70 -> no_pattern
[2026-04-19 22:51:14] O:22915.90 H:22925.55 L:22887.60 C:22924.30 -> pinbar
[2026-04-19 22:51:14] O:22915.90 H:22925.55 L:22887.60 C:22924.30 -> pinbar
[2026-04-19 22:51:14] O:22926.25 H:22963.05 L:22920.85 C:22962.40 -> no_pattern
[2026-04-19 22:51:14] O:22929.85 H:22966.40 L:22915.85 C:22922.70 -> shooting_star
[2026-04-19 22:51:14] O:22924.10 H:22943.65 L:22916.25 C:22936.30 -> no_pattern
[2026-04-19 22:51:14] O:22937.40 H:22945.70 L:22933.60 C:22934.20 -> shooting_star
[2026-04-19 22:51:14] O:22934.70 H:22947.90 L:22910.45 C:22913.70 -> no_pattern
[2026-04-19 22:51:14] O:22915.90 H:22925.55 L:22887.60 C:22924.30 -> pinbar
[2026-04-19 22:51:15] O:22926.25 H:22963.05 L:22920.85 C:22962.40 -> no_pattern
[2026-04-19 22:51:15] O:22963.35 H:22965.25 L:22945.75 C:22953.60 -> no_pattern
[2026-04-19 22:51:15] O:22963.35 H:22965.25 L:22945.75 C:22953.60 -> no_pattern
[2026-04-19 22:56:14] O:22834.80 H:22834.80 L:22720.45 C:22766.60 -> no_pattern
[2026-04-19 22:56:14] O:22834.80 H:22834.80 L:22720.45 C:22766.60 -> no_pattern
[2026-04-19 22:56:18] O:22767.65 H:22820.60 L:22758.75 C:22818.10 -> no_pattern
[2026-04-19 22:56:18] O:22767.65 H:22820.60 L:22758.75 C:22818.10 -> no_pattern
[2026-04-19 22:56:19] O:22817.65 H:22872.55 L:22794.85 C:22869.90 -> no_pattern
[2026-04-19 22:56:19] O:22817.65 H:22872.55 L:22794.85 C:22869.90 -> no_pattern
[2026-04-19 22:56:19] O:22871.55 H:22900.65 L:22863.00 C:22897.75 -> no_pattern
[2026-04-19 22:56:19] O:22871.55 H:22900.65 L:22863.00 C:22897.75 -> no_pattern
[2026-04-19 22:56:20] O:22900.05 H:22900.05 L:22856.75 C:22858.35 -> marubozu
[2026-04-19 22:56:20] O:22900.05 H:22900.05 L:22856.75 C:22858.35 -> marubozu
[2026-04-19 22:56:21] O:22860.20 H:22880.35 L:22837.65 C:22846.05 -> no_pattern
[2026-04-19 22:56:21] O:22860.20 H:22880.35 L:22837.65 C:22846.05 -> no_pattern
[2026-04-19 22:56:21] O:22847.35 H:22868.50 L:22825.30 C:22832.15 -> no_pattern
[2026-04-19 22:56:21] O:22847.35 H:22868.50 L:22825.30 C:22832.15 -> no_pattern
[2026-04-19 22:56:22] O:22832.40 H:22844.35 L:22793.00 C:22831.90 -> doji
[2026-04-19 22:56:22] O:22832.40 H:22844.35 L:22793.00 C:22831.90 -> doji
[2026-04-19 22:56:22] O:22833.35 H:22863.00 L:22811.25 C:22835.35 -> doji
[2026-04-19 22:56:22] O:22833.35 H:22863.00 L:22811.25 C:22835.35 -> doji
[2026-04-19 22:56:23] O:22837.10 H:22853.85 L:22818.50 C:22841.40 -> spinning_top
[2026-04-19 22:56:23] O:22837.10 H:22853.85 L:22818.50 C:22841.40 -> spinning_top
[2026-04-19 22:56:23] O:22843.95 H:22883.45 L:22842.45 C:22878.55 -> no_pattern
[2026-04-19 22:56:23] O:22843.95 H:22883.45 L:22842.45 C:22878.55 -> no_pattern
[2026-04-19 22:56:24] O:22880.30 H:22923.20 L:22873.20 C:22898.95 -> no_pattern
[2026-04-19 22:56:24] O:22880.30 H:22923.20 L:22873.20 C:22898.95 -> no_pattern
[2026-04-19 22:56:24] O:22900.55 H:22928.35 L:22885.90 C:22906.30 -> spinning_top
[2026-04-19 22:56:24] O:22900.55 H:22928.35 L:22885.90 C:22906.30 -> spinning_top
[2026-04-19 23:00:26] O:22834.80 H:22834.80 L:22720.45 C:22766.60 -> no_pattern
[2026-04-19 23:00:26] O:22834.80 H:22834.80 L:22720.45 C:22766.60 -> no_pattern
[2026-04-19 23:00:31] O:22767.65 H:22820.60 L:22758.75 C:22818.10 -> no_pattern
[2026-04-19 23:00:31] O:22767.65 H:22820.60 L:22758.75 C:22818.10 -> no_pattern
[2026-04-19 23:00:31] O:22817.65 H:22872.55 L:22794.85 C:22869.90 -> no_pattern
[2026-04-19 23:00:31] O:22817.65 H:22872.55 L:22794.85 C:22869.90 -> no_pattern
[2026-04-19 23:00:32] O:22871.55 H:22900.65 L:22863.00 C:22897.75 -> no_pattern
[2026-04-19 23:00:32] O:22871.55 H:22900.65 L:22863.00 C:22897.75 -> no_pattern
[2026-04-19 23:00:33] O:22900.05 H:22900.05 L:22856.75 C:22858.35 -> marubozu
[2026-04-19 23:00:33] O:22900.05 H:22900.05 L:22856.75 C:22858.35 -> marubozu
[2026-04-19 23:00:34] O:22860.20 H:22880.35 L:22837.65 C:22846.05 -> no_pattern
[2026-04-19 23:00:34] O:22860.20 H:22880.35 L:22837.65 C:22846.05 -> no_pattern
[2026-04-19 23:00:34] O:22847.35 H:22868.50 L:22825.30 C:22832.15 -> no_pattern
[2026-04-19 23:00:34] O:22847.35 H:22868.50 L:22825.30 C:22832.15 -> no_pattern
[2026-04-19 23:00:35] O:22832.40 H:22844.35 L:22793.00 C:22831.90 -> doji
[2026-04-19 23:00:35] O:22832.40 H:22844.35 L:22793.00 C:22831.90 -> doji
[2026-04-19 23:00:35] O:22833.35 H:22863.00 L:22811.25 C:22835.35 -> doji
[2026-04-19 23:00:35] O:22833.35 H:22863.00 L:22811.25 C:22835.35 -> doji
[2026-04-19 23:00:36] O:22837.10 H:22853.85 L:22818.50 C:22841.40 -> spinning_top
[2026-04-19 23:00:36] O:22837.10 H:22853.85 L:22818.50 C:22841.40 -> spinning_top
[2026-04-19 23:00:36] O:22843.95 H:22883.45 L:22842.45 C:22878.55 -> no_pattern
[2026-04-19 23:00:36] O:22843.95 H:22883.45 L:22842.45 C:22878.55 -> no_pattern
[2026-04-19 23:00:36] O:22880.30 H:22923.20 L:22873.20 C:22898.95 -> no_pattern
[2026-04-19 23:00:36] O:22880.30 H:22923.20 L:22873.20 C:22898.95 -> no_pattern
[2026-04-19 23:00:37] O:22900.55 H:22928.35 L:22885.90 C:22906.30 -> spinning_top
[2026-04-19 23:00:37] O:22900.55 H:22928.35 L:22885.90 C:22906.30 -> spinning_top
[2026-04-19 23:00:37] O:22907.00 H:22912.25 L:22887.00 C:22903.15 -> spinning_top
[2026-04-19 23:00:37] O:22907.00 H:22912.25 L:22887.00 C:22903.15 -> spinning_top
[2026-04-19 23:00:38] O:22905.10 H:22923.55 L:22899.75 C:22920.00 -> no_pattern
[2026-04-19 23:00:38] O:22905.10 H:22923.55 L:22899.75 C:22920.00 -> no_pattern
[2026-04-19 23:00:38] O:22921.80 H:22950.75 L:22917.45 C:22928.95 -> shooting_star
[2026-04-19 23:00:38] O:22921.80 H:22950.75 L:22917.45 C:22928.95 -> shooting_star
[2026-04-19 23:00:39] O:22929.85 H:22966.40 L:22915.85 C:22922.70 -> shooting_star
[2026-04-19 23:00:39] O:22929.85 H:22966.40 L:22915.85 C:22922.70 -> shooting_star
[2026-04-19 23:09:22] O:22834.80 H:22834.80 L:22720.45 C:22766.60 -> no_pattern
[2026-04-19 23:09:22] O:22834.80 H:22834.80 L:22720.45 C:22766.60 -> no_pattern
[2026-04-19 23:09:27] O:22767.65 H:22820.60 L:22758.75 C:22818.10 -> no_pattern
[2026-04-19 23:09:27] O:22767.65 H:22820.60 L:22758.75 C:22818.10 -> no_pattern
[2026-04-19 23:09:27] O:22817.65 H:22872.55 L:22794.85 C:22869.90 -> no_pattern
[2026-04-19 23:09:27] O:22817.65 H:22872.55 L:22794.85 C:22869.90 -> no_pattern
[2026-04-19 23:09:28] O:22871.55 H:22900.65 L:22863.00 C:22897.75 -> no_pattern
[2026-04-19 23:09:28] O:22871.55 H:22900.65 L:22863.00 C:22897.75 -> no_pattern
[2026-04-19 23:09:28] O:22900.05 H:22900.05 L:22856.75 C:22858.35 -> marubozu
[2026-04-19 23:09:28] O:22900.05 H:22900.05 L:22856.75 C:22858.35 -> marubozu
[2026-04-19 23:20:14] O:22834.80 H:22834.80 L:22720.45 C:22766.60 -> no_pattern
[2026-04-19 23:20:14] O:22834.80 H:22834.80 L:22720.45 C:22766.60 -> no_pattern
[2026-04-19 23:20:19] O:22767.65 H:22820.60 L:22758.75 C:22818.10 -> no_pattern
[2026-04-19 23:20:19] O:22767.65 H:22820.60 L:22758.75 C:22818.10 -> no_pattern
[2026-04-19 23:20:19] O:22817.65 H:22872.55 L:22794.85 C:22869.90 -> no_pattern
[2026-04-19 23:20:19] O:22817.65 H:22872.55 L:22794.85 C:22869.90 -> no_pattern
[2026-04-19 23:20:20] O:22871.55 H:22900.65 L:22863.00 C:22897.75 -> no_pattern
[2026-04-19 23:20:20] O:22871.55 H:22900.65 L:22863.00 C:22897.75 -> no_pattern
[2026-04-19 23:20:20] O:22900.05 H:22900.05 L:22856.75 C:22858.35 -> marubozu
[2026-04-19 23:20:20] O:22900.05 H:22900.05 L:22856.75 C:22858.35 -> marubozu
[2026-04-19 23:20:21] O:22860.20 H:22880.35 L:22837.65 C:22846.05 -> no_pattern
[2026-04-19 23:20:21] O:22860.20 H:22880.35 L:22837.65 C:22846.05 -> no_pattern
[2026-04-19 23:20:23] O:22847.35 H:22868.50 L:22825.30 C:22832.15 -> no_pattern
[2026-04-19 23:20:23] O:22847.35 H:22868.50 L:22825.30 C:22832.15 -> no_pattern
[2026-04-19 23:20:24] O:22832.40 H:22844.35 L:22793.00 C:22831.90 -> doji
[2026-04-19 23:20:24] O:22832.40 H:22844.35 L:22793.00 C:22831.90 -> doji
[2026-04-19 23:20:24] O:22833.35 H:22863.00 L:22811.25 C:22835.35 -> doji
[2026-04-19 23:20:24] O:22833.35 H:22863.00 L:22811.25 C:22835.35 -> doji
[2026-04-19 23:20:26] O:22837.10 H:22853.85 L:22818.50 C:22841.40 -> spinning_top
[2026-04-19 23:20:26] O:22837.10 H:22853.85 L:22818.50 C:22841.40 -> spinning_top
[2026-04-19 23:20:26] O:22843.95 H:22883.45 L:22842.45 C:22878.55 -> no_pattern
[2026-04-19 23:20:26] O:22843.95 H:22883.45 L:22842.45 C:22878.55 -> no_pattern
[2026-04-19 23:20:36] O:22880.30 H:22923.20 L:22873.20 C:22898.95 -> no_pattern
[2026-04-19 23:20:36] O:22880.30 H:22923.20 L:22873.20 C:22898.95 -> no_pattern
[2026-04-19 23:20:37] O:22900.55 H:22928.35 L:22885.90 C:22906.30 -> spinning_top
[2026-04-19 23:20:37] O:22900.55 H:22928.35 L:22885.90 C:22906.30 -> spinning_top
[2026-04-19 23:20:41] O:22907.00 H:22912.25 L:22887.00 C:22903.15 -> spinning_top
[2026-04-19 23:20:41] O:22907.00 H:22912.25 L:22887.00 C:22903.15 -> spinning_top
[2026-04-19 23:20:44] O:22905.10 H:22923.55 L:22899.75 C:22920.00 -> no_pattern
[2026-04-19 23:20:44] O:22905.10 H:22923.55 L:22899.75 C:22920.00 -> no_pattern
[2026-04-19 23:20:45] O:22921.80 H:22950.75 L:22917.45 C:22928.95 -> shooting_star
[2026-04-19 23:20:45] O:22921.80 H:22950.75 L:22917.45 C:22928.95 -> shooting_star
[2026-04-19 23:20:48] O:22929.85 H:22966.40 L:22915.85 C:22922.70 -> shooting_star
[2026-04-19 23:20:48] O:22929.85 H:22966.40 L:22915.85 C:22922.70 -> shooting_star
[2026-04-19 23:20:50] O:22924.10 H:22943.65 L:22916.25 C:22936.30 -> no_pattern
[2026-04-19 23:20:50] O:22924.10 H:22943.65 L:22916.25 C:22936.30 -> no_pattern
[2026-04-19 23:20:51] O:22937.40 H:22945.70 L:22933.60 C:22934.20 -> shooting_star
[2026-04-19 23:20:51] O:22937.40 H:22945.70 L:22933.60 C:22934.20 -> shooting_star
[2026-04-19 23:20:55] O:22934.70 H:22947.90 L:22910.45 C:22913.70 -> no_pattern
[2026-04-19 23:20:55] O:22934.70 H:22947.90 L:22910.45 C:22913.70 -> no_pattern
[2026-04-19 23:20:56] O:22915.90 H:22925.55 L:22887.60 C:22924.30 -> pinbar
[2026-04-19 23:20:56] O:22915.90 H:22925.55 L:22887.60 C:22924.30 -> pinbar
[2026-04-19 23:21:00] O:22926.25 H:22963.05 L:22920.85 C:22962.40 -> no_pattern
[2026-04-19 23:21:00] O:22929.85 H:22966.40 L:22915.85 C:22922.70 -> shooting_star
[2026-04-19 23:21:00] O:22924.10 H:22943.65 L:22916.25 C:22936.30 -> no_pattern
[2026-04-19 23:21:00] O:22937.40 H:22945.70 L:22933.60 C:22934.20 -> shooting_star
[2026-04-19 23:21:00] O:22934.70 H:22947.90 L:22910.45 C:22913.70 -> no_pattern
[2026-04-19 23:21:00] O:22915.90 H:22925.55 L:22887.60 C:22924.30 -> pinbar
[2026-04-19 23:21:00] O:22926.25 H:22963.05 L:22920.85 C:22962.40 -> no_pattern
[2026-04-19 23:37:52] O:22963.35 H:22965.25 L:22945.75 C:22953.60 -> no_pattern
[2026-04-19 23:37:52] O:22963.35 H:22965.25 L:22945.75 C:22953.60 -> no_pattern
[2026-04-19 23:37:52] O:22954.35 H:22955.15 L:22913.95 C:22932.10 -> no_pattern
[2026-04-19 23:37:52] O:22954.35 H:22955.15 L:22913.95 C:22932.10 -> no_pattern
[2026-04-19 23:37:57] O:22932.95 H:22932.95 L:22862.40 C:22879.20 -> no_pattern
[2026-04-19 23:37:57] O:22932.95 H:22932.95 L:22862.40 C:22879.20 -> no_pattern
[2026-04-19 23:42:26] O:22834.80 H:22834.80 L:22720.45 C:22766.60 -> no_pattern
[2026-04-19 23:42:26] O:22834.80 H:22834.80 L:22720.45 C:22766.60 -> no_pattern
[2026-04-19 23:42:32] O:22767.65 H:22820.60 L:22758.75 C:22818.10 -> no_pattern
[2026-04-19 23:42:32] O:22767.65 H:22820.60 L:22758.75 C:22818.10 -> no_pattern
[2026-04-19 23:42:32] O:22817.65 H:22872.55 L:22794.85 C:22869.90 -> no_pattern
[2026-04-19 23:42:32] O:22817.65 H:22872.55 L:22794.85 C:22869.90 -> no_pattern
[2026-04-19 23:42:33] O:22871.55 H:22900.65 L:22863.00 C:22897.75 -> no_pattern
[2026-04-19 23:42:33] O:22871.55 H:22900.65 L:22863.00 C:22897.75 -> no_pattern
[2026-04-19 23:42:33] O:22900.05 H:22900.05 L:22856.75 C:22858.35 -> marubozu
[2026-04-19 23:42:33] O:22900.05 H:22900.05 L:22856.75 C:22858.35 -> marubozu
[2026-04-19 23:42:34] O:22860.20 H:22880.35 L:22837.65 C:22846.05 -> no_pattern
[2026-04-19 23:42:34] O:22860.20 H:22880.35 L:22837.65 C:22846.05 -> no_pattern
[2026-04-19 23:42:34] O:22847.35 H:22868.50 L:22825.30 C:22832.15 -> no_pattern
[2026-04-19 23:42:34] O:22847.35 H:22868.50 L:22825.30 C:22832.15 -> no_pattern
[2026-04-19 23:42:35] O:22832.40 H:22844.35 L:22793.00 C:22831.90 -> doji
[2026-04-19 23:42:35] O:22832.40 H:22844.35 L:22793.00 C:22831.90 -> doji
[2026-04-19 23:42:35] O:22833.35 H:22863.00 L:22811.25 C:22835.35 -> doji
[2026-04-19 23:42:35] O:22833.35 H:22863.00 L:22811.25 C:22835.35 -> doji
[2026-04-19 23:42:36] O:22837.10 H:22853.85 L:22818.50 C:22841.40 -> spinning_top
[2026-04-19 23:42:36] O:22837.10 H:22853.85 L:22818.50 C:22841.40 -> spinning_top
[2026-04-19 23:42:36] O:22843.95 H:22883.45 L:22842.45 C:22878.55 -> no_pattern
[2026-04-19 23:42:36] O:22843.95 H:22883.45 L:22842.45 C:22878.55 -> no_pattern
[2026-04-19 23:42:37] O:22880.30 H:22923.20 L:22873.20 C:22898.95 -> no_pattern
[2026-04-19 23:42:37] O:22880.30 H:22923.20 L:22873.20 C:22898.95 -> no_pattern
[2026-04-19 23:42:37] O:22900.55 H:22928.35 L:22885.90 C:22906.30 -> spinning_top
[2026-04-19 23:42:37] O:22900.55 H:22928.35 L:22885.90 C:22906.30 -> spinning_top
[2026-04-19 23:42:38] O:22907.00 H:22912.25 L:22887.00 C:22903.15 -> spinning_top
[2026-04-19 23:42:38] O:22907.00 H:22912.25 L:22887.00 C:22903.15 -> spinning_top
[2026-04-19 23:42:38] O:22905.10 H:22923.55 L:22899.75 C:22920.00 -> no_pattern
[2026-04-19 23:42:38] O:22905.10 H:22923.55 L:22899.75 C:22920.00 -> no_pattern
[2026-04-19 23:42:39] O:22921.80 H:22950.75 L:22917.45 C:22928.95 -> shooting_star
[2026-04-19 23:42:39] O:22921.80 H:22950.75 L:22917.45 C:22928.95 -> shooting_star
[2026-04-19 23:42:39] O:22929.85 H:22966.40 L:22915.85 C:22922.70 -> shooting_star
[2026-04-19 23:42:39] O:22929.85 H:22966.40 L:22915.85 C:22922.70 -> shooting_star
[2026-04-19 23:42:40] O:22924.10 H:22943.65 L:22916.25 C:22936.30 -> no_pattern
[2026-04-19 23:42:40] O:22924.10 H:22943.65 L:22916.25 C:22936.30 -> no_pattern
[2026-04-19 23:42:40] O:22937.40 H:22945.70 L:22933.60 C:22934.20 -> shooting_star
[2026-04-19 23:42:40] O:22937.40 H:22945.70 L:22933.60 C:22934.20 -> shooting_star
[2026-04-19 23:42:41] O:22934.70 H:22947.90 L:22910.45 C:22913.70 -> no_pattern
[2026-04-19 23:42:41] O:22934.70 H:22947.90 L:22910.45 C:22913.70 -> no_pattern
[2026-04-19 23:42:41] O:22915.90 H:22925.55 L:22887.60 C:22924.30 -> pinbar
[2026-04-19 23:42:41] O:22915.90 H:22925.55 L:22887.60 C:22924.30 -> pinbar
[2026-04-19 23:42:42] O:22926.25 H:22963.05 L:22920.85 C:22962.40 -> no_pattern
[2026-04-19 23:42:42] O:22929.85 H:22966.40 L:22915.85 C:22922.70 -> shooting_star
[2026-04-19 23:42:42] O:22924.10 H:22943.65 L:22916.25 C:22936.30 -> no_pattern
[2026-04-19 23:42:42] O:22937.40 H:22945.70 L:22933.60 C:22934.20 -> shooting_star
[2026-04-19 23:42:42] O:22934.70 H:22947.90 L:22910.45 C:22913.70 -> no_pattern
[2026-04-19 23:42:42] O:22915.90 H:22925.55 L:22887.60 C:22924.30 -> pinbar
[2026-04-19 23:42:42] O:22926.25 H:22963.05 L:22920.85 C:22962.40 -> no_pattern
[2026-04-19 23:51:22] O:22834.80 H:22834.80 L:22720.45 C:22766.60 -> no_pattern
[2026-04-19 23:51:22] O:22834.80 H:22834.80 L:22720.45 C:22766.60 -> no_pattern
[2026-04-19 23:51:29] O:22767.65 H:22820.60 L:22758.75 C:22818.10 -> no_pattern
[2026-04-19 23:51:29] O:22767.65 H:22820.60 L:22758.75 C:22818.10 -> no_pattern
[2026-04-19 23:51:29] O:22817.65 H:22872.55 L:22794.85 C:22869.90 -> no_pattern
[2026-04-19 23:51:29] O:22817.65 H:22872.55 L:22794.85 C:22869.90 -> no_pattern
[2026-04-19 23:51:30] O:22871.55 H:22900.65 L:22863.00 C:22897.75 -> no_pattern
[2026-04-19 23:51:30] O:22871.55 H:22900.65 L:22863.00 C:22897.75 -> no_pattern
[2026-04-19 23:51:30] O:22900.05 H:22900.05 L:22856.75 C:22858.35 -> marubozu
[2026-04-19 23:51:30] O:22900.05 H:22900.05 L:22856.75 C:22858.35 -> marubozu
[2026-04-19 23:51:31] O:22860.20 H:22880.35 L:22837.65 C:22846.05 -> no_pattern
[2026-04-19 23:51:31] O:22860.20 H:22880.35 L:22837.65 C:22846.05 -> no_pattern
[2026-04-19 23:51:31] O:22847.35 H:22868.50 L:22825.30 C:22832.15 -> no_pattern
[2026-04-19 23:51:31] O:22847.35 H:22868.50 L:22825.30 C:22832.15 -> no_pattern
[2026-04-19 23:51:31] O:22832.40 H:22844.35 L:22793.00 C:22831.90 -> doji
[2026-04-19 23:51:31] O:22832.40 H:22844.35 L:22793.00 C:22831.90 -> doji
[2026-04-19 23:51:32] O:22833.35 H:22863.00 L:22811.25 C:22835.35 -> doji
[2026-04-19 23:51:32] O:22833.35 H:22863.00 L:22811.25 C:22835.35 -> doji
[2026-04-19 23:51:32] O:22837.10 H:22853.85 L:22818.50 C:22841.40 -> spinning_top
[2026-04-19 23:51:32] O:22837.10 H:22853.85 L:22818.50 C:22841.40 -> spinning_top
[2026-04-19 23:51:33] O:22843.95 H:22883.45 L:22842.45 C:22878.55 -> no_pattern
[2026-04-19 23:51:33] O:22843.95 H:22883.45 L:22842.45 C:22878.55 -> no_pattern
[2026-04-19 23:51:33] O:22880.30 H:22923.20 L:22873.20 C:22898.95 -> no_pattern
[2026-04-19 23:51:33] O:22880.30 H:22923.20 L:22873.20 C:22898.95 -> no_pattern
[2026-04-19 23:51:34] O:22900.55 H:22928.35 L:22885.90 C:22906.30 -> spinning_top
[2026-04-19 23:51:34] O:22900.55 H:22928.35 L:22885.90 C:22906.30 -> spinning_top
[2026-04-19 23:51:34] O:22907.00 H:22912.25 L:22887.00 C:22903.15 -> spinning_top
[2026-04-19 23:51:34] O:22907.00 H:22912.25 L:22887.00 C:22903.15 -> spinning_top
[2026-04-19 23:51:34] O:22905.10 H:22923.55 L:22899.75 C:22920.00 -> no_pattern
[2026-04-19 23:51:34] O:22905.10 H:22923.55 L:22899.75 C:22920.00 -> no_pattern
[2026-04-19 23:51:35] O:22921.80 H:22950.75 L:22917.45 C:22928.95 -> shooting_star
[2026-04-19 23:51:35] O:22921.80 H:22950.75 L:22917.45 C:22928.95 -> shooting_star
[2026-04-19 23:51:35] O:22929.85 H:22966.40 L:22915.85 C:22922.70 -> shooting_star
[2026-04-19 23:51:35] O:22929.85 H:22966.40 L:22915.85 C:22922.70 -> shooting_star
[2026-04-19 23:51:36] O:22924.10 H:22943.65 L:22916.25 C:22936.30 -> no_pattern
[2026-04-19 23:51:36] O:22924.10 H:22943.65 L:22916.25 C:22936.30 -> no_pattern
[2026-04-19 23:51:36] O:22937.40 H:22945.70 L:22933.60 C:22934.20 -> shooting_star
[2026-04-19 23:51:36] O:22937.40 H:22945.70 L:22933.60 C:22934.20 -> shooting_star
[2026-04-19 23:51:37] O:22934.70 H:22947.90 L:22910.45 C:22913.70 -> no_pattern
[2026-04-19 23:51:37] O:22934.70 H:22947.90 L:22910.45 C:22913.70 -> no_pattern
[2026-04-19 23:51:37] O:22915.90 H:22925.55 L:22887.60 C:22924.30 -> pinbar
[2026-04-19 23:51:37] O:22915.90 H:22925.55 L:22887.60 C:22924.30 -> pinbar
[2026-04-19 23:51:38] O:22926.25 H:22963.05 L:22920.85 C:22962.40 -> no_pattern
[2026-04-19 23:51:38] O:22929.85 H:22966.40 L:22915.85 C:22922.70 -> shooting_star
[2026-04-19 23:51:38] O:22924.10 H:22943.65 L:22916.25 C:22936.30 -> no_pattern
[2026-04-19 23:51:38] O:22937.40 H:22945.70 L:22933.60 C:22934.20 -> shooting_star
[2026-04-19 23:51:38] O:22934.70 H:22947.90 L:22910.45 C:22913.70 -> no_pattern
[2026-04-19 23:51:38] O:22915.90 H:22925.55 L:22887.60 C:22924.30 -> pinbar
[2026-04-19 23:51:38] O:22926.25 H:22963.05 L:22920.85 C:22962.40 -> no_pattern
[2026-04-19 23:54:27] O:22834.80 H:22834.80 L:22720.45 C:22766.60 -> no_pattern
[2026-04-19 23:54:27] O:22834.80 H:22834.80 L:22720.45 C:22766.60 -> no_pattern
[2026-04-19 23:54:32] O:22767.65 H:22820.60 L:22758.75 C:22818.10 -> no_pattern
[2026-04-19 23:54:32] O:22767.65 H:22820.60 L:22758.75 C:22818.10 -> no_pattern
[2026-04-19 23:54:32] O:22817.65 H:22872.55 L:22794.85 C:22869.90 -> no_pattern
[2026-04-19 23:54:32] O:22817.65 H:22872.55 L:22794.85 C:22869.90 -> no_pattern
[2026-04-19 23:54:33] O:22871.55 H:22900.65 L:22863.00 C:22897.75 -> no_pattern
[2026-04-19 23:54:33] O:22871.55 H:22900.65 L:22863.00 C:22897.75 -> no_pattern
[2026-04-19 23:54:33] O:22900.05 H:22900.05 L:22856.75 C:22858.35 -> marubozu
[2026-04-19 23:54:33] O:22900.05 H:22900.05 L:22856.75 C:22858.35 -> marubozu
[2026-04-19 23:54:34] O:22860.20 H:22880.35 L:22837.65 C:22846.05 -> no_pattern
[2026-04-19 23:54:34] O:22860.20 H:22880.35 L:22837.65 C:22846.05 -> no_pattern
[2026-04-19 23:54:35] O:22847.35 H:22868.50 L:22825.30 C:22832.15 -> no_pattern
[2026-04-19 23:54:35] O:22847.35 H:22868.50 L:22825.30 C:22832.15 -> no_pattern
[2026-04-19 23:54:35] O:22832.40 H:22844.35 L:22793.00 C:22831.90 -> doji
[2026-04-19 23:54:35] O:22832.40 H:22844.35 L:22793.00 C:22831.90 -> doji
[2026-04-19 23:54:36] O:22833.35 H:22863.00 L:22811.25 C:22835.35 -> doji
[2026-04-19 23:54:36] O:22833.35 H:22863.00 L:22811.25 C:22835.35 -> doji
[2026-04-19 23:54:36] O:22837.10 H:22853.85 L:22818.50 C:22841.40 -> spinning_top
[2026-04-19 23:54:36] O:22837.10 H:22853.85 L:22818.50 C:22841.40 -> spinning_top
[2026-04-19 23:54:37] O:22843.95 H:22883.45 L:22842.45 C:22878.55 -> no_pattern
[2026-04-19 23:54:37] O:22843.95 H:22883.45 L:22842.45 C:22878.55 -> no_pattern
[2026-04-19 23:54:37] O:22880.30 H:22923.20 L:22873.20 C:22898.95 -> no_pattern
[2026-04-19 23:54:37] O:22880.30 H:22923.20 L:22873.20 C:22898.95 -> no_pattern
[2026-04-19 23:54:38] O:22900.55 H:22928.35 L:22885.90 C:22906.30 -> spinning_top
[2026-04-19 23:54:38] O:22900.55 H:22928.35 L:22885.90 C:22906.30 -> spinning_top
[2026-04-19 23:54:38] O:22907.00 H:22912.25 L:22887.00 C:22903.15 -> spinning_top
[2026-04-19 23:54:38] O:22907.00 H:22912.25 L:22887.00 C:22903.15 -> spinning_top
[2026-04-19 23:54:39] O:22905.10 H:22923.55 L:22899.75 C:22920.00 -> no_pattern
[2026-04-19 23:54:39] O:22905.10 H:22923.55 L:22899.75 C:22920.00 -> no_pattern
[2026-04-19 23:54:39] O:22921.80 H:22950.75 L:22917.45 C:22928.95 -> shooting_star
[2026-04-19 23:54:39] O:22921.80 H:22950.75 L:22917.45 C:22928.95 -> shooting_star
[2026-04-19 23:54:40] O:22929.85 H:22966.40 L:22915.85 C:22922.70 -> shooting_star
[2026-04-19 23:54:40] O:22929.85 H:22966.40 L:22915.85 C:22922.70 -> shooting_star
[2026-04-19 23:54:40] O:22924.10 H:22943.65 L:22916.25 C:22936.30 -> no_pattern
[2026-04-19 23:54:40] O:22924.10 H:22943.65 L:22916.25 C:22936.30 -> no_pattern
[2026-04-19 23:54:41] O:22937.40 H:22945.70 L:22933.60 C:22934.20 -> shooting_star
[2026-04-19 23:54:41] O:22937.40 H:22945.70 L:22933.60 C:22934.20 -> shooting_star
[2026-04-19 23:54:41] O:22934.70 H:22947.90 L:22910.45 C:22913.70 -> no_pattern
[2026-04-19 23:54:41] O:22934.70 H:22947.90 L:22910.45 C:22913.70 -> no_pattern
[2026-04-19 23:54:42] O:22915.90 H:22925.55 L:22887.60 C:22924.30 -> pinbar
[2026-04-19 23:54:42] O:22915.90 H:22925.55 L:22887.60 C:22924.30 -> pinbar
[2026-04-19 23:54:42] O:22926.25 H:22963.05 L:22920.85 C:22962.40 -> no_pattern
[2026-04-19 23:54:42] O:22929.85 H:22966.40 L:22915.85 C:22922.70 -> shooting_star
[2026-04-19 23:54:42] O:22924.10 H:22943.65 L:22916.25 C:22936.30 -> no_pattern
[2026-04-19 23:54:42] O:22937.40 H:22945.70 L:22933.60 C:22934.20 -> shooting_star
[2026-04-19 23:54:42] O:22934.70 H:22947.90 L:22910.45 C:22913.70 -> no_pattern
[2026-04-19 23:54:42] O:22915.90 H:22925.55 L:22887.60 C:22924.30 -> pinbar
[2026-04-19 23:54:42] O:22926.25 H:22963.05 L:22920.85 C:22962.40 -> no_pattern
[2026-04-19 23:54:43] O:22963.35 H:22965.25 L:22945.75 C:22953.60 -> no_pattern
[2026-04-19 23:54:43] O:22963.35 H:22965.25 L:22945.75 C:22953.60 -> no_pattern
[2026-04-19 23:54:46] O:22954.35 H:22955.15 L:22913.95 C:22932.10 -> no_pattern
[2026-04-19 23:54:46] O:22954.35 H:22955.15 L:22913.95 C:22932.10 -> no_pattern
[2026-04-19 23:54:49] O:22932.95 H:22932.95 L:22862.40 C:22879.20 -> no_pattern
[2026-04-19 23:54:49] O:22932.95 H:22932.95 L:22862.40 C:22879.20 -> no_pattern
[2026-04-20 00:50:04] O:22834.80 H:22834.80 L:22720.45 C:22766.60 -> no_pattern
[2026-04-20 00:50:04] O:22834.80 H:22834.80 L:22720.45 C:22766.60 -> no_pattern
[2026-04-20 00:50:08] O:22767.65 H:22820.60 L:22758.75 C:22818.10 -> no_pattern
[2026-04-20 00:50:08] O:22767.65 H:22820.60 L:22758.75 C:22818.10 -> no_pattern
[2026-04-20 00:50:09] O:22817.65 H:22872.55 L:22794.85 C:22869.90 -> no_pattern
[2026-04-20 00:50:09] O:22817.65 H:22872.55 L:22794.85 C:22869.90 -> no_pattern
[2026-04-20 00:50:09] O:22871.55 H:22900.65 L:22863.00 C:22897.75 -> no_pattern
[2026-04-20 00:50:09] O:22871.55 H:22900.65 L:22863.00 C:22897.75 -> no_pattern
[2026-04-20 00:50:10] O:22900.05 H:22900.05 L:22856.75 C:22858.35 -> marubozu
[2026-04-20 00:50:10] O:22900.05 H:22900.05 L:22856.75 C:22858.35 -> marubozu
[2026-04-20 00:50:10] O:22860.20 H:22880.35 L:22837.65 C:22846.05 -> no_pattern
[2026-04-20 00:50:10] O:22860.20 H:22880.35 L:22837.65 C:22846.05 -> no_pattern
[2026-04-20 00:50:10] O:22847.35 H:22868.50 L:22825.30 C:22832.15 -> no_pattern
[2026-04-20 00:50:10] O:22847.35 H:22868.50 L:22825.30 C:22832.15 -> no_pattern
[2026-04-20 00:50:11] O:22832.40 H:22844.35 L:22793.00 C:22831.90 -> doji
[2026-04-20 00:50:11] O:22832.40 H:22844.35 L:22793.00 C:22831.90 -> doji
[2026-04-20 00:50:11] O:22833.35 H:22863.00 L:22811.25 C:22835.35 -> doji
[2026-04-20 00:50:11] O:22833.35 H:22863.00 L:22811.25 C:22835.35 -> doji
[2026-04-20 00:50:12] O:22837.10 H:22853.85 L:22818.50 C:22841.40 -> spinning_top
[2026-04-20 00:50:12] O:22837.10 H:22853.85 L:22818.50 C:22841.40 -> spinning_top
[2026-04-20 00:50:13] O:22843.95 H:22883.45 L:22842.45 C:22878.55 -> no_pattern
[2026-04-20 00:50:13] O:22843.95 H:22883.45 L:22842.45 C:22878.55 -> no_pattern
[2026-04-20 00:50:13] O:22880.30 H:22923.20 L:22873.20 C:22898.95 -> no_pattern
[2026-04-20 00:50:13] O:22880.30 H:22923.20 L:22873.20 C:22898.95 -> no_pattern
[2026-04-20 00:50:13] O:22900.55 H:22928.35 L:22885.90 C:22906.30 -> spinning_top
[2026-04-20 00:50:13] O:22900.55 H:22928.35 L:22885.90 C:22906.30 -> spinning_top
[2026-04-20 00:50:14] O:22907.00 H:22912.25 L:22887.00 C:22903.15 -> spinning_top
[2026-04-20 00:50:14] O:22907.00 H:22912.25 L:22887.00 C:22903.15 -> spinning_top
[2026-04-20 00:50:14] O:22905.10 H:22923.55 L:22899.75 C:22920.00 -> no_pattern
[2026-04-20 00:50:14] O:22905.10 H:22923.55 L:22899.75 C:22920.00 -> no_pattern
[2026-04-20 00:50:14] O:22921.80 H:22950.75 L:22917.45 C:22928.95 -> shooting_star
[2026-04-20 00:50:14] O:22921.80 H:22950.75 L:22917.45 C:22928.95 -> shooting_star
[2026-04-20 00:50:20] O:22929.85 H:22966.40 L:22915.85 C:22922.70 -> shooting_star
[2026-04-20 00:50:20] O:22929.85 H:22966.40 L:22915.85 C:22922.70 -> shooting_star
[2026-04-20 00:50:20] O:22924.10 H:22943.65 L:22916.25 C:22936.30 -> no_pattern
[2026-04-20 00:50:20] O:22924.10 H:22943.65 L:22916.25 C:22936.30 -> no_pattern
[2026-04-20 00:50:20] O:22937.40 H:22945.70 L:22933.60 C:22934.20 -> shooting_star
[2026-04-20 00:50:20] O:22937.40 H:22945.70 L:22933.60 C:22934.20 -> shooting_star
[2026-04-20 00:50:21] O:22934.70 H:22947.90 L:22910.45 C:22913.70 -> no_pattern
[2026-04-20 00:50:21] O:22934.70 H:22947.90 L:22910.45 C:22913.70 -> no_pattern
[2026-04-20 00:50:21] O:22915.90 H:22925.55 L:22887.60 C:22924.30 -> pinbar
[2026-04-20 00:50:21] O:22915.90 H:22925.55 L:22887.60 C:22924.30 -> pinbar
[2026-04-20 00:50:22] O:22926.25 H:22963.05 L:22920.85 C:22962.40 -> no_pattern
[2026-04-20 00:50:22] O:22929.85 H:22966.40 L:22915.85 C:22922.70 -> shooting_star
[2026-04-20 00:50:22] O:22924.10 H:22943.65 L:22916.25 C:22936.30 -> no_pattern
[2026-04-20 00:50:22] O:22937.40 H:22945.70 L:22933.60 C:22934.20 -> shooting_star
[2026-04-20 00:50:22] O:22934.70 H:22947.90 L:22910.45 C:22913.70 -> no_pattern
[2026-04-20 00:50:22] O:22915.90 H:22925.55 L:22887.60 C:22924.30 -> pinbar
[2026-04-20 00:50:22] O:22926.25 H:22963.05 L:22920.85 C:22962.40 -> no_pattern
[2026-04-20 00:53:13] O:22834.80 H:22834.80 L:22720.45 C:22766.60 -> no_pattern
[2026-04-20 00:53:13] O:22834.80 H:22834.80 L:22720.45 C:22766.60 -> no_pattern
[2026-04-20 00:53:19] O:22767.65 H:22820.60 L:22758.75 C:22818.10 -> no_pattern
[2026-04-20 00:53:19] O:22767.65 H:22820.60 L:22758.75 C:22818.10 -> no_pattern
[2026-04-20 00:53:19] O:22817.65 H:22872.55 L:22794.85 C:22869.90 -> no_pattern
[2026-04-20 00:53:19] O:22817.65 H:22872.55 L:22794.85 C:22869.90 -> no_pattern
[2026-04-20 00:53:19] O:22871.55 H:22900.65 L:22863.00 C:22897.75 -> no_pattern
[2026-04-20 00:53:19] O:22871.55 H:22900.65 L:22863.00 C:22897.75 -> no_pattern
[2026-04-20 00:53:19] O:22900.05 H:22900.05 L:22856.75 C:22858.35 -> marubozu
[2026-04-20 00:53:19] O:22900.05 H:22900.05 L:22856.75 C:22858.35 -> marubozu
[2026-04-20 00:53:20] O:22860.20 H:22880.35 L:22837.65 C:22846.05 -> no_pattern
[2026-04-20 00:53:20] O:22860.20 H:22880.35 L:22837.65 C:22846.05 -> no_pattern
[2026-04-20 00:53:20] O:22847.35 H:22868.50 L:22825.30 C:22832.15 -> no_pattern
[2026-04-20 00:53:20] O:22847.35 H:22868.50 L:22825.30 C:22832.15 -> no_pattern
[2026-04-20 00:53:20] O:22832.40 H:22844.35 L:22793.00 C:22831.90 -> doji
[2026-04-20 00:53:20] O:22832.40 H:22844.35 L:22793.00 C:22831.90 -> doji
[2026-04-20 00:53:21] O:22833.35 H:22863.00 L:22811.25 C:22835.35 -> doji
[2026-04-20 00:53:21] O:22833.35 H:22863.00 L:22811.25 C:22835.35 -> doji
[2026-04-20 00:53:21] O:22837.10 H:22853.85 L:22818.50 C:22841.40 -> spinning_top
[2026-04-20 00:53:21] O:22837.10 H:22853.85 L:22818.50 C:22841.40 -> spinning_top
[2026-04-20 00:53:21] O:22843.95 H:22883.45 L:22842.45 C:22878.55 -> no_pattern
[2026-04-20 00:53:21] O:22843.95 H:22883.45 L:22842.45 C:22878.55 -> no_pattern
[2026-04-20 00:53:21] O:22880.30 H:22923.20 L:22873.20 C:22898.95 -> no_pattern
[2026-04-20 00:53:21] O:22880.30 H:22923.20 L:22873.20 C:22898.95 -> no_pattern
[2026-04-20 00:53:22] O:22900.55 H:22928.35 L:22885.90 C:22906.30 -> spinning_top
[2026-04-20 00:53:22] O:22900.55 H:22928.35 L:22885.90 C:22906.30 -> spinning_top
[2026-04-20 00:53:22] O:22907.00 H:22912.25 L:22887.00 C:22903.15 -> spinning_top
[2026-04-20 00:53:22] O:22907.00 H:22912.25 L:22887.00 C:22903.15 -> spinning_top
[2026-04-20 00:53:22] O:22905.10 H:22923.55 L:22899.75 C:22920.00 -> no_pattern
[2026-04-20 00:53:22] O:22905.10 H:22923.55 L:22899.75 C:22920.00 -> no_pattern
[2026-04-20 00:53:23] O:22921.80 H:22950.75 L:22917.45 C:22928.95 -> shooting_star
[2026-04-20 00:53:23] O:22921.80 H:22950.75 L:22917.45 C:22928.95 -> shooting_star
[2026-04-20 00:53:23] O:22929.85 H:22966.40 L:22915.85 C:22922.70 -> shooting_star
[2026-04-20 00:53:23] O:22929.85 H:22966.40 L:22915.85 C:22922.70 -> shooting_star
[2026-04-20 00:53:23] O:22924.10 H:22943.65 L:22916.25 C:22936.30 -> no_pattern
[2026-04-20 00:53:23] O:22924.10 H:22943.65 L:22916.25 C:22936.30 -> no_pattern
[2026-04-20 00:53:24] O:22937.40 H:22945.70 L:22933.60 C:22934.20 -> shooting_star
[2026-04-20 00:53:24] O:22937.40 H:22945.70 L:22933.60 C:22934.20 -> shooting_star
[2026-04-20 00:53:24] O:22934.70 H:22947.90 L:22910.45 C:22913.70 -> no_pattern
[2026-04-20 00:53:24] O:22934.70 H:22947.90 L:22910.45 C:22913.70 -> no_pattern
[2026-04-20 00:53:24] O:22915.90 H:22925.55 L:22887.60 C:22924.30 -> pinbar
[2026-04-20 00:53:24] O:22915.90 H:22925.55 L:22887.60 C:22924.30 -> pinbar
[2026-04-20 00:53:25] O:22926.25 H:22963.05 L:22920.85 C:22962.40 -> no_pattern
[2026-04-20 00:53:25] O:22929.85 H:22966.40 L:22915.85 C:22922.70 -> shooting_star
[2026-04-20 00:53:25] O:22924.10 H:22943.65 L:22916.25 C:22936.30 -> no_pattern
[2026-04-20 00:53:25] O:22937.40 H:22945.70 L:22933.60 C:22934.20 -> shooting_star
[2026-04-20 00:53:25] O:22934.70 H:22947.90 L:22910.45 C:22913.70 -> no_pattern
[2026-04-20 00:53:25] O:22915.90 H:22925.55 L:22887.60 C:22924.30 -> pinbar
[2026-04-20 00:53:25] O:22926.25 H:22963.05 L:22920.85 C:22962.40 -> no_pattern
[2026-04-20 02:32:57] O:22834.80 H:22834.80 L:22720.45 C:22766.60 -> no_pattern
[2026-04-20 02:32:57] O:22834.80 H:22834.80 L:22720.45 C:22766.60 -> no_pattern
[2026-04-20 02:33:02] O:22767.65 H:22820.60 L:22758.75 C:22818.10 -> no_pattern
[2026-04-20 02:33:02] O:22767.65 H:22820.60 L:22758.75 C:22818.10 -> no_pattern
[2026-04-20 02:33:02] O:22817.65 H:22872.55 L:22794.85 C:22869.90 -> no_pattern
[2026-04-20 02:33:02] O:22817.65 H:22872.55 L:22794.85 C:22869.90 -> no_pattern
[2026-04-20 02:33:02] O:22871.55 H:22900.65 L:22863.00 C:22897.75 -> no_pattern
[2026-04-20 02:33:02] O:22871.55 H:22900.65 L:22863.00 C:22897.75 -> no_pattern
[2026-04-20 02:33:03] O:22900.05 H:22900.05 L:22856.75 C:22858.35 -> marubozu
[2026-04-20 02:33:03] O:22900.05 H:22900.05 L:22856.75 C:22858.35 -> marubozu
[2026-04-20 02:33:03] O:22860.20 H:22880.35 L:22837.65 C:22846.05 -> no_pattern
[2026-04-20 02:33:03] O:22860.20 H:22880.35 L:22837.65 C:22846.05 -> no_pattern
[2026-04-20 02:33:04] O:22847.35 H:22868.50 L:22825.30 C:22832.15 -> no_pattern
[2026-04-20 02:33:04] O:22847.35 H:22868.50 L:22825.30 C:22832.15 -> no_pattern
[2026-04-20 02:33:04] O:22832.40 H:22844.35 L:22793.00 C:22831.90 -> doji
[2026-04-20 02:33:04] O:22832.40 H:22844.35 L:22793.00 C:22831.90 -> doji
[2026-04-20 02:33:04] O:22833.35 H:22863.00 L:22811.25 C:22835.35 -> doji
[2026-04-20 02:33:04] O:22833.35 H:22863.00 L:22811.25 C:22835.35 -> doji
[2026-04-20 02:33:05] O:22837.10 H:22853.85 L:22818.50 C:22841.40 -> spinning_top
[2026-04-20 02:33:05] O:22837.10 H:22853.85 L:22818.50 C:22841.40 -> spinning_top
[2026-04-20 02:33:05] O:22843.95 H:22883.45 L:22842.45 C:22878.55 -> no_pattern
[2026-04-20 02:33:05] O:22843.95 H:22883.45 L:22842.45 C:22878.55 -> no_pattern
[2026-04-20 02:33:06] O:22880.30 H:22923.20 L:22873.20 C:22898.95 -> no_pattern
[2026-04-20 02:33:06] O:22880.30 H:22923.20 L:22873.20 C:22898.95 -> no_pattern
[2026-04-20 02:33:06] O:22900.55 H:22928.35 L:22885.90 C:22906.30 -> spinning_top
[2026-04-20 02:33:06] O:22900.55 H:22928.35 L:22885.90 C:22906.30 -> spinning_top
[2026-04-20 02:33:29] O:22907.00 H:22912.25 L:22887.00 C:22903.15 -> spinning_top
[2026-04-20 02:33:29] O:22907.00 H:22912.25 L:22887.00 C:22903.15 -> spinning_top
[2026-04-20 02:33:29] O:22905.10 H:22923.55 L:22899.75 C:22920.00 -> no_pattern
[2026-04-20 02:33:29] O:22905.10 H:22923.55 L:22899.75 C:22920.00 -> no_pattern
[2026-04-20 02:33:30] O:22921.80 H:22950.75 L:22917.45 C:22928.95 -> shooting_star
[2026-04-20 02:33:30] O:22921.80 H:22950.75 L:22917.45 C:22928.95 -> shooting_star
[2026-04-20 02:33:30] O:22929.85 H:22966.40 L:22915.85 C:22922.70 -> shooting_star
[2026-04-20 02:33:30] O:22929.85 H:22966.40 L:22915.85 C:22922.70 -> shooting_star
[2026-04-20 02:33:30] O:22924.10 H:22943.65 L:22916.25 C:22936.30 -> no_pattern
[2026-04-20 02:33:30] O:22924.10 H:22943.65 L:22916.25 C:22936.30 -> no_pattern
[2026-04-20 02:33:31] O:22937.40 H:22945.70 L:22933.60 C:22934.20 -> shooting_star
[2026-04-20 02:33:31] O:22937.40 H:22945.70 L:22933.60 C:22934.20 -> shooting_star
[2026-04-20 02:33:31] O:22934.70 H:22947.90 L:22910.45 C:22913.70 -> no_pattern
[2026-04-20 02:33:31] O:22934.70 H:22947.90 L:22910.45 C:22913.70 -> no_pattern
[2026-04-20 02:33:32] O:22915.90 H:22925.55 L:22887.60 C:22924.30 -> pinbar
[2026-04-20 02:33:32] O:22915.90 H:22925.55 L:22887.60 C:22924.30 -> pinbar
[2026-04-20 02:33:32] O:22926.25 H:22963.05 L:22920.85 C:22962.40 -> no_pattern
[2026-04-20 02:33:32] O:22929.85 H:22966.40 L:22915.85 C:22922.70 -> shooting_star
[2026-04-20 02:33:32] O:22924.10 H:22943.65 L:22916.25 C:22936.30 -> no_pattern
[2026-04-20 02:33:32] O:22937.40 H:22945.70 L:22933.60 C:22934.20 -> shooting_star
[2026-04-20 02:33:32] O:22934.70 H:22947.90 L:22910.45 C:22913.70 -> no_pattern
[2026-04-20 02:33:32] O:22915.90 H:22925.55 L:22887.60 C:22924.30 -> pinbar
[2026-04-20 02:33:32] O:22926.25 H:22963.05 L:22920.85 C:22962.40 -> no_pattern
[2026-04-20 02:34:04] O:22963.35 H:22965.25 L:22945.75 C:22953.60 -> no_pattern
[2026-04-20 02:34:04] O:22963.35 H:22965.25 L:22945.75 C:22953.60 -> no_pattern
[2026-04-20 02:34:04] O:22954.35 H:22955.15 L:22913.95 C:22932.10 -> no_pattern
[2026-04-20 02:34:04] O:22954.35 H:22955.15 L:22913.95 C:22932.10 -> no_pattern
[2026-04-20 02:34:04] O:22932.95 H:22932.95 L:22862.40 C:22879.20 -> no_pattern
[2026-04-20 02:34:04] O:22932.95 H:22932.95 L:22862.40 C:22879.20 -> no_pattern
[2026-04-20 02:34:06] O:22881.10 H:22904.05 L:22844.30 C:22846.30 -> no_pattern
[2026-04-20 02:34:06] O:22881.10 H:22904.05 L:22844.30 C:22846.30 -> no_pattern
[2026-04-20 02:34:06] O:22847.10 H:22861.50 L:22827.75 C:22849.70 -> doji
[2026-04-20 02:34:06] O:22847.10 H:22861.50 L:22827.75 C:22849.70 -> doji
[2026-04-20 02:34:07] O:22850.75 H:22875.95 L:22844.80 C:22861.40 -> no_pattern
[2026-04-20 02:34:07] O:22850.75 H:22875.95 L:22844.80 C:22861.40 -> no_pattern
[2026-04-20 02:34:08] O:22863.40 H:22886.70 L:22859.45 C:22863.95 -> doji
[2026-04-20 02:34:08] O:22863.40 H:22886.70 L:22859.45 C:22863.95 -> doji
[2026-04-20 02:34:09] O:22864.95 H:22869.45 L:22848.40 C:22862.50 -> spinning_top
[2026-04-20 02:34:09] O:22864.95 H:22869.45 L:22848.40 C:22862.50 -> spinning_top
[2026-04-20 02:34:09] O:22866.05 H:22903.15 L:22852.15 C:22887.15 -> no_pattern
[2026-04-20 02:34:09] O:22866.05 H:22903.15 L:22852.15 C:22887.15 -> no_pattern
[2026-04-20 10:14:41] O:23855.15 H:23909.45 L:23836.90 C:23902.10 -> no_pattern
[2026-04-20 10:14:41] O:23855.15 H:23909.45 L:23836.90 C:23902.10 -> no_pattern
[2026-04-20 10:14:47] O:23902.35 H:23928.10 L:23888.45 C:23890.30 -> shooting_star
[2026-04-20 10:14:47] O:23902.35 H:23928.10 L:23888.45 C:23890.30 -> shooting_star
[2026-04-20 10:14:48] O:23890.15 H:23896.60 L:23855.20 C:23883.45 -> pinbar
[2026-04-20 10:14:48] O:23890.15 H:23896.60 L:23855.20 C:23883.45 -> pinbar
[2026-04-20 10:14:48] O:23885.60 H:23903.65 L:23866.95 C:23899.05 -> no_pattern
[2026-04-20 10:14:48] O:23885.60 H:23903.65 L:23866.95 C:23899.05 -> no_pattern
[2026-04-20 10:14:49] O:23897.90 H:23909.35 L:23879.45 C:23879.45 -> no_pattern
[2026-04-20 10:14:49] O:23897.90 H:23909.35 L:23879.45 C:23879.45 -> no_pattern
[2026-04-20 10:14:49] O:23879.95 H:23912.55 L:23879.90 C:23900.95 -> no_pattern
[2026-04-20 10:14:49] O:23879.95 H:23912.55 L:23879.90 C:23900.95 -> no_pattern
[2026-04-20 10:14:50] O:23900.55 H:23920.20 L:23898.60 C:23903.95 -> shooting_star
[2026-04-20 10:14:50] O:23900.55 H:23920.20 L:23898.60 C:23903.95 -> shooting_star
[2026-04-20 10:14:50] O:23905.00 H:23946.15 L:23905.00 C:23941.05 -> no_pattern
[2026-04-20 10:14:50] O:23905.00 H:23946.15 L:23905.00 C:23941.05 -> no_pattern
[2026-04-20 10:14:51] O:23941.70 H:23959.75 L:23939.30 C:23948.60 -> no_pattern
[2026-04-20 10:14:51] O:23941.70 H:23959.75 L:23939.30 C:23948.60 -> no_pattern
[2026-04-20 10:14:51] O:23948.65 H:23956.95 L:23912.55 C:23921.20 -> no_pattern
[2026-04-20 10:14:51] O:23948.65 H:23956.95 L:23912.55 C:23921.20 -> no_pattern
[2026-04-20 10:14:52] O:23922.05 H:23936.60 L:23902.50 C:23902.50 -> no_pattern
[2026-04-20 10:14:52] O:23922.05 H:23936.60 L:23902.50 C:23902.50 -> no_pattern
[2026-04-20 10:14:52] O:23903.40 H:23923.90 L:23891.85 C:23912.10 -> spinning_top
[2026-04-20 10:14:52] O:23903.40 H:23923.90 L:23891.85 C:23912.10 -> spinning_top
[2026-04-20 10:14:53] O:23912.70 H:23935.10 L:23892.85 C:23908.70 -> doji
[2026-04-20 10:14:53] O:23912.70 H:23935.10 L:23892.85 C:23908.70 -> doji
[2026-04-20 10:14:53] O:23908.35 H:23909.15 L:23885.55 C:23890.30 -> no_pattern
[2026-04-20 10:14:53] O:23908.35 H:23909.15 L:23885.55 C:23890.30 -> no_pattern
[2026-04-20 10:14:54] O:23890.55 H:23903.40 L:23878.60 C:23880.15 -> no_pattern
[2026-04-20 10:14:54] O:23890.55 H:23903.40 L:23878.60 C:23880.15 -> no_pattern
[2026-04-20 10:14:54] O:23880.45 H:23905.05 L:23869.10 C:23901.05 -> no_pattern
[2026-04-20 10:14:54] O:23880.45 H:23905.05 L:23869.10 C:23901.05 -> no_pattern
[2026-04-20 10:14:55] O:23900.65 H:23913.00 L:23877.40 C:23880.55 -> no_pattern
[2026-04-20 10:14:55] O:23900.65 H:23913.00 L:23877.40 C:23880.55 -> no_pattern
[2026-04-20 10:14:55] O:23881.70 H:23902.50 L:23880.05 C:23888.15 -> shooting_star
[2026-04-20 10:14:55] O:23881.70 H:23902.50 L:23880.05 C:23888.15 -> shooting_star
[2026-04-20 10:14:56] O:23887.65 H:23916.35 L:23883.55 C:23915.75 -> no_pattern
[2026-04-20 10:14:56] O:23887.65 H:23916.35 L:23883.55 C:23915.75 -> no_pattern
[2026-04-20 10:14:56] O:23915.50 H:23928.35 L:23908.05 C:23921.50 -> spinning_top
[2026-04-20 10:14:56] O:23915.50 H:23928.35 L:23908.05 C:23921.50 -> spinning_top
[2026-04-20 10:14:57] O:23922.05 H:23930.90 L:23904.05 C:23910.30 -> no_pattern
[2026-04-20 10:14:57] O:23880.45 H:23905.05 L:23869.10 C:23901.05 -> no_pattern
[2026-04-20 10:14:57] O:23900.65 H:23913.00 L:23877.40 C:23880.55 -> no_pattern
[2026-04-20 10:14:57] O:23881.70 H:23902.50 L:23880.05 C:23888.15 -> shooting_star
[2026-04-20 10:14:57] O:23887.65 H:23916.35 L:23883.55 C:23915.75 -> no_pattern
[2026-04-20 10:14:57] O:23915.50 H:23928.35 L:23908.05 C:23921.50 -> spinning_top
[2026-04-20 10:14:57] O:23922.05 H:23930.90 L:23904.05 C:23910.30 -> no_pattern
[2026-04-20 10:14:57] O:23911.90 H:23923.15 L:23906.65 C:23916.35 -> spinning_top
[2026-04-20 10:14:57] O:23911.90 H:23923.15 L:23906.65 C:23916.35 -> spinning_top
[2026-04-20 10:21:00] O:23916.65 H:23952.95 L:23914.25 C:23943.05 -> no_pattern
[2026-04-20 10:21:00] O:23916.65 H:23952.95 L:23914.25 C:23943.05 -> no_pattern
[2026-04-20 10:52:41] O:23941.95 H:23955.55 L:23925.15 C:23944.80 -> doji
[2026-04-20 10:52:41] O:23941.95 H:23955.55 L:23925.15 C:23944.80 -> doji
[2026-04-20 10:53:11] O:23944.65 H:23971.95 L:23936.00 C:23971.85 -> no_pattern
[2026-04-20 10:53:11] O:23944.65 H:23971.95 L:23936.00 C:23971.85 -> no_pattern
[2026-04-20 10:53:43] O:23970.20 H:23981.65 L:23965.10 C:23979.10 -> no_pattern
[2026-04-20 10:53:43] O:23970.20 H:23981.65 L:23965.10 C:23979.10 -> no_pattern
[2026-04-20 10:53:46] O:23980.00 H:23998.45 L:23976.55 C:23992.80 -> no_pattern
[2026-04-20 10:53:46] O:23980.00 H:23998.45 L:23976.55 C:23992.80 -> no_pattern
[2026-04-20 10:53:48] O:23991.15 H:24000.80 L:23988.25 C:23994.10 -> inverted_hammer
[2026-04-20 10:53:48] O:23991.15 H:24000.80 L:23988.25 C:23994.10 -> inverted_hammer
[2026-04-20 10:53:55] O:23993.75 H:23997.55 L:23985.70 C:23997.45 -> pinbar
[2026-04-20 10:53:55] O:23993.75 H:23997.55 L:23985.70 C:23997.45 -> pinbar
[2026-04-20 10:53:56] O:23997.25 H:24004.20 L:23983.50 C:23991.75 -> spinning_top
[2026-04-20 10:53:56] O:23997.25 H:24004.20 L:23983.50 C:23991.75 -> spinning_top
[2026-04-20 10:53:58] O:23991.60 H:24014.00 L:23991.60 C:23995.45 -> shooting_star
[2026-04-20 10:53:58] O:23991.60 H:24014.00 L:23991.60 C:23995.45 -> shooting_star
[2026-04-20 10:54:00] O:23995.85 H:24013.05 L:23991.10 C:24000.30 -> spinning_top
[2026-04-20 10:54:00] O:23995.85 H:24013.05 L:23991.10 C:24000.30 -> spinning_top
[2026-04-20 10:54:01] O:24000.25 H:24013.50 L:23981.10 C:23982.30 -> no_pattern
[2026-04-20 10:54:01] O:24000.25 H:24013.50 L:23981.10 C:23982.30 -> no_pattern
[2026-04-20 10:54:04] O:23982.50 H:23987.55 L:23975.50 C:23978.65 -> no_pattern
[2026-04-20 10:54:04] O:23982.50 H:23987.55 L:23975.50 C:23978.65 -> no_pattern
[2026-04-20 10:54:05] O:23977.30 H:23982.10 L:23965.65 C:23968.30 -> no_pattern
[2026-04-20 10:54:05] O:23977.30 H:23982.10 L:23965.65 C:23968.30 -> no_pattern
[2026-04-20 10:54:06] O:23968.45 H:23981.10 L:23949.80 C:23950.35 -> no_pattern
[2026-04-20 10:54:06] O:23991.60 H:24014.00 L:23991.60 C:23995.45 -> shooting_star
[2026-04-20 10:54:06] O:23995.85 H:24013.05 L:23991.10 C:24000.30 -> spinning_top
[2026-04-20 10:54:06] O:24000.25 H:24013.50 L:23981.10 C:23982.30 -> no_pattern
[2026-04-20 10:54:06] O:23982.50 H:23987.55 L:23975.50 C:23978.65 -> no_pattern
[2026-04-20 10:54:06] O:23977.30 H:23982.10 L:23965.65 C:23968.30 -> no_pattern
[2026-04-20 10:54:06] O:23968.45 H:23981.10 L:23949.80 C:23950.35 -> no_pattern
[2026-04-20 10:57:01] O:23950.05 H:23980.25 L:23947.10 C:23979.20 -> no_pattern
[2026-04-20 10:57:01] O:23950.05 H:23980.25 L:23947.10 C:23979.20 -> no_pattern
[2026-04-20 10:57:08] O:23980.45 H:23998.60 L:23979.70 C:23993.00 -> no_pattern
[2026-04-20 10:57:08] O:23980.45 H:23998.60 L:23979.70 C:23993.00 -> no_pattern
[2026-04-20 10:57:14] O:23992.30 H:23994.15 L:23960.10 C:23962.10 -> no_pattern
[2026-04-20 10:57:14] O:23992.30 H:23994.15 L:23960.10 C:23962.10 -> no_pattern
[2026-04-20 10:57:19] O:23961.90 H:23963.35 L:23930.20 C:23948.70 -> no_pattern
[2026-04-20 10:57:19] O:23961.90 H:23963.35 L:23930.20 C:23948.70 -> no_pattern
[2026-04-20 10:57:38] O:23949.35 H:23951.45 L:23927.85 C:23935.20 -> no_pattern
[2026-04-20 10:57:38] O:23949.35 H:23951.45 L:23927.85 C:23935.20 -> no_pattern
[2026-04-20 10:57:45] O:23935.00 H:23947.45 L:23920.15 C:23944.00 -> no_pattern
[2026-04-20 10:57:45] O:23935.00 H:23947.45 L:23920.15 C:23944.00 -> no_pattern
[2026-04-20 10:57:50] O:23944.80 H:23968.30 L:23944.00 C:23959.65 -> no_pattern
[2026-04-20 10:57:50] O:23944.80 H:23968.30 L:23944.00 C:23959.65 -> no_pattern
[2026-04-20 10:57:55] O:23959.20 H:23971.20 L:23956.50 C:23967.15 -> no_pattern
[2026-04-20 10:57:55] O:23959.20 H:23971.20 L:23956.50 C:23967.15 -> no_pattern
[2026-04-20 10:58:00] O:23966.25 H:23969.60 L:23957.70 C:23963.30 -> spinning_top
[2026-04-20 10:58:00] O:23966.25 H:23969.60 L:23957.70 C:23963.30 -> spinning_top
[2026-04-20 10:58:04] O:23963.20 H:23967.35 L:23958.05 C:23964.55 -> spinning_top
[2026-04-20 10:58:04] O:23963.20 H:23967.35 L:23958.05 C:23964.55 -> spinning_top
[2026-04-20 10:58:05] O:23964.40 H:23967.65 L:23961.95 C:23966.85 -> no_pattern
[2026-04-20 10:58:05] O:23935.00 H:23947.45 L:23920.15 C:23944.00 -> no_pattern
[2026-04-20 10:58:05] O:23944.80 H:23968.30 L:23944.00 C:23959.65 -> no_pattern
[2026-04-20 10:58:05] O:23959.20 H:23971.20 L:23956.50 C:23967.15 -> no_pattern
[2026-04-20 10:58:05] O:23966.25 H:23969.60 L:23957.70 C:23963.30 -> spinning_top
[2026-04-20 10:58:05] O:23963.20 H:23967.35 L:23958.05 C:23964.55 -> spinning_top
[2026-04-20 10:58:05] O:23964.40 H:23967.65 L:23961.95 C:23966.85 -> no_pattern
[2026-04-20 10:58:08] O:23967.15 H:23973.95 L:23964.05 C:23967.50 -> doji
[2026-04-20 10:58:08] O:23967.15 H:23973.95 L:23964.05 C:23967.50 -> doji
[2026-04-20 10:58:10] O:23967.65 H:23968.85 L:23939.45 C:23939.80 -> marubozu
[2026-04-20 10:58:10] O:23967.65 H:23968.85 L:23939.45 C:23939.80 -> marubozu
[2026-04-20 11:00:30] O:23939.25 H:23940.45 L:23902.25 C:23917.10 -> no_pattern
[2026-04-20 11:00:30] O:23939.25 H:23940.45 L:23902.25 C:23917.10 -> no_pattern
